!SESSION 2026-03-18 23:11:38.591 -----------------------------------------------
eclipse.buildId=Version 1.19.0
java.version=21.0.3
java.vendor=Eclipse Adoptium
BootLoader constants: OS=win32, ARCH=x86_64, WS=win32, NL=en_IN
Command-line arguments:  -os win32 -ws win32 -arch x86_64

!ENTRY com.st.stm32cube.ide.mcu.informationcenter 4 4 2026-03-18 23:13:39.507
!MESSAGE CubeMX plugin appears to be active, Log4j initialization might be too late.

!ENTRY com.st.stm32cube.ide.mcu.informationcenter 1 1 2026-03-18 23:13:39.512
!MESSAGE Log4j2 initialized with config file C:\Users\Dr. S Chakraborty\OneDrive\Desktop\STM32_Dispenser\.metadata\.log4j2.xml

!ENTRY com.st.stm32cube.ide.mcu.ide 1 1 2026-03-18 23:13:51.212
!MESSAGE Started RMI Server, listening on port 41337

!ENTRY com.st.stm32cube.ide.mpu.remote.serial 4 0 2026-03-18 23:14:20.197
!MESSAGE Failed to parse wmic output
!STACK 0
org.xml.sax.SAXParseException; lineNumber: 1; columnNumber: 1; Premature end of file.
	at java.xml/com.sun.org.apache.xerces.internal.parsers.DOMParser.parse(DOMParser.java:262)
	at java.xml/com.sun.org.apache.xerces.internal.jaxp.DocumentBuilderImpl.parse(DocumentBuilderImpl.java:342)
	at com.st.stm32cube.ide.mpu.remote.serial.internal.SerialPortProviderWindows.run(SerialPortProviderWindows.java:127)
	at java.base/java.util.TimerThread.mainLoop(Timer.java:566)
	at java.base/java.util.TimerThread.run(Timer.java:516)

!ENTRY com.st.stm32cube.ide.mpu.remote.serial 4 0 2026-03-18 23:14:20.375
!MESSAGE Failed to parse wmic output
!STACK 0
org.xml.sax.SAXParseException; lineNumber: 1; columnNumber: 1; Premature end of file.
	at java.xml/com.sun.org.apache.xerces.internal.parsers.DOMParser.parse(DOMParser.java:262)
	at java.xml/com.sun.org.apache.xerces.internal.jaxp.DocumentBuilderImpl.parse(DocumentBuilderImpl.java:342)
	at com.st.stm32cube.ide.mpu.remote.serial.internal.SerialPortProviderWindows.run(SerialPortProviderWindows.java:127)
	at java.base/java.util.TimerThread.mainLoop(Timer.java:566)
	at java.base/java.util.TimerThread.run(Timer.java:516)

!ENTRY com.st.stm32cube.ide.mpu.remote.serial 4 0 2026-03-18 23:14:22.388
!MESSAGE Failed to parse wmic output
!STACK 0
org.xml.sax.SAXParseException; lineNumber: 1; columnNumber: 1; Premature end of file.
	at java.xml/com.sun.org.apache.xerces.internal.parsers.DOMParser.parse(DOMParser.java:262)
	at java.xml/com.sun.org.apache.xerces.internal.jaxp.DocumentBuilderImpl.parse(DocumentBuilderImpl.java:342)
	at com.st.stm32cube.ide.mpu.remote.serial.internal.SerialPortProviderWindows.run(SerialPortProviderWindows.java:127)
	at java.base/java.util.TimerThread.mainLoop(Timer.java:566)
	at java.base/java.util.TimerThread.run(Timer.java:516)

!ENTRY com.st.stm32cube.ide.mpu.remote.serial 4 0 2026-03-18 23:14:22.876
!MESSAGE Failed to parse wmic output
!STACK 0
org.xml.sax.SAXParseException; lineNumber: 1; columnNumber: 1; Premature end of file.
	at java.xml/com.sun.org.apache.xerces.internal.parsers.DOMParser.parse(DOMParser.java:262)
	at java.xml/com.sun.org.apache.xerces.internal.jaxp.DocumentBuilderImpl.parse(DocumentBuilderImpl.java:342)
	at com.st.stm32cube.ide.mpu.remote.serial.internal.SerialPortProviderWindows.run(SerialPortProviderWindows.java:127)
	at java.base/java.util.TimerThread.mainLoop(Timer.java:566)
	at java.base/java.util.TimerThread.run(Timer.java:516)

!ENTRY com.st.stm32cube.ide.mpu.remote.serial 4 0 2026-03-18 23:14:23.513
!MESSAGE Failed to parse wmic output
!STACK 0
org.xml.sax.SAXParseException; lineNumber: 1; columnNumber: 1; Premature end of file.
	at java.xml/com.sun.org.apache.xerces.internal.parsers.DOMParser.parse(DOMParser.java:262)
	at java.xml/com.sun.org.apache.xerces.internal.jaxp.DocumentBuilderImpl.parse(DocumentBuilderImpl.java:342)
	at com.st.stm32cube.ide.mpu.remote.serial.internal.SerialPortProviderWindows.run(SerialPortProviderWindows.java:127)
	at java.base/java.util.TimerThread.mainLoop(Timer.java:566)
	at java.base/java.util.TimerThread.run(Timer.java:516)

!ENTRY com.st.stm32cube.ide.mpu.remote.serial 4 0 2026-03-18 23:14:25.453
!MESSAGE Failed to parse wmic output
!STACK 0
org.xml.sax.SAXParseException; lineNumber: 1; columnNumber: 1; Premature end of file.
	at java.xml/com.sun.org.apache.xerces.internal.parsers.DOMParser.parse(DOMParser.java:262)
	at java.xml/com.sun.org.apache.xerces.internal.jaxp.DocumentBuilderImpl.parse(DocumentBuilderImpl.java:342)
	at com.st.stm32cube.ide.mpu.remote.serial.internal.SerialPortProviderWindows.run(SerialPortProviderWindows.java:127)
	at java.base/java.util.TimerThread.mainLoop(Timer.java:566)
	at java.base/java.util.TimerThread.run(Timer.java:516)

!ENTRY com.st.stm32cube.ide.mpu.remote.serial 4 0 2026-03-18 23:14:27.704
!MESSAGE Failed to parse wmic output
!STACK 0
org.xml.sax.SAXParseException; lineNumber: 1; columnNumber: 1; Premature end of file.
	at java.xml/com.sun.org.apache.xerces.internal.parsers.DOMParser.parse(DOMParser.java:262)
	at java.xml/com.sun.org.apache.xerces.internal.jaxp.DocumentBuilderImpl.parse(DocumentBuilderImpl.java:342)
	at com.st.stm32cube.ide.mpu.remote.serial.internal.SerialPortProviderWindows.run(SerialPortProviderWindows.java:127)
	at java.base/java.util.TimerThread.mainLoop(Timer.java:566)
	at java.base/java.util.TimerThread.run(Timer.java:516)

!ENTRY com.st.stm32cube.ide.mpu.remote.serial 4 0 2026-03-18 23:14:28.043
!MESSAGE Failed to parse wmic output
!STACK 0
org.xml.sax.SAXParseException; lineNumber: 1; columnNumber: 1; Premature end of file.
	at java.xml/com.sun.org.apache.xerces.internal.parsers.DOMParser.parse(DOMParser.java:262)
	at java.xml/com.sun.org.apache.xerces.internal.jaxp.DocumentBuilderImpl.parse(DocumentBuilderImpl.java:342)
	at com.st.stm32cube.ide.mpu.remote.serial.internal.SerialPortProviderWindows.run(SerialPortProviderWindows.java:127)
	at java.base/java.util.TimerThread.mainLoop(Timer.java:566)
	at java.base/java.util.TimerThread.run(Timer.java:516)

!ENTRY com.st.stm32cube.ide.mpu.remote.serial 4 0 2026-03-18 23:14:28.178
!MESSAGE Failed to parse wmic output
!STACK 0
org.xml.sax.SAXParseException; lineNumber: 1; columnNumber: 1; Premature end of file.
	at java.xml/com.sun.org.apache.xerces.internal.parsers.DOMParser.parse(DOMParser.java:262)
	at java.xml/com.sun.org.apache.xerces.internal.jaxp.DocumentBuilderImpl.parse(DocumentBuilderImpl.java:342)
	at com.st.stm32cube.ide.mpu.remote.serial.internal.SerialPortProviderWindows.run(SerialPortProviderWindows.java:127)
	at java.base/java.util.TimerThread.mainLoop(Timer.java:566)
	at java.base/java.util.TimerThread.run(Timer.java:516)

!ENTRY com.st.stm32cube.ide.mpu.remote.serial 4 0 2026-03-18 23:14:28.359
!MESSAGE Failed to parse wmic output
!STACK 0
org.xml.sax.SAXParseException; lineNumber: 1; columnNumber: 1; Premature end of file.
	at java.xml/com.sun.org.apache.xerces.internal.parsers.DOMParser.parse(DOMParser.java:262)
	at java.xml/com.sun.org.apache.xerces.internal.jaxp.DocumentBuilderImpl.parse(DocumentBuilderImpl.java:342)
	at com.st.stm32cube.ide.mpu.remote.serial.internal.SerialPortProviderWindows.run(SerialPortProviderWindows.java:127)
	at java.base/java.util.TimerThread.mainLoop(Timer.java:566)
	at java.base/java.util.TimerThread.run(Timer.java:516)

!ENTRY org.eclipse.cdt.core 1 0 2026-03-18 23:14:30.303
!MESSAGE Indexed 'Test' (30 sources, 193 headers) in 19.2 sec: 13,950 declarations; 66,807 references; 2 unresolved inclusions; 33 syntax errors; 489 unresolved names (0.6%)

!ENTRY com.st.stm32cube.ide.mpu.remote.serial 4 0 2026-03-18 23:14:30.336
!MESSAGE Failed to parse wmic output
!STACK 0
org.xml.sax.SAXParseException; lineNumber: 1; columnNumber: 1; Premature end of file.
	at java.xml/com.sun.org.apache.xerces.internal.parsers.DOMParser.parse(DOMParser.java:262)
	at java.xml/com.sun.org.apache.xerces.internal.jaxp.DocumentBuilderImpl.parse(DocumentBuilderImpl.java:342)
	at com.st.stm32cube.ide.mpu.remote.serial.internal.SerialPortProviderWindows.run(SerialPortProviderWindows.java:127)
	at java.base/java.util.TimerThread.mainLoop(Timer.java:566)
	at java.base/java.util.TimerThread.run(Timer.java:516)

!ENTRY com.st.stm32cube.ide.mpu.remote.serial 4 0 2026-03-18 23:14:30.720
!MESSAGE Failed to parse wmic output
!STACK 0
org.xml.sax.SAXParseException; lineNumber: 1; columnNumber: 1; Premature end of file.
	at java.xml/com.sun.org.apache.xerces.internal.parsers.DOMParser.parse(DOMParser.java:262)
	at java.xml/com.sun.org.apache.xerces.internal.jaxp.DocumentBuilderImpl.parse(DocumentBuilderImpl.java:342)
	at com.st.stm32cube.ide.mpu.remote.serial.internal.SerialPortProviderWindows.run(SerialPortProviderWindows.java:127)
	at java.base/java.util.TimerThread.mainLoop(Timer.java:566)
	at java.base/java.util.TimerThread.run(Timer.java:516)

!ENTRY com.st.stm32cube.ide.mpu.remote.serial 4 0 2026-03-18 23:14:32.107
!MESSAGE Failed to parse wmic output
!STACK 0
org.xml.sax.SAXParseException; lineNumber: 1; columnNumber: 1; Premature end of file.
	at java.xml/com.sun.org.apache.xerces.internal.parsers.DOMParser.parse(DOMParser.java:262)
	at java.xml/com.sun.org.apache.xerces.internal.jaxp.DocumentBuilderImpl.parse(DocumentBuilderImpl.java:342)
	at com.st.stm32cube.ide.mpu.remote.serial.internal.SerialPortProviderWindows.run(SerialPortProviderWindows.java:127)
	at java.base/java.util.TimerThread.mainLoop(Timer.java:566)
	at java.base/java.util.TimerThread.run(Timer.java:516)

!ENTRY com.st.stm32cube.ide.mpu.remote.serial 4 0 2026-03-18 23:14:32.849
!MESSAGE Failed to parse wmic output
!STACK 0
org.xml.sax.SAXParseException; lineNumber: 1; columnNumber: 1; Premature end of file.
	at java.xml/com.sun.org.apache.xerces.internal.parsers.DOMParser.parse(DOMParser.java:262)
	at java.xml/com.sun.org.apache.xerces.internal.jaxp.DocumentBuilderImpl.parse(DocumentBuilderImpl.java:342)
	at com.st.stm32cube.ide.mpu.remote.serial.internal.SerialPortProviderWindows.run(SerialPortProviderWindows.java:127)
	at java.base/java.util.TimerThread.mainLoop(Timer.java:566)
	at java.base/java.util.TimerThread.run(Timer.java:516)

!ENTRY com.st.stm32cube.ide.mpu.remote.serial 4 0 2026-03-18 23:14:34.113
!MESSAGE Failed to parse wmic output
!STACK 0
org.xml.sax.SAXParseException; lineNumber: 1; columnNumber: 1; Premature end of file.
	at java.xml/com.sun.org.apache.xerces.internal.parsers.DOMParser.parse(DOMParser.java:262)
	at java.xml/com.sun.org.apache.xerces.internal.jaxp.DocumentBuilderImpl.parse(DocumentBuilderImpl.java:342)
	at com.st.stm32cube.ide.mpu.remote.serial.internal.SerialPortProviderWindows.run(SerialPortProviderWindows.java:127)
	at java.base/java.util.TimerThread.mainLoop(Timer.java:566)
	at java.base/java.util.TimerThread.run(Timer.java:516)

!ENTRY com.st.stm32cube.ide.mpu.remote.serial 4 0 2026-03-18 23:14:34.951
!MESSAGE Failed to parse wmic output
!STACK 0
org.xml.sax.SAXParseException; lineNumber: 1; columnNumber: 1; Premature end of file.
	at java.xml/com.sun.org.apache.xerces.internal.parsers.DOMParser.parse(DOMParser.java:262)
	at java.xml/com.sun.org.apache.xerces.internal.jaxp.DocumentBuilderImpl.parse(DocumentBuilderImpl.java:342)
	at com.st.stm32cube.ide.mpu.remote.serial.internal.SerialPortProviderWindows.run(SerialPortProviderWindows.java:127)
	at java.base/java.util.TimerThread.mainLoop(Timer.java:566)
	at java.base/java.util.TimerThread.run(Timer.java:516)

!ENTRY com.st.stm32cube.ide.mpu.remote.serial 4 0 2026-03-18 23:14:35.635
!MESSAGE Failed to parse wmic output
!STACK 0
org.xml.sax.SAXParseException; lineNumber: 1; columnNumber: 1; Premature end of file.
	at java.xml/com.sun.org.apache.xerces.internal.parsers.DOMParser.parse(DOMParser.java:262)
	at java.xml/com.sun.org.apache.xerces.internal.jaxp.DocumentBuilderImpl.parse(DocumentBuilderImpl.java:342)
	at com.st.stm32cube.ide.mpu.remote.serial.internal.SerialPortProviderWindows.run(SerialPortProviderWindows.java:127)
	at java.base/java.util.TimerThread.mainLoop(Timer.java:566)
	at java.base/java.util.TimerThread.run(Timer.java:516)

!ENTRY com.st.stm32cube.ide.mpu.remote.serial 4 0 2026-03-18 23:14:36.329
!MESSAGE Failed to parse wmic output
!STACK 0
org.xml.sax.SAXParseException; lineNumber: 1; columnNumber: 1; Premature end of file.
	at java.xml/com.sun.org.apache.xerces.internal.parsers.DOMParser.parse(DOMParser.java:262)
	at java.xml/com.sun.org.apache.xerces.internal.jaxp.DocumentBuilderImpl.parse(DocumentBuilderImpl.java:342)
	at com.st.stm32cube.ide.mpu.remote.serial.internal.SerialPortProviderWindows.run(SerialPortProviderWindows.java:127)
	at java.base/java.util.TimerThread.mainLoop(Timer.java:566)
	at java.base/java.util.TimerThread.run(Timer.java:516)

!ENTRY com.st.stm32cube.ide.mpu.remote.serial 4 0 2026-03-18 23:14:37.329
!MESSAGE Failed to parse wmic output
!STACK 0
org.xml.sax.SAXParseException; lineNumber: 1; columnNumber: 1; Premature end of file.
	at java.xml/com.sun.org.apache.xerces.internal.parsers.DOMParser.parse(DOMParser.java:262)
	at java.xml/com.sun.org.apache.xerces.internal.jaxp.DocumentBuilderImpl.parse(DocumentBuilderImpl.java:342)
	at com.st.stm32cube.ide.mpu.remote.serial.internal.SerialPortProviderWindows.run(SerialPortProviderWindows.java:127)
	at java.base/java.util.TimerThread.mainLoop(Timer.java:566)
	at java.base/java.util.TimerThread.run(Timer.java:516)

!ENTRY com.st.stm32cube.ide.mpu.remote.serial 4 0 2026-03-18 23:14:38.313
!MESSAGE Failed to parse wmic output
!STACK 0
org.xml.sax.SAXParseException; lineNumber: 1; columnNumber: 1; Premature end of file.
	at java.xml/com.sun.org.apache.xerces.internal.parsers.DOMParser.parse(DOMParser.java:262)
	at java.xml/com.sun.org.apache.xerces.internal.jaxp.DocumentBuilderImpl.parse(DocumentBuilderImpl.java:342)
	at com.st.stm32cube.ide.mpu.remote.serial.internal.SerialPortProviderWindows.run(SerialPortProviderWindows.java:127)
	at java.base/java.util.TimerThread.mainLoop(Timer.java:566)
	at java.base/java.util.TimerThread.run(Timer.java:516)

!ENTRY com.st.stm32cube.ide.mpu.remote.serial 4 0 2026-03-18 23:14:39.338
!MESSAGE Failed to parse wmic output
!STACK 0
org.xml.sax.SAXParseException; lineNumber: 1; columnNumber: 1; Premature end of file.
	at java.xml/com.sun.org.apache.xerces.internal.parsers.DOMParser.parse(DOMParser.java:262)
	at java.xml/com.sun.org.apache.xerces.internal.jaxp.DocumentBuilderImpl.parse(DocumentBuilderImpl.java:342)
	at com.st.stm32cube.ide.mpu.remote.serial.internal.SerialPortProviderWindows.run(SerialPortProviderWindows.java:127)
	at java.base/java.util.TimerThread.mainLoop(Timer.java:566)
	at java.base/java.util.TimerThread.run(Timer.java:516)

!ENTRY com.st.stm32cube.ide.mpu.remote.serial 4 0 2026-03-18 23:14:40.372
!MESSAGE Failed to parse wmic output
!STACK 0
org.xml.sax.SAXParseException; lineNumber: 1; columnNumber: 1; Premature end of file.
	at java.xml/com.sun.org.apache.xerces.internal.parsers.DOMParser.parse(DOMParser.java:262)
	at java.xml/com.sun.org.apache.xerces.internal.jaxp.DocumentBuilderImpl.parse(DocumentBuilderImpl.java:342)
	at com.st.stm32cube.ide.mpu.remote.serial.internal.SerialPortProviderWindows.run(SerialPortProviderWindows.java:127)
	at java.base/java.util.TimerThread.mainLoop(Timer.java:566)
	at java.base/java.util.TimerThread.run(Timer.java:516)

!ENTRY com.st.stm32cube.ide.mpu.remote.serial 4 0 2026-03-18 23:14:41.334
!MESSAGE Failed to parse wmic output
!STACK 0
org.xml.sax.SAXParseException; lineNumber: 1; columnNumber: 1; Premature end of file.
	at java.xml/com.sun.org.apache.xerces.internal.parsers.DOMParser.parse(DOMParser.java:262)
	at java.xml/com.sun.org.apache.xerces.internal.jaxp.DocumentBuilderImpl.parse(DocumentBuilderImpl.java:342)
	at com.st.stm32cube.ide.mpu.remote.serial.internal.SerialPortProviderWindows.run(SerialPortProviderWindows.java:127)
	at java.base/java.util.TimerThread.mainLoop(Timer.java:566)
	at java.base/java.util.TimerThread.run(Timer.java:516)

!ENTRY com.st.stm32cube.ide.mpu.remote.serial 4 0 2026-03-18 23:14:42.326
!MESSAGE Failed to parse wmic output
!STACK 0
org.xml.sax.SAXParseException; lineNumber: 1; columnNumber: 1; Premature end of file.
	at java.xml/com.sun.org.apache.xerces.internal.parsers.DOMParser.parse(DOMParser.java:262)
	at java.xml/com.sun.org.apache.xerces.internal.jaxp.DocumentBuilderImpl.parse(DocumentBuilderImpl.java:342)
	at com.st.stm32cube.ide.mpu.remote.serial.internal.SerialPortProviderWindows.run(SerialPortProviderWindows.java:127)
	at java.base/java.util.TimerThread.mainLoop(Timer.java:566)
	at java.base/java.util.TimerThread.run(Timer.java:516)

!ENTRY com.st.stm32cube.ide.mpu.remote.serial 4 0 2026-03-18 23:14:43.314
!MESSAGE Failed to parse wmic output
!STACK 0
org.xml.sax.SAXParseException; lineNumber: 1; columnNumber: 1; Premature end of file.
	at java.xml/com.sun.org.apache.xerces.internal.parsers.DOMParser.parse(DOMParser.java:262)
	at java.xml/com.sun.org.apache.xerces.internal.jaxp.DocumentBuilderImpl.parse(DocumentBuilderImpl.java:342)
	at com.st.stm32cube.ide.mpu.remote.serial.internal.SerialPortProviderWindows.run(SerialPortProviderWindows.java:127)
	at java.base/java.util.TimerThread.mainLoop(Timer.java:566)
	at java.base/java.util.TimerThread.run(Timer.java:516)

!ENTRY com.st.stm32cube.ide.mpu.remote.serial 4 0 2026-03-18 23:14:44.308
!MESSAGE Failed to parse wmic output
!STACK 0
org.xml.sax.SAXParseException; lineNumber: 1; columnNumber: 1; Premature end of file.
	at java.xml/com.sun.org.apache.xerces.internal.parsers.DOMParser.parse(DOMParser.java:262)
	at java.xml/com.sun.org.apache.xerces.internal.jaxp.DocumentBuilderImpl.parse(DocumentBuilderImpl.java:342)
	at com.st.stm32cube.ide.mpu.remote.serial.internal.SerialPortProviderWindows.run(SerialPortProviderWindows.java:127)
	at java.base/java.util.TimerThread.mainLoop(Timer.java:566)
	at java.base/java.util.TimerThread.run(Timer.java:516)

!ENTRY com.st.stm32cube.ide.mpu.remote.serial 4 0 2026-03-18 23:14:45.308
!MESSAGE Failed to parse wmic output
!STACK 0
org.xml.sax.SAXParseException; lineNumber: 1; columnNumber: 1; Premature end of file.
	at java.xml/com.sun.org.apache.xerces.internal.parsers.DOMParser.parse(DOMParser.java:262)
	at java.xml/com.sun.org.apache.xerces.internal.jaxp.DocumentBuilderImpl.parse(DocumentBuilderImpl.java:342)
	at com.st.stm32cube.ide.mpu.remote.serial.internal.SerialPortProviderWindows.run(SerialPortProviderWindows.java:127)
	at java.base/java.util.TimerThread.mainLoop(Timer.java:566)
	at java.base/java.util.TimerThread.run(Timer.java:516)

!ENTRY com.st.stm32cube.ide.mpu.remote.serial 4 0 2026-03-18 23:14:46.321
!MESSAGE Failed to parse wmic output
!STACK 0
org.xml.sax.SAXParseException; lineNumber: 1; columnNumber: 1; Premature end of file.
	at java.xml/com.sun.org.apache.xerces.internal.parsers.DOMParser.parse(DOMParser.java:262)
	at java.xml/com.sun.org.apache.xerces.internal.jaxp.DocumentBuilderImpl.parse(DocumentBuilderImpl.java:342)
	at com.st.stm32cube.ide.mpu.remote.serial.internal.SerialPortProviderWindows.run(SerialPortProviderWindows.java:127)
	at java.base/java.util.TimerThread.mainLoop(Timer.java:566)
	at java.base/java.util.TimerThread.run(Timer.java:516)

!ENTRY com.st.stm32cube.ide.mpu.remote.serial 4 0 2026-03-18 23:14:47.316
!MESSAGE Failed to parse wmic output
!STACK 0
org.xml.sax.SAXParseException; lineNumber: 1; columnNumber: 1; Premature end of file.
	at java.xml/com.sun.org.apache.xerces.internal.parsers.DOMParser.parse(DOMParser.java:262)
	at java.xml/com.sun.org.apache.xerces.internal.jaxp.DocumentBuilderImpl.parse(DocumentBuilderImpl.java:342)
	at com.st.stm32cube.ide.mpu.remote.serial.internal.SerialPortProviderWindows.run(SerialPortProviderWindows.java:127)
	at java.base/java.util.TimerThread.mainLoop(Timer.java:566)
	at java.base/java.util.TimerThread.run(Timer.java:516)

!ENTRY com.st.stm32cube.ide.mpu.remote.serial 4 0 2026-03-18 23:14:48.318
!MESSAGE Failed to parse wmic output
!STACK 0
org.xml.sax.SAXParseException; lineNumber: 1; columnNumber: 1; Premature end of file.
	at java.xml/com.sun.org.apache.xerces.internal.parsers.DOMParser.parse(DOMParser.java:262)
	at java.xml/com.sun.org.apache.xerces.internal.jaxp.DocumentBuilderImpl.parse(DocumentBuilderImpl.java:342)
	at com.st.stm32cube.ide.mpu.remote.serial.internal.SerialPortProviderWindows.run(SerialPortProviderWindows.java:127)
	at java.base/java.util.TimerThread.mainLoop(Timer.java:566)
	at java.base/java.util.TimerThread.run(Timer.java:516)

!ENTRY com.st.stm32cube.ide.mpu.remote.serial 4 0 2026-03-18 23:14:49.330
!MESSAGE Failed to parse wmic output
!STACK 0
org.xml.sax.SAXParseException; lineNumber: 1; columnNumber: 1; Premature end of file.
	at java.xml/com.sun.org.apache.xerces.internal.parsers.DOMParser.parse(DOMParser.java:262)
	at java.xml/com.sun.org.apache.xerces.internal.jaxp.DocumentBuilderImpl.parse(DocumentBuilderImpl.java:342)
	at com.st.stm32cube.ide.mpu.remote.serial.internal.SerialPortProviderWindows.run(SerialPortProviderWindows.java:127)
	at java.base/java.util.TimerThread.mainLoop(Timer.java:566)
	at java.base/java.util.TimerThread.run(Timer.java:516)

!ENTRY com.st.stm32cube.ide.mpu.remote.serial 4 0 2026-03-18 23:14:50.332
!MESSAGE Failed to parse wmic output
!STACK 0
org.xml.sax.SAXParseException; lineNumber: 1; columnNumber: 1; Premature end of file.
	at java.xml/com.sun.org.apache.xerces.internal.parsers.DOMParser.parse(DOMParser.java:262)
	at java.xml/com.sun.org.apache.xerces.internal.jaxp.DocumentBuilderImpl.parse(DocumentBuilderImpl.java:342)
	at com.st.stm32cube.ide.mpu.remote.serial.internal.SerialPortProviderWindows.run(SerialPortProviderWindows.java:127)
	at java.base/java.util.TimerThread.mainLoop(Timer.java:566)
	at java.base/java.util.TimerThread.run(Timer.java:516)

!ENTRY com.st.stm32cube.ide.mpu.remote.serial 4 0 2026-03-18 23:14:51.313
!MESSAGE Failed to parse wmic output
!STACK 0
org.xml.sax.SAXParseException; lineNumber: 1; columnNumber: 1; Premature end of file.
	at java.xml/com.sun.org.apache.xerces.internal.parsers.DOMParser.parse(DOMParser.java:262)
	at java.xml/com.sun.org.apache.xerces.internal.jaxp.DocumentBuilderImpl.parse(DocumentBuilderImpl.java:342)
	at com.st.stm32cube.ide.mpu.remote.serial.internal.SerialPortProviderWindows.run(SerialPortProviderWindows.java:127)
	at java.base/java.util.TimerThread.mainLoop(Timer.java:566)
	at java.base/java.util.TimerThread.run(Timer.java:516)

!ENTRY com.st.stm32cube.ide.mpu.remote.serial 4 0 2026-03-18 23:14:52.315
!MESSAGE Failed to parse wmic output
!STACK 0
org.xml.sax.SAXParseException; lineNumber: 1; columnNumber: 1; Premature end of file.
	at java.xml/com.sun.org.apache.xerces.internal.parsers.DOMParser.parse(DOMParser.java:262)
	at java.xml/com.sun.org.apache.xerces.internal.jaxp.DocumentBuilderImpl.parse(DocumentBuilderImpl.java:342)
	at com.st.stm32cube.ide.mpu.remote.serial.internal.SerialPortProviderWindows.run(SerialPortProviderWindows.java:127)
	at java.base/java.util.TimerThread.mainLoop(Timer.java:566)
	at java.base/java.util.TimerThread.run(Timer.java:516)

!ENTRY com.st.stm32cube.ide.mpu.remote.serial 4 0 2026-03-18 23:14:53.331
!MESSAGE Failed to parse wmic output
!STACK 0
org.xml.sax.SAXParseException; lineNumber: 1; columnNumber: 1; Premature end of file.
	at java.xml/com.sun.org.apache.xerces.internal.parsers.DOMParser.parse(DOMParser.java:262)
	at java.xml/com.sun.org.apache.xerces.internal.jaxp.DocumentBuilderImpl.parse(DocumentBuilderImpl.java:342)
	at com.st.stm32cube.ide.mpu.remote.serial.internal.SerialPortProviderWindows.run(SerialPortProviderWindows.java:127)
	at java.base/java.util.TimerThread.mainLoop(Timer.java:566)
	at java.base/java.util.TimerThread.run(Timer.java:516)

!ENTRY com.st.stm32cube.ide.mpu.remote.serial 4 0 2026-03-18 23:14:54.319
!MESSAGE Failed to parse wmic output
!STACK 0
org.xml.sax.SAXParseException; lineNumber: 1; columnNumber: 1; Premature end of file.
	at java.xml/com.sun.org.apache.xerces.internal.parsers.DOMParser.parse(DOMParser.java:262)
	at java.xml/com.sun.org.apache.xerces.internal.jaxp.DocumentBuilderImpl.parse(DocumentBuilderImpl.java:342)
	at com.st.stm32cube.ide.mpu.remote.serial.internal.SerialPortProviderWindows.run(SerialPortProviderWindows.java:127)
	at java.base/java.util.TimerThread.mainLoop(Timer.java:566)
	at java.base/java.util.TimerThread.run(Timer.java:516)

!ENTRY com.st.stm32cube.ide.mpu.remote.serial 4 0 2026-03-18 23:14:55.318
!MESSAGE Failed to parse wmic output
!STACK 0
org.xml.sax.SAXParseException; lineNumber: 1; columnNumber: 1; Premature end of file.
	at java.xml/com.sun.org.apache.xerces.internal.parsers.DOMParser.parse(DOMParser.java:262)
	at java.xml/com.sun.org.apache.xerces.internal.jaxp.DocumentBuilderImpl.parse(DocumentBuilderImpl.java:342)
	at com.st.stm32cube.ide.mpu.remote.serial.internal.SerialPortProviderWindows.run(SerialPortProviderWindows.java:127)
	at java.base/java.util.TimerThread.mainLoop(Timer.java:566)
	at java.base/java.util.TimerThread.run(Timer.java:516)

!ENTRY com.st.stm32cube.ide.mpu.remote.serial 4 0 2026-03-18 23:14:56.320
!MESSAGE Failed to parse wmic output
!STACK 0
org.xml.sax.SAXParseException; lineNumber: 1; columnNumber: 1; Premature end of file.
	at java.xml/com.sun.org.apache.xerces.internal.parsers.DOMParser.parse(DOMParser.java:262)
	at java.xml/com.sun.org.apache.xerces.internal.jaxp.DocumentBuilderImpl.parse(DocumentBuilderImpl.java:342)
	at com.st.stm32cube.ide.mpu.remote.serial.internal.SerialPortProviderWindows.run(SerialPortProviderWindows.java:127)
	at java.base/java.util.TimerThread.mainLoop(Timer.java:566)
	at java.base/java.util.TimerThread.run(Timer.java:516)

!ENTRY com.st.stm32cube.ide.mpu.remote.serial 4 0 2026-03-18 23:14:57.320
!MESSAGE Failed to parse wmic output
!STACK 0
org.xml.sax.SAXParseException; lineNumber: 1; columnNumber: 1; Premature end of file.
	at java.xml/com.sun.org.apache.xerces.internal.parsers.DOMParser.parse(DOMParser.java:262)
	at java.xml/com.sun.org.apache.xerces.internal.jaxp.DocumentBuilderImpl.parse(DocumentBuilderImpl.java:342)
	at com.st.stm32cube.ide.mpu.remote.serial.internal.SerialPortProviderWindows.run(SerialPortProviderWindows.java:127)
	at java.base/java.util.TimerThread.mainLoop(Timer.java:566)
	at java.base/java.util.TimerThread.run(Timer.java:516)

!ENTRY com.st.stm32cube.ide.mpu.remote.serial 4 0 2026-03-18 23:14:58.366
!MESSAGE Failed to parse wmic output
!STACK 0
org.xml.sax.SAXParseException; lineNumber: 1; columnNumber: 1; Premature end of file.
	at java.xml/com.sun.org.apache.xerces.internal.parsers.DOMParser.parse(DOMParser.java:262)
	at java.xml/com.sun.org.apache.xerces.internal.jaxp.DocumentBuilderImpl.parse(DocumentBuilderImpl.java:342)
	at com.st.stm32cube.ide.mpu.remote.serial.internal.SerialPortProviderWindows.run(SerialPortProviderWindows.java:127)
	at java.base/java.util.TimerThread.mainLoop(Timer.java:566)
	at java.base/java.util.TimerThread.run(Timer.java:516)

!ENTRY com.st.stm32cube.ide.mpu.remote.serial 4 0 2026-03-18 23:14:59.320
!MESSAGE Failed to parse wmic output
!STACK 0
org.xml.sax.SAXParseException; lineNumber: 1; columnNumber: 1; Premature end of file.
	at java.xml/com.sun.org.apache.xerces.internal.parsers.DOMParser.parse(DOMParser.java:262)
	at java.xml/com.sun.org.apache.xerces.internal.jaxp.DocumentBuilderImpl.parse(DocumentBuilderImpl.java:342)
	at com.st.stm32cube.ide.mpu.remote.serial.internal.SerialPortProviderWindows.run(SerialPortProviderWindows.java:127)
	at java.base/java.util.TimerThread.mainLoop(Timer.java:566)
	at java.base/java.util.TimerThread.run(Timer.java:516)

!ENTRY com.st.stm32cube.ide.mpu.remote.serial 4 0 2026-03-18 23:15:00.320
!MESSAGE Failed to parse wmic output
!STACK 0
org.xml.sax.SAXParseException; lineNumber: 1; columnNumber: 1; Premature end of file.
	at java.xml/com.sun.org.apache.xerces.internal.parsers.DOMParser.parse(DOMParser.java:262)
	at java.xml/com.sun.org.apache.xerces.internal.jaxp.DocumentBuilderImpl.parse(DocumentBuilderImpl.java:342)
	at com.st.stm32cube.ide.mpu.remote.serial.internal.SerialPortProviderWindows.run(SerialPortProviderWindows.java:127)
	at java.base/java.util.TimerThread.mainLoop(Timer.java:566)
	at java.base/java.util.TimerThread.run(Timer.java:516)

!ENTRY com.st.stm32cube.ide.mpu.remote.serial 4 0 2026-03-18 23:15:01.324
!MESSAGE Failed to parse wmic output
!STACK 0
org.xml.sax.SAXParseException; lineNumber: 1; columnNumber: 1; Premature end of file.
	at java.xml/com.sun.org.apache.xerces.internal.parsers.DOMParser.parse(DOMParser.java:262)
	at java.xml/com.sun.org.apache.xerces.internal.jaxp.DocumentBuilderImpl.parse(DocumentBuilderImpl.java:342)
	at com.st.stm32cube.ide.mpu.remote.serial.internal.SerialPortProviderWindows.run(SerialPortProviderWindows.java:127)
	at java.base/java.util.TimerThread.mainLoop(Timer.java:566)
	at java.base/java.util.TimerThread.run(Timer.java:516)

!ENTRY com.st.stm32cube.ide.mpu.remote.serial 4 0 2026-03-18 23:15:02.310
!MESSAGE Failed to parse wmic output
!STACK 0
org.xml.sax.SAXParseException; lineNumber: 1; columnNumber: 1; Premature end of file.
	at java.xml/com.sun.org.apache.xerces.internal.parsers.DOMParser.parse(DOMParser.java:262)
	at java.xml/com.sun.org.apache.xerces.internal.jaxp.DocumentBuilderImpl.parse(DocumentBuilderImpl.java:342)
	at com.st.stm32cube.ide.mpu.remote.serial.internal.SerialPortProviderWindows.run(SerialPortProviderWindows.java:127)
	at java.base/java.util.TimerThread.mainLoop(Timer.java:566)
	at java.base/java.util.TimerThread.run(Timer.java:516)

!ENTRY com.st.stm32cube.ide.mpu.remote.serial 4 0 2026-03-18 23:15:03.308
!MESSAGE Failed to parse wmic output
!STACK 0
org.xml.sax.SAXParseException; lineNumber: 1; columnNumber: 1; Premature end of file.
	at java.xml/com.sun.org.apache.xerces.internal.parsers.DOMParser.parse(DOMParser.java:262)
	at java.xml/com.sun.org.apache.xerces.internal.jaxp.DocumentBuilderImpl.parse(DocumentBuilderImpl.java:342)
	at com.st.stm32cube.ide.mpu.remote.serial.internal.SerialPortProviderWindows.run(SerialPortProviderWindows.java:127)
	at java.base/java.util.TimerThread.mainLoop(Timer.java:566)
	at java.base/java.util.TimerThread.run(Timer.java:516)

!ENTRY com.st.stm32cube.ide.mpu.remote.serial 4 0 2026-03-18 23:15:04.311
!MESSAGE Failed to parse wmic output
!STACK 0
org.xml.sax.SAXParseException; lineNumber: 1; columnNumber: 1; Premature end of file.
	at java.xml/com.sun.org.apache.xerces.internal.parsers.DOMParser.parse(DOMParser.java:262)
	at java.xml/com.sun.org.apache.xerces.internal.jaxp.DocumentBuilderImpl.parse(DocumentBuilderImpl.java:342)
	at com.st.stm32cube.ide.mpu.remote.serial.internal.SerialPortProviderWindows.run(SerialPortProviderWindows.java:127)
	at java.base/java.util.TimerThread.mainLoop(Timer.java:566)
	at java.base/java.util.TimerThread.run(Timer.java:516)

!ENTRY com.st.stm32cube.ide.mpu.remote.serial 4 0 2026-03-18 23:15:05.331
!MESSAGE Failed to parse wmic output
!STACK 0
org.xml.sax.SAXParseException; lineNumber: 1; columnNumber: 1; Premature end of file.
	at java.xml/com.sun.org.apache.xerces.internal.parsers.DOMParser.parse(DOMParser.java:262)
	at java.xml/com.sun.org.apache.xerces.internal.jaxp.DocumentBuilderImpl.parse(DocumentBuilderImpl.java:342)
	at com.st.stm32cube.ide.mpu.remote.serial.internal.SerialPortProviderWindows.run(SerialPortProviderWindows.java:127)
	at java.base/java.util.TimerThread.mainLoop(Timer.java:566)
	at java.base/java.util.TimerThread.run(Timer.java:516)

!ENTRY com.st.stm32cube.ide.mpu.remote.serial 4 0 2026-03-18 23:15:06.329
!MESSAGE Failed to parse wmic output
!STACK 0
org.xml.sax.SAXParseException; lineNumber: 1; columnNumber: 1; Premature end of file.
	at java.xml/com.sun.org.apache.xerces.internal.parsers.DOMParser.parse(DOMParser.java:262)
	at java.xml/com.sun.org.apache.xerces.internal.jaxp.DocumentBuilderImpl.parse(DocumentBuilderImpl.java:342)
	at com.st.stm32cube.ide.mpu.remote.serial.internal.SerialPortProviderWindows.run(SerialPortProviderWindows.java:127)
	at java.base/java.util.TimerThread.mainLoop(Timer.java:566)
	at java.base/java.util.TimerThread.run(Timer.java:516)

!ENTRY com.st.stm32cube.ide.mpu.remote.serial 4 0 2026-03-18 23:15:07.342
!MESSAGE Failed to parse wmic output
!STACK 0
org.xml.sax.SAXParseException; lineNumber: 1; columnNumber: 1; Premature end of file.
	at java.xml/com.sun.org.apache.xerces.internal.parsers.DOMParser.parse(DOMParser.java:262)
	at java.xml/com.sun.org.apache.xerces.internal.jaxp.DocumentBuilderImpl.parse(DocumentBuilderImpl.java:342)
	at com.st.stm32cube.ide.mpu.remote.serial.internal.SerialPortProviderWindows.run(SerialPortProviderWindows.java:127)
	at java.base/java.util.TimerThread.mainLoop(Timer.java:566)
	at java.base/java.util.TimerThread.run(Timer.java:516)

!ENTRY com.st.stm32cube.ide.mpu.remote.serial 4 0 2026-03-18 23:15:08.308
!MESSAGE Failed to parse wmic output
!STACK 0
org.xml.sax.SAXParseException; lineNumber: 1; columnNumber: 1; Premature end of file.
	at java.xml/com.sun.org.apache.xerces.internal.parsers.DOMParser.parse(DOMParser.java:262)
	at java.xml/com.sun.org.apache.xerces.internal.jaxp.DocumentBuilderImpl.parse(DocumentBuilderImpl.java:342)
	at com.st.stm32cube.ide.mpu.remote.serial.internal.SerialPortProviderWindows.run(SerialPortProviderWindows.java:127)
	at java.base/java.util.TimerThread.mainLoop(Timer.java:566)
	at java.base/java.util.TimerThread.run(Timer.java:516)

!ENTRY com.st.stm32cube.ide.mpu.remote.serial 4 0 2026-03-18 23:15:09.322
!MESSAGE Failed to parse wmic output
!STACK 0
org.xml.sax.SAXParseException; lineNumber: 1; columnNumber: 1; Premature end of file.
	at java.xml/com.sun.org.apache.xerces.internal.parsers.DOMParser.parse(DOMParser.java:262)
	at java.xml/com.sun.org.apache.xerces.internal.jaxp.DocumentBuilderImpl.parse(DocumentBuilderImpl.java:342)
	at com.st.stm32cube.ide.mpu.remote.serial.internal.SerialPortProviderWindows.run(SerialPortProviderWindows.java:127)
	at java.base/java.util.TimerThread.mainLoop(Timer.java:566)
	at java.base/java.util.TimerThread.run(Timer.java:516)

!ENTRY com.st.stm32cube.ide.mpu.remote.serial 4 0 2026-03-18 23:15:10.316
!MESSAGE Failed to parse wmic output
!STACK 0
org.xml.sax.SAXParseException; lineNumber: 1; columnNumber: 1; Premature end of file.
	at java.xml/com.sun.org.apache.xerces.internal.parsers.DOMParser.parse(DOMParser.java:262)
	at java.xml/com.sun.org.apache.xerces.internal.jaxp.DocumentBuilderImpl.parse(DocumentBuilderImpl.java:342)
	at com.st.stm32cube.ide.mpu.remote.serial.internal.SerialPortProviderWindows.run(SerialPortProviderWindows.java:127)
	at java.base/java.util.TimerThread.mainLoop(Timer.java:566)
	at java.base/java.util.TimerThread.run(Timer.java:516)

!ENTRY com.st.stm32cube.ide.mpu.remote.serial 4 0 2026-03-18 23:15:11.321
!MESSAGE Failed to parse wmic output
!STACK 0
org.xml.sax.SAXParseException; lineNumber: 1; columnNumber: 1; Premature end of file.
	at java.xml/com.sun.org.apache.xerces.internal.parsers.DOMParser.parse(DOMParser.java:262)
	at java.xml/com.sun.org.apache.xerces.internal.jaxp.DocumentBuilderImpl.parse(DocumentBuilderImpl.java:342)
	at com.st.stm32cube.ide.mpu.remote.serial.internal.SerialPortProviderWindows.run(SerialPortProviderWindows.java:127)
	at java.base/java.util.TimerThread.mainLoop(Timer.java:566)
	at java.base/java.util.TimerThread.run(Timer.java:516)

!ENTRY com.st.stm32cube.ide.mpu.remote.serial 4 0 2026-03-18 23:15:12.312
!MESSAGE Failed to parse wmic output
!STACK 0
org.xml.sax.SAXParseException; lineNumber: 1; columnNumber: 1; Premature end of file.
	at java.xml/com.sun.org.apache.xerces.internal.parsers.DOMParser.parse(DOMParser.java:262)
	at java.xml/com.sun.org.apache.xerces.internal.jaxp.DocumentBuilderImpl.parse(DocumentBuilderImpl.java:342)
	at com.st.stm32cube.ide.mpu.remote.serial.internal.SerialPortProviderWindows.run(SerialPortProviderWindows.java:127)
	at java.base/java.util.TimerThread.mainLoop(Timer.java:566)
	at java.base/java.util.TimerThread.run(Timer.java:516)

!ENTRY com.st.stm32cube.ide.mpu.remote.serial 4 0 2026-03-18 23:15:13.338
!MESSAGE Failed to parse wmic output
!STACK 0
org.xml.sax.SAXParseException; lineNumber: 1; columnNumber: 1; Premature end of file.
	at java.xml/com.sun.org.apache.xerces.internal.parsers.DOMParser.parse(DOMParser.java:262)
	at java.xml/com.sun.org.apache.xerces.internal.jaxp.DocumentBuilderImpl.parse(DocumentBuilderImpl.java:342)
	at com.st.stm32cube.ide.mpu.remote.serial.internal.SerialPortProviderWindows.run(SerialPortProviderWindows.java:127)
	at java.base/java.util.TimerThread.mainLoop(Timer.java:566)
	at java.base/java.util.TimerThread.run(Timer.java:516)

!ENTRY com.st.stm32cube.ide.mpu.remote.serial 4 0 2026-03-18 23:15:14.515
!MESSAGE Failed to parse wmic output
!STACK 0
org.xml.sax.SAXParseException; lineNumber: 1; columnNumber: 1; Premature end of file.
	at java.xml/com.sun.org.apache.xerces.internal.parsers.DOMParser.parse(DOMParser.java:262)
	at java.xml/com.sun.org.apache.xerces.internal.jaxp.DocumentBuilderImpl.parse(DocumentBuilderImpl.java:342)
	at com.st.stm32cube.ide.mpu.remote.serial.internal.SerialPortProviderWindows.run(SerialPortProviderWindows.java:127)
	at java.base/java.util.TimerThread.mainLoop(Timer.java:566)
	at java.base/java.util.TimerThread.run(Timer.java:516)

!ENTRY com.st.stm32cube.ide.mpu.remote.serial 4 0 2026-03-18 23:15:15.375
!MESSAGE Failed to parse wmic output
!STACK 0
org.xml.sax.SAXParseException; lineNumber: 1; columnNumber: 1; Premature end of file.
	at java.xml/com.sun.org.apache.xerces.internal.parsers.DOMParser.parse(DOMParser.java:262)
	at java.xml/com.sun.org.apache.xerces.internal.jaxp.DocumentBuilderImpl.parse(DocumentBuilderImpl.java:342)
	at com.st.stm32cube.ide.mpu.remote.serial.internal.SerialPortProviderWindows.run(SerialPortProviderWindows.java:127)
	at java.base/java.util.TimerThread.mainLoop(Timer.java:566)
	at java.base/java.util.TimerThread.run(Timer.java:516)

!ENTRY com.st.stm32cube.ide.mpu.remote.serial 4 0 2026-03-18 23:15:16.338
!MESSAGE Failed to parse wmic output
!STACK 0
org.xml.sax.SAXParseException; lineNumber: 1; columnNumber: 1; Premature end of file.
	at java.xml/com.sun.org.apache.xerces.internal.parsers.DOMParser.parse(DOMParser.java:262)
	at java.xml/com.sun.org.apache.xerces.internal.jaxp.DocumentBuilderImpl.parse(DocumentBuilderImpl.java:342)
	at com.st.stm32cube.ide.mpu.remote.serial.internal.SerialPortProviderWindows.run(SerialPortProviderWindows.java:127)
	at java.base/java.util.TimerThread.mainLoop(Timer.java:566)
	at java.base/java.util.TimerThread.run(Timer.java:516)

!ENTRY com.st.stm32cube.ide.mpu.remote.serial 4 0 2026-03-18 23:15:17.327
!MESSAGE Failed to parse wmic output
!STACK 0
org.xml.sax.SAXParseException; lineNumber: 1; columnNumber: 1; Premature end of file.
	at java.xml/com.sun.org.apache.xerces.internal.parsers.DOMParser.parse(DOMParser.java:262)
	at java.xml/com.sun.org.apache.xerces.internal.jaxp.DocumentBuilderImpl.parse(DocumentBuilderImpl.java:342)
	at com.st.stm32cube.ide.mpu.remote.serial.internal.SerialPortProviderWindows.run(SerialPortProviderWindows.java:127)
	at java.base/java.util.TimerThread.mainLoop(Timer.java:566)
	at java.base/java.util.TimerThread.run(Timer.java:516)

!ENTRY com.st.stm32cube.ide.mpu.remote.serial 4 0 2026-03-18 23:15:18.377
!MESSAGE Failed to parse wmic output
!STACK 0
org.xml.sax.SAXParseException; lineNumber: 1; columnNumber: 1; Premature end of file.
	at java.xml/com.sun.org.apache.xerces.internal.parsers.DOMParser.parse(DOMParser.java:262)
	at java.xml/com.sun.org.apache.xerces.internal.jaxp.DocumentBuilderImpl.parse(DocumentBuilderImpl.java:342)
	at com.st.stm32cube.ide.mpu.remote.serial.internal.SerialPortProviderWindows.run(SerialPortProviderWindows.java:127)
	at java.base/java.util.TimerThread.mainLoop(Timer.java:566)
	at java.base/java.util.TimerThread.run(Timer.java:516)

!ENTRY com.st.stm32cube.ide.mpu.remote.serial 4 0 2026-03-18 23:15:19.355
!MESSAGE Failed to parse wmic output
!STACK 0
org.xml.sax.SAXParseException; lineNumber: 1; columnNumber: 1; Premature end of file.
	at java.xml/com.sun.org.apache.xerces.internal.parsers.DOMParser.parse(DOMParser.java:262)
	at java.xml/com.sun.org.apache.xerces.internal.jaxp.DocumentBuilderImpl.parse(DocumentBuilderImpl.java:342)
	at com.st.stm32cube.ide.mpu.remote.serial.internal.SerialPortProviderWindows.run(SerialPortProviderWindows.java:127)
	at java.base/java.util.TimerThread.mainLoop(Timer.java:566)
	at java.base/java.util.TimerThread.run(Timer.java:516)

!ENTRY com.st.stm32cube.ide.mpu.remote.serial 4 0 2026-03-18 23:15:20.385
!MESSAGE Failed to parse wmic output
!STACK 0
org.xml.sax.SAXParseException; lineNumber: 1; columnNumber: 1; Premature end of file.
	at java.xml/com.sun.org.apache.xerces.internal.parsers.DOMParser.parse(DOMParser.java:262)
	at java.xml/com.sun.org.apache.xerces.internal.jaxp.DocumentBuilderImpl.parse(DocumentBuilderImpl.java:342)
	at com.st.stm32cube.ide.mpu.remote.serial.internal.SerialPortProviderWindows.run(SerialPortProviderWindows.java:127)
	at java.base/java.util.TimerThread.mainLoop(Timer.java:566)
	at java.base/java.util.TimerThread.run(Timer.java:516)

!ENTRY com.st.stm32cube.ide.mpu.remote.serial 4 0 2026-03-18 23:15:21.371
!MESSAGE Failed to parse wmic output
!STACK 0
org.xml.sax.SAXParseException; lineNumber: 1; columnNumber: 1; Premature end of file.
	at java.xml/com.sun.org.apache.xerces.internal.parsers.DOMParser.parse(DOMParser.java:262)
	at java.xml/com.sun.org.apache.xerces.internal.jaxp.DocumentBuilderImpl.parse(DocumentBuilderImpl.java:342)
	at com.st.stm32cube.ide.mpu.remote.serial.internal.SerialPortProviderWindows.run(SerialPortProviderWindows.java:127)
	at java.base/java.util.TimerThread.mainLoop(Timer.java:566)
	at java.base/java.util.TimerThread.run(Timer.java:516)

!ENTRY com.st.stm32cube.ide.mpu.remote.serial 4 0 2026-03-18 23:15:22.342
!MESSAGE Failed to parse wmic output
!STACK 0
org.xml.sax.SAXParseException; lineNumber: 1; columnNumber: 1; Premature end of file.
	at java.xml/com.sun.org.apache.xerces.internal.parsers.DOMParser.parse(DOMParser.java:262)
	at java.xml/com.sun.org.apache.xerces.internal.jaxp.DocumentBuilderImpl.parse(DocumentBuilderImpl.java:342)
	at com.st.stm32cube.ide.mpu.remote.serial.internal.SerialPortProviderWindows.run(SerialPortProviderWindows.java:127)
	at java.base/java.util.TimerThread.mainLoop(Timer.java:566)
	at java.base/java.util.TimerThread.run(Timer.java:516)

!ENTRY com.st.stm32cube.ide.mpu.remote.serial 4 0 2026-03-18 23:15:23.320
!MESSAGE Failed to parse wmic output
!STACK 0
org.xml.sax.SAXParseException; lineNumber: 1; columnNumber: 1; Premature end of file.
	at java.xml/com.sun.org.apache.xerces.internal.parsers.DOMParser.parse(DOMParser.java:262)
	at java.xml/com.sun.org.apache.xerces.internal.jaxp.DocumentBuilderImpl.parse(DocumentBuilderImpl.java:342)
	at com.st.stm32cube.ide.mpu.remote.serial.internal.SerialPortProviderWindows.run(SerialPortProviderWindows.java:127)
	at java.base/java.util.TimerThread.mainLoop(Timer.java:566)
	at java.base/java.util.TimerThread.run(Timer.java:516)

!ENTRY com.st.stm32cube.ide.mpu.remote.serial 4 0 2026-03-18 23:15:24.313
!MESSAGE Failed to parse wmic output
!STACK 0
org.xml.sax.SAXParseException; lineNumber: 1; columnNumber: 1; Premature end of file.
	at java.xml/com.sun.org.apache.xerces.internal.parsers.DOMParser.parse(DOMParser.java:262)
	at java.xml/com.sun.org.apache.xerces.internal.jaxp.DocumentBuilderImpl.parse(DocumentBuilderImpl.java:342)
	at com.st.stm32cube.ide.mpu.remote.serial.internal.SerialPortProviderWindows.run(SerialPortProviderWindows.java:127)
	at java.base/java.util.TimerThread.mainLoop(Timer.java:566)
	at java.base/java.util.TimerThread.run(Timer.java:516)

!ENTRY com.st.stm32cube.ide.mpu.remote.serial 4 0 2026-03-18 23:15:25.308
!MESSAGE Failed to parse wmic output
!STACK 0
org.xml.sax.SAXParseException; lineNumber: 1; columnNumber: 1; Premature end of file.
	at java.xml/com.sun.org.apache.xerces.internal.parsers.DOMParser.parse(DOMParser.java:262)
	at java.xml/com.sun.org.apache.xerces.internal.jaxp.DocumentBuilderImpl.parse(DocumentBuilderImpl.java:342)
	at com.st.stm32cube.ide.mpu.remote.serial.internal.SerialPortProviderWindows.run(SerialPortProviderWindows.java:127)
	at java.base/java.util.TimerThread.mainLoop(Timer.java:566)
	at java.base/java.util.TimerThread.run(Timer.java:516)

!ENTRY com.st.stm32cube.ide.mpu.remote.serial 4 0 2026-03-18 23:15:26.317
!MESSAGE Failed to parse wmic output
!STACK 0
org.xml.sax.SAXParseException; lineNumber: 1; columnNumber: 1; Premature end of file.
	at java.xml/com.sun.org.apache.xerces.internal.parsers.DOMParser.parse(DOMParser.java:262)
	at java.xml/com.sun.org.apache.xerces.internal.jaxp.DocumentBuilderImpl.parse(DocumentBuilderImpl.java:342)
	at com.st.stm32cube.ide.mpu.remote.serial.internal.SerialPortProviderWindows.run(SerialPortProviderWindows.java:127)
	at java.base/java.util.TimerThread.mainLoop(Timer.java:566)
	at java.base/java.util.TimerThread.run(Timer.java:516)

!ENTRY com.st.stm32cube.ide.mpu.remote.serial 4 0 2026-03-18 23:15:27.329
!MESSAGE Failed to parse wmic output
!STACK 0
org.xml.sax.SAXParseException; lineNumber: 1; columnNumber: 1; Premature end of file.
	at java.xml/com.sun.org.apache.xerces.internal.parsers.DOMParser.parse(DOMParser.java:262)
	at java.xml/com.sun.org.apache.xerces.internal.jaxp.DocumentBuilderImpl.parse(DocumentBuilderImpl.java:342)
	at com.st.stm32cube.ide.mpu.remote.serial.internal.SerialPortProviderWindows.run(SerialPortProviderWindows.java:127)
	at java.base/java.util.TimerThread.mainLoop(Timer.java:566)
	at java.base/java.util.TimerThread.run(Timer.java:516)

!ENTRY com.st.stm32cube.ide.mpu.remote.serial 4 0 2026-03-18 23:15:28.309
!MESSAGE Failed to parse wmic output
!STACK 0
org.xml.sax.SAXParseException; lineNumber: 1; columnNumber: 1; Premature end of file.
	at java.xml/com.sun.org.apache.xerces.internal.parsers.DOMParser.parse(DOMParser.java:262)
	at java.xml/com.sun.org.apache.xerces.internal.jaxp.DocumentBuilderImpl.parse(DocumentBuilderImpl.java:342)
	at com.st.stm32cube.ide.mpu.remote.serial.internal.SerialPortProviderWindows.run(SerialPortProviderWindows.java:127)
	at java.base/java.util.TimerThread.mainLoop(Timer.java:566)
	at java.base/java.util.TimerThread.run(Timer.java:516)

!ENTRY com.st.stm32cube.ide.mpu.remote.serial 4 0 2026-03-18 23:15:29.312
!MESSAGE Failed to parse wmic output
!STACK 0
org.xml.sax.SAXParseException; lineNumber: 1; columnNumber: 1; Premature end of file.
	at java.xml/com.sun.org.apache.xerces.internal.parsers.DOMParser.parse(DOMParser.java:262)
	at java.xml/com.sun.org.apache.xerces.internal.jaxp.DocumentBuilderImpl.parse(DocumentBuilderImpl.java:342)
	at com.st.stm32cube.ide.mpu.remote.serial.internal.SerialPortProviderWindows.run(SerialPortProviderWindows.java:127)
	at java.base/java.util.TimerThread.mainLoop(Timer.java:566)
	at java.base/java.util.TimerThread.run(Timer.java:516)

!ENTRY com.st.stm32cube.ide.mpu.remote.serial 4 0 2026-03-18 23:15:30.308
!MESSAGE Failed to parse wmic output
!STACK 0
org.xml.sax.SAXParseException; lineNumber: 1; columnNumber: 1; Premature end of file.
	at java.xml/com.sun.org.apache.xerces.internal.parsers.DOMParser.parse(DOMParser.java:262)
	at java.xml/com.sun.org.apache.xerces.internal.jaxp.DocumentBuilderImpl.parse(DocumentBuilderImpl.java:342)
	at com.st.stm32cube.ide.mpu.remote.serial.internal.SerialPortProviderWindows.run(SerialPortProviderWindows.java:127)
	at java.base/java.util.TimerThread.mainLoop(Timer.java:566)
	at java.base/java.util.TimerThread.run(Timer.java:516)

!ENTRY com.st.stm32cube.ide.mpu.remote.serial 4 0 2026-03-18 23:15:31.357
!MESSAGE Failed to parse wmic output
!STACK 0
org.xml.sax.SAXParseException; lineNumber: 1; columnNumber: 1; Premature end of file.
	at java.xml/com.sun.org.apache.xerces.internal.parsers.DOMParser.parse(DOMParser.java:262)
	at java.xml/com.sun.org.apache.xerces.internal.jaxp.DocumentBuilderImpl.parse(DocumentBuilderImpl.java:342)
	at com.st.stm32cube.ide.mpu.remote.serial.internal.SerialPortProviderWindows.run(SerialPortProviderWindows.java:127)
	at java.base/java.util.TimerThread.mainLoop(Timer.java:566)
	at java.base/java.util.TimerThread.run(Timer.java:516)

!ENTRY com.st.stm32cube.ide.mpu.remote.serial 4 0 2026-03-18 23:15:32.315
!MESSAGE Failed to parse wmic output
!STACK 0
org.xml.sax.SAXParseException; lineNumber: 1; columnNumber: 1; Premature end of file.
	at java.xml/com.sun.org.apache.xerces.internal.parsers.DOMParser.parse(DOMParser.java:262)
	at java.xml/com.sun.org.apache.xerces.internal.jaxp.DocumentBuilderImpl.parse(DocumentBuilderImpl.java:342)
	at com.st.stm32cube.ide.mpu.remote.serial.internal.SerialPortProviderWindows.run(SerialPortProviderWindows.java:127)
	at java.base/java.util.TimerThread.mainLoop(Timer.java:566)
	at java.base/java.util.TimerThread.run(Timer.java:516)

!ENTRY com.st.stm32cube.ide.mpu.remote.serial 4 0 2026-03-18 23:15:33.322
!MESSAGE Failed to parse wmic output
!STACK 0
org.xml.sax.SAXParseException; lineNumber: 1; columnNumber: 1; Premature end of file.
	at java.xml/com.sun.org.apache.xerces.internal.parsers.DOMParser.parse(DOMParser.java:262)
	at java.xml/com.sun.org.apache.xerces.internal.jaxp.DocumentBuilderImpl.parse(DocumentBuilderImpl.java:342)
	at com.st.stm32cube.ide.mpu.remote.serial.internal.SerialPortProviderWindows.run(SerialPortProviderWindows.java:127)
	at java.base/java.util.TimerThread.mainLoop(Timer.java:566)
	at java.base/java.util.TimerThread.run(Timer.java:516)

!ENTRY com.st.stm32cube.ide.mpu.remote.serial 4 0 2026-03-18 23:15:34.327
!MESSAGE Failed to parse wmic output
!STACK 0
org.xml.sax.SAXParseException; lineNumber: 1; columnNumber: 1; Premature end of file.
	at java.xml/com.sun.org.apache.xerces.internal.parsers.DOMParser.parse(DOMParser.java:262)
	at java.xml/com.sun.org.apache.xerces.internal.jaxp.DocumentBuilderImpl.parse(DocumentBuilderImpl.java:342)
	at com.st.stm32cube.ide.mpu.remote.serial.internal.SerialPortProviderWindows.run(SerialPortProviderWindows.java:127)
	at java.base/java.util.TimerThread.mainLoop(Timer.java:566)
	at java.base/java.util.TimerThread.run(Timer.java:516)

!ENTRY com.st.stm32cube.ide.mpu.remote.serial 4 0 2026-03-18 23:15:35.315
!MESSAGE Failed to parse wmic output
!STACK 0
org.xml.sax.SAXParseException; lineNumber: 1; columnNumber: 1; Premature end of file.
	at java.xml/com.sun.org.apache.xerces.internal.parsers.DOMParser.parse(DOMParser.java:262)
	at java.xml/com.sun.org.apache.xerces.internal.jaxp.DocumentBuilderImpl.parse(DocumentBuilderImpl.java:342)
	at com.st.stm32cube.ide.mpu.remote.serial.internal.SerialPortProviderWindows.run(SerialPortProviderWindows.java:127)
	at java.base/java.util.TimerThread.mainLoop(Timer.java:566)
	at java.base/java.util.TimerThread.run(Timer.java:516)

!ENTRY com.st.stm32cube.ide.mpu.remote.serial 4 0 2026-03-18 23:15:36.313
!MESSAGE Failed to parse wmic output
!STACK 0
org.xml.sax.SAXParseException; lineNumber: 1; columnNumber: 1; Premature end of file.
	at java.xml/com.sun.org.apache.xerces.internal.parsers.DOMParser.parse(DOMParser.java:262)
	at java.xml/com.sun.org.apache.xerces.internal.jaxp.DocumentBuilderImpl.parse(DocumentBuilderImpl.java:342)
	at com.st.stm32cube.ide.mpu.remote.serial.internal.SerialPortProviderWindows.run(SerialPortProviderWindows.java:127)
	at java.base/java.util.TimerThread.mainLoop(Timer.java:566)
	at java.base/java.util.TimerThread.run(Timer.java:516)

!ENTRY com.st.stm32cube.ide.mpu.remote.serial 4 0 2026-03-18 23:15:37.310
!MESSAGE Failed to parse wmic output
!STACK 0
org.xml.sax.SAXParseException; lineNumber: 1; columnNumber: 1; Premature end of file.
	at java.xml/com.sun.org.apache.xerces.internal.parsers.DOMParser.parse(DOMParser.java:262)
	at java.xml/com.sun.org.apache.xerces.internal.jaxp.DocumentBuilderImpl.parse(DocumentBuilderImpl.java:342)
	at com.st.stm32cube.ide.mpu.remote.serial.internal.SerialPortProviderWindows.run(SerialPortProviderWindows.java:127)
	at java.base/java.util.TimerThread.mainLoop(Timer.java:566)
	at java.base/java.util.TimerThread.run(Timer.java:516)

!ENTRY com.st.stm32cube.ide.mpu.remote.serial 4 0 2026-03-18 23:15:38.319
!MESSAGE Failed to parse wmic output
!STACK 0
org.xml.sax.SAXParseException; lineNumber: 1; columnNumber: 1; Premature end of file.
	at java.xml/com.sun.org.apache.xerces.internal.parsers.DOMParser.parse(DOMParser.java:262)
	at java.xml/com.sun.org.apache.xerces.internal.jaxp.DocumentBuilderImpl.parse(DocumentBuilderImpl.java:342)
	at com.st.stm32cube.ide.mpu.remote.serial.internal.SerialPortProviderWindows.run(SerialPortProviderWindows.java:127)
	at java.base/java.util.TimerThread.mainLoop(Timer.java:566)
	at java.base/java.util.TimerThread.run(Timer.java:516)

!ENTRY com.st.stm32cube.ide.mpu.remote.serial 4 0 2026-03-18 23:15:39.308
!MESSAGE Failed to parse wmic output
!STACK 0
org.xml.sax.SAXParseException; lineNumber: 1; columnNumber: 1; Premature end of file.
	at java.xml/com.sun.org.apache.xerces.internal.parsers.DOMParser.parse(DOMParser.java:262)
	at java.xml/com.sun.org.apache.xerces.internal.jaxp.DocumentBuilderImpl.parse(DocumentBuilderImpl.java:342)
	at com.st.stm32cube.ide.mpu.remote.serial.internal.SerialPortProviderWindows.run(SerialPortProviderWindows.java:127)
	at java.base/java.util.TimerThread.mainLoop(Timer.java:566)
	at java.base/java.util.TimerThread.run(Timer.java:516)

!ENTRY com.st.stm32cube.ide.mpu.remote.serial 4 0 2026-03-18 23:15:40.307
!MESSAGE Failed to parse wmic output
!STACK 0
org.xml.sax.SAXParseException; lineNumber: 1; columnNumber: 1; Premature end of file.
	at java.xml/com.sun.org.apache.xerces.internal.parsers.DOMParser.parse(DOMParser.java:262)
	at java.xml/com.sun.org.apache.xerces.internal.jaxp.DocumentBuilderImpl.parse(DocumentBuilderImpl.java:342)
	at com.st.stm32cube.ide.mpu.remote.serial.internal.SerialPortProviderWindows.run(SerialPortProviderWindows.java:127)
	at java.base/java.util.TimerThread.mainLoop(Timer.java:566)
	at java.base/java.util.TimerThread.run(Timer.java:516)

!ENTRY com.st.stm32cube.ide.mpu.remote.serial 4 0 2026-03-18 23:15:41.324
!MESSAGE Failed to parse wmic output
!STACK 0
org.xml.sax.SAXParseException; lineNumber: 1; columnNumber: 1; Premature end of file.
	at java.xml/com.sun.org.apache.xerces.internal.parsers.DOMParser.parse(DOMParser.java:262)
	at java.xml/com.sun.org.apache.xerces.internal.jaxp.DocumentBuilderImpl.parse(DocumentBuilderImpl.java:342)
	at com.st.stm32cube.ide.mpu.remote.serial.internal.SerialPortProviderWindows.run(SerialPortProviderWindows.java:127)
	at java.base/java.util.TimerThread.mainLoop(Timer.java:566)
	at java.base/java.util.TimerThread.run(Timer.java:516)

!ENTRY com.st.stm32cube.ide.mpu.remote.serial 4 0 2026-03-18 23:15:42.317
!MESSAGE Failed to parse wmic output
!STACK 0
org.xml.sax.SAXParseException; lineNumber: 1; columnNumber: 1; Premature end of file.
	at java.xml/com.sun.org.apache.xerces.internal.parsers.DOMParser.parse(DOMParser.java:262)
	at java.xml/com.sun.org.apache.xerces.internal.jaxp.DocumentBuilderImpl.parse(DocumentBuilderImpl.java:342)
	at com.st.stm32cube.ide.mpu.remote.serial.internal.SerialPortProviderWindows.run(SerialPortProviderWindows.java:127)
	at java.base/java.util.TimerThread.mainLoop(Timer.java:566)
	at java.base/java.util.TimerThread.run(Timer.java:516)

!ENTRY com.st.stm32cube.ide.mpu.remote.serial 4 0 2026-03-18 23:15:43.328
!MESSAGE Failed to parse wmic output
!STACK 0
org.xml.sax.SAXParseException; lineNumber: 1; columnNumber: 1; Premature end of file.
	at java.xml/com.sun.org.apache.xerces.internal.parsers.DOMParser.parse(DOMParser.java:262)
	at java.xml/com.sun.org.apache.xerces.internal.jaxp.DocumentBuilderImpl.parse(DocumentBuilderImpl.java:342)
	at com.st.stm32cube.ide.mpu.remote.serial.internal.SerialPortProviderWindows.run(SerialPortProviderWindows.java:127)
	at java.base/java.util.TimerThread.mainLoop(Timer.java:566)
	at java.base/java.util.TimerThread.run(Timer.java:516)

!ENTRY com.st.stm32cube.ide.mpu.remote.serial 4 0 2026-03-18 23:15:44.317
!MESSAGE Failed to parse wmic output
!STACK 0
org.xml.sax.SAXParseException; lineNumber: 1; columnNumber: 1; Premature end of file.
	at java.xml/com.sun.org.apache.xerces.internal.parsers.DOMParser.parse(DOMParser.java:262)
	at java.xml/com.sun.org.apache.xerces.internal.jaxp.DocumentBuilderImpl.parse(DocumentBuilderImpl.java:342)
	at com.st.stm32cube.ide.mpu.remote.serial.internal.SerialPortProviderWindows.run(SerialPortProviderWindows.java:127)
	at java.base/java.util.TimerThread.mainLoop(Timer.java:566)
	at java.base/java.util.TimerThread.run(Timer.java:516)

!ENTRY com.st.stm32cube.ide.mpu.remote.serial 4 0 2026-03-18 23:15:45.308
!MESSAGE Failed to parse wmic output
!STACK 0
org.xml.sax.SAXParseException; lineNumber: 1; columnNumber: 1; Premature end of file.
	at java.xml/com.sun.org.apache.xerces.internal.parsers.DOMParser.parse(DOMParser.java:262)
	at java.xml/com.sun.org.apache.xerces.internal.jaxp.DocumentBuilderImpl.parse(DocumentBuilderImpl.java:342)
	at com.st.stm32cube.ide.mpu.remote.serial.internal.SerialPortProviderWindows.run(SerialPortProviderWindows.java:127)
	at java.base/java.util.TimerThread.mainLoop(Timer.java:566)
	at java.base/java.util.TimerThread.run(Timer.java:516)

!ENTRY com.st.stm32cube.ide.mpu.remote.serial 4 0 2026-03-18 23:15:46.334
!MESSAGE Failed to parse wmic output
!STACK 0
org.xml.sax.SAXParseException; lineNumber: 1; columnNumber: 1; Premature end of file.
	at java.xml/com.sun.org.apache.xerces.internal.parsers.DOMParser.parse(DOMParser.java:262)
	at java.xml/com.sun.org.apache.xerces.internal.jaxp.DocumentBuilderImpl.parse(DocumentBuilderImpl.java:342)
	at com.st.stm32cube.ide.mpu.remote.serial.internal.SerialPortProviderWindows.run(SerialPortProviderWindows.java:127)
	at java.base/java.util.TimerThread.mainLoop(Timer.java:566)
	at java.base/java.util.TimerThread.run(Timer.java:516)

!ENTRY com.st.stm32cube.ide.mpu.remote.serial 4 0 2026-03-18 23:15:47.554
!MESSAGE Failed to parse wmic output
!STACK 0
org.xml.sax.SAXParseException; lineNumber: 1; columnNumber: 1; Premature end of file.
	at java.xml/com.sun.org.apache.xerces.internal.parsers.DOMParser.parse(DOMParser.java:262)
	at java.xml/com.sun.org.apache.xerces.internal.jaxp.DocumentBuilderImpl.parse(DocumentBuilderImpl.java:342)
	at com.st.stm32cube.ide.mpu.remote.serial.internal.SerialPortProviderWindows.run(SerialPortProviderWindows.java:127)
	at java.base/java.util.TimerThread.mainLoop(Timer.java:566)
	at java.base/java.util.TimerThread.run(Timer.java:516)

!ENTRY com.st.stm32cube.ide.mpu.remote.serial 4 0 2026-03-18 23:15:48.374
!MESSAGE Failed to parse wmic output
!STACK 0
org.xml.sax.SAXParseException; lineNumber: 1; columnNumber: 1; Premature end of file.
	at java.xml/com.sun.org.apache.xerces.internal.parsers.DOMParser.parse(DOMParser.java:262)
	at java.xml/com.sun.org.apache.xerces.internal.jaxp.DocumentBuilderImpl.parse(DocumentBuilderImpl.java:342)
	at com.st.stm32cube.ide.mpu.remote.serial.internal.SerialPortProviderWindows.run(SerialPortProviderWindows.java:127)
	at java.base/java.util.TimerThread.mainLoop(Timer.java:566)
	at java.base/java.util.TimerThread.run(Timer.java:516)

!ENTRY com.st.stm32cube.ide.mpu.remote.serial 4 0 2026-03-18 23:15:49.408
!MESSAGE Failed to parse wmic output
!STACK 0
org.xml.sax.SAXParseException; lineNumber: 1; columnNumber: 1; Premature end of file.
	at java.xml/com.sun.org.apache.xerces.internal.parsers.DOMParser.parse(DOMParser.java:262)
	at java.xml/com.sun.org.apache.xerces.internal.jaxp.DocumentBuilderImpl.parse(DocumentBuilderImpl.java:342)
	at com.st.stm32cube.ide.mpu.remote.serial.internal.SerialPortProviderWindows.run(SerialPortProviderWindows.java:127)
	at java.base/java.util.TimerThread.mainLoop(Timer.java:566)
	at java.base/java.util.TimerThread.run(Timer.java:516)

!ENTRY com.st.stm32cube.ide.mpu.remote.serial 4 0 2026-03-18 23:15:50.322
!MESSAGE Failed to parse wmic output
!STACK 0
org.xml.sax.SAXParseException; lineNumber: 1; columnNumber: 1; Premature end of file.
	at java.xml/com.sun.org.apache.xerces.internal.parsers.DOMParser.parse(DOMParser.java:262)
	at java.xml/com.sun.org.apache.xerces.internal.jaxp.DocumentBuilderImpl.parse(DocumentBuilderImpl.java:342)
	at com.st.stm32cube.ide.mpu.remote.serial.internal.SerialPortProviderWindows.run(SerialPortProviderWindows.java:127)
	at java.base/java.util.TimerThread.mainLoop(Timer.java:566)
	at java.base/java.util.TimerThread.run(Timer.java:516)

!ENTRY com.st.stm32cube.ide.mpu.remote.serial 4 0 2026-03-18 23:15:51.329
!MESSAGE Failed to parse wmic output
!STACK 0
org.xml.sax.SAXParseException; lineNumber: 1; columnNumber: 1; Premature end of file.
	at java.xml/com.sun.org.apache.xerces.internal.parsers.DOMParser.parse(DOMParser.java:262)
	at java.xml/com.sun.org.apache.xerces.internal.jaxp.DocumentBuilderImpl.parse(DocumentBuilderImpl.java:342)
	at com.st.stm32cube.ide.mpu.remote.serial.internal.SerialPortProviderWindows.run(SerialPortProviderWindows.java:127)
	at java.base/java.util.TimerThread.mainLoop(Timer.java:566)
	at java.base/java.util.TimerThread.run(Timer.java:516)

!ENTRY com.st.stm32cube.ide.mpu.remote.serial 4 0 2026-03-18 23:15:52.331
!MESSAGE Failed to parse wmic output
!STACK 0
org.xml.sax.SAXParseException; lineNumber: 1; columnNumber: 1; Premature end of file.
	at java.xml/com.sun.org.apache.xerces.internal.parsers.DOMParser.parse(DOMParser.java:262)
	at java.xml/com.sun.org.apache.xerces.internal.jaxp.DocumentBuilderImpl.parse(DocumentBuilderImpl.java:342)
	at com.st.stm32cube.ide.mpu.remote.serial.internal.SerialPortProviderWindows.run(SerialPortProviderWindows.java:127)
	at java.base/java.util.TimerThread.mainLoop(Timer.java:566)
	at java.base/java.util.TimerThread.run(Timer.java:516)

!ENTRY com.st.stm32cube.ide.mpu.remote.serial 4 0 2026-03-18 23:15:53.412
!MESSAGE Failed to parse wmic output
!STACK 0
org.xml.sax.SAXParseException; lineNumber: 1; columnNumber: 1; Premature end of file.
	at java.xml/com.sun.org.apache.xerces.internal.parsers.DOMParser.parse(DOMParser.java:262)
	at java.xml/com.sun.org.apache.xerces.internal.jaxp.DocumentBuilderImpl.parse(DocumentBuilderImpl.java:342)
	at com.st.stm32cube.ide.mpu.remote.serial.internal.SerialPortProviderWindows.run(SerialPortProviderWindows.java:127)
	at java.base/java.util.TimerThread.mainLoop(Timer.java:566)
	at java.base/java.util.TimerThread.run(Timer.java:516)

!ENTRY com.st.stm32cube.ide.mpu.remote.serial 4 0 2026-03-18 23:15:54.336
!MESSAGE Failed to parse wmic output
!STACK 0
org.xml.sax.SAXParseException; lineNumber: 1; columnNumber: 1; Premature end of file.
	at java.xml/com.sun.org.apache.xerces.internal.parsers.DOMParser.parse(DOMParser.java:262)
	at java.xml/com.sun.org.apache.xerces.internal.jaxp.DocumentBuilderImpl.parse(DocumentBuilderImpl.java:342)
	at com.st.stm32cube.ide.mpu.remote.serial.internal.SerialPortProviderWindows.run(SerialPortProviderWindows.java:127)
	at java.base/java.util.TimerThread.mainLoop(Timer.java:566)
	at java.base/java.util.TimerThread.run(Timer.java:516)

!ENTRY com.st.stm32cube.ide.mpu.remote.serial 4 0 2026-03-18 23:15:55.382
!MESSAGE Failed to parse wmic output
!STACK 0
org.xml.sax.SAXParseException; lineNumber: 1; columnNumber: 1; Premature end of file.
	at java.xml/com.sun.org.apache.xerces.internal.parsers.DOMParser.parse(DOMParser.java:262)
	at java.xml/com.sun.org.apache.xerces.internal.jaxp.DocumentBuilderImpl.parse(DocumentBuilderImpl.java:342)
	at com.st.stm32cube.ide.mpu.remote.serial.internal.SerialPortProviderWindows.run(SerialPortProviderWindows.java:127)
	at java.base/java.util.TimerThread.mainLoop(Timer.java:566)
	at java.base/java.util.TimerThread.run(Timer.java:516)

!ENTRY com.st.stm32cube.ide.mpu.remote.serial 4 0 2026-03-18 23:15:56.444
!MESSAGE Failed to parse wmic output
!STACK 0
org.xml.sax.SAXParseException; lineNumber: 1; columnNumber: 1; Premature end of file.
	at java.xml/com.sun.org.apache.xerces.internal.parsers.DOMParser.parse(DOMParser.java:262)
	at java.xml/com.sun.org.apache.xerces.internal.jaxp.DocumentBuilderImpl.parse(DocumentBuilderImpl.java:342)
	at com.st.stm32cube.ide.mpu.remote.serial.internal.SerialPortProviderWindows.run(SerialPortProviderWindows.java:127)
	at java.base/java.util.TimerThread.mainLoop(Timer.java:566)
	at java.base/java.util.TimerThread.run(Timer.java:516)
!SESSION 2026-03-19 10:33:54.908 -----------------------------------------------
eclipse.buildId=Version 1.19.0
java.version=21.0.3
java.vendor=Eclipse Adoptium
BootLoader constants: OS=win32, ARCH=x86_64, WS=win32, NL=en_IN
Command-line arguments:  -os win32 -ws win32 -arch x86_64

!ENTRY com.st.stm32cube.ide.mcu.informationcenter 4 4 2026-03-19 10:34:09.578
!MESSAGE CubeMX plugin appears to be active, Log4j initialization might be too late.

!ENTRY com.st.stm32cube.ide.mcu.informationcenter 1 1 2026-03-19 10:34:09.586
!MESSAGE Log4j2 initialized with config file C:\Users\Dr. S Chakraborty\OneDrive\Desktop\STM32_Dispenser\.metadata\.log4j2.xml

!ENTRY com.st.stm32cube.ide.mcu.ide 1 1 2026-03-19 10:34:23.506
!MESSAGE Started RMI Server, listening on port 41337

!ENTRY com.st.stm32cube.ide.mpu.remote.serial 4 0 2026-03-19 10:34:37.793
!MESSAGE Failed to parse wmic output
!STACK 0
org.xml.sax.SAXParseException; lineNumber: 1; columnNumber: 1; Premature end of file.
	at java.xml/com.sun.org.apache.xerces.internal.parsers.DOMParser.parse(DOMParser.java:262)
	at java.xml/com.sun.org.apache.xerces.internal.jaxp.DocumentBuilderImpl.parse(DocumentBuilderImpl.java:342)
	at com.st.stm32cube.ide.mpu.remote.serial.internal.SerialPortProviderWindows.run(SerialPortProviderWindows.java:127)
	at java.base/java.util.TimerThread.mainLoop(Timer.java:566)
	at java.base/java.util.TimerThread.run(Timer.java:516)

!ENTRY com.st.stm32cube.ide.mpu.remote.serial 4 0 2026-03-19 10:34:38.358
!MESSAGE Failed to parse wmic output
!STACK 0
org.xml.sax.SAXParseException; lineNumber: 1; columnNumber: 1; Premature end of file.
	at java.xml/com.sun.org.apache.xerces.internal.parsers.DOMParser.parse(DOMParser.java:262)
	at java.xml/com.sun.org.apache.xerces.internal.jaxp.DocumentBuilderImpl.parse(DocumentBuilderImpl.java:342)
	at com.st.stm32cube.ide.mpu.remote.serial.internal.SerialPortProviderWindows.run(SerialPortProviderWindows.java:127)
	at java.base/java.util.TimerThread.mainLoop(Timer.java:566)
	at java.base/java.util.TimerThread.run(Timer.java:516)

!ENTRY com.st.stm32cube.ide.mpu.remote.serial 4 0 2026-03-19 10:34:39.168
!MESSAGE Failed to parse wmic output
!STACK 0
org.xml.sax.SAXParseException; lineNumber: 1; columnNumber: 1; Premature end of file.
	at java.xml/com.sun.org.apache.xerces.internal.parsers.DOMParser.parse(DOMParser.java:262)
	at java.xml/com.sun.org.apache.xerces.internal.jaxp.DocumentBuilderImpl.parse(DocumentBuilderImpl.java:342)
	at com.st.stm32cube.ide.mpu.remote.serial.internal.SerialPortProviderWindows.run(SerialPortProviderWindows.java:127)
	at java.base/java.util.TimerThread.mainLoop(Timer.java:566)
	at java.base/java.util.TimerThread.run(Timer.java:516)
!SESSION 2026-04-02 15:49:25.408 -----------------------------------------------
eclipse.buildId=Version 1.19.0
java.version=21.0.3
java.vendor=Eclipse Adoptium
BootLoader constants: OS=win32, ARCH=x86_64, WS=win32, NL=en_IN
Command-line arguments:  -os win32 -ws win32 -arch x86_64

!ENTRY com.st.stm32cube.ide.mcu.informationcenter 4 4 2026-04-02 15:50:30.437
!MESSAGE CubeMX plugin appears to be active, Log4j initialization might be too late.

!ENTRY com.st.stm32cube.ide.mcu.informationcenter 1 1 2026-04-02 15:50:30.443
!MESSAGE Log4j2 initialized with config file C:\Users\Dr. S Chakraborty\OneDrive\Desktop\STM32_Dispenser\.metadata\.log4j2.xml

!ENTRY com.st.stm32cube.ide.mcu.ide 1 1 2026-04-02 15:50:57.404
!MESSAGE Started RMI Server, listening on port 41337

!ENTRY com.st.stm32cube.ide.mpu.remote.serial 4 0 2026-04-02 15:51:29.288
!MESSAGE Failed to parse wmic output
!STACK 0
org.xml.sax.SAXParseException; lineNumber: 1; columnNumber: 1; Premature end of file.
	at java.xml/com.sun.org.apache.xerces.internal.parsers.DOMParser.parse(DOMParser.java:262)
	at java.xml/com.sun.org.apache.xerces.internal.jaxp.DocumentBuilderImpl.parse(DocumentBuilderImpl.java:342)
	at com.st.stm32cube.ide.mpu.remote.serial.internal.SerialPortProviderWindows.run(SerialPortProviderWindows.java:127)
	at java.base/java.util.TimerThread.mainLoop(Timer.java:566)
	at java.base/java.util.TimerThread.run(Timer.java:516)

!ENTRY com.st.stm32cube.ide.mpu.remote.serial 4 0 2026-04-02 15:51:29.626
!MESSAGE Failed to parse wmic output
!STACK 0
org.xml.sax.SAXParseException; lineNumber: 1; columnNumber: 1; Premature end of file.
	at java.xml/com.sun.org.apache.xerces.internal.parsers.DOMParser.parse(DOMParser.java:262)
	at java.xml/com.sun.org.apache.xerces.internal.jaxp.DocumentBuilderImpl.parse(DocumentBuilderImpl.java:342)
	at com.st.stm32cube.ide.mpu.remote.serial.internal.SerialPortProviderWindows.run(SerialPortProviderWindows.java:127)
	at java.base/java.util.TimerThread.mainLoop(Timer.java:566)
	at java.base/java.util.TimerThread.run(Timer.java:516)

!ENTRY com.st.stm32cube.ide.mpu.remote.serial 4 0 2026-04-02 15:51:31.457
!MESSAGE Failed to parse wmic output
!STACK 0
org.xml.sax.SAXParseException; lineNumber: 1; columnNumber: 1; Premature end of file.
	at java.xml/com.sun.org.apache.xerces.internal.parsers.DOMParser.parse(DOMParser.java:262)
	at java.xml/com.sun.org.apache.xerces.internal.jaxp.DocumentBuilderImpl.parse(DocumentBuilderImpl.java:342)
	at com.st.stm32cube.ide.mpu.remote.serial.internal.SerialPortProviderWindows.run(SerialPortProviderWindows.java:127)
	at java.base/java.util.TimerThread.mainLoop(Timer.java:566)
	at java.base/java.util.TimerThread.run(Timer.java:516)

!ENTRY com.st.stm32cube.ide.mpu.remote.serial 4 0 2026-04-02 15:51:31.877
!MESSAGE Failed to parse wmic output
!STACK 0
org.xml.sax.SAXParseException; lineNumber: 1; columnNumber: 1; Premature end of file.
	at java.xml/com.sun.org.apache.xerces.internal.parsers.DOMParser.parse(DOMParser.java:262)
	at java.xml/com.sun.org.apache.xerces.internal.jaxp.DocumentBuilderImpl.parse(DocumentBuilderImpl.java:342)
	at com.st.stm32cube.ide.mpu.remote.serial.internal.SerialPortProviderWindows.run(SerialPortProviderWindows.java:127)
	at java.base/java.util.TimerThread.mainLoop(Timer.java:566)
	at java.base/java.util.TimerThread.run(Timer.java:516)

!ENTRY com.st.stm32cube.ide.mpu.remote.serial 4 0 2026-04-02 15:51:32.601
!MESSAGE Failed to parse wmic output
!STACK 0
org.xml.sax.SAXParseException; lineNumber: 1; columnNumber: 1; Premature end of file.
	at java.xml/com.sun.org.apache.xerces.internal.parsers.DOMParser.parse(DOMParser.java:262)
	at java.xml/com.sun.org.apache.xerces.internal.jaxp.DocumentBuilderImpl.parse(DocumentBuilderImpl.java:342)
	at com.st.stm32cube.ide.mpu.remote.serial.internal.SerialPortProviderWindows.run(SerialPortProviderWindows.java:127)
	at java.base/java.util.TimerThread.mainLoop(Timer.java:566)
	at java.base/java.util.TimerThread.run(Timer.java:516)

!ENTRY com.st.stm32cube.ide.mpu.remote.serial 4 0 2026-04-02 15:51:33.596
!MESSAGE Failed to parse wmic output
!STACK 0
org.xml.sax.SAXParseException; lineNumber: 1; columnNumber: 1; Premature end of file.
	at java.xml/com.sun.org.apache.xerces.internal.parsers.DOMParser.parse(DOMParser.java:262)
	at java.xml/com.sun.org.apache.xerces.internal.jaxp.DocumentBuilderImpl.parse(DocumentBuilderImpl.java:342)
	at com.st.stm32cube.ide.mpu.remote.serial.internal.SerialPortProviderWindows.run(SerialPortProviderWindows.java:127)
	at java.base/java.util.TimerThread.mainLoop(Timer.java:566)
	at java.base/java.util.TimerThread.run(Timer.java:516)

!ENTRY com.st.stm32cube.ide.mpu.remote.serial 4 0 2026-04-02 15:51:34.591
!MESSAGE Failed to parse wmic output
!STACK 0
org.xml.sax.SAXParseException; lineNumber: 1; columnNumber: 1; Premature end of file.
	at java.xml/com.sun.org.apache.xerces.internal.parsers.DOMParser.parse(DOMParser.java:262)
	at java.xml/com.sun.org.apache.xerces.internal.jaxp.DocumentBuilderImpl.parse(DocumentBuilderImpl.java:342)
	at com.st.stm32cube.ide.mpu.remote.serial.internal.SerialPortProviderWindows.run(SerialPortProviderWindows.java:127)
	at java.base/java.util.TimerThread.mainLoop(Timer.java:566)
	at java.base/java.util.TimerThread.run(Timer.java:516)

!ENTRY com.st.stm32cube.ide.mpu.remote.serial 4 0 2026-04-02 15:51:35.585
!MESSAGE Failed to parse wmic output
!STACK 0
org.xml.sax.SAXParseException; lineNumber: 1; columnNumber: 1; Premature end of file.
	at java.xml/com.sun.org.apache.xerces.internal.parsers.DOMParser.parse(DOMParser.java:262)
	at java.xml/com.sun.org.apache.xerces.internal.jaxp.DocumentBuilderImpl.parse(DocumentBuilderImpl.java:342)
	at com.st.stm32cube.ide.mpu.remote.serial.internal.SerialPortProviderWindows.run(SerialPortProviderWindows.java:127)
	at java.base/java.util.TimerThread.mainLoop(Timer.java:566)
	at java.base/java.util.TimerThread.run(Timer.java:516)

!ENTRY com.st.stm32cube.ide.mpu.remote.serial 4 0 2026-04-02 15:51:36.530
!MESSAGE Failed to parse wmic output
!STACK 0
org.xml.sax.SAXParseException; lineNumber: 1; columnNumber: 1; Premature end of file.
	at java.xml/com.sun.org.apache.xerces.internal.parsers.DOMParser.parse(DOMParser.java:262)
	at java.xml/com.sun.org.apache.xerces.internal.jaxp.DocumentBuilderImpl.parse(DocumentBuilderImpl.java:342)
	at com.st.stm32cube.ide.mpu.remote.serial.internal.SerialPortProviderWindows.run(SerialPortProviderWindows.java:127)
	at java.base/java.util.TimerThread.mainLoop(Timer.java:566)
	at java.base/java.util.TimerThread.run(Timer.java:516)

!ENTRY com.st.stm32cube.ide.mpu.remote.serial 4 0 2026-04-02 15:51:37.564
!MESSAGE Failed to parse wmic output
!STACK 0
org.xml.sax.SAXParseException; lineNumber: 1; columnNumber: 1; Premature end of file.
	at java.xml/com.sun.org.apache.xerces.internal.parsers.DOMParser.parse(DOMParser.java:262)
	at java.xml/com.sun.org.apache.xerces.internal.jaxp.DocumentBuilderImpl.parse(DocumentBuilderImpl.java:342)
	at com.st.stm32cube.ide.mpu.remote.serial.internal.SerialPortProviderWindows.run(SerialPortProviderWindows.java:127)
	at java.base/java.util.TimerThread.mainLoop(Timer.java:566)
	at java.base/java.util.TimerThread.run(Timer.java:516)

!ENTRY com.st.stm32cube.ide.mpu.remote.serial 4 0 2026-04-02 15:51:38.647
!MESSAGE Failed to parse wmic output
!STACK 0
org.xml.sax.SAXParseException; lineNumber: 1; columnNumber: 1; Premature end of file.
	at java.xml/com.sun.org.apache.xerces.internal.parsers.DOMParser.parse(DOMParser.java:262)
	at java.xml/com.sun.org.apache.xerces.internal.jaxp.DocumentBuilderImpl.parse(DocumentBuilderImpl.java:342)
	at com.st.stm32cube.ide.mpu.remote.serial.internal.SerialPortProviderWindows.run(SerialPortProviderWindows.java:127)
	at java.base/java.util.TimerThread.mainLoop(Timer.java:566)
	at java.base/java.util.TimerThread.run(Timer.java:516)

!ENTRY com.st.stm32cube.ide.mpu.remote.serial 4 0 2026-04-02 15:51:39.538
!MESSAGE Failed to parse wmic output
!STACK 0
org.xml.sax.SAXParseException; lineNumber: 1; columnNumber: 1; Premature end of file.
	at java.xml/com.sun.org.apache.xerces.internal.parsers.DOMParser.parse(DOMParser.java:262)
	at java.xml/com.sun.org.apache.xerces.internal.jaxp.DocumentBuilderImpl.parse(DocumentBuilderImpl.java:342)
	at com.st.stm32cube.ide.mpu.remote.serial.internal.SerialPortProviderWindows.run(SerialPortProviderWindows.java:127)
	at java.base/java.util.TimerThread.mainLoop(Timer.java:566)
	at java.base/java.util.TimerThread.run(Timer.java:516)

!ENTRY com.st.stm32cube.ide.mpu.remote.serial 4 0 2026-04-02 15:51:40.539
!MESSAGE Failed to parse wmic output
!STACK 0
org.xml.sax.SAXParseException; lineNumber: 1; columnNumber: 1; Premature end of file.
	at java.xml/com.sun.org.apache.xerces.internal.parsers.DOMParser.parse(DOMParser.java:262)
	at java.xml/com.sun.org.apache.xerces.internal.jaxp.DocumentBuilderImpl.parse(DocumentBuilderImpl.java:342)
	at com.st.stm32cube.ide.mpu.remote.serial.internal.SerialPortProviderWindows.run(SerialPortProviderWindows.java:127)
	at java.base/java.util.TimerThread.mainLoop(Timer.java:566)
	at java.base/java.util.TimerThread.run(Timer.java:516)

!ENTRY com.st.stm32cube.ide.mpu.remote.serial 4 0 2026-04-02 15:51:41.535
!MESSAGE Failed to parse wmic output
!STACK 0
org.xml.sax.SAXParseException; lineNumber: 1; columnNumber: 1; Premature end of file.
	at java.xml/com.sun.org.apache.xerces.internal.parsers.DOMParser.parse(DOMParser.java:262)
	at java.xml/com.sun.org.apache.xerces.internal.jaxp.DocumentBuilderImpl.parse(DocumentBuilderImpl.java:342)
	at com.st.stm32cube.ide.mpu.remote.serial.internal.SerialPortProviderWindows.run(SerialPortProviderWindows.java:127)
	at java.base/java.util.TimerThread.mainLoop(Timer.java:566)
	at java.base/java.util.TimerThread.run(Timer.java:516)

!ENTRY com.st.stm32cube.ide.mpu.remote.serial 4 0 2026-04-02 15:51:42.524
!MESSAGE Failed to parse wmic output
!STACK 0
org.xml.sax.SAXParseException; lineNumber: 1; columnNumber: 1; Premature end of file.
	at java.xml/com.sun.org.apache.xerces.internal.parsers.DOMParser.parse(DOMParser.java:262)
	at java.xml/com.sun.org.apache.xerces.internal.jaxp.DocumentBuilderImpl.parse(DocumentBuilderImpl.java:342)
	at com.st.stm32cube.ide.mpu.remote.serial.internal.SerialPortProviderWindows.run(SerialPortProviderWindows.java:127)
	at java.base/java.util.TimerThread.mainLoop(Timer.java:566)
	at java.base/java.util.TimerThread.run(Timer.java:516)

!ENTRY com.st.stm32cube.ide.mpu.remote.serial 4 0 2026-04-02 15:51:43.532
!MESSAGE Failed to parse wmic output
!STACK 0
org.xml.sax.SAXParseException; lineNumber: 1; columnNumber: 1; Premature end of file.
	at java.xml/com.sun.org.apache.xerces.internal.parsers.DOMParser.parse(DOMParser.java:262)
	at java.xml/com.sun.org.apache.xerces.internal.jaxp.DocumentBuilderImpl.parse(DocumentBuilderImpl.java:342)
	at com.st.stm32cube.ide.mpu.remote.serial.internal.SerialPortProviderWindows.run(SerialPortProviderWindows.java:127)
	at java.base/java.util.TimerThread.mainLoop(Timer.java:566)
	at java.base/java.util.TimerThread.run(Timer.java:516)

!ENTRY com.st.stm32cube.ide.mpu.remote.serial 4 0 2026-04-02 15:51:44.558
!MESSAGE Failed to parse wmic output
!STACK 0
org.xml.sax.SAXParseException; lineNumber: 1; columnNumber: 1; Premature end of file.
	at java.xml/com.sun.org.apache.xerces.internal.parsers.DOMParser.parse(DOMParser.java:262)
	at java.xml/com.sun.org.apache.xerces.internal.jaxp.DocumentBuilderImpl.parse(DocumentBuilderImpl.java:342)
	at com.st.stm32cube.ide.mpu.remote.serial.internal.SerialPortProviderWindows.run(SerialPortProviderWindows.java:127)
	at java.base/java.util.TimerThread.mainLoop(Timer.java:566)
	at java.base/java.util.TimerThread.run(Timer.java:516)

!ENTRY com.st.stm32cube.ide.mpu.remote.serial 4 0 2026-04-02 15:51:45.765
!MESSAGE Failed to parse wmic output
!STACK 0
org.xml.sax.SAXParseException; lineNumber: 1; columnNumber: 1; Premature end of file.
	at java.xml/com.sun.org.apache.xerces.internal.parsers.DOMParser.parse(DOMParser.java:262)
	at java.xml/com.sun.org.apache.xerces.internal.jaxp.DocumentBuilderImpl.parse(DocumentBuilderImpl.java:342)
	at com.st.stm32cube.ide.mpu.remote.serial.internal.SerialPortProviderWindows.run(SerialPortProviderWindows.java:127)
	at java.base/java.util.TimerThread.mainLoop(Timer.java:566)
	at java.base/java.util.TimerThread.run(Timer.java:516)

!ENTRY com.st.stm32cube.ide.mpu.remote.serial 4 0 2026-04-02 15:51:46.576
!MESSAGE Failed to parse wmic output
!STACK 0
org.xml.sax.SAXParseException; lineNumber: 1; columnNumber: 1; Premature end of file.
	at java.xml/com.sun.org.apache.xerces.internal.parsers.DOMParser.parse(DOMParser.java:262)
	at java.xml/com.sun.org.apache.xerces.internal.jaxp.DocumentBuilderImpl.parse(DocumentBuilderImpl.java:342)
	at com.st.stm32cube.ide.mpu.remote.serial.internal.SerialPortProviderWindows.run(SerialPortProviderWindows.java:127)
	at java.base/java.util.TimerThread.mainLoop(Timer.java:566)
	at java.base/java.util.TimerThread.run(Timer.java:516)

!ENTRY com.st.stm32cube.ide.mpu.remote.serial 4 0 2026-04-02 15:51:47.534
!MESSAGE Failed to parse wmic output
!STACK 0
org.xml.sax.SAXParseException; lineNumber: 1; columnNumber: 1; Premature end of file.
	at java.xml/com.sun.org.apache.xerces.internal.parsers.DOMParser.parse(DOMParser.java:262)
	at java.xml/com.sun.org.apache.xerces.internal.jaxp.DocumentBuilderImpl.parse(DocumentBuilderImpl.java:342)
	at com.st.stm32cube.ide.mpu.remote.serial.internal.SerialPortProviderWindows.run(SerialPortProviderWindows.java:127)
	at java.base/java.util.TimerThread.mainLoop(Timer.java:566)
	at java.base/java.util.TimerThread.run(Timer.java:516)

!ENTRY com.st.stm32cube.ide.mpu.remote.serial 4 0 2026-04-02 15:51:48.529
!MESSAGE Failed to parse wmic output
!STACK 0
org.xml.sax.SAXParseException; lineNumber: 1; columnNumber: 1; Premature end of file.
	at java.xml/com.sun.org.apache.xerces.internal.parsers.DOMParser.parse(DOMParser.java:262)
	at java.xml/com.sun.org.apache.xerces.internal.jaxp.DocumentBuilderImpl.parse(DocumentBuilderImpl.java:342)
	at com.st.stm32cube.ide.mpu.remote.serial.internal.SerialPortProviderWindows.run(SerialPortProviderWindows.java:127)
	at java.base/java.util.TimerThread.mainLoop(Timer.java:566)
	at java.base/java.util.TimerThread.run(Timer.java:516)

!ENTRY com.st.stm32cube.ide.mpu.remote.serial 4 0 2026-04-02 15:51:49.655
!MESSAGE Failed to parse wmic output
!STACK 0
org.xml.sax.SAXParseException; lineNumber: 1; columnNumber: 1; Premature end of file.
	at java.xml/com.sun.org.apache.xerces.internal.parsers.DOMParser.parse(DOMParser.java:262)
	at java.xml/com.sun.org.apache.xerces.internal.jaxp.DocumentBuilderImpl.parse(DocumentBuilderImpl.java:342)
	at com.st.stm32cube.ide.mpu.remote.serial.internal.SerialPortProviderWindows.run(SerialPortProviderWindows.java:127)
	at java.base/java.util.TimerThread.mainLoop(Timer.java:566)
	at java.base/java.util.TimerThread.run(Timer.java:516)

!ENTRY com.st.stm32cube.ide.mpu.remote.serial 4 0 2026-04-02 15:51:50.550
!MESSAGE Failed to parse wmic output
!STACK 0
org.xml.sax.SAXParseException; lineNumber: 1; columnNumber: 1; Premature end of file.
	at java.xml/com.sun.org.apache.xerces.internal.parsers.DOMParser.parse(DOMParser.java:262)
	at java.xml/com.sun.org.apache.xerces.internal.jaxp.DocumentBuilderImpl.parse(DocumentBuilderImpl.java:342)
	at com.st.stm32cube.ide.mpu.remote.serial.internal.SerialPortProviderWindows.run(SerialPortProviderWindows.java:127)
	at java.base/java.util.TimerThread.mainLoop(Timer.java:566)
	at java.base/java.util.TimerThread.run(Timer.java:516)

!ENTRY com.st.stm32cube.ide.mpu.remote.serial 4 0 2026-04-02 15:51:51.615
!MESSAGE Failed to parse wmic output
!STACK 0
org.xml.sax.SAXParseException; lineNumber: 1; columnNumber: 1; Premature end of file.
	at java.xml/com.sun.org.apache.xerces.internal.parsers.DOMParser.parse(DOMParser.java:262)
	at java.xml/com.sun.org.apache.xerces.internal.jaxp.DocumentBuilderImpl.parse(DocumentBuilderImpl.java:342)
	at com.st.stm32cube.ide.mpu.remote.serial.internal.SerialPortProviderWindows.run(SerialPortProviderWindows.java:127)
	at java.base/java.util.TimerThread.mainLoop(Timer.java:566)
	at java.base/java.util.TimerThread.run(Timer.java:516)

!ENTRY com.st.stm32cube.ide.mpu.remote.serial 4 0 2026-04-02 15:51:52.643
!MESSAGE Failed to parse wmic output
!STACK 0
org.xml.sax.SAXParseException; lineNumber: 1; columnNumber: 1; Premature end of file.
	at java.xml/com.sun.org.apache.xerces.internal.parsers.DOMParser.parse(DOMParser.java:262)
	at java.xml/com.sun.org.apache.xerces.internal.jaxp.DocumentBuilderImpl.parse(DocumentBuilderImpl.java:342)
	at com.st.stm32cube.ide.mpu.remote.serial.internal.SerialPortProviderWindows.run(SerialPortProviderWindows.java:127)
	at java.base/java.util.TimerThread.mainLoop(Timer.java:566)
	at java.base/java.util.TimerThread.run(Timer.java:516)

!ENTRY com.st.stm32cube.ide.mpu.remote.serial 4 0 2026-04-02 15:51:53.605
!MESSAGE Failed to parse wmic output
!STACK 0
org.xml.sax.SAXParseException; lineNumber: 1; columnNumber: 1; Premature end of file.
	at java.xml/com.sun.org.apache.xerces.internal.parsers.DOMParser.parse(DOMParser.java:262)
	at java.xml/com.sun.org.apache.xerces.internal.jaxp.DocumentBuilderImpl.parse(DocumentBuilderImpl.java:342)
	at com.st.stm32cube.ide.mpu.remote.serial.internal.SerialPortProviderWindows.run(SerialPortProviderWindows.java:127)
	at java.base/java.util.TimerThread.mainLoop(Timer.java:566)
	at java.base/java.util.TimerThread.run(Timer.java:516)

!ENTRY com.st.stm32cube.ide.mpu.remote.serial 4 0 2026-04-02 15:51:54.534
!MESSAGE Failed to parse wmic output
!STACK 0
org.xml.sax.SAXParseException; lineNumber: 1; columnNumber: 1; Premature end of file.
	at java.xml/com.sun.org.apache.xerces.internal.parsers.DOMParser.parse(DOMParser.java:262)
	at java.xml/com.sun.org.apache.xerces.internal.jaxp.DocumentBuilderImpl.parse(DocumentBuilderImpl.java:342)
	at com.st.stm32cube.ide.mpu.remote.serial.internal.SerialPortProviderWindows.run(SerialPortProviderWindows.java:127)
	at java.base/java.util.TimerThread.mainLoop(Timer.java:566)
	at java.base/java.util.TimerThread.run(Timer.java:516)

!ENTRY com.st.stm32cube.ide.mpu.remote.serial 4 0 2026-04-02 15:51:55.526
!MESSAGE Failed to parse wmic output
!STACK 0
org.xml.sax.SAXParseException; lineNumber: 1; columnNumber: 1; Premature end of file.
	at java.xml/com.sun.org.apache.xerces.internal.parsers.DOMParser.parse(DOMParser.java:262)
	at java.xml/com.sun.org.apache.xerces.internal.jaxp.DocumentBuilderImpl.parse(DocumentBuilderImpl.java:342)
	at com.st.stm32cube.ide.mpu.remote.serial.internal.SerialPortProviderWindows.run(SerialPortProviderWindows.java:127)
	at java.base/java.util.TimerThread.mainLoop(Timer.java:566)
	at java.base/java.util.TimerThread.run(Timer.java:516)

!ENTRY com.st.stm32cube.ide.mpu.remote.serial 4 0 2026-04-02 15:51:56.535
!MESSAGE Failed to parse wmic output
!STACK 0
org.xml.sax.SAXParseException; lineNumber: 1; columnNumber: 1; Premature end of file.
	at java.xml/com.sun.org.apache.xerces.internal.parsers.DOMParser.parse(DOMParser.java:262)
	at java.xml/com.sun.org.apache.xerces.internal.jaxp.DocumentBuilderImpl.parse(DocumentBuilderImpl.java:342)
	at com.st.stm32cube.ide.mpu.remote.serial.internal.SerialPortProviderWindows.run(SerialPortProviderWindows.java:127)
	at java.base/java.util.TimerThread.mainLoop(Timer.java:566)
	at java.base/java.util.TimerThread.run(Timer.java:516)

!ENTRY com.st.stm32cube.ide.mpu.remote.serial 4 0 2026-04-02 15:51:57.540
!MESSAGE Failed to parse wmic output
!STACK 0
org.xml.sax.SAXParseException; lineNumber: 1; columnNumber: 1; Premature end of file.
	at java.xml/com.sun.org.apache.xerces.internal.parsers.DOMParser.parse(DOMParser.java:262)
	at java.xml/com.sun.org.apache.xerces.internal.jaxp.DocumentBuilderImpl.parse(DocumentBuilderImpl.java:342)
	at com.st.stm32cube.ide.mpu.remote.serial.internal.SerialPortProviderWindows.run(SerialPortProviderWindows.java:127)
	at java.base/java.util.TimerThread.mainLoop(Timer.java:566)
	at java.base/java.util.TimerThread.run(Timer.java:516)

!ENTRY com.st.stm32cube.ide.mpu.remote.serial 4 0 2026-04-02 15:51:58.520
!MESSAGE Failed to parse wmic output
!STACK 0
org.xml.sax.SAXParseException; lineNumber: 1; columnNumber: 1; Premature end of file.
	at java.xml/com.sun.org.apache.xerces.internal.parsers.DOMParser.parse(DOMParser.java:262)
	at java.xml/com.sun.org.apache.xerces.internal.jaxp.DocumentBuilderImpl.parse(DocumentBuilderImpl.java:342)
	at com.st.stm32cube.ide.mpu.remote.serial.internal.SerialPortProviderWindows.run(SerialPortProviderWindows.java:127)
	at java.base/java.util.TimerThread.mainLoop(Timer.java:566)
	at java.base/java.util.TimerThread.run(Timer.java:516)

!ENTRY com.st.stm32cube.ide.mpu.remote.serial 4 0 2026-04-02 15:51:59.530
!MESSAGE Failed to parse wmic output
!STACK 0
org.xml.sax.SAXParseException; lineNumber: 1; columnNumber: 1; Premature end of file.
	at java.xml/com.sun.org.apache.xerces.internal.parsers.DOMParser.parse(DOMParser.java:262)
	at java.xml/com.sun.org.apache.xerces.internal.jaxp.DocumentBuilderImpl.parse(DocumentBuilderImpl.java:342)
	at com.st.stm32cube.ide.mpu.remote.serial.internal.SerialPortProviderWindows.run(SerialPortProviderWindows.java:127)
	at java.base/java.util.TimerThread.mainLoop(Timer.java:566)
	at java.base/java.util.TimerThread.run(Timer.java:516)

!ENTRY com.st.stm32cube.ide.mpu.remote.serial 4 0 2026-04-02 15:52:00.525
!MESSAGE Failed to parse wmic output
!STACK 0
org.xml.sax.SAXParseException; lineNumber: 1; columnNumber: 1; Premature end of file.
	at java.xml/com.sun.org.apache.xerces.internal.parsers.DOMParser.parse(DOMParser.java:262)
	at java.xml/com.sun.org.apache.xerces.internal.jaxp.DocumentBuilderImpl.parse(DocumentBuilderImpl.java:342)
	at com.st.stm32cube.ide.mpu.remote.serial.internal.SerialPortProviderWindows.run(SerialPortProviderWindows.java:127)
	at java.base/java.util.TimerThread.mainLoop(Timer.java:566)
	at java.base/java.util.TimerThread.run(Timer.java:516)

!ENTRY com.st.stm32cube.ide.mpu.remote.serial 4 0 2026-04-02 15:52:01.532
!MESSAGE Failed to parse wmic output
!STACK 0
org.xml.sax.SAXParseException; lineNumber: 1; columnNumber: 1; Premature end of file.
	at java.xml/com.sun.org.apache.xerces.internal.parsers.DOMParser.parse(DOMParser.java:262)
	at java.xml/com.sun.org.apache.xerces.internal.jaxp.DocumentBuilderImpl.parse(DocumentBuilderImpl.java:342)
	at com.st.stm32cube.ide.mpu.remote.serial.internal.SerialPortProviderWindows.run(SerialPortProviderWindows.java:127)
	at java.base/java.util.TimerThread.mainLoop(Timer.java:566)
	at java.base/java.util.TimerThread.run(Timer.java:516)

!ENTRY com.st.stm32cube.ide.mpu.remote.serial 4 0 2026-04-02 15:52:02.530
!MESSAGE Failed to parse wmic output
!STACK 0
org.xml.sax.SAXParseException; lineNumber: 1; columnNumber: 1; Premature end of file.
	at java.xml/com.sun.org.apache.xerces.internal.parsers.DOMParser.parse(DOMParser.java:262)
	at java.xml/com.sun.org.apache.xerces.internal.jaxp.DocumentBuilderImpl.parse(DocumentBuilderImpl.java:342)
	at com.st.stm32cube.ide.mpu.remote.serial.internal.SerialPortProviderWindows.run(SerialPortProviderWindows.java:127)
	at java.base/java.util.TimerThread.mainLoop(Timer.java:566)
	at java.base/java.util.TimerThread.run(Timer.java:516)

!ENTRY com.st.stm32cube.ide.mpu.remote.serial 4 0 2026-04-02 15:52:03.525
!MESSAGE Failed to parse wmic output
!STACK 0
org.xml.sax.SAXParseException; lineNumber: 1; columnNumber: 1; Premature end of file.
	at java.xml/com.sun.org.apache.xerces.internal.parsers.DOMParser.parse(DOMParser.java:262)
	at java.xml/com.sun.org.apache.xerces.internal.jaxp.DocumentBuilderImpl.parse(DocumentBuilderImpl.java:342)
	at com.st.stm32cube.ide.mpu.remote.serial.internal.SerialPortProviderWindows.run(SerialPortProviderWindows.java:127)
	at java.base/java.util.TimerThread.mainLoop(Timer.java:566)
	at java.base/java.util.TimerThread.run(Timer.java:516)

!ENTRY com.st.stm32cube.ide.mpu.remote.serial 4 0 2026-04-02 15:52:04.533
!MESSAGE Failed to parse wmic output
!STACK 0
org.xml.sax.SAXParseException; lineNumber: 1; columnNumber: 1; Premature end of file.
	at java.xml/com.sun.org.apache.xerces.internal.parsers.DOMParser.parse(DOMParser.java:262)
	at java.xml/com.sun.org.apache.xerces.internal.jaxp.DocumentBuilderImpl.parse(DocumentBuilderImpl.java:342)
	at com.st.stm32cube.ide.mpu.remote.serial.internal.SerialPortProviderWindows.run(SerialPortProviderWindows.java:127)
	at java.base/java.util.TimerThread.mainLoop(Timer.java:566)
	at java.base/java.util.TimerThread.run(Timer.java:516)

!ENTRY com.st.stm32cube.ide.mpu.remote.serial 4 0 2026-04-02 15:52:05.538
!MESSAGE Failed to parse wmic output
!STACK 0
org.xml.sax.SAXParseException; lineNumber: 1; columnNumber: 1; Premature end of file.
	at java.xml/com.sun.org.apache.xerces.internal.parsers.DOMParser.parse(DOMParser.java:262)
	at java.xml/com.sun.org.apache.xerces.internal.jaxp.DocumentBuilderImpl.parse(DocumentBuilderImpl.java:342)
	at com.st.stm32cube.ide.mpu.remote.serial.internal.SerialPortProviderWindows.run(SerialPortProviderWindows.java:127)
	at java.base/java.util.TimerThread.mainLoop(Timer.java:566)
	at java.base/java.util.TimerThread.run(Timer.java:516)

!ENTRY com.st.stm32cube.ide.mpu.remote.serial 4 0 2026-04-02 15:52:06.528
!MESSAGE Failed to parse wmic output
!STACK 0
org.xml.sax.SAXParseException; lineNumber: 1; columnNumber: 1; Premature end of file.
	at java.xml/com.sun.org.apache.xerces.internal.parsers.DOMParser.parse(DOMParser.java:262)
	at java.xml/com.sun.org.apache.xerces.internal.jaxp.DocumentBuilderImpl.parse(DocumentBuilderImpl.java:342)
	at com.st.stm32cube.ide.mpu.remote.serial.internal.SerialPortProviderWindows.run(SerialPortProviderWindows.java:127)
	at java.base/java.util.TimerThread.mainLoop(Timer.java:566)
	at java.base/java.util.TimerThread.run(Timer.java:516)

!ENTRY com.st.stm32cube.ide.mpu.remote.serial 4 0 2026-04-02 15:52:07.531
!MESSAGE Failed to parse wmic output
!STACK 0
org.xml.sax.SAXParseException; lineNumber: 1; columnNumber: 1; Premature end of file.
	at java.xml/com.sun.org.apache.xerces.internal.parsers.DOMParser.parse(DOMParser.java:262)
	at java.xml/com.sun.org.apache.xerces.internal.jaxp.DocumentBuilderImpl.parse(DocumentBuilderImpl.java:342)
	at com.st.stm32cube.ide.mpu.remote.serial.internal.SerialPortProviderWindows.run(SerialPortProviderWindows.java:127)
	at java.base/java.util.TimerThread.mainLoop(Timer.java:566)
	at java.base/java.util.TimerThread.run(Timer.java:516)

!ENTRY com.st.stm32cube.ide.mpu.remote.serial 4 0 2026-04-02 15:52:08.524
!MESSAGE Failed to parse wmic output
!STACK 0
org.xml.sax.SAXParseException; lineNumber: 1; columnNumber: 1; Premature end of file.
	at java.xml/com.sun.org.apache.xerces.internal.parsers.DOMParser.parse(DOMParser.java:262)
	at java.xml/com.sun.org.apache.xerces.internal.jaxp.DocumentBuilderImpl.parse(DocumentBuilderImpl.java:342)
	at com.st.stm32cube.ide.mpu.remote.serial.internal.SerialPortProviderWindows.run(SerialPortProviderWindows.java:127)
	at java.base/java.util.TimerThread.mainLoop(Timer.java:566)
	at java.base/java.util.TimerThread.run(Timer.java:516)

!ENTRY com.st.stm32cube.ide.mpu.remote.serial 4 0 2026-04-02 15:52:09.528
!MESSAGE Failed to parse wmic output
!STACK 0
org.xml.sax.SAXParseException; lineNumber: 1; columnNumber: 1; Premature end of file.
	at java.xml/com.sun.org.apache.xerces.internal.parsers.DOMParser.parse(DOMParser.java:262)
	at java.xml/com.sun.org.apache.xerces.internal.jaxp.DocumentBuilderImpl.parse(DocumentBuilderImpl.java:342)
	at com.st.stm32cube.ide.mpu.remote.serial.internal.SerialPortProviderWindows.run(SerialPortProviderWindows.java:127)
	at java.base/java.util.TimerThread.mainLoop(Timer.java:566)
	at java.base/java.util.TimerThread.run(Timer.java:516)

!ENTRY com.st.stm32cube.ide.mpu.remote.serial 4 0 2026-04-02 15:52:10.520
!MESSAGE Failed to parse wmic output
!STACK 0
org.xml.sax.SAXParseException; lineNumber: 1; columnNumber: 1; Premature end of file.
	at java.xml/com.sun.org.apache.xerces.internal.parsers.DOMParser.parse(DOMParser.java:262)
	at java.xml/com.sun.org.apache.xerces.internal.jaxp.DocumentBuilderImpl.parse(DocumentBuilderImpl.java:342)
	at com.st.stm32cube.ide.mpu.remote.serial.internal.SerialPortProviderWindows.run(SerialPortProviderWindows.java:127)
	at java.base/java.util.TimerThread.mainLoop(Timer.java:566)
	at java.base/java.util.TimerThread.run(Timer.java:516)

!ENTRY com.st.stm32cube.ide.mpu.remote.serial 4 0 2026-04-02 15:52:11.527
!MESSAGE Failed to parse wmic output
!STACK 0
org.xml.sax.SAXParseException; lineNumber: 1; columnNumber: 1; Premature end of file.
	at java.xml/com.sun.org.apache.xerces.internal.parsers.DOMParser.parse(DOMParser.java:262)
	at java.xml/com.sun.org.apache.xerces.internal.jaxp.DocumentBuilderImpl.parse(DocumentBuilderImpl.java:342)
	at com.st.stm32cube.ide.mpu.remote.serial.internal.SerialPortProviderWindows.run(SerialPortProviderWindows.java:127)
	at java.base/java.util.TimerThread.mainLoop(Timer.java:566)
	at java.base/java.util.TimerThread.run(Timer.java:516)

!ENTRY com.st.stm32cube.ide.mpu.remote.serial 4 0 2026-04-02 15:52:12.518
!MESSAGE Failed to parse wmic output
!STACK 0
org.xml.sax.SAXParseException; lineNumber: 1; columnNumber: 1; Premature end of file.
	at java.xml/com.sun.org.apache.xerces.internal.parsers.DOMParser.parse(DOMParser.java:262)
	at java.xml/com.sun.org.apache.xerces.internal.jaxp.DocumentBuilderImpl.parse(DocumentBuilderImpl.java:342)
	at com.st.stm32cube.ide.mpu.remote.serial.internal.SerialPortProviderWindows.run(SerialPortProviderWindows.java:127)
	at java.base/java.util.TimerThread.mainLoop(Timer.java:566)
	at java.base/java.util.TimerThread.run(Timer.java:516)

!ENTRY com.st.stm32cube.ide.mpu.remote.serial 4 0 2026-04-02 15:52:13.521
!MESSAGE Failed to parse wmic output
!STACK 0
org.xml.sax.SAXParseException; lineNumber: 1; columnNumber: 1; Premature end of file.
	at java.xml/com.sun.org.apache.xerces.internal.parsers.DOMParser.parse(DOMParser.java:262)
	at java.xml/com.sun.org.apache.xerces.internal.jaxp.DocumentBuilderImpl.parse(DocumentBuilderImpl.java:342)
	at com.st.stm32cube.ide.mpu.remote.serial.internal.SerialPortProviderWindows.run(SerialPortProviderWindows.java:127)
	at java.base/java.util.TimerThread.mainLoop(Timer.java:566)
	at java.base/java.util.TimerThread.run(Timer.java:516)

!ENTRY com.st.stm32cube.ide.mpu.remote.serial 4 0 2026-04-02 15:52:14.532
!MESSAGE Failed to parse wmic output
!STACK 0
org.xml.sax.SAXParseException; lineNumber: 1; columnNumber: 1; Premature end of file.
	at java.xml/com.sun.org.apache.xerces.internal.parsers.DOMParser.parse(DOMParser.java:262)
	at java.xml/com.sun.org.apache.xerces.internal.jaxp.DocumentBuilderImpl.parse(DocumentBuilderImpl.java:342)
	at com.st.stm32cube.ide.mpu.remote.serial.internal.SerialPortProviderWindows.run(SerialPortProviderWindows.java:127)
	at java.base/java.util.TimerThread.mainLoop(Timer.java:566)
	at java.base/java.util.TimerThread.run(Timer.java:516)

!ENTRY com.st.stm32cube.ide.mpu.remote.serial 4 0 2026-04-02 15:52:15.536
!MESSAGE Failed to parse wmic output
!STACK 0
org.xml.sax.SAXParseException; lineNumber: 1; columnNumber: 1; Premature end of file.
	at java.xml/com.sun.org.apache.xerces.internal.parsers.DOMParser.parse(DOMParser.java:262)
	at java.xml/com.sun.org.apache.xerces.internal.jaxp.DocumentBuilderImpl.parse(DocumentBuilderImpl.java:342)
	at com.st.stm32cube.ide.mpu.remote.serial.internal.SerialPortProviderWindows.run(SerialPortProviderWindows.java:127)
	at java.base/java.util.TimerThread.mainLoop(Timer.java:566)
	at java.base/java.util.TimerThread.run(Timer.java:516)

!ENTRY com.st.stm32cube.ide.mpu.remote.serial 4 0 2026-04-02 15:52:16.533
!MESSAGE Failed to parse wmic output
!STACK 0
org.xml.sax.SAXParseException; lineNumber: 1; columnNumber: 1; Premature end of file.
	at java.xml/com.sun.org.apache.xerces.internal.parsers.DOMParser.parse(DOMParser.java:262)
	at java.xml/com.sun.org.apache.xerces.internal.jaxp.DocumentBuilderImpl.parse(DocumentBuilderImpl.java:342)
	at com.st.stm32cube.ide.mpu.remote.serial.internal.SerialPortProviderWindows.run(SerialPortProviderWindows.java:127)
	at java.base/java.util.TimerThread.mainLoop(Timer.java:566)
	at java.base/java.util.TimerThread.run(Timer.java:516)

!ENTRY com.st.stm32cube.ide.mpu.remote.serial 4 0 2026-04-02 15:52:17.538
!MESSAGE Failed to parse wmic output
!STACK 0
org.xml.sax.SAXParseException; lineNumber: 1; columnNumber: 1; Premature end of file.
	at java.xml/com.sun.org.apache.xerces.internal.parsers.DOMParser.parse(DOMParser.java:262)
	at java.xml/com.sun.org.apache.xerces.internal.jaxp.DocumentBuilderImpl.parse(DocumentBuilderImpl.java:342)
	at com.st.stm32cube.ide.mpu.remote.serial.internal.SerialPortProviderWindows.run(SerialPortProviderWindows.java:127)
	at java.base/java.util.TimerThread.mainLoop(Timer.java:566)
	at java.base/java.util.TimerThread.run(Timer.java:516)

!ENTRY com.st.stm32cube.ide.mpu.remote.serial 4 0 2026-04-02 15:52:18.539
!MESSAGE Failed to parse wmic output
!STACK 0
org.xml.sax.SAXParseException; lineNumber: 1; columnNumber: 1; Premature end of file.
	at java.xml/com.sun.org.apache.xerces.internal.parsers.DOMParser.parse(DOMParser.java:262)
	at java.xml/com.sun.org.apache.xerces.internal.jaxp.DocumentBuilderImpl.parse(DocumentBuilderImpl.java:342)
	at com.st.stm32cube.ide.mpu.remote.serial.internal.SerialPortProviderWindows.run(SerialPortProviderWindows.java:127)
	at java.base/java.util.TimerThread.mainLoop(Timer.java:566)
	at java.base/java.util.TimerThread.run(Timer.java:516)

!ENTRY com.st.stm32cube.ide.mpu.remote.serial 4 0 2026-04-02 15:52:19.550
!MESSAGE Failed to parse wmic output
!STACK 0
org.xml.sax.SAXParseException; lineNumber: 1; columnNumber: 1; Premature end of file.
	at java.xml/com.sun.org.apache.xerces.internal.parsers.DOMParser.parse(DOMParser.java:262)
	at java.xml/com.sun.org.apache.xerces.internal.jaxp.DocumentBuilderImpl.parse(DocumentBuilderImpl.java:342)
	at com.st.stm32cube.ide.mpu.remote.serial.internal.SerialPortProviderWindows.run(SerialPortProviderWindows.java:127)
	at java.base/java.util.TimerThread.mainLoop(Timer.java:566)
	at java.base/java.util.TimerThread.run(Timer.java:516)

!ENTRY com.st.stm32cube.ide.mpu.remote.serial 4 0 2026-04-02 15:52:20.571
!MESSAGE Failed to parse wmic output
!STACK 0
org.xml.sax.SAXParseException; lineNumber: 1; columnNumber: 1; Premature end of file.
	at java.xml/com.sun.org.apache.xerces.internal.parsers.DOMParser.parse(DOMParser.java:262)
	at java.xml/com.sun.org.apache.xerces.internal.jaxp.DocumentBuilderImpl.parse(DocumentBuilderImpl.java:342)
	at com.st.stm32cube.ide.mpu.remote.serial.internal.SerialPortProviderWindows.run(SerialPortProviderWindows.java:127)
	at java.base/java.util.TimerThread.mainLoop(Timer.java:566)
	at java.base/java.util.TimerThread.run(Timer.java:516)

!ENTRY com.st.stm32cube.ide.mpu.remote.serial 4 0 2026-04-02 15:52:21.868
!MESSAGE Failed to parse wmic output
!STACK 0
org.xml.sax.SAXParseException; lineNumber: 1; columnNumber: 1; Premature end of file.
	at java.xml/com.sun.org.apache.xerces.internal.parsers.DOMParser.parse(DOMParser.java:262)
	at java.xml/com.sun.org.apache.xerces.internal.jaxp.DocumentBuilderImpl.parse(DocumentBuilderImpl.java:342)
	at com.st.stm32cube.ide.mpu.remote.serial.internal.SerialPortProviderWindows.run(SerialPortProviderWindows.java:127)
	at java.base/java.util.TimerThread.mainLoop(Timer.java:566)
	at java.base/java.util.TimerThread.run(Timer.java:516)

!ENTRY com.st.stm32cube.ide.mpu.remote.serial 4 0 2026-04-02 15:52:22.625
!MESSAGE Failed to parse wmic output
!STACK 0
org.xml.sax.SAXParseException; lineNumber: 1; columnNumber: 1; Premature end of file.
	at java.xml/com.sun.org.apache.xerces.internal.parsers.DOMParser.parse(DOMParser.java:262)
	at java.xml/com.sun.org.apache.xerces.internal.jaxp.DocumentBuilderImpl.parse(DocumentBuilderImpl.java:342)
	at com.st.stm32cube.ide.mpu.remote.serial.internal.SerialPortProviderWindows.run(SerialPortProviderWindows.java:127)
	at java.base/java.util.TimerThread.mainLoop(Timer.java:566)
	at java.base/java.util.TimerThread.run(Timer.java:516)

!ENTRY com.st.stm32cube.ide.mpu.remote.serial 4 0 2026-04-02 15:52:23.645
!MESSAGE Failed to parse wmic output
!STACK 0
org.xml.sax.SAXParseException; lineNumber: 1; columnNumber: 1; Premature end of file.
	at java.xml/com.sun.org.apache.xerces.internal.parsers.DOMParser.parse(DOMParser.java:262)
	at java.xml/com.sun.org.apache.xerces.internal.jaxp.DocumentBuilderImpl.parse(DocumentBuilderImpl.java:342)
	at com.st.stm32cube.ide.mpu.remote.serial.internal.SerialPortProviderWindows.run(SerialPortProviderWindows.java:127)
	at java.base/java.util.TimerThread.mainLoop(Timer.java:566)
	at java.base/java.util.TimerThread.run(Timer.java:516)

!ENTRY com.st.stm32cube.ide.mpu.remote.serial 4 0 2026-04-02 15:52:24.635
!MESSAGE Failed to parse wmic output
!STACK 0
org.xml.sax.SAXParseException; lineNumber: 1; columnNumber: 1; Premature end of file.
	at java.xml/com.sun.org.apache.xerces.internal.parsers.DOMParser.parse(DOMParser.java:262)
	at java.xml/com.sun.org.apache.xerces.internal.jaxp.DocumentBuilderImpl.parse(DocumentBuilderImpl.java:342)
	at com.st.stm32cube.ide.mpu.remote.serial.internal.SerialPortProviderWindows.run(SerialPortProviderWindows.java:127)
	at java.base/java.util.TimerThread.mainLoop(Timer.java:566)
	at java.base/java.util.TimerThread.run(Timer.java:516)

!ENTRY com.st.stm32cube.ide.mpu.remote.serial 4 0 2026-04-02 15:52:25.961
!MESSAGE Failed to parse wmic output
!STACK 0
org.xml.sax.SAXParseException; lineNumber: 1; columnNumber: 1; Premature end of file.
	at java.xml/com.sun.org.apache.xerces.internal.parsers.DOMParser.parse(DOMParser.java:262)
	at java.xml/com.sun.org.apache.xerces.internal.jaxp.DocumentBuilderImpl.parse(DocumentBuilderImpl.java:342)
	at com.st.stm32cube.ide.mpu.remote.serial.internal.SerialPortProviderWindows.run(SerialPortProviderWindows.java:127)
	at java.base/java.util.TimerThread.mainLoop(Timer.java:566)
	at java.base/java.util.TimerThread.run(Timer.java:516)

!ENTRY com.st.stm32cube.ide.mpu.remote.serial 4 0 2026-04-02 15:52:27.114
!MESSAGE Failed to parse wmic output
!STACK 0
org.xml.sax.SAXParseException; lineNumber: 1; columnNumber: 1; Premature end of file.
	at java.xml/com.sun.org.apache.xerces.internal.parsers.DOMParser.parse(DOMParser.java:262)
	at java.xml/com.sun.org.apache.xerces.internal.jaxp.DocumentBuilderImpl.parse(DocumentBuilderImpl.java:342)
	at com.st.stm32cube.ide.mpu.remote.serial.internal.SerialPortProviderWindows.run(SerialPortProviderWindows.java:127)
	at java.base/java.util.TimerThread.mainLoop(Timer.java:566)
	at java.base/java.util.TimerThread.run(Timer.java:516)

!ENTRY com.st.stm32cube.ide.mpu.remote.serial 4 0 2026-04-02 15:52:27.741
!MESSAGE Failed to parse wmic output
!STACK 0
org.xml.sax.SAXParseException; lineNumber: 1; columnNumber: 1; Premature end of file.
	at java.xml/com.sun.org.apache.xerces.internal.parsers.DOMParser.parse(DOMParser.java:262)
	at java.xml/com.sun.org.apache.xerces.internal.jaxp.DocumentBuilderImpl.parse(DocumentBuilderImpl.java:342)
	at com.st.stm32cube.ide.mpu.remote.serial.internal.SerialPortProviderWindows.run(SerialPortProviderWindows.java:127)
	at java.base/java.util.TimerThread.mainLoop(Timer.java:566)
	at java.base/java.util.TimerThread.run(Timer.java:516)

!ENTRY com.st.stm32cube.ide.mpu.remote.serial 4 0 2026-04-02 15:52:29.422
!MESSAGE Failed to parse wmic output
!STACK 0
org.xml.sax.SAXParseException; lineNumber: 1; columnNumber: 1; Premature end of file.
	at java.xml/com.sun.org.apache.xerces.internal.parsers.DOMParser.parse(DOMParser.java:262)
	at java.xml/com.sun.org.apache.xerces.internal.jaxp.DocumentBuilderImpl.parse(DocumentBuilderImpl.java:342)
	at com.st.stm32cube.ide.mpu.remote.serial.internal.SerialPortProviderWindows.run(SerialPortProviderWindows.java:127)
	at java.base/java.util.TimerThread.mainLoop(Timer.java:566)
	at java.base/java.util.TimerThread.run(Timer.java:516)

!ENTRY com.st.stm32cube.ide.mpu.remote.serial 4 0 2026-04-02 15:52:30.687
!MESSAGE Failed to parse wmic output
!STACK 0
org.xml.sax.SAXParseException; lineNumber: 1; columnNumber: 1; Premature end of file.
	at java.xml/com.sun.org.apache.xerces.internal.parsers.DOMParser.parse(DOMParser.java:262)
	at java.xml/com.sun.org.apache.xerces.internal.jaxp.DocumentBuilderImpl.parse(DocumentBuilderImpl.java:342)
	at com.st.stm32cube.ide.mpu.remote.serial.internal.SerialPortProviderWindows.run(SerialPortProviderWindows.java:127)
	at java.base/java.util.TimerThread.mainLoop(Timer.java:566)
	at java.base/java.util.TimerThread.run(Timer.java:516)

!ENTRY com.st.stm32cube.ide.mpu.remote.serial 4 0 2026-04-02 15:52:32.647
!MESSAGE Failed to parse wmic output
!STACK 0
org.xml.sax.SAXParseException; lineNumber: 1; columnNumber: 1; Premature end of file.
	at java.xml/com.sun.org.apache.xerces.internal.parsers.DOMParser.parse(DOMParser.java:262)
	at java.xml/com.sun.org.apache.xerces.internal.jaxp.DocumentBuilderImpl.parse(DocumentBuilderImpl.java:342)
	at com.st.stm32cube.ide.mpu.remote.serial.internal.SerialPortProviderWindows.run(SerialPortProviderWindows.java:127)
	at java.base/java.util.TimerThread.mainLoop(Timer.java:566)
	at java.base/java.util.TimerThread.run(Timer.java:516)

!ENTRY com.st.stm32cube.ide.mpu.remote.serial 4 0 2026-04-02 15:52:33.862
!MESSAGE Failed to parse wmic output
!STACK 0
org.xml.sax.SAXParseException; lineNumber: 1; columnNumber: 1; Premature end of file.
	at java.xml/com.sun.org.apache.xerces.internal.parsers.DOMParser.parse(DOMParser.java:262)
	at java.xml/com.sun.org.apache.xerces.internal.jaxp.DocumentBuilderImpl.parse(DocumentBuilderImpl.java:342)
	at com.st.stm32cube.ide.mpu.remote.serial.internal.SerialPortProviderWindows.run(SerialPortProviderWindows.java:127)
	at java.base/java.util.TimerThread.mainLoop(Timer.java:566)
	at java.base/java.util.TimerThread.run(Timer.java:516)

!ENTRY com.st.stm32cube.ide.mpu.remote.serial 4 0 2026-04-02 15:52:35.484
!MESSAGE Failed to parse wmic output
!STACK 0
org.xml.sax.SAXParseException; lineNumber: 1; columnNumber: 1; Premature end of file.
	at java.xml/com.sun.org.apache.xerces.internal.parsers.DOMParser.parse(DOMParser.java:262)
	at java.xml/com.sun.org.apache.xerces.internal.jaxp.DocumentBuilderImpl.parse(DocumentBuilderImpl.java:342)
	at com.st.stm32cube.ide.mpu.remote.serial.internal.SerialPortProviderWindows.run(SerialPortProviderWindows.java:127)
	at java.base/java.util.TimerThread.mainLoop(Timer.java:566)
	at java.base/java.util.TimerThread.run(Timer.java:516)

!ENTRY com.st.stm32cube.ide.mpu.remote.serial 4 0 2026-04-02 15:52:37.887
!MESSAGE Failed to parse wmic output
!STACK 0
org.xml.sax.SAXParseException; lineNumber: 1; columnNumber: 1; Premature end of file.
	at java.xml/com.sun.org.apache.xerces.internal.parsers.DOMParser.parse(DOMParser.java:262)
	at java.xml/com.sun.org.apache.xerces.internal.jaxp.DocumentBuilderImpl.parse(DocumentBuilderImpl.java:342)
	at com.st.stm32cube.ide.mpu.remote.serial.internal.SerialPortProviderWindows.run(SerialPortProviderWindows.java:127)
	at java.base/java.util.TimerThread.mainLoop(Timer.java:566)
	at java.base/java.util.TimerThread.run(Timer.java:516)

!ENTRY com.st.stm32cube.ide.mpu.remote.serial 4 0 2026-04-02 15:52:38.416
!MESSAGE Failed to parse wmic output
!STACK 0
org.xml.sax.SAXParseException; lineNumber: 1; columnNumber: 1; Premature end of file.
	at java.xml/com.sun.org.apache.xerces.internal.parsers.DOMParser.parse(DOMParser.java:262)
	at java.xml/com.sun.org.apache.xerces.internal.jaxp.DocumentBuilderImpl.parse(DocumentBuilderImpl.java:342)
	at com.st.stm32cube.ide.mpu.remote.serial.internal.SerialPortProviderWindows.run(SerialPortProviderWindows.java:127)
	at java.base/java.util.TimerThread.mainLoop(Timer.java:566)
	at java.base/java.util.TimerThread.run(Timer.java:516)

!ENTRY com.st.stm32cube.ide.mpu.remote.serial 4 0 2026-04-02 15:52:39.450
!MESSAGE Failed to parse wmic output
!STACK 0
org.xml.sax.SAXParseException; lineNumber: 1; columnNumber: 1; Premature end of file.
	at java.xml/com.sun.org.apache.xerces.internal.parsers.DOMParser.parse(DOMParser.java:262)
	at java.xml/com.sun.org.apache.xerces.internal.jaxp.DocumentBuilderImpl.parse(DocumentBuilderImpl.java:342)
	at com.st.stm32cube.ide.mpu.remote.serial.internal.SerialPortProviderWindows.run(SerialPortProviderWindows.java:127)
	at java.base/java.util.TimerThread.mainLoop(Timer.java:566)
	at java.base/java.util.TimerThread.run(Timer.java:516)

!ENTRY com.st.stm32cube.ide.mpu.remote.serial 4 0 2026-04-02 15:52:39.866
!MESSAGE Failed to parse wmic output
!STACK 0
org.xml.sax.SAXParseException; lineNumber: 1; columnNumber: 1; Premature end of file.
	at java.xml/com.sun.org.apache.xerces.internal.parsers.DOMParser.parse(DOMParser.java:262)
	at java.xml/com.sun.org.apache.xerces.internal.jaxp.DocumentBuilderImpl.parse(DocumentBuilderImpl.java:342)
	at com.st.stm32cube.ide.mpu.remote.serial.internal.SerialPortProviderWindows.run(SerialPortProviderWindows.java:127)
	at java.base/java.util.TimerThread.mainLoop(Timer.java:566)
	at java.base/java.util.TimerThread.run(Timer.java:516)
!SESSION 2026-04-03 12:33:00.152 -----------------------------------------------
eclipse.buildId=Version 1.19.0
java.version=21.0.3
java.vendor=Eclipse Adoptium
BootLoader constants: OS=win32, ARCH=x86_64, WS=win32, NL=en_IN
Command-line arguments:  -os win32 -ws win32 -arch x86_64

!ENTRY com.st.stm32cube.ide.mcu.informationcenter 4 4 2026-04-03 12:34:42.846
!MESSAGE CubeMX plugin appears to be active, Log4j initialization might be too late.

!ENTRY com.st.stm32cube.ide.mcu.informationcenter 1 1 2026-04-03 12:34:42.850
!MESSAGE Log4j2 initialized with config file C:\Users\Dr. S Chakraborty\OneDrive\Desktop\STM32_Dispenser\.metadata\.log4j2.xml

!ENTRY com.st.stm32cube.ide.mcu.ide 1 1 2026-04-03 12:34:57.068
!MESSAGE Started RMI Server, listening on port 41337

!ENTRY com.st.stm32cube.ide.mpu.remote.serial 4 0 2026-04-03 12:35:14.691
!MESSAGE Failed to parse wmic output
!STACK 0
org.xml.sax.SAXParseException; lineNumber: 1; columnNumber: 1; Premature end of file.
	at java.xml/com.sun.org.apache.xerces.internal.parsers.DOMParser.parse(DOMParser.java:262)
	at java.xml/com.sun.org.apache.xerces.internal.jaxp.DocumentBuilderImpl.parse(DocumentBuilderImpl.java:342)
	at com.st.stm32cube.ide.mpu.remote.serial.internal.SerialPortProviderWindows.run(SerialPortProviderWindows.java:127)
	at java.base/java.util.TimerThread.mainLoop(Timer.java:566)
	at java.base/java.util.TimerThread.run(Timer.java:516)

!ENTRY com.st.stm32cube.ide.mpu.remote.serial 4 0 2026-04-03 12:35:15.033
!MESSAGE Failed to parse wmic output
!STACK 0
org.xml.sax.SAXParseException; lineNumber: 1; columnNumber: 1; Premature end of file.
	at java.xml/com.sun.org.apache.xerces.internal.parsers.DOMParser.parse(DOMParser.java:262)
	at java.xml/com.sun.org.apache.xerces.internal.jaxp.DocumentBuilderImpl.parse(DocumentBuilderImpl.java:342)
	at com.st.stm32cube.ide.mpu.remote.serial.internal.SerialPortProviderWindows.run(SerialPortProviderWindows.java:127)
	at java.base/java.util.TimerThread.mainLoop(Timer.java:566)
	at java.base/java.util.TimerThread.run(Timer.java:516)

!ENTRY com.st.stm32cube.ide.mpu.remote.serial 4 0 2026-04-03 12:35:16.071
!MESSAGE Failed to parse wmic output
!STACK 0
org.xml.sax.SAXParseException; lineNumber: 1; columnNumber: 1; Premature end of file.
	at java.xml/com.sun.org.apache.xerces.internal.parsers.DOMParser.parse(DOMParser.java:262)
	at java.xml/com.sun.org.apache.xerces.internal.jaxp.DocumentBuilderImpl.parse(DocumentBuilderImpl.java:342)
	at com.st.stm32cube.ide.mpu.remote.serial.internal.SerialPortProviderWindows.run(SerialPortProviderWindows.java:127)
	at java.base/java.util.TimerThread.mainLoop(Timer.java:566)
	at java.base/java.util.TimerThread.run(Timer.java:516)

!ENTRY com.st.stm32cube.ide.mpu.remote.serial 4 0 2026-04-03 12:35:17.061
!MESSAGE Failed to parse wmic output
!STACK 0
org.xml.sax.SAXParseException; lineNumber: 1; columnNumber: 1; Premature end of file.
	at java.xml/com.sun.org.apache.xerces.internal.parsers.DOMParser.parse(DOMParser.java:262)
	at java.xml/com.sun.org.apache.xerces.internal.jaxp.DocumentBuilderImpl.parse(DocumentBuilderImpl.java:342)
	at com.st.stm32cube.ide.mpu.remote.serial.internal.SerialPortProviderWindows.run(SerialPortProviderWindows.java:127)
	at java.base/java.util.TimerThread.mainLoop(Timer.java:566)
	at java.base/java.util.TimerThread.run(Timer.java:516)

!ENTRY com.st.stm32cube.ide.mpu.remote.serial 4 0 2026-04-03 12:35:18.048
!MESSAGE Failed to parse wmic output
!STACK 0
org.xml.sax.SAXParseException; lineNumber: 1; columnNumber: 1; Premature end of file.
	at java.xml/com.sun.org.apache.xerces.internal.parsers.DOMParser.parse(DOMParser.java:262)
	at java.xml/com.sun.org.apache.xerces.internal.jaxp.DocumentBuilderImpl.parse(DocumentBuilderImpl.java:342)
	at com.st.stm32cube.ide.mpu.remote.serial.internal.SerialPortProviderWindows.run(SerialPortProviderWindows.java:127)
	at java.base/java.util.TimerThread.mainLoop(Timer.java:566)
	at java.base/java.util.TimerThread.run(Timer.java:516)

!ENTRY com.st.stm32cube.ide.mpu.remote.serial 4 0 2026-04-03 12:35:18.990
!MESSAGE Failed to parse wmic output
!STACK 0
org.xml.sax.SAXParseException; lineNumber: 1; columnNumber: 1; Premature end of file.
	at java.xml/com.sun.org.apache.xerces.internal.parsers.DOMParser.parse(DOMParser.java:262)
	at java.xml/com.sun.org.apache.xerces.internal.jaxp.DocumentBuilderImpl.parse(DocumentBuilderImpl.java:342)
	at com.st.stm32cube.ide.mpu.remote.serial.internal.SerialPortProviderWindows.run(SerialPortProviderWindows.java:127)
	at java.base/java.util.TimerThread.mainLoop(Timer.java:566)
	at java.base/java.util.TimerThread.run(Timer.java:516)

!ENTRY com.st.stm32cube.ide.mpu.remote.serial 4 0 2026-04-03 12:35:19.983
!MESSAGE Failed to parse wmic output
!STACK 0
org.xml.sax.SAXParseException; lineNumber: 1; columnNumber: 1; Premature end of file.
	at java.xml/com.sun.org.apache.xerces.internal.parsers.DOMParser.parse(DOMParser.java:262)
	at java.xml/com.sun.org.apache.xerces.internal.jaxp.DocumentBuilderImpl.parse(DocumentBuilderImpl.java:342)
	at com.st.stm32cube.ide.mpu.remote.serial.internal.SerialPortProviderWindows.run(SerialPortProviderWindows.java:127)
	at java.base/java.util.TimerThread.mainLoop(Timer.java:566)
	at java.base/java.util.TimerThread.run(Timer.java:516)

!ENTRY com.st.stm32cube.ide.mpu.remote.serial 4 0 2026-04-03 12:35:21.270
!MESSAGE Failed to parse wmic output
!STACK 0
org.xml.sax.SAXParseException; lineNumber: 1; columnNumber: 1; Premature end of file.
	at java.xml/com.sun.org.apache.xerces.internal.parsers.DOMParser.parse(DOMParser.java:262)
	at java.xml/com.sun.org.apache.xerces.internal.jaxp.DocumentBuilderImpl.parse(DocumentBuilderImpl.java:342)
	at com.st.stm32cube.ide.mpu.remote.serial.internal.SerialPortProviderWindows.run(SerialPortProviderWindows.java:127)
	at java.base/java.util.TimerThread.mainLoop(Timer.java:566)
	at java.base/java.util.TimerThread.run(Timer.java:516)
!SESSION 2026-04-03 17:27:03.532 -----------------------------------------------
eclipse.buildId=Version 1.19.0
java.version=21.0.3
java.vendor=Eclipse Adoptium
BootLoader constants: OS=win32, ARCH=x86_64, WS=win32, NL=en_IN
Command-line arguments:  -os win32 -ws win32 -arch x86_64

!ENTRY com.st.stm32cube.ide.mcu.informationcenter 4 4 2026-04-03 17:27:16.942
!MESSAGE CubeMX plugin appears to be active, Log4j initialization might be too late.

!ENTRY com.st.stm32cube.ide.mcu.informationcenter 1 1 2026-04-03 17:27:16.944
!MESSAGE Log4j2 initialized with config file C:\Users\Dr. S Chakraborty\OneDrive\Desktop\STM32_Dispenser\.metadata\.log4j2.xml

!ENTRY com.st.stm32cube.ide.mcu.ide 1 1 2026-04-03 17:27:31.299
!MESSAGE Started RMI Server, listening on port 41337

!ENTRY com.st.stm32cube.ide.mpu.remote.serial 4 0 2026-04-03 17:27:48.623
!MESSAGE Failed to parse wmic output
!STACK 0
org.xml.sax.SAXParseException; lineNumber: 1; columnNumber: 1; Premature end of file.
	at java.xml/com.sun.org.apache.xerces.internal.parsers.DOMParser.parse(DOMParser.java:262)
	at java.xml/com.sun.org.apache.xerces.internal.jaxp.DocumentBuilderImpl.parse(DocumentBuilderImpl.java:342)
	at com.st.stm32cube.ide.mpu.remote.serial.internal.SerialPortProviderWindows.run(SerialPortProviderWindows.java:127)
	at java.base/java.util.TimerThread.mainLoop(Timer.java:566)
	at java.base/java.util.TimerThread.run(Timer.java:516)

!ENTRY com.st.stm32cube.ide.mpu.remote.serial 4 0 2026-04-03 17:27:49.070
!MESSAGE Failed to parse wmic output
!STACK 0
org.xml.sax.SAXParseException; lineNumber: 1; columnNumber: 1; Premature end of file.
	at java.xml/com.sun.org.apache.xerces.internal.parsers.DOMParser.parse(DOMParser.java:262)
	at java.xml/com.sun.org.apache.xerces.internal.jaxp.DocumentBuilderImpl.parse(DocumentBuilderImpl.java:342)
	at com.st.stm32cube.ide.mpu.remote.serial.internal.SerialPortProviderWindows.run(SerialPortProviderWindows.java:127)
	at java.base/java.util.TimerThread.mainLoop(Timer.java:566)
	at java.base/java.util.TimerThread.run(Timer.java:516)

!ENTRY com.st.stm32cube.ide.mpu.remote.serial 4 0 2026-04-03 17:27:50.058
!MESSAGE Failed to parse wmic output
!STACK 0
org.xml.sax.SAXParseException; lineNumber: 1; columnNumber: 1; Premature end of file.
	at java.xml/com.sun.org.apache.xerces.internal.parsers.DOMParser.parse(DOMParser.java:262)
	at java.xml/com.sun.org.apache.xerces.internal.jaxp.DocumentBuilderImpl.parse(DocumentBuilderImpl.java:342)
	at com.st.stm32cube.ide.mpu.remote.serial.internal.SerialPortProviderWindows.run(SerialPortProviderWindows.java:127)
	at java.base/java.util.TimerThread.mainLoop(Timer.java:566)
	at java.base/java.util.TimerThread.run(Timer.java:516)

!ENTRY com.st.stm32cube.ide.mpu.remote.serial 4 0 2026-04-03 17:27:51.061
!MESSAGE Failed to parse wmic output
!STACK 0
org.xml.sax.SAXParseException; lineNumber: 1; columnNumber: 1; Premature end of file.
	at java.xml/com.sun.org.apache.xerces.internal.parsers.DOMParser.parse(DOMParser.java:262)
	at java.xml/com.sun.org.apache.xerces.internal.jaxp.DocumentBuilderImpl.parse(DocumentBuilderImpl.java:342)
	at com.st.stm32cube.ide.mpu.remote.serial.internal.SerialPortProviderWindows.run(SerialPortProviderWindows.java:127)
	at java.base/java.util.TimerThread.mainLoop(Timer.java:566)
	at java.base/java.util.TimerThread.run(Timer.java:516)

!ENTRY com.st.stm32cube.ide.mpu.remote.serial 4 0 2026-04-03 17:27:52.056
!MESSAGE Failed to parse wmic output
!STACK 0
org.xml.sax.SAXParseException; lineNumber: 1; columnNumber: 1; Premature end of file.
	at java.xml/com.sun.org.apache.xerces.internal.parsers.DOMParser.parse(DOMParser.java:262)
	at java.xml/com.sun.org.apache.xerces.internal.jaxp.DocumentBuilderImpl.parse(DocumentBuilderImpl.java:342)
	at com.st.stm32cube.ide.mpu.remote.serial.internal.SerialPortProviderWindows.run(SerialPortProviderWindows.java:127)
	at java.base/java.util.TimerThread.mainLoop(Timer.java:566)
	at java.base/java.util.TimerThread.run(Timer.java:516)

!ENTRY com.st.stm32cube.ide.mpu.remote.serial 4 0 2026-04-03 17:27:53.055
!MESSAGE Failed to parse wmic output
!STACK 0
org.xml.sax.SAXParseException; lineNumber: 1; columnNumber: 1; Premature end of file.
	at java.xml/com.sun.org.apache.xerces.internal.parsers.DOMParser.parse(DOMParser.java:262)
	at java.xml/com.sun.org.apache.xerces.internal.jaxp.DocumentBuilderImpl.parse(DocumentBuilderImpl.java:342)
	at com.st.stm32cube.ide.mpu.remote.serial.internal.SerialPortProviderWindows.run(SerialPortProviderWindows.java:127)
	at java.base/java.util.TimerThread.mainLoop(Timer.java:566)
	at java.base/java.util.TimerThread.run(Timer.java:516)

!ENTRY com.st.stm32cube.ide.mpu.remote.serial 4 0 2026-04-03 17:27:54.057
!MESSAGE Failed to parse wmic output
!STACK 0
org.xml.sax.SAXParseException; lineNumber: 1; columnNumber: 1; Premature end of file.
	at java.xml/com.sun.org.apache.xerces.internal.parsers.DOMParser.parse(DOMParser.java:262)
	at java.xml/com.sun.org.apache.xerces.internal.jaxp.DocumentBuilderImpl.parse(DocumentBuilderImpl.java:342)
	at com.st.stm32cube.ide.mpu.remote.serial.internal.SerialPortProviderWindows.run(SerialPortProviderWindows.java:127)
	at java.base/java.util.TimerThread.mainLoop(Timer.java:566)
	at java.base/java.util.TimerThread.run(Timer.java:516)

!ENTRY com.st.stm32cube.ide.mpu.remote.serial 4 0 2026-04-03 17:27:55.060
!MESSAGE Failed to parse wmic output
!STACK 0
org.xml.sax.SAXParseException; lineNumber: 1; columnNumber: 1; Premature end of file.
	at java.xml/com.sun.org.apache.xerces.internal.parsers.DOMParser.parse(DOMParser.java:262)
	at java.xml/com.sun.org.apache.xerces.internal.jaxp.DocumentBuilderImpl.parse(DocumentBuilderImpl.java:342)
	at com.st.stm32cube.ide.mpu.remote.serial.internal.SerialPortProviderWindows.run(SerialPortProviderWindows.java:127)
	at java.base/java.util.TimerThread.mainLoop(Timer.java:566)
	at java.base/java.util.TimerThread.run(Timer.java:516)

!ENTRY com.st.stm32cube.ide.mpu.remote.serial 4 0 2026-04-03 17:27:56.059
!MESSAGE Failed to parse wmic output
!STACK 0
org.xml.sax.SAXParseException; lineNumber: 1; columnNumber: 1; Premature end of file.
	at java.xml/com.sun.org.apache.xerces.internal.parsers.DOMParser.parse(DOMParser.java:262)
	at java.xml/com.sun.org.apache.xerces.internal.jaxp.DocumentBuilderImpl.parse(DocumentBuilderImpl.java:342)
	at com.st.stm32cube.ide.mpu.remote.serial.internal.SerialPortProviderWindows.run(SerialPortProviderWindows.java:127)
	at java.base/java.util.TimerThread.mainLoop(Timer.java:566)
	at java.base/java.util.TimerThread.run(Timer.java:516)

!ENTRY com.st.stm32cube.ide.mpu.remote.serial 4 0 2026-04-03 17:27:57.060
!MESSAGE Failed to parse wmic output
!STACK 0
org.xml.sax.SAXParseException; lineNumber: 1; columnNumber: 1; Premature end of file.
	at java.xml/com.sun.org.apache.xerces.internal.parsers.DOMParser.parse(DOMParser.java:262)
	at java.xml/com.sun.org.apache.xerces.internal.jaxp.DocumentBuilderImpl.parse(DocumentBuilderImpl.java:342)
	at com.st.stm32cube.ide.mpu.remote.serial.internal.SerialPortProviderWindows.run(SerialPortProviderWindows.java:127)
	at java.base/java.util.TimerThread.mainLoop(Timer.java:566)
	at java.base/java.util.TimerThread.run(Timer.java:516)

!ENTRY com.st.stm32cube.ide.mpu.remote.serial 4 0 2026-04-03 17:27:58.057
!MESSAGE Failed to parse wmic output
!STACK 0
org.xml.sax.SAXParseException; lineNumber: 1; columnNumber: 1; Premature end of file.
	at java.xml/com.sun.org.apache.xerces.internal.parsers.DOMParser.parse(DOMParser.java:262)
	at java.xml/com.sun.org.apache.xerces.internal.jaxp.DocumentBuilderImpl.parse(DocumentBuilderImpl.java:342)
	at com.st.stm32cube.ide.mpu.remote.serial.internal.SerialPortProviderWindows.run(SerialPortProviderWindows.java:127)
	at java.base/java.util.TimerThread.mainLoop(Timer.java:566)
	at java.base/java.util.TimerThread.run(Timer.java:516)

!ENTRY com.st.stm32cube.ide.mpu.remote.serial 4 0 2026-04-03 17:27:59.056
!MESSAGE Failed to parse wmic output
!STACK 0
org.xml.sax.SAXParseException; lineNumber: 1; columnNumber: 1; Premature end of file.
	at java.xml/com.sun.org.apache.xerces.internal.parsers.DOMParser.parse(DOMParser.java:262)
	at java.xml/com.sun.org.apache.xerces.internal.jaxp.DocumentBuilderImpl.parse(DocumentBuilderImpl.java:342)
	at com.st.stm32cube.ide.mpu.remote.serial.internal.SerialPortProviderWindows.run(SerialPortProviderWindows.java:127)
	at java.base/java.util.TimerThread.mainLoop(Timer.java:566)
	at java.base/java.util.TimerThread.run(Timer.java:516)

!ENTRY com.st.stm32cube.ide.mpu.remote.serial 4 0 2026-04-03 17:28:00.056
!MESSAGE Failed to parse wmic output
!STACK 0
org.xml.sax.SAXParseException; lineNumber: 1; columnNumber: 1; Premature end of file.
	at java.xml/com.sun.org.apache.xerces.internal.parsers.DOMParser.parse(DOMParser.java:262)
	at java.xml/com.sun.org.apache.xerces.internal.jaxp.DocumentBuilderImpl.parse(DocumentBuilderImpl.java:342)
	at com.st.stm32cube.ide.mpu.remote.serial.internal.SerialPortProviderWindows.run(SerialPortProviderWindows.java:127)
	at java.base/java.util.TimerThread.mainLoop(Timer.java:566)
	at java.base/java.util.TimerThread.run(Timer.java:516)

!ENTRY com.st.stm32cube.ide.mpu.remote.serial 4 0 2026-04-03 17:28:01.067
!MESSAGE Failed to parse wmic output
!STACK 0
org.xml.sax.SAXParseException; lineNumber: 1; columnNumber: 1; Premature end of file.
	at java.xml/com.sun.org.apache.xerces.internal.parsers.DOMParser.parse(DOMParser.java:262)
	at java.xml/com.sun.org.apache.xerces.internal.jaxp.DocumentBuilderImpl.parse(DocumentBuilderImpl.java:342)
	at com.st.stm32cube.ide.mpu.remote.serial.internal.SerialPortProviderWindows.run(SerialPortProviderWindows.java:127)
	at java.base/java.util.TimerThread.mainLoop(Timer.java:566)
	at java.base/java.util.TimerThread.run(Timer.java:516)

!ENTRY com.st.stm32cube.ide.mpu.remote.serial 4 0 2026-04-03 17:28:02.058
!MESSAGE Failed to parse wmic output
!STACK 0
org.xml.sax.SAXParseException; lineNumber: 1; columnNumber: 1; Premature end of file.
	at java.xml/com.sun.org.apache.xerces.internal.parsers.DOMParser.parse(DOMParser.java:262)
	at java.xml/com.sun.org.apache.xerces.internal.jaxp.DocumentBuilderImpl.parse(DocumentBuilderImpl.java:342)
	at com.st.stm32cube.ide.mpu.remote.serial.internal.SerialPortProviderWindows.run(SerialPortProviderWindows.java:127)
	at java.base/java.util.TimerThread.mainLoop(Timer.java:566)
	at java.base/java.util.TimerThread.run(Timer.java:516)

!ENTRY com.st.stm32cube.ide.mpu.remote.serial 4 0 2026-04-03 17:28:03.082
!MESSAGE Failed to parse wmic output
!STACK 0
org.xml.sax.SAXParseException; lineNumber: 1; columnNumber: 1; Premature end of file.
	at java.xml/com.sun.org.apache.xerces.internal.parsers.DOMParser.parse(DOMParser.java:262)
	at java.xml/com.sun.org.apache.xerces.internal.jaxp.DocumentBuilderImpl.parse(DocumentBuilderImpl.java:342)
	at com.st.stm32cube.ide.mpu.remote.serial.internal.SerialPortProviderWindows.run(SerialPortProviderWindows.java:127)
	at java.base/java.util.TimerThread.mainLoop(Timer.java:566)
	at java.base/java.util.TimerThread.run(Timer.java:516)

!ENTRY com.st.stm32cube.ide.mpu.remote.serial 4 0 2026-04-03 17:28:04.078
!MESSAGE Failed to parse wmic output
!STACK 0
org.xml.sax.SAXParseException; lineNumber: 1; columnNumber: 1; Premature end of file.
	at java.xml/com.sun.org.apache.xerces.internal.parsers.DOMParser.parse(DOMParser.java:262)
	at java.xml/com.sun.org.apache.xerces.internal.jaxp.DocumentBuilderImpl.parse(DocumentBuilderImpl.java:342)
	at com.st.stm32cube.ide.mpu.remote.serial.internal.SerialPortProviderWindows.run(SerialPortProviderWindows.java:127)
	at java.base/java.util.TimerThread.mainLoop(Timer.java:566)
	at java.base/java.util.TimerThread.run(Timer.java:516)

!ENTRY com.st.stm32cube.ide.mpu.remote.serial 4 0 2026-04-03 17:28:05.078
!MESSAGE Failed to parse wmic output
!STACK 0
org.xml.sax.SAXParseException; lineNumber: 1; columnNumber: 1; Premature end of file.
	at java.xml/com.sun.org.apache.xerces.internal.parsers.DOMParser.parse(DOMParser.java:262)
	at java.xml/com.sun.org.apache.xerces.internal.jaxp.DocumentBuilderImpl.parse(DocumentBuilderImpl.java:342)
	at com.st.stm32cube.ide.mpu.remote.serial.internal.SerialPortProviderWindows.run(SerialPortProviderWindows.java:127)
	at java.base/java.util.TimerThread.mainLoop(Timer.java:566)
	at java.base/java.util.TimerThread.run(Timer.java:516)

!ENTRY com.st.stm32cube.ide.mpu.remote.serial 4 0 2026-04-03 17:28:06.069
!MESSAGE Failed to parse wmic output
!STACK 0
org.xml.sax.SAXParseException; lineNumber: 1; columnNumber: 1; Premature end of file.
	at java.xml/com.sun.org.apache.xerces.internal.parsers.DOMParser.parse(DOMParser.java:262)
	at java.xml/com.sun.org.apache.xerces.internal.jaxp.DocumentBuilderImpl.parse(DocumentBuilderImpl.java:342)
	at com.st.stm32cube.ide.mpu.remote.serial.internal.SerialPortProviderWindows.run(SerialPortProviderWindows.java:127)
	at java.base/java.util.TimerThread.mainLoop(Timer.java:566)
	at java.base/java.util.TimerThread.run(Timer.java:516)

!ENTRY com.st.stm32cube.ide.mpu.remote.serial 4 0 2026-04-03 17:28:07.055
!MESSAGE Failed to parse wmic output
!STACK 0
org.xml.sax.SAXParseException; lineNumber: 1; columnNumber: 1; Premature end of file.
	at java.xml/com.sun.org.apache.xerces.internal.parsers.DOMParser.parse(DOMParser.java:262)
	at java.xml/com.sun.org.apache.xerces.internal.jaxp.DocumentBuilderImpl.parse(DocumentBuilderImpl.java:342)
	at com.st.stm32cube.ide.mpu.remote.serial.internal.SerialPortProviderWindows.run(SerialPortProviderWindows.java:127)
	at java.base/java.util.TimerThread.mainLoop(Timer.java:566)
	at java.base/java.util.TimerThread.run(Timer.java:516)

!ENTRY com.st.stm32cube.ide.mpu.remote.serial 4 0 2026-04-03 17:28:08.094
!MESSAGE Failed to parse wmic output
!STACK 0
org.xml.sax.SAXParseException; lineNumber: 1; columnNumber: 1; Premature end of file.
	at java.xml/com.sun.org.apache.xerces.internal.parsers.DOMParser.parse(DOMParser.java:262)
	at java.xml/com.sun.org.apache.xerces.internal.jaxp.DocumentBuilderImpl.parse(DocumentBuilderImpl.java:342)
	at com.st.stm32cube.ide.mpu.remote.serial.internal.SerialPortProviderWindows.run(SerialPortProviderWindows.java:127)
	at java.base/java.util.TimerThread.mainLoop(Timer.java:566)
	at java.base/java.util.TimerThread.run(Timer.java:516)

!ENTRY com.st.stm32cube.ide.mpu.remote.serial 4 0 2026-04-03 17:28:09.058
!MESSAGE Failed to parse wmic output
!STACK 0
org.xml.sax.SAXParseException; lineNumber: 1; columnNumber: 1; Premature end of file.
	at java.xml/com.sun.org.apache.xerces.internal.parsers.DOMParser.parse(DOMParser.java:262)
	at java.xml/com.sun.org.apache.xerces.internal.jaxp.DocumentBuilderImpl.parse(DocumentBuilderImpl.java:342)
	at com.st.stm32cube.ide.mpu.remote.serial.internal.SerialPortProviderWindows.run(SerialPortProviderWindows.java:127)
	at java.base/java.util.TimerThread.mainLoop(Timer.java:566)
	at java.base/java.util.TimerThread.run(Timer.java:516)

!ENTRY com.st.stm32cube.ide.mpu.remote.serial 4 0 2026-04-03 17:28:10.057
!MESSAGE Failed to parse wmic output
!STACK 0
org.xml.sax.SAXParseException; lineNumber: 1; columnNumber: 1; Premature end of file.
	at java.xml/com.sun.org.apache.xerces.internal.parsers.DOMParser.parse(DOMParser.java:262)
	at java.xml/com.sun.org.apache.xerces.internal.jaxp.DocumentBuilderImpl.parse(DocumentBuilderImpl.java:342)
	at com.st.stm32cube.ide.mpu.remote.serial.internal.SerialPortProviderWindows.run(SerialPortProviderWindows.java:127)
	at java.base/java.util.TimerThread.mainLoop(Timer.java:566)
	at java.base/java.util.TimerThread.run(Timer.java:516)

!ENTRY com.st.stm32cube.ide.mpu.remote.serial 4 0 2026-04-03 17:28:11.070
!MESSAGE Failed to parse wmic output
!STACK 0
org.xml.sax.SAXParseException; lineNumber: 1; columnNumber: 1; Premature end of file.
	at java.xml/com.sun.org.apache.xerces.internal.parsers.DOMParser.parse(DOMParser.java:262)
	at java.xml/com.sun.org.apache.xerces.internal.jaxp.DocumentBuilderImpl.parse(DocumentBuilderImpl.java:342)
	at com.st.stm32cube.ide.mpu.remote.serial.internal.SerialPortProviderWindows.run(SerialPortProviderWindows.java:127)
	at java.base/java.util.TimerThread.mainLoop(Timer.java:566)
	at java.base/java.util.TimerThread.run(Timer.java:516)

!ENTRY com.st.stm32cube.ide.mpu.remote.serial 4 0 2026-04-03 17:28:12.061
!MESSAGE Failed to parse wmic output
!STACK 0
org.xml.sax.SAXParseException; lineNumber: 1; columnNumber: 1; Premature end of file.
	at java.xml/com.sun.org.apache.xerces.internal.parsers.DOMParser.parse(DOMParser.java:262)
	at java.xml/com.sun.org.apache.xerces.internal.jaxp.DocumentBuilderImpl.parse(DocumentBuilderImpl.java:342)
	at com.st.stm32cube.ide.mpu.remote.serial.internal.SerialPortProviderWindows.run(SerialPortProviderWindows.java:127)
	at java.base/java.util.TimerThread.mainLoop(Timer.java:566)
	at java.base/java.util.TimerThread.run(Timer.java:516)

!ENTRY com.st.stm32cube.ide.mpu.remote.serial 4 0 2026-04-03 17:28:13.057
!MESSAGE Failed to parse wmic output
!STACK 0
org.xml.sax.SAXParseException; lineNumber: 1; columnNumber: 1; Premature end of file.
	at java.xml/com.sun.org.apache.xerces.internal.parsers.DOMParser.parse(DOMParser.java:262)
	at java.xml/com.sun.org.apache.xerces.internal.jaxp.DocumentBuilderImpl.parse(DocumentBuilderImpl.java:342)
	at com.st.stm32cube.ide.mpu.remote.serial.internal.SerialPortProviderWindows.run(SerialPortProviderWindows.java:127)
	at java.base/java.util.TimerThread.mainLoop(Timer.java:566)
	at java.base/java.util.TimerThread.run(Timer.java:516)

!ENTRY com.st.stm32cube.ide.mpu.remote.serial 4 0 2026-04-03 17:28:14.058
!MESSAGE Failed to parse wmic output
!STACK 0
org.xml.sax.SAXParseException; lineNumber: 1; columnNumber: 1; Premature end of file.
	at java.xml/com.sun.org.apache.xerces.internal.parsers.DOMParser.parse(DOMParser.java:262)
	at java.xml/com.sun.org.apache.xerces.internal.jaxp.DocumentBuilderImpl.parse(DocumentBuilderImpl.java:342)
	at com.st.stm32cube.ide.mpu.remote.serial.internal.SerialPortProviderWindows.run(SerialPortProviderWindows.java:127)
	at java.base/java.util.TimerThread.mainLoop(Timer.java:566)
	at java.base/java.util.TimerThread.run(Timer.java:516)

!ENTRY com.st.stm32cube.ide.mpu.remote.serial 4 0 2026-04-03 17:28:15.070
!MESSAGE Failed to parse wmic output
!STACK 0
org.xml.sax.SAXParseException; lineNumber: 1; columnNumber: 1; Premature end of file.
	at java.xml/com.sun.org.apache.xerces.internal.parsers.DOMParser.parse(DOMParser.java:262)
	at java.xml/com.sun.org.apache.xerces.internal.jaxp.DocumentBuilderImpl.parse(DocumentBuilderImpl.java:342)
	at com.st.stm32cube.ide.mpu.remote.serial.internal.SerialPortProviderWindows.run(SerialPortProviderWindows.java:127)
	at java.base/java.util.TimerThread.mainLoop(Timer.java:566)
	at java.base/java.util.TimerThread.run(Timer.java:516)

!ENTRY com.st.stm32cube.ide.mpu.remote.serial 4 0 2026-04-03 17:28:16.066
!MESSAGE Failed to parse wmic output
!STACK 0
org.xml.sax.SAXParseException; lineNumber: 1; columnNumber: 1; Premature end of file.
	at java.xml/com.sun.org.apache.xerces.internal.parsers.DOMParser.parse(DOMParser.java:262)
	at java.xml/com.sun.org.apache.xerces.internal.jaxp.DocumentBuilderImpl.parse(DocumentBuilderImpl.java:342)
	at com.st.stm32cube.ide.mpu.remote.serial.internal.SerialPortProviderWindows.run(SerialPortProviderWindows.java:127)
	at java.base/java.util.TimerThread.mainLoop(Timer.java:566)
	at java.base/java.util.TimerThread.run(Timer.java:516)

!ENTRY com.st.stm32cube.ide.mpu.remote.serial 4 0 2026-04-03 17:28:17.055
!MESSAGE Failed to parse wmic output
!STACK 0
org.xml.sax.SAXParseException; lineNumber: 1; columnNumber: 1; Premature end of file.
	at java.xml/com.sun.org.apache.xerces.internal.parsers.DOMParser.parse(DOMParser.java:262)
	at java.xml/com.sun.org.apache.xerces.internal.jaxp.DocumentBuilderImpl.parse(DocumentBuilderImpl.java:342)
	at com.st.stm32cube.ide.mpu.remote.serial.internal.SerialPortProviderWindows.run(SerialPortProviderWindows.java:127)
	at java.base/java.util.TimerThread.mainLoop(Timer.java:566)
	at java.base/java.util.TimerThread.run(Timer.java:516)

!ENTRY com.st.stm32cube.ide.mpu.remote.serial 4 0 2026-04-03 17:28:18.057
!MESSAGE Failed to parse wmic output
!STACK 0
org.xml.sax.SAXParseException; lineNumber: 1; columnNumber: 1; Premature end of file.
	at java.xml/com.sun.org.apache.xerces.internal.parsers.DOMParser.parse(DOMParser.java:262)
	at java.xml/com.sun.org.apache.xerces.internal.jaxp.DocumentBuilderImpl.parse(DocumentBuilderImpl.java:342)
	at com.st.stm32cube.ide.mpu.remote.serial.internal.SerialPortProviderWindows.run(SerialPortProviderWindows.java:127)
	at java.base/java.util.TimerThread.mainLoop(Timer.java:566)
	at java.base/java.util.TimerThread.run(Timer.java:516)

!ENTRY com.st.stm32cube.ide.mpu.remote.serial 4 0 2026-04-03 17:28:19.066
!MESSAGE Failed to parse wmic output
!STACK 0
org.xml.sax.SAXParseException; lineNumber: 1; columnNumber: 1; Premature end of file.
	at java.xml/com.sun.org.apache.xerces.internal.parsers.DOMParser.parse(DOMParser.java:262)
	at java.xml/com.sun.org.apache.xerces.internal.jaxp.DocumentBuilderImpl.parse(DocumentBuilderImpl.java:342)
	at com.st.stm32cube.ide.mpu.remote.serial.internal.SerialPortProviderWindows.run(SerialPortProviderWindows.java:127)
	at java.base/java.util.TimerThread.mainLoop(Timer.java:566)
	at java.base/java.util.TimerThread.run(Timer.java:516)

!ENTRY com.st.stm32cube.ide.mpu.remote.serial 4 0 2026-04-03 17:28:20.071
!MESSAGE Failed to parse wmic output
!STACK 0
org.xml.sax.SAXParseException; lineNumber: 1; columnNumber: 1; Premature end of file.
	at java.xml/com.sun.org.apache.xerces.internal.parsers.DOMParser.parse(DOMParser.java:262)
	at java.xml/com.sun.org.apache.xerces.internal.jaxp.DocumentBuilderImpl.parse(DocumentBuilderImpl.java:342)
	at com.st.stm32cube.ide.mpu.remote.serial.internal.SerialPortProviderWindows.run(SerialPortProviderWindows.java:127)
	at java.base/java.util.TimerThread.mainLoop(Timer.java:566)
	at java.base/java.util.TimerThread.run(Timer.java:516)

!ENTRY com.st.stm32cube.ide.mpu.remote.serial 4 0 2026-04-03 17:28:21.063
!MESSAGE Failed to parse wmic output
!STACK 0
org.xml.sax.SAXParseException; lineNumber: 1; columnNumber: 1; Premature end of file.
	at java.xml/com.sun.org.apache.xerces.internal.parsers.DOMParser.parse(DOMParser.java:262)
	at java.xml/com.sun.org.apache.xerces.internal.jaxp.DocumentBuilderImpl.parse(DocumentBuilderImpl.java:342)
	at com.st.stm32cube.ide.mpu.remote.serial.internal.SerialPortProviderWindows.run(SerialPortProviderWindows.java:127)
	at java.base/java.util.TimerThread.mainLoop(Timer.java:566)
	at java.base/java.util.TimerThread.run(Timer.java:516)

!ENTRY com.st.stm32cube.ide.mpu.remote.serial 4 0 2026-04-03 17:28:22.071
!MESSAGE Failed to parse wmic output
!STACK 0
org.xml.sax.SAXParseException; lineNumber: 1; columnNumber: 1; Premature end of file.
	at java.xml/com.sun.org.apache.xerces.internal.parsers.DOMParser.parse(DOMParser.java:262)
	at java.xml/com.sun.org.apache.xerces.internal.jaxp.DocumentBuilderImpl.parse(DocumentBuilderImpl.java:342)
	at com.st.stm32cube.ide.mpu.remote.serial.internal.SerialPortProviderWindows.run(SerialPortProviderWindows.java:127)
	at java.base/java.util.TimerThread.mainLoop(Timer.java:566)
	at java.base/java.util.TimerThread.run(Timer.java:516)

!ENTRY com.st.stm32cube.ide.mpu.remote.serial 4 0 2026-04-03 17:28:23.066
!MESSAGE Failed to parse wmic output
!STACK 0
org.xml.sax.SAXParseException; lineNumber: 1; columnNumber: 1; Premature end of file.
	at java.xml/com.sun.org.apache.xerces.internal.parsers.DOMParser.parse(DOMParser.java:262)
	at java.xml/com.sun.org.apache.xerces.internal.jaxp.DocumentBuilderImpl.parse(DocumentBuilderImpl.java:342)
	at com.st.stm32cube.ide.mpu.remote.serial.internal.SerialPortProviderWindows.run(SerialPortProviderWindows.java:127)
	at java.base/java.util.TimerThread.mainLoop(Timer.java:566)
	at java.base/java.util.TimerThread.run(Timer.java:516)

!ENTRY com.st.stm32cube.ide.mpu.remote.serial 4 0 2026-04-03 17:28:24.062
!MESSAGE Failed to parse wmic output
!STACK 0
org.xml.sax.SAXParseException; lineNumber: 1; columnNumber: 1; Premature end of file.
	at java.xml/com.sun.org.apache.xerces.internal.parsers.DOMParser.parse(DOMParser.java:262)
	at java.xml/com.sun.org.apache.xerces.internal.jaxp.DocumentBuilderImpl.parse(DocumentBuilderImpl.java:342)
	at com.st.stm32cube.ide.mpu.remote.serial.internal.SerialPortProviderWindows.run(SerialPortProviderWindows.java:127)
	at java.base/java.util.TimerThread.mainLoop(Timer.java:566)
	at java.base/java.util.TimerThread.run(Timer.java:516)

!ENTRY com.st.stm32cube.ide.mpu.remote.serial 4 0 2026-04-03 17:28:25.059
!MESSAGE Failed to parse wmic output
!STACK 0
org.xml.sax.SAXParseException; lineNumber: 1; columnNumber: 1; Premature end of file.
	at java.xml/com.sun.org.apache.xerces.internal.parsers.DOMParser.parse(DOMParser.java:262)
	at java.xml/com.sun.org.apache.xerces.internal.jaxp.DocumentBuilderImpl.parse(DocumentBuilderImpl.java:342)
	at com.st.stm32cube.ide.mpu.remote.serial.internal.SerialPortProviderWindows.run(SerialPortProviderWindows.java:127)
	at java.base/java.util.TimerThread.mainLoop(Timer.java:566)
	at java.base/java.util.TimerThread.run(Timer.java:516)

!ENTRY com.st.stm32cube.ide.mpu.remote.serial 4 0 2026-04-03 17:28:26.069
!MESSAGE Failed to parse wmic output
!STACK 0
org.xml.sax.SAXParseException; lineNumber: 1; columnNumber: 1; Premature end of file.
	at java.xml/com.sun.org.apache.xerces.internal.parsers.DOMParser.parse(DOMParser.java:262)
	at java.xml/com.sun.org.apache.xerces.internal.jaxp.DocumentBuilderImpl.parse(DocumentBuilderImpl.java:342)
	at com.st.stm32cube.ide.mpu.remote.serial.internal.SerialPortProviderWindows.run(SerialPortProviderWindows.java:127)
	at java.base/java.util.TimerThread.mainLoop(Timer.java:566)
	at java.base/java.util.TimerThread.run(Timer.java:516)

!ENTRY com.st.stm32cube.ide.mpu.remote.serial 4 0 2026-04-03 17:28:27.075
!MESSAGE Failed to parse wmic output
!STACK 0
org.xml.sax.SAXParseException; lineNumber: 1; columnNumber: 1; Premature end of file.
	at java.xml/com.sun.org.apache.xerces.internal.parsers.DOMParser.parse(DOMParser.java:262)
	at java.xml/com.sun.org.apache.xerces.internal.jaxp.DocumentBuilderImpl.parse(DocumentBuilderImpl.java:342)
	at com.st.stm32cube.ide.mpu.remote.serial.internal.SerialPortProviderWindows.run(SerialPortProviderWindows.java:127)
	at java.base/java.util.TimerThread.mainLoop(Timer.java:566)
	at java.base/java.util.TimerThread.run(Timer.java:516)

!ENTRY com.st.stm32cube.ide.mpu.remote.serial 4 0 2026-04-03 17:28:28.058
!MESSAGE Failed to parse wmic output
!STACK 0
org.xml.sax.SAXParseException; lineNumber: 1; columnNumber: 1; Premature end of file.
	at java.xml/com.sun.org.apache.xerces.internal.parsers.DOMParser.parse(DOMParser.java:262)
	at java.xml/com.sun.org.apache.xerces.internal.jaxp.DocumentBuilderImpl.parse(DocumentBuilderImpl.java:342)
	at com.st.stm32cube.ide.mpu.remote.serial.internal.SerialPortProviderWindows.run(SerialPortProviderWindows.java:127)
	at java.base/java.util.TimerThread.mainLoop(Timer.java:566)
	at java.base/java.util.TimerThread.run(Timer.java:516)

!ENTRY com.st.stm32cube.ide.mpu.remote.serial 4 0 2026-04-03 17:28:29.067
!MESSAGE Failed to parse wmic output
!STACK 0
org.xml.sax.SAXParseException; lineNumber: 1; columnNumber: 1; Premature end of file.
	at java.xml/com.sun.org.apache.xerces.internal.parsers.DOMParser.parse(DOMParser.java:262)
	at java.xml/com.sun.org.apache.xerces.internal.jaxp.DocumentBuilderImpl.parse(DocumentBuilderImpl.java:342)
	at com.st.stm32cube.ide.mpu.remote.serial.internal.SerialPortProviderWindows.run(SerialPortProviderWindows.java:127)
	at java.base/java.util.TimerThread.mainLoop(Timer.java:566)
	at java.base/java.util.TimerThread.run(Timer.java:516)

!ENTRY com.st.stm32cube.ide.mpu.remote.serial 4 0 2026-04-03 17:28:30.062
!MESSAGE Failed to parse wmic output
!STACK 0
org.xml.sax.SAXParseException; lineNumber: 1; columnNumber: 1; Premature end of file.
	at java.xml/com.sun.org.apache.xerces.internal.parsers.DOMParser.parse(DOMParser.java:262)
	at java.xml/com.sun.org.apache.xerces.internal.jaxp.DocumentBuilderImpl.parse(DocumentBuilderImpl.java:342)
	at com.st.stm32cube.ide.mpu.remote.serial.internal.SerialPortProviderWindows.run(SerialPortProviderWindows.java:127)
	at java.base/java.util.TimerThread.mainLoop(Timer.java:566)
	at java.base/java.util.TimerThread.run(Timer.java:516)

!ENTRY com.st.stm32cube.ide.mpu.remote.serial 4 0 2026-04-03 17:28:31.089
!MESSAGE Failed to parse wmic output
!STACK 0
org.xml.sax.SAXParseException; lineNumber: 1; columnNumber: 1; Premature end of file.
	at java.xml/com.sun.org.apache.xerces.internal.parsers.DOMParser.parse(DOMParser.java:262)
	at java.xml/com.sun.org.apache.xerces.internal.jaxp.DocumentBuilderImpl.parse(DocumentBuilderImpl.java:342)
	at com.st.stm32cube.ide.mpu.remote.serial.internal.SerialPortProviderWindows.run(SerialPortProviderWindows.java:127)
	at java.base/java.util.TimerThread.mainLoop(Timer.java:566)
	at java.base/java.util.TimerThread.run(Timer.java:516)

!ENTRY com.st.stm32cube.ide.mpu.remote.serial 4 0 2026-04-03 17:28:32.077
!MESSAGE Failed to parse wmic output
!STACK 0
org.xml.sax.SAXParseException; lineNumber: 1; columnNumber: 1; Premature end of file.
	at java.xml/com.sun.org.apache.xerces.internal.parsers.DOMParser.parse(DOMParser.java:262)
	at java.xml/com.sun.org.apache.xerces.internal.jaxp.DocumentBuilderImpl.parse(DocumentBuilderImpl.java:342)
	at com.st.stm32cube.ide.mpu.remote.serial.internal.SerialPortProviderWindows.run(SerialPortProviderWindows.java:127)
	at java.base/java.util.TimerThread.mainLoop(Timer.java:566)
	at java.base/java.util.TimerThread.run(Timer.java:516)

!ENTRY com.st.stm32cube.ide.mpu.remote.serial 4 0 2026-04-03 17:28:33.078
!MESSAGE Failed to parse wmic output
!STACK 0
org.xml.sax.SAXParseException; lineNumber: 1; columnNumber: 1; Premature end of file.
	at java.xml/com.sun.org.apache.xerces.internal.parsers.DOMParser.parse(DOMParser.java:262)
	at java.xml/com.sun.org.apache.xerces.internal.jaxp.DocumentBuilderImpl.parse(DocumentBuilderImpl.java:342)
	at com.st.stm32cube.ide.mpu.remote.serial.internal.SerialPortProviderWindows.run(SerialPortProviderWindows.java:127)
	at java.base/java.util.TimerThread.mainLoop(Timer.java:566)
	at java.base/java.util.TimerThread.run(Timer.java:516)

!ENTRY com.st.stm32cube.ide.mpu.remote.serial 4 0 2026-04-03 17:28:34.093
!MESSAGE Failed to parse wmic output
!STACK 0
org.xml.sax.SAXParseException; lineNumber: 1; columnNumber: 1; Premature end of file.
	at java.xml/com.sun.org.apache.xerces.internal.parsers.DOMParser.parse(DOMParser.java:262)
	at java.xml/com.sun.org.apache.xerces.internal.jaxp.DocumentBuilderImpl.parse(DocumentBuilderImpl.java:342)
	at com.st.stm32cube.ide.mpu.remote.serial.internal.SerialPortProviderWindows.run(SerialPortProviderWindows.java:127)
	at java.base/java.util.TimerThread.mainLoop(Timer.java:566)
	at java.base/java.util.TimerThread.run(Timer.java:516)

!ENTRY com.st.stm32cube.ide.mpu.remote.serial 4 0 2026-04-03 17:28:35.069
!MESSAGE Failed to parse wmic output
!STACK 0
org.xml.sax.SAXParseException; lineNumber: 1; columnNumber: 1; Premature end of file.
	at java.xml/com.sun.org.apache.xerces.internal.parsers.DOMParser.parse(DOMParser.java:262)
	at java.xml/com.sun.org.apache.xerces.internal.jaxp.DocumentBuilderImpl.parse(DocumentBuilderImpl.java:342)
	at com.st.stm32cube.ide.mpu.remote.serial.internal.SerialPortProviderWindows.run(SerialPortProviderWindows.java:127)
	at java.base/java.util.TimerThread.mainLoop(Timer.java:566)
	at java.base/java.util.TimerThread.run(Timer.java:516)

!ENTRY com.st.stm32cube.ide.mpu.remote.serial 4 0 2026-04-03 17:28:36.072
!MESSAGE Failed to parse wmic output
!STACK 0
org.xml.sax.SAXParseException; lineNumber: 1; columnNumber: 1; Premature end of file.
	at java.xml/com.sun.org.apache.xerces.internal.parsers.DOMParser.parse(DOMParser.java:262)
	at java.xml/com.sun.org.apache.xerces.internal.jaxp.DocumentBuilderImpl.parse(DocumentBuilderImpl.java:342)
	at com.st.stm32cube.ide.mpu.remote.serial.internal.SerialPortProviderWindows.run(SerialPortProviderWindows.java:127)
	at java.base/java.util.TimerThread.mainLoop(Timer.java:566)
	at java.base/java.util.TimerThread.run(Timer.java:516)

!ENTRY com.st.stm32cube.ide.mpu.remote.serial 4 0 2026-04-03 17:28:37.063
!MESSAGE Failed to parse wmic output
!STACK 0
org.xml.sax.SAXParseException; lineNumber: 1; columnNumber: 1; Premature end of file.
	at java.xml/com.sun.org.apache.xerces.internal.parsers.DOMParser.parse(DOMParser.java:262)
	at java.xml/com.sun.org.apache.xerces.internal.jaxp.DocumentBuilderImpl.parse(DocumentBuilderImpl.java:342)
	at com.st.stm32cube.ide.mpu.remote.serial.internal.SerialPortProviderWindows.run(SerialPortProviderWindows.java:127)
	at java.base/java.util.TimerThread.mainLoop(Timer.java:566)
	at java.base/java.util.TimerThread.run(Timer.java:516)

!ENTRY com.st.stm32cube.ide.mpu.remote.serial 4 0 2026-04-03 17:28:38.058
!MESSAGE Failed to parse wmic output
!STACK 0
org.xml.sax.SAXParseException; lineNumber: 1; columnNumber: 1; Premature end of file.
	at java.xml/com.sun.org.apache.xerces.internal.parsers.DOMParser.parse(DOMParser.java:262)
	at java.xml/com.sun.org.apache.xerces.internal.jaxp.DocumentBuilderImpl.parse(DocumentBuilderImpl.java:342)
	at com.st.stm32cube.ide.mpu.remote.serial.internal.SerialPortProviderWindows.run(SerialPortProviderWindows.java:127)
	at java.base/java.util.TimerThread.mainLoop(Timer.java:566)
	at java.base/java.util.TimerThread.run(Timer.java:516)

!ENTRY com.st.stm32cube.ide.mpu.remote.serial 4 0 2026-04-03 17:28:39.060
!MESSAGE Failed to parse wmic output
!STACK 0
org.xml.sax.SAXParseException; lineNumber: 1; columnNumber: 1; Premature end of file.
	at java.xml/com.sun.org.apache.xerces.internal.parsers.DOMParser.parse(DOMParser.java:262)
	at java.xml/com.sun.org.apache.xerces.internal.jaxp.DocumentBuilderImpl.parse(DocumentBuilderImpl.java:342)
	at com.st.stm32cube.ide.mpu.remote.serial.internal.SerialPortProviderWindows.run(SerialPortProviderWindows.java:127)
	at java.base/java.util.TimerThread.mainLoop(Timer.java:566)
	at java.base/java.util.TimerThread.run(Timer.java:516)

!ENTRY com.st.stm32cube.ide.mpu.remote.serial 4 0 2026-04-03 17:28:40.060
!MESSAGE Failed to parse wmic output
!STACK 0
org.xml.sax.SAXParseException; lineNumber: 1; columnNumber: 1; Premature end of file.
	at java.xml/com.sun.org.apache.xerces.internal.parsers.DOMParser.parse(DOMParser.java:262)
	at java.xml/com.sun.org.apache.xerces.internal.jaxp.DocumentBuilderImpl.parse(DocumentBuilderImpl.java:342)
	at com.st.stm32cube.ide.mpu.remote.serial.internal.SerialPortProviderWindows.run(SerialPortProviderWindows.java:127)
	at java.base/java.util.TimerThread.mainLoop(Timer.java:566)
	at java.base/java.util.TimerThread.run(Timer.java:516)

!ENTRY com.st.stm32cube.ide.mpu.remote.serial 4 0 2026-04-03 17:28:41.079
!MESSAGE Failed to parse wmic output
!STACK 0
org.xml.sax.SAXParseException; lineNumber: 1; columnNumber: 1; Premature end of file.
	at java.xml/com.sun.org.apache.xerces.internal.parsers.DOMParser.parse(DOMParser.java:262)
	at java.xml/com.sun.org.apache.xerces.internal.jaxp.DocumentBuilderImpl.parse(DocumentBuilderImpl.java:342)
	at com.st.stm32cube.ide.mpu.remote.serial.internal.SerialPortProviderWindows.run(SerialPortProviderWindows.java:127)
	at java.base/java.util.TimerThread.mainLoop(Timer.java:566)
	at java.base/java.util.TimerThread.run(Timer.java:516)

!ENTRY com.st.stm32cube.ide.mpu.remote.serial 4 0 2026-04-03 17:28:42.064
!MESSAGE Failed to parse wmic output
!STACK 0
org.xml.sax.SAXParseException; lineNumber: 1; columnNumber: 1; Premature end of file.
	at java.xml/com.sun.org.apache.xerces.internal.parsers.DOMParser.parse(DOMParser.java:262)
	at java.xml/com.sun.org.apache.xerces.internal.jaxp.DocumentBuilderImpl.parse(DocumentBuilderImpl.java:342)
	at com.st.stm32cube.ide.mpu.remote.serial.internal.SerialPortProviderWindows.run(SerialPortProviderWindows.java:127)
	at java.base/java.util.TimerThread.mainLoop(Timer.java:566)
	at java.base/java.util.TimerThread.run(Timer.java:516)

!ENTRY com.st.stm32cube.ide.mpu.remote.serial 4 0 2026-04-03 17:28:43.055
!MESSAGE Failed to parse wmic output
!STACK 0
org.xml.sax.SAXParseException; lineNumber: 1; columnNumber: 1; Premature end of file.
	at java.xml/com.sun.org.apache.xerces.internal.parsers.DOMParser.parse(DOMParser.java:262)
	at java.xml/com.sun.org.apache.xerces.internal.jaxp.DocumentBuilderImpl.parse(DocumentBuilderImpl.java:342)
	at com.st.stm32cube.ide.mpu.remote.serial.internal.SerialPortProviderWindows.run(SerialPortProviderWindows.java:127)
	at java.base/java.util.TimerThread.mainLoop(Timer.java:566)
	at java.base/java.util.TimerThread.run(Timer.java:516)

!ENTRY com.st.stm32cube.ide.mpu.remote.serial 4 0 2026-04-03 17:28:44.086
!MESSAGE Failed to parse wmic output
!STACK 0
org.xml.sax.SAXParseException; lineNumber: 1; columnNumber: 1; Premature end of file.
	at java.xml/com.sun.org.apache.xerces.internal.parsers.DOMParser.parse(DOMParser.java:262)
	at java.xml/com.sun.org.apache.xerces.internal.jaxp.DocumentBuilderImpl.parse(DocumentBuilderImpl.java:342)
	at com.st.stm32cube.ide.mpu.remote.serial.internal.SerialPortProviderWindows.run(SerialPortProviderWindows.java:127)
	at java.base/java.util.TimerThread.mainLoop(Timer.java:566)
	at java.base/java.util.TimerThread.run(Timer.java:516)

!ENTRY com.st.stm32cube.ide.mpu.remote.serial 4 0 2026-04-03 17:28:45.070
!MESSAGE Failed to parse wmic output
!STACK 0
org.xml.sax.SAXParseException; lineNumber: 1; columnNumber: 1; Premature end of file.
	at java.xml/com.sun.org.apache.xerces.internal.parsers.DOMParser.parse(DOMParser.java:262)
	at java.xml/com.sun.org.apache.xerces.internal.jaxp.DocumentBuilderImpl.parse(DocumentBuilderImpl.java:342)
	at com.st.stm32cube.ide.mpu.remote.serial.internal.SerialPortProviderWindows.run(SerialPortProviderWindows.java:127)
	at java.base/java.util.TimerThread.mainLoop(Timer.java:566)
	at java.base/java.util.TimerThread.run(Timer.java:516)

!ENTRY com.st.stm32cube.ide.mpu.remote.serial 4 0 2026-04-03 17:28:46.067
!MESSAGE Failed to parse wmic output
!STACK 0
org.xml.sax.SAXParseException; lineNumber: 1; columnNumber: 1; Premature end of file.
	at java.xml/com.sun.org.apache.xerces.internal.parsers.DOMParser.parse(DOMParser.java:262)
	at java.xml/com.sun.org.apache.xerces.internal.jaxp.DocumentBuilderImpl.parse(DocumentBuilderImpl.java:342)
	at com.st.stm32cube.ide.mpu.remote.serial.internal.SerialPortProviderWindows.run(SerialPortProviderWindows.java:127)
	at java.base/java.util.TimerThread.mainLoop(Timer.java:566)
	at java.base/java.util.TimerThread.run(Timer.java:516)

!ENTRY com.st.stm32cube.ide.mpu.remote.serial 4 0 2026-04-03 17:28:47.093
!MESSAGE Failed to parse wmic output
!STACK 0
org.xml.sax.SAXParseException; lineNumber: 1; columnNumber: 1; Premature end of file.
	at java.xml/com.sun.org.apache.xerces.internal.parsers.DOMParser.parse(DOMParser.java:262)
	at java.xml/com.sun.org.apache.xerces.internal.jaxp.DocumentBuilderImpl.parse(DocumentBuilderImpl.java:342)
	at com.st.stm32cube.ide.mpu.remote.serial.internal.SerialPortProviderWindows.run(SerialPortProviderWindows.java:127)
	at java.base/java.util.TimerThread.mainLoop(Timer.java:566)
	at java.base/java.util.TimerThread.run(Timer.java:516)

!ENTRY com.st.stm32cube.ide.mpu.remote.serial 4 0 2026-04-03 17:28:48.070
!MESSAGE Failed to parse wmic output
!STACK 0
org.xml.sax.SAXParseException; lineNumber: 1; columnNumber: 1; Premature end of file.
	at java.xml/com.sun.org.apache.xerces.internal.parsers.DOMParser.parse(DOMParser.java:262)
	at java.xml/com.sun.org.apache.xerces.internal.jaxp.DocumentBuilderImpl.parse(DocumentBuilderImpl.java:342)
	at com.st.stm32cube.ide.mpu.remote.serial.internal.SerialPortProviderWindows.run(SerialPortProviderWindows.java:127)
	at java.base/java.util.TimerThread.mainLoop(Timer.java:566)
	at java.base/java.util.TimerThread.run(Timer.java:516)

!ENTRY com.st.stm32cube.ide.mpu.remote.serial 4 0 2026-04-03 17:28:49.090
!MESSAGE Failed to parse wmic output
!STACK 0
org.xml.sax.SAXParseException; lineNumber: 1; columnNumber: 1; Premature end of file.
	at java.xml/com.sun.org.apache.xerces.internal.parsers.DOMParser.parse(DOMParser.java:262)
	at java.xml/com.sun.org.apache.xerces.internal.jaxp.DocumentBuilderImpl.parse(DocumentBuilderImpl.java:342)
	at com.st.stm32cube.ide.mpu.remote.serial.internal.SerialPortProviderWindows.run(SerialPortProviderWindows.java:127)
	at java.base/java.util.TimerThread.mainLoop(Timer.java:566)
	at java.base/java.util.TimerThread.run(Timer.java:516)

!ENTRY com.st.stm32cube.ide.mpu.remote.serial 4 0 2026-04-03 17:28:50.094
!MESSAGE Failed to parse wmic output
!STACK 0
org.xml.sax.SAXParseException; lineNumber: 1; columnNumber: 1; Premature end of file.
	at java.xml/com.sun.org.apache.xerces.internal.parsers.DOMParser.parse(DOMParser.java:262)
	at java.xml/com.sun.org.apache.xerces.internal.jaxp.DocumentBuilderImpl.parse(DocumentBuilderImpl.java:342)
	at com.st.stm32cube.ide.mpu.remote.serial.internal.SerialPortProviderWindows.run(SerialPortProviderWindows.java:127)
	at java.base/java.util.TimerThread.mainLoop(Timer.java:566)
	at java.base/java.util.TimerThread.run(Timer.java:516)

!ENTRY com.st.stm32cube.ide.mpu.remote.serial 4 0 2026-04-03 17:28:51.069
!MESSAGE Failed to parse wmic output
!STACK 0
org.xml.sax.SAXParseException; lineNumber: 1; columnNumber: 1; Premature end of file.
	at java.xml/com.sun.org.apache.xerces.internal.parsers.DOMParser.parse(DOMParser.java:262)
	at java.xml/com.sun.org.apache.xerces.internal.jaxp.DocumentBuilderImpl.parse(DocumentBuilderImpl.java:342)
	at com.st.stm32cube.ide.mpu.remote.serial.internal.SerialPortProviderWindows.run(SerialPortProviderWindows.java:127)
	at java.base/java.util.TimerThread.mainLoop(Timer.java:566)
	at java.base/java.util.TimerThread.run(Timer.java:516)

!ENTRY com.st.stm32cube.ide.mpu.remote.serial 4 0 2026-04-03 17:28:52.091
!MESSAGE Failed to parse wmic output
!STACK 0
org.xml.sax.SAXParseException; lineNumber: 1; columnNumber: 1; Premature end of file.
	at java.xml/com.sun.org.apache.xerces.internal.parsers.DOMParser.parse(DOMParser.java:262)
	at java.xml/com.sun.org.apache.xerces.internal.jaxp.DocumentBuilderImpl.parse(DocumentBuilderImpl.java:342)
	at com.st.stm32cube.ide.mpu.remote.serial.internal.SerialPortProviderWindows.run(SerialPortProviderWindows.java:127)
	at java.base/java.util.TimerThread.mainLoop(Timer.java:566)
	at java.base/java.util.TimerThread.run(Timer.java:516)

!ENTRY com.st.stm32cube.ide.mpu.remote.serial 4 0 2026-04-03 17:28:53.062
!MESSAGE Failed to parse wmic output
!STACK 0
org.xml.sax.SAXParseException; lineNumber: 1; columnNumber: 1; Premature end of file.
	at java.xml/com.sun.org.apache.xerces.internal.parsers.DOMParser.parse(DOMParser.java:262)
	at java.xml/com.sun.org.apache.xerces.internal.jaxp.DocumentBuilderImpl.parse(DocumentBuilderImpl.java:342)
	at com.st.stm32cube.ide.mpu.remote.serial.internal.SerialPortProviderWindows.run(SerialPortProviderWindows.java:127)
	at java.base/java.util.TimerThread.mainLoop(Timer.java:566)
	at java.base/java.util.TimerThread.run(Timer.java:516)

!ENTRY com.st.stm32cube.ide.mpu.remote.serial 4 0 2026-04-03 17:28:54.095
!MESSAGE Failed to parse wmic output
!STACK 0
org.xml.sax.SAXParseException; lineNumber: 1; columnNumber: 1; Premature end of file.
	at java.xml/com.sun.org.apache.xerces.internal.parsers.DOMParser.parse(DOMParser.java:262)
	at java.xml/com.sun.org.apache.xerces.internal.jaxp.DocumentBuilderImpl.parse(DocumentBuilderImpl.java:342)
	at com.st.stm32cube.ide.mpu.remote.serial.internal.SerialPortProviderWindows.run(SerialPortProviderWindows.java:127)
	at java.base/java.util.TimerThread.mainLoop(Timer.java:566)
	at java.base/java.util.TimerThread.run(Timer.java:516)

!ENTRY com.st.stm32cube.ide.mpu.remote.serial 4 0 2026-04-03 17:28:55.091
!MESSAGE Failed to parse wmic output
!STACK 0
org.xml.sax.SAXParseException; lineNumber: 1; columnNumber: 1; Premature end of file.
	at java.xml/com.sun.org.apache.xerces.internal.parsers.DOMParser.parse(DOMParser.java:262)
	at java.xml/com.sun.org.apache.xerces.internal.jaxp.DocumentBuilderImpl.parse(DocumentBuilderImpl.java:342)
	at com.st.stm32cube.ide.mpu.remote.serial.internal.SerialPortProviderWindows.run(SerialPortProviderWindows.java:127)
	at java.base/java.util.TimerThread.mainLoop(Timer.java:566)
	at java.base/java.util.TimerThread.run(Timer.java:516)

!ENTRY com.st.stm32cube.ide.mpu.remote.serial 4 0 2026-04-03 17:28:56.088
!MESSAGE Failed to parse wmic output
!STACK 0
org.xml.sax.SAXParseException; lineNumber: 1; columnNumber: 1; Premature end of file.
	at java.xml/com.sun.org.apache.xerces.internal.parsers.DOMParser.parse(DOMParser.java:262)
	at java.xml/com.sun.org.apache.xerces.internal.jaxp.DocumentBuilderImpl.parse(DocumentBuilderImpl.java:342)
	at com.st.stm32cube.ide.mpu.remote.serial.internal.SerialPortProviderWindows.run(SerialPortProviderWindows.java:127)
	at java.base/java.util.TimerThread.mainLoop(Timer.java:566)
	at java.base/java.util.TimerThread.run(Timer.java:516)

!ENTRY com.st.stm32cube.ide.mpu.remote.serial 4 0 2026-04-03 17:28:57.083
!MESSAGE Failed to parse wmic output
!STACK 0
org.xml.sax.SAXParseException; lineNumber: 1; columnNumber: 1; Premature end of file.
	at java.xml/com.sun.org.apache.xerces.internal.parsers.DOMParser.parse(DOMParser.java:262)
	at java.xml/com.sun.org.apache.xerces.internal.jaxp.DocumentBuilderImpl.parse(DocumentBuilderImpl.java:342)
	at com.st.stm32cube.ide.mpu.remote.serial.internal.SerialPortProviderWindows.run(SerialPortProviderWindows.java:127)
	at java.base/java.util.TimerThread.mainLoop(Timer.java:566)
	at java.base/java.util.TimerThread.run(Timer.java:516)

!ENTRY com.st.stm32cube.ide.mpu.remote.serial 4 0 2026-04-03 17:28:58.098
!MESSAGE Failed to parse wmic output
!STACK 0
org.xml.sax.SAXParseException; lineNumber: 1; columnNumber: 1; Premature end of file.
	at java.xml/com.sun.org.apache.xerces.internal.parsers.DOMParser.parse(DOMParser.java:262)
	at java.xml/com.sun.org.apache.xerces.internal.jaxp.DocumentBuilderImpl.parse(DocumentBuilderImpl.java:342)
	at com.st.stm32cube.ide.mpu.remote.serial.internal.SerialPortProviderWindows.run(SerialPortProviderWindows.java:127)
	at java.base/java.util.TimerThread.mainLoop(Timer.java:566)
	at java.base/java.util.TimerThread.run(Timer.java:516)

!ENTRY com.st.stm32cube.ide.mpu.remote.serial 4 0 2026-04-03 17:28:59.064
!MESSAGE Failed to parse wmic output
!STACK 0
org.xml.sax.SAXParseException; lineNumber: 1; columnNumber: 1; Premature end of file.
	at java.xml/com.sun.org.apache.xerces.internal.parsers.DOMParser.parse(DOMParser.java:262)
	at java.xml/com.sun.org.apache.xerces.internal.jaxp.DocumentBuilderImpl.parse(DocumentBuilderImpl.java:342)
	at com.st.stm32cube.ide.mpu.remote.serial.internal.SerialPortProviderWindows.run(SerialPortProviderWindows.java:127)
	at java.base/java.util.TimerThread.mainLoop(Timer.java:566)
	at java.base/java.util.TimerThread.run(Timer.java:516)

!ENTRY com.st.stm32cube.ide.mpu.remote.serial 4 0 2026-04-03 17:29:00.063
!MESSAGE Failed to parse wmic output
!STACK 0
org.xml.sax.SAXParseException; lineNumber: 1; columnNumber: 1; Premature end of file.
	at java.xml/com.sun.org.apache.xerces.internal.parsers.DOMParser.parse(DOMParser.java:262)
	at java.xml/com.sun.org.apache.xerces.internal.jaxp.DocumentBuilderImpl.parse(DocumentBuilderImpl.java:342)
	at com.st.stm32cube.ide.mpu.remote.serial.internal.SerialPortProviderWindows.run(SerialPortProviderWindows.java:127)
	at java.base/java.util.TimerThread.mainLoop(Timer.java:566)
	at java.base/java.util.TimerThread.run(Timer.java:516)

!ENTRY com.st.stm32cube.ide.mpu.remote.serial 4 0 2026-04-03 17:29:01.097
!MESSAGE Failed to parse wmic output
!STACK 0
org.xml.sax.SAXParseException; lineNumber: 1; columnNumber: 1; Premature end of file.
	at java.xml/com.sun.org.apache.xerces.internal.parsers.DOMParser.parse(DOMParser.java:262)
	at java.xml/com.sun.org.apache.xerces.internal.jaxp.DocumentBuilderImpl.parse(DocumentBuilderImpl.java:342)
	at com.st.stm32cube.ide.mpu.remote.serial.internal.SerialPortProviderWindows.run(SerialPortProviderWindows.java:127)
	at java.base/java.util.TimerThread.mainLoop(Timer.java:566)
	at java.base/java.util.TimerThread.run(Timer.java:516)

!ENTRY com.st.stm32cube.ide.mpu.remote.serial 4 0 2026-04-03 17:29:02.078
!MESSAGE Failed to parse wmic output
!STACK 0
org.xml.sax.SAXParseException; lineNumber: 1; columnNumber: 1; Premature end of file.
	at java.xml/com.sun.org.apache.xerces.internal.parsers.DOMParser.parse(DOMParser.java:262)
	at java.xml/com.sun.org.apache.xerces.internal.jaxp.DocumentBuilderImpl.parse(DocumentBuilderImpl.java:342)
	at com.st.stm32cube.ide.mpu.remote.serial.internal.SerialPortProviderWindows.run(SerialPortProviderWindows.java:127)
	at java.base/java.util.TimerThread.mainLoop(Timer.java:566)
	at java.base/java.util.TimerThread.run(Timer.java:516)

!ENTRY com.st.stm32cube.ide.mpu.remote.serial 4 0 2026-04-03 17:29:03.082
!MESSAGE Failed to parse wmic output
!STACK 0
org.xml.sax.SAXParseException; lineNumber: 1; columnNumber: 1; Premature end of file.
	at java.xml/com.sun.org.apache.xerces.internal.parsers.DOMParser.parse(DOMParser.java:262)
	at java.xml/com.sun.org.apache.xerces.internal.jaxp.DocumentBuilderImpl.parse(DocumentBuilderImpl.java:342)
	at com.st.stm32cube.ide.mpu.remote.serial.internal.SerialPortProviderWindows.run(SerialPortProviderWindows.java:127)
	at java.base/java.util.TimerThread.mainLoop(Timer.java:566)
	at java.base/java.util.TimerThread.run(Timer.java:516)

!ENTRY com.st.stm32cube.ide.mpu.remote.serial 4 0 2026-04-03 17:29:04.085
!MESSAGE Failed to parse wmic output
!STACK 0
org.xml.sax.SAXParseException; lineNumber: 1; columnNumber: 1; Premature end of file.
	at java.xml/com.sun.org.apache.xerces.internal.parsers.DOMParser.parse(DOMParser.java:262)
	at java.xml/com.sun.org.apache.xerces.internal.jaxp.DocumentBuilderImpl.parse(DocumentBuilderImpl.java:342)
	at com.st.stm32cube.ide.mpu.remote.serial.internal.SerialPortProviderWindows.run(SerialPortProviderWindows.java:127)
	at java.base/java.util.TimerThread.mainLoop(Timer.java:566)
	at java.base/java.util.TimerThread.run(Timer.java:516)

!ENTRY com.st.stm32cube.ide.mpu.remote.serial 4 0 2026-04-03 17:29:05.089
!MESSAGE Failed to parse wmic output
!STACK 0
org.xml.sax.SAXParseException; lineNumber: 1; columnNumber: 1; Premature end of file.
	at java.xml/com.sun.org.apache.xerces.internal.parsers.DOMParser.parse(DOMParser.java:262)
	at java.xml/com.sun.org.apache.xerces.internal.jaxp.DocumentBuilderImpl.parse(DocumentBuilderImpl.java:342)
	at com.st.stm32cube.ide.mpu.remote.serial.internal.SerialPortProviderWindows.run(SerialPortProviderWindows.java:127)
	at java.base/java.util.TimerThread.mainLoop(Timer.java:566)
	at java.base/java.util.TimerThread.run(Timer.java:516)

!ENTRY com.st.stm32cube.ide.mpu.remote.serial 4 0 2026-04-03 17:29:06.065
!MESSAGE Failed to parse wmic output
!STACK 0
org.xml.sax.SAXParseException; lineNumber: 1; columnNumber: 1; Premature end of file.
	at java.xml/com.sun.org.apache.xerces.internal.parsers.DOMParser.parse(DOMParser.java:262)
	at java.xml/com.sun.org.apache.xerces.internal.jaxp.DocumentBuilderImpl.parse(DocumentBuilderImpl.java:342)
	at com.st.stm32cube.ide.mpu.remote.serial.internal.SerialPortProviderWindows.run(SerialPortProviderWindows.java:127)
	at java.base/java.util.TimerThread.mainLoop(Timer.java:566)
	at java.base/java.util.TimerThread.run(Timer.java:516)

!ENTRY com.st.stm32cube.ide.mpu.remote.serial 4 0 2026-04-03 17:29:07.072
!MESSAGE Failed to parse wmic output
!STACK 0
org.xml.sax.SAXParseException; lineNumber: 1; columnNumber: 1; Premature end of file.
	at java.xml/com.sun.org.apache.xerces.internal.parsers.DOMParser.parse(DOMParser.java:262)
	at java.xml/com.sun.org.apache.xerces.internal.jaxp.DocumentBuilderImpl.parse(DocumentBuilderImpl.java:342)
	at com.st.stm32cube.ide.mpu.remote.serial.internal.SerialPortProviderWindows.run(SerialPortProviderWindows.java:127)
	at java.base/java.util.TimerThread.mainLoop(Timer.java:566)
	at java.base/java.util.TimerThread.run(Timer.java:516)

!ENTRY com.st.stm32cube.ide.mpu.remote.serial 4 0 2026-04-03 17:29:08.081
!MESSAGE Failed to parse wmic output
!STACK 0
org.xml.sax.SAXParseException; lineNumber: 1; columnNumber: 1; Premature end of file.
	at java.xml/com.sun.org.apache.xerces.internal.parsers.DOMParser.parse(DOMParser.java:262)
	at java.xml/com.sun.org.apache.xerces.internal.jaxp.DocumentBuilderImpl.parse(DocumentBuilderImpl.java:342)
	at com.st.stm32cube.ide.mpu.remote.serial.internal.SerialPortProviderWindows.run(SerialPortProviderWindows.java:127)
	at java.base/java.util.TimerThread.mainLoop(Timer.java:566)
	at java.base/java.util.TimerThread.run(Timer.java:516)

!ENTRY com.st.stm32cube.ide.mpu.remote.serial 4 0 2026-04-03 17:29:09.063
!MESSAGE Failed to parse wmic output
!STACK 0
org.xml.sax.SAXParseException; lineNumber: 1; columnNumber: 1; Premature end of file.
	at java.xml/com.sun.org.apache.xerces.internal.parsers.DOMParser.parse(DOMParser.java:262)
	at java.xml/com.sun.org.apache.xerces.internal.jaxp.DocumentBuilderImpl.parse(DocumentBuilderImpl.java:342)
	at com.st.stm32cube.ide.mpu.remote.serial.internal.SerialPortProviderWindows.run(SerialPortProviderWindows.java:127)
	at java.base/java.util.TimerThread.mainLoop(Timer.java:566)
	at java.base/java.util.TimerThread.run(Timer.java:516)

!ENTRY com.st.stm32cube.ide.mpu.remote.serial 4 0 2026-04-03 17:29:10.065
!MESSAGE Failed to parse wmic output
!STACK 0
org.xml.sax.SAXParseException; lineNumber: 1; columnNumber: 1; Premature end of file.
	at java.xml/com.sun.org.apache.xerces.internal.parsers.DOMParser.parse(DOMParser.java:262)
	at java.xml/com.sun.org.apache.xerces.internal.jaxp.DocumentBuilderImpl.parse(DocumentBuilderImpl.java:342)
	at com.st.stm32cube.ide.mpu.remote.serial.internal.SerialPortProviderWindows.run(SerialPortProviderWindows.java:127)
	at java.base/java.util.TimerThread.mainLoop(Timer.java:566)
	at java.base/java.util.TimerThread.run(Timer.java:516)

!ENTRY com.st.stm32cube.ide.mpu.remote.serial 4 0 2026-04-03 17:29:11.062
!MESSAGE Failed to parse wmic output
!STACK 0
org.xml.sax.SAXParseException; lineNumber: 1; columnNumber: 1; Premature end of file.
	at java.xml/com.sun.org.apache.xerces.internal.parsers.DOMParser.parse(DOMParser.java:262)
	at java.xml/com.sun.org.apache.xerces.internal.jaxp.DocumentBuilderImpl.parse(DocumentBuilderImpl.java:342)
	at com.st.stm32cube.ide.mpu.remote.serial.internal.SerialPortProviderWindows.run(SerialPortProviderWindows.java:127)
	at java.base/java.util.TimerThread.mainLoop(Timer.java:566)
	at java.base/java.util.TimerThread.run(Timer.java:516)

!ENTRY com.st.stm32cube.ide.mpu.remote.serial 4 0 2026-04-03 17:29:12.070
!MESSAGE Failed to parse wmic output
!STACK 0
org.xml.sax.SAXParseException; lineNumber: 1; columnNumber: 1; Premature end of file.
	at java.xml/com.sun.org.apache.xerces.internal.parsers.DOMParser.parse(DOMParser.java:262)
	at java.xml/com.sun.org.apache.xerces.internal.jaxp.DocumentBuilderImpl.parse(DocumentBuilderImpl.java:342)
	at com.st.stm32cube.ide.mpu.remote.serial.internal.SerialPortProviderWindows.run(SerialPortProviderWindows.java:127)
	at java.base/java.util.TimerThread.mainLoop(Timer.java:566)
	at java.base/java.util.TimerThread.run(Timer.java:516)

!ENTRY com.st.stm32cube.ide.mpu.remote.serial 4 0 2026-04-03 17:29:13.074
!MESSAGE Failed to parse wmic output
!STACK 0
org.xml.sax.SAXParseException; lineNumber: 1; columnNumber: 1; Premature end of file.
	at java.xml/com.sun.org.apache.xerces.internal.parsers.DOMParser.parse(DOMParser.java:262)
	at java.xml/com.sun.org.apache.xerces.internal.jaxp.DocumentBuilderImpl.parse(DocumentBuilderImpl.java:342)
	at com.st.stm32cube.ide.mpu.remote.serial.internal.SerialPortProviderWindows.run(SerialPortProviderWindows.java:127)
	at java.base/java.util.TimerThread.mainLoop(Timer.java:566)
	at java.base/java.util.TimerThread.run(Timer.java:516)

!ENTRY com.st.stm32cube.ide.mpu.remote.serial 4 0 2026-04-03 17:29:14.061
!MESSAGE Failed to parse wmic output
!STACK 0
org.xml.sax.SAXParseException; lineNumber: 1; columnNumber: 1; Premature end of file.
	at java.xml/com.sun.org.apache.xerces.internal.parsers.DOMParser.parse(DOMParser.java:262)
	at java.xml/com.sun.org.apache.xerces.internal.jaxp.DocumentBuilderImpl.parse(DocumentBuilderImpl.java:342)
	at com.st.stm32cube.ide.mpu.remote.serial.internal.SerialPortProviderWindows.run(SerialPortProviderWindows.java:127)
	at java.base/java.util.TimerThread.mainLoop(Timer.java:566)
	at java.base/java.util.TimerThread.run(Timer.java:516)

!ENTRY com.st.stm32cube.ide.mpu.remote.serial 4 0 2026-04-03 17:29:15.068
!MESSAGE Failed to parse wmic output
!STACK 0
org.xml.sax.SAXParseException; lineNumber: 1; columnNumber: 1; Premature end of file.
	at java.xml/com.sun.org.apache.xerces.internal.parsers.DOMParser.parse(DOMParser.java:262)
	at java.xml/com.sun.org.apache.xerces.internal.jaxp.DocumentBuilderImpl.parse(DocumentBuilderImpl.java:342)
	at com.st.stm32cube.ide.mpu.remote.serial.internal.SerialPortProviderWindows.run(SerialPortProviderWindows.java:127)
	at java.base/java.util.TimerThread.mainLoop(Timer.java:566)
	at java.base/java.util.TimerThread.run(Timer.java:516)

!ENTRY com.st.stm32cube.ide.mpu.remote.serial 4 0 2026-04-03 17:29:16.076
!MESSAGE Failed to parse wmic output
!STACK 0
org.xml.sax.SAXParseException; lineNumber: 1; columnNumber: 1; Premature end of file.
	at java.xml/com.sun.org.apache.xerces.internal.parsers.DOMParser.parse(DOMParser.java:262)
	at java.xml/com.sun.org.apache.xerces.internal.jaxp.DocumentBuilderImpl.parse(DocumentBuilderImpl.java:342)
	at com.st.stm32cube.ide.mpu.remote.serial.internal.SerialPortProviderWindows.run(SerialPortProviderWindows.java:127)
	at java.base/java.util.TimerThread.mainLoop(Timer.java:566)
	at java.base/java.util.TimerThread.run(Timer.java:516)

!ENTRY com.st.stm32cube.ide.mpu.remote.serial 4 0 2026-04-03 17:29:17.074
!MESSAGE Failed to parse wmic output
!STACK 0
org.xml.sax.SAXParseException; lineNumber: 1; columnNumber: 1; Premature end of file.
	at java.xml/com.sun.org.apache.xerces.internal.parsers.DOMParser.parse(DOMParser.java:262)
	at java.xml/com.sun.org.apache.xerces.internal.jaxp.DocumentBuilderImpl.parse(DocumentBuilderImpl.java:342)
	at com.st.stm32cube.ide.mpu.remote.serial.internal.SerialPortProviderWindows.run(SerialPortProviderWindows.java:127)
	at java.base/java.util.TimerThread.mainLoop(Timer.java:566)
	at java.base/java.util.TimerThread.run(Timer.java:516)

!ENTRY com.st.stm32cube.ide.mpu.remote.serial 4 0 2026-04-03 17:29:18.082
!MESSAGE Failed to parse wmic output
!STACK 0
org.xml.sax.SAXParseException; lineNumber: 1; columnNumber: 1; Premature end of file.
	at java.xml/com.sun.org.apache.xerces.internal.parsers.DOMParser.parse(DOMParser.java:262)
	at java.xml/com.sun.org.apache.xerces.internal.jaxp.DocumentBuilderImpl.parse(DocumentBuilderImpl.java:342)
	at com.st.stm32cube.ide.mpu.remote.serial.internal.SerialPortProviderWindows.run(SerialPortProviderWindows.java:127)
	at java.base/java.util.TimerThread.mainLoop(Timer.java:566)
	at java.base/java.util.TimerThread.run(Timer.java:516)

!ENTRY com.st.stm32cube.ide.mpu.remote.serial 4 0 2026-04-03 17:29:19.082
!MESSAGE Failed to parse wmic output
!STACK 0
org.xml.sax.SAXParseException; lineNumber: 1; columnNumber: 1; Premature end of file.
	at java.xml/com.sun.org.apache.xerces.internal.parsers.DOMParser.parse(DOMParser.java:262)
	at java.xml/com.sun.org.apache.xerces.internal.jaxp.DocumentBuilderImpl.parse(DocumentBuilderImpl.java:342)
	at com.st.stm32cube.ide.mpu.remote.serial.internal.SerialPortProviderWindows.run(SerialPortProviderWindows.java:127)
	at java.base/java.util.TimerThread.mainLoop(Timer.java:566)
	at java.base/java.util.TimerThread.run(Timer.java:516)

!ENTRY com.st.stm32cube.ide.mpu.remote.serial 4 0 2026-04-03 17:29:20.065
!MESSAGE Failed to parse wmic output
!STACK 0
org.xml.sax.SAXParseException; lineNumber: 1; columnNumber: 1; Premature end of file.
	at java.xml/com.sun.org.apache.xerces.internal.parsers.DOMParser.parse(DOMParser.java:262)
	at java.xml/com.sun.org.apache.xerces.internal.jaxp.DocumentBuilderImpl.parse(DocumentBuilderImpl.java:342)
	at com.st.stm32cube.ide.mpu.remote.serial.internal.SerialPortProviderWindows.run(SerialPortProviderWindows.java:127)
	at java.base/java.util.TimerThread.mainLoop(Timer.java:566)
	at java.base/java.util.TimerThread.run(Timer.java:516)

!ENTRY com.st.stm32cube.ide.mpu.remote.serial 4 0 2026-04-03 17:29:21.071
!MESSAGE Failed to parse wmic output
!STACK 0
org.xml.sax.SAXParseException; lineNumber: 1; columnNumber: 1; Premature end of file.
	at java.xml/com.sun.org.apache.xerces.internal.parsers.DOMParser.parse(DOMParser.java:262)
	at java.xml/com.sun.org.apache.xerces.internal.jaxp.DocumentBuilderImpl.parse(DocumentBuilderImpl.java:342)
	at com.st.stm32cube.ide.mpu.remote.serial.internal.SerialPortProviderWindows.run(SerialPortProviderWindows.java:127)
	at java.base/java.util.TimerThread.mainLoop(Timer.java:566)
	at java.base/java.util.TimerThread.run(Timer.java:516)

!ENTRY com.st.stm32cube.ide.mpu.remote.serial 4 0 2026-04-03 17:29:22.067
!MESSAGE Failed to parse wmic output
!STACK 0
org.xml.sax.SAXParseException; lineNumber: 1; columnNumber: 1; Premature end of file.
	at java.xml/com.sun.org.apache.xerces.internal.parsers.DOMParser.parse(DOMParser.java:262)
	at java.xml/com.sun.org.apache.xerces.internal.jaxp.DocumentBuilderImpl.parse(DocumentBuilderImpl.java:342)
	at com.st.stm32cube.ide.mpu.remote.serial.internal.SerialPortProviderWindows.run(SerialPortProviderWindows.java:127)
	at java.base/java.util.TimerThread.mainLoop(Timer.java:566)
	at java.base/java.util.TimerThread.run(Timer.java:516)

!ENTRY com.st.stm32cube.ide.mpu.remote.serial 4 0 2026-04-03 17:29:23.067
!MESSAGE Failed to parse wmic output
!STACK 0
org.xml.sax.SAXParseException; lineNumber: 1; columnNumber: 1; Premature end of file.
	at java.xml/com.sun.org.apache.xerces.internal.parsers.DOMParser.parse(DOMParser.java:262)
	at java.xml/com.sun.org.apache.xerces.internal.jaxp.DocumentBuilderImpl.parse(DocumentBuilderImpl.java:342)
	at com.st.stm32cube.ide.mpu.remote.serial.internal.SerialPortProviderWindows.run(SerialPortProviderWindows.java:127)
	at java.base/java.util.TimerThread.mainLoop(Timer.java:566)
	at java.base/java.util.TimerThread.run(Timer.java:516)

!ENTRY com.st.stm32cube.ide.mpu.remote.serial 4 0 2026-04-03 17:29:24.074
!MESSAGE Failed to parse wmic output
!STACK 0
org.xml.sax.SAXParseException; lineNumber: 1; columnNumber: 1; Premature end of file.
	at java.xml/com.sun.org.apache.xerces.internal.parsers.DOMParser.parse(DOMParser.java:262)
	at java.xml/com.sun.org.apache.xerces.internal.jaxp.DocumentBuilderImpl.parse(DocumentBuilderImpl.java:342)
	at com.st.stm32cube.ide.mpu.remote.serial.internal.SerialPortProviderWindows.run(SerialPortProviderWindows.java:127)
	at java.base/java.util.TimerThread.mainLoop(Timer.java:566)
	at java.base/java.util.TimerThread.run(Timer.java:516)

!ENTRY com.st.stm32cube.ide.mpu.remote.serial 4 0 2026-04-03 17:29:25.097
!MESSAGE Failed to parse wmic output
!STACK 0
org.xml.sax.SAXParseException; lineNumber: 1; columnNumber: 1; Premature end of file.
	at java.xml/com.sun.org.apache.xerces.internal.parsers.DOMParser.parse(DOMParser.java:262)
	at java.xml/com.sun.org.apache.xerces.internal.jaxp.DocumentBuilderImpl.parse(DocumentBuilderImpl.java:342)
	at com.st.stm32cube.ide.mpu.remote.serial.internal.SerialPortProviderWindows.run(SerialPortProviderWindows.java:127)
	at java.base/java.util.TimerThread.mainLoop(Timer.java:566)
	at java.base/java.util.TimerThread.run(Timer.java:516)

!ENTRY com.st.stm32cube.ide.mpu.remote.serial 4 0 2026-04-03 17:29:26.108
!MESSAGE Failed to parse wmic output
!STACK 0
org.xml.sax.SAXParseException; lineNumber: 1; columnNumber: 1; Premature end of file.
	at java.xml/com.sun.org.apache.xerces.internal.parsers.DOMParser.parse(DOMParser.java:262)
	at java.xml/com.sun.org.apache.xerces.internal.jaxp.DocumentBuilderImpl.parse(DocumentBuilderImpl.java:342)
	at com.st.stm32cube.ide.mpu.remote.serial.internal.SerialPortProviderWindows.run(SerialPortProviderWindows.java:127)
	at java.base/java.util.TimerThread.mainLoop(Timer.java:566)
	at java.base/java.util.TimerThread.run(Timer.java:516)

!ENTRY com.st.stm32cube.ide.mpu.remote.serial 4 0 2026-04-03 17:29:27.076
!MESSAGE Failed to parse wmic output
!STACK 0
org.xml.sax.SAXParseException; lineNumber: 1; columnNumber: 1; Premature end of file.
	at java.xml/com.sun.org.apache.xerces.internal.parsers.DOMParser.parse(DOMParser.java:262)
	at java.xml/com.sun.org.apache.xerces.internal.jaxp.DocumentBuilderImpl.parse(DocumentBuilderImpl.java:342)
	at com.st.stm32cube.ide.mpu.remote.serial.internal.SerialPortProviderWindows.run(SerialPortProviderWindows.java:127)
	at java.base/java.util.TimerThread.mainLoop(Timer.java:566)
	at java.base/java.util.TimerThread.run(Timer.java:516)

!ENTRY com.st.stm32cube.ide.mpu.remote.serial 4 0 2026-04-03 17:29:28.064
!MESSAGE Failed to parse wmic output
!STACK 0
org.xml.sax.SAXParseException; lineNumber: 1; columnNumber: 1; Premature end of file.
	at java.xml/com.sun.org.apache.xerces.internal.parsers.DOMParser.parse(DOMParser.java:262)
	at java.xml/com.sun.org.apache.xerces.internal.jaxp.DocumentBuilderImpl.parse(DocumentBuilderImpl.java:342)
	at com.st.stm32cube.ide.mpu.remote.serial.internal.SerialPortProviderWindows.run(SerialPortProviderWindows.java:127)
	at java.base/java.util.TimerThread.mainLoop(Timer.java:566)
	at java.base/java.util.TimerThread.run(Timer.java:516)

!ENTRY com.st.stm32cube.ide.mpu.remote.serial 4 0 2026-04-03 17:29:29.071
!MESSAGE Failed to parse wmic output
!STACK 0
org.xml.sax.SAXParseException; lineNumber: 1; columnNumber: 1; Premature end of file.
	at java.xml/com.sun.org.apache.xerces.internal.parsers.DOMParser.parse(DOMParser.java:262)
	at java.xml/com.sun.org.apache.xerces.internal.jaxp.DocumentBuilderImpl.parse(DocumentBuilderImpl.java:342)
	at com.st.stm32cube.ide.mpu.remote.serial.internal.SerialPortProviderWindows.run(SerialPortProviderWindows.java:127)
	at java.base/java.util.TimerThread.mainLoop(Timer.java:566)
	at java.base/java.util.TimerThread.run(Timer.java:516)

!ENTRY com.st.stm32cube.ide.mpu.remote.serial 4 0 2026-04-03 17:29:30.048
!MESSAGE Failed to parse wmic output
!STACK 0
org.xml.sax.SAXParseException; lineNumber: 1; columnNumber: 1; Premature end of file.
	at java.xml/com.sun.org.apache.xerces.internal.parsers.DOMParser.parse(DOMParser.java:262)
	at java.xml/com.sun.org.apache.xerces.internal.jaxp.DocumentBuilderImpl.parse(DocumentBuilderImpl.java:342)
	at com.st.stm32cube.ide.mpu.remote.serial.internal.SerialPortProviderWindows.run(SerialPortProviderWindows.java:127)
	at java.base/java.util.TimerThread.mainLoop(Timer.java:566)
	at java.base/java.util.TimerThread.run(Timer.java:516)

!ENTRY com.st.stm32cube.ide.mpu.remote.serial 4 0 2026-04-03 17:29:31.063
!MESSAGE Failed to parse wmic output
!STACK 0
org.xml.sax.SAXParseException; lineNumber: 1; columnNumber: 1; Premature end of file.
	at java.xml/com.sun.org.apache.xerces.internal.parsers.DOMParser.parse(DOMParser.java:262)
	at java.xml/com.sun.org.apache.xerces.internal.jaxp.DocumentBuilderImpl.parse(DocumentBuilderImpl.java:342)
	at com.st.stm32cube.ide.mpu.remote.serial.internal.SerialPortProviderWindows.run(SerialPortProviderWindows.java:127)
	at java.base/java.util.TimerThread.mainLoop(Timer.java:566)
	at java.base/java.util.TimerThread.run(Timer.java:516)

!ENTRY com.st.stm32cube.ide.mpu.remote.serial 4 0 2026-04-03 17:29:32.064
!MESSAGE Failed to parse wmic output
!STACK 0
org.xml.sax.SAXParseException; lineNumber: 1; columnNumber: 1; Premature end of file.
	at java.xml/com.sun.org.apache.xerces.internal.parsers.DOMParser.parse(DOMParser.java:262)
	at java.xml/com.sun.org.apache.xerces.internal.jaxp.DocumentBuilderImpl.parse(DocumentBuilderImpl.java:342)
	at com.st.stm32cube.ide.mpu.remote.serial.internal.SerialPortProviderWindows.run(SerialPortProviderWindows.java:127)
	at java.base/java.util.TimerThread.mainLoop(Timer.java:566)
	at java.base/java.util.TimerThread.run(Timer.java:516)

!ENTRY com.st.stm32cube.ide.mpu.remote.serial 4 0 2026-04-03 17:29:33.073
!MESSAGE Failed to parse wmic output
!STACK 0
org.xml.sax.SAXParseException; lineNumber: 1; columnNumber: 1; Premature end of file.
	at java.xml/com.sun.org.apache.xerces.internal.parsers.DOMParser.parse(DOMParser.java:262)
	at java.xml/com.sun.org.apache.xerces.internal.jaxp.DocumentBuilderImpl.parse(DocumentBuilderImpl.java:342)
	at com.st.stm32cube.ide.mpu.remote.serial.internal.SerialPortProviderWindows.run(SerialPortProviderWindows.java:127)
	at java.base/java.util.TimerThread.mainLoop(Timer.java:566)
	at java.base/java.util.TimerThread.run(Timer.java:516)

!ENTRY com.st.stm32cube.ide.mpu.remote.serial 4 0 2026-04-03 17:29:34.078
!MESSAGE Failed to parse wmic output
!STACK 0
org.xml.sax.SAXParseException; lineNumber: 1; columnNumber: 1; Premature end of file.
	at java.xml/com.sun.org.apache.xerces.internal.parsers.DOMParser.parse(DOMParser.java:262)
	at java.xml/com.sun.org.apache.xerces.internal.jaxp.DocumentBuilderImpl.parse(DocumentBuilderImpl.java:342)
	at com.st.stm32cube.ide.mpu.remote.serial.internal.SerialPortProviderWindows.run(SerialPortProviderWindows.java:127)
	at java.base/java.util.TimerThread.mainLoop(Timer.java:566)
	at java.base/java.util.TimerThread.run(Timer.java:516)

!ENTRY com.st.stm32cube.ide.mpu.remote.serial 4 0 2026-04-03 17:29:35.064
!MESSAGE Failed to parse wmic output
!STACK 0
org.xml.sax.SAXParseException; lineNumber: 1; columnNumber: 1; Premature end of file.
	at java.xml/com.sun.org.apache.xerces.internal.parsers.DOMParser.parse(DOMParser.java:262)
	at java.xml/com.sun.org.apache.xerces.internal.jaxp.DocumentBuilderImpl.parse(DocumentBuilderImpl.java:342)
	at com.st.stm32cube.ide.mpu.remote.serial.internal.SerialPortProviderWindows.run(SerialPortProviderWindows.java:127)
	at java.base/java.util.TimerThread.mainLoop(Timer.java:566)
	at java.base/java.util.TimerThread.run(Timer.java:516)

!ENTRY com.st.stm32cube.ide.mpu.remote.serial 4 0 2026-04-03 17:29:36.053
!MESSAGE Failed to parse wmic output
!STACK 0
org.xml.sax.SAXParseException; lineNumber: 1; columnNumber: 1; Premature end of file.
	at java.xml/com.sun.org.apache.xerces.internal.parsers.DOMParser.parse(DOMParser.java:262)
	at java.xml/com.sun.org.apache.xerces.internal.jaxp.DocumentBuilderImpl.parse(DocumentBuilderImpl.java:342)
	at com.st.stm32cube.ide.mpu.remote.serial.internal.SerialPortProviderWindows.run(SerialPortProviderWindows.java:127)
	at java.base/java.util.TimerThread.mainLoop(Timer.java:566)
	at java.base/java.util.TimerThread.run(Timer.java:516)

!ENTRY com.st.stm32cube.ide.mpu.remote.serial 4 0 2026-04-03 17:29:37.077
!MESSAGE Failed to parse wmic output
!STACK 0
org.xml.sax.SAXParseException; lineNumber: 1; columnNumber: 1; Premature end of file.
	at java.xml/com.sun.org.apache.xerces.internal.parsers.DOMParser.parse(DOMParser.java:262)
	at java.xml/com.sun.org.apache.xerces.internal.jaxp.DocumentBuilderImpl.parse(DocumentBuilderImpl.java:342)
	at com.st.stm32cube.ide.mpu.remote.serial.internal.SerialPortProviderWindows.run(SerialPortProviderWindows.java:127)
	at java.base/java.util.TimerThread.mainLoop(Timer.java:566)
	at java.base/java.util.TimerThread.run(Timer.java:516)

!ENTRY com.st.stm32cube.ide.mpu.remote.serial 4 0 2026-04-03 17:29:38.078
!MESSAGE Failed to parse wmic output
!STACK 0
org.xml.sax.SAXParseException; lineNumber: 1; columnNumber: 1; Premature end of file.
	at java.xml/com.sun.org.apache.xerces.internal.parsers.DOMParser.parse(DOMParser.java:262)
	at java.xml/com.sun.org.apache.xerces.internal.jaxp.DocumentBuilderImpl.parse(DocumentBuilderImpl.java:342)
	at com.st.stm32cube.ide.mpu.remote.serial.internal.SerialPortProviderWindows.run(SerialPortProviderWindows.java:127)
	at java.base/java.util.TimerThread.mainLoop(Timer.java:566)
	at java.base/java.util.TimerThread.run(Timer.java:516)

!ENTRY com.st.stm32cube.ide.mpu.remote.serial 4 0 2026-04-03 17:29:39.067
!MESSAGE Failed to parse wmic output
!STACK 0
org.xml.sax.SAXParseException; lineNumber: 1; columnNumber: 1; Premature end of file.
	at java.xml/com.sun.org.apache.xerces.internal.parsers.DOMParser.parse(DOMParser.java:262)
	at java.xml/com.sun.org.apache.xerces.internal.jaxp.DocumentBuilderImpl.parse(DocumentBuilderImpl.java:342)
	at com.st.stm32cube.ide.mpu.remote.serial.internal.SerialPortProviderWindows.run(SerialPortProviderWindows.java:127)
	at java.base/java.util.TimerThread.mainLoop(Timer.java:566)
	at java.base/java.util.TimerThread.run(Timer.java:516)

!ENTRY com.st.stm32cube.ide.mpu.remote.serial 4 0 2026-04-03 17:29:40.066
!MESSAGE Failed to parse wmic output
!STACK 0
org.xml.sax.SAXParseException; lineNumber: 1; columnNumber: 1; Premature end of file.
	at java.xml/com.sun.org.apache.xerces.internal.parsers.DOMParser.parse(DOMParser.java:262)
	at java.xml/com.sun.org.apache.xerces.internal.jaxp.DocumentBuilderImpl.parse(DocumentBuilderImpl.java:342)
	at com.st.stm32cube.ide.mpu.remote.serial.internal.SerialPortProviderWindows.run(SerialPortProviderWindows.java:127)
	at java.base/java.util.TimerThread.mainLoop(Timer.java:566)
	at java.base/java.util.TimerThread.run(Timer.java:516)

!ENTRY com.st.stm32cube.ide.mpu.remote.serial 4 0 2026-04-03 17:29:41.066
!MESSAGE Failed to parse wmic output
!STACK 0
org.xml.sax.SAXParseException; lineNumber: 1; columnNumber: 1; Premature end of file.
	at java.xml/com.sun.org.apache.xerces.internal.parsers.DOMParser.parse(DOMParser.java:262)
	at java.xml/com.sun.org.apache.xerces.internal.jaxp.DocumentBuilderImpl.parse(DocumentBuilderImpl.java:342)
	at com.st.stm32cube.ide.mpu.remote.serial.internal.SerialPortProviderWindows.run(SerialPortProviderWindows.java:127)
	at java.base/java.util.TimerThread.mainLoop(Timer.java:566)
	at java.base/java.util.TimerThread.run(Timer.java:516)

!ENTRY com.st.stm32cube.ide.mpu.remote.serial 4 0 2026-04-03 17:29:42.064
!MESSAGE Failed to parse wmic output
!STACK 0
org.xml.sax.SAXParseException; lineNumber: 1; columnNumber: 1; Premature end of file.
	at java.xml/com.sun.org.apache.xerces.internal.parsers.DOMParser.parse(DOMParser.java:262)
	at java.xml/com.sun.org.apache.xerces.internal.jaxp.DocumentBuilderImpl.parse(DocumentBuilderImpl.java:342)
	at com.st.stm32cube.ide.mpu.remote.serial.internal.SerialPortProviderWindows.run(SerialPortProviderWindows.java:127)
	at java.base/java.util.TimerThread.mainLoop(Timer.java:566)
	at java.base/java.util.TimerThread.run(Timer.java:516)

!ENTRY com.st.stm32cube.ide.mpu.remote.serial 4 0 2026-04-03 17:29:43.097
!MESSAGE Failed to parse wmic output
!STACK 0
org.xml.sax.SAXParseException; lineNumber: 1; columnNumber: 1; Premature end of file.
	at java.xml/com.sun.org.apache.xerces.internal.parsers.DOMParser.parse(DOMParser.java:262)
	at java.xml/com.sun.org.apache.xerces.internal.jaxp.DocumentBuilderImpl.parse(DocumentBuilderImpl.java:342)
	at com.st.stm32cube.ide.mpu.remote.serial.internal.SerialPortProviderWindows.run(SerialPortProviderWindows.java:127)
	at java.base/java.util.TimerThread.mainLoop(Timer.java:566)
	at java.base/java.util.TimerThread.run(Timer.java:516)

!ENTRY com.st.stm32cube.ide.mpu.remote.serial 4 0 2026-04-03 17:29:44.064
!MESSAGE Failed to parse wmic output
!STACK 0
org.xml.sax.SAXParseException; lineNumber: 1; columnNumber: 1; Premature end of file.
	at java.xml/com.sun.org.apache.xerces.internal.parsers.DOMParser.parse(DOMParser.java:262)
	at java.xml/com.sun.org.apache.xerces.internal.jaxp.DocumentBuilderImpl.parse(DocumentBuilderImpl.java:342)
	at com.st.stm32cube.ide.mpu.remote.serial.internal.SerialPortProviderWindows.run(SerialPortProviderWindows.java:127)
	at java.base/java.util.TimerThread.mainLoop(Timer.java:566)
	at java.base/java.util.TimerThread.run(Timer.java:516)

!ENTRY com.st.stm32cube.ide.mpu.remote.serial 4 0 2026-04-03 17:29:45.069
!MESSAGE Failed to parse wmic output
!STACK 0
org.xml.sax.SAXParseException; lineNumber: 1; columnNumber: 1; Premature end of file.
	at java.xml/com.sun.org.apache.xerces.internal.parsers.DOMParser.parse(DOMParser.java:262)
	at java.xml/com.sun.org.apache.xerces.internal.jaxp.DocumentBuilderImpl.parse(DocumentBuilderImpl.java:342)
	at com.st.stm32cube.ide.mpu.remote.serial.internal.SerialPortProviderWindows.run(SerialPortProviderWindows.java:127)
	at java.base/java.util.TimerThread.mainLoop(Timer.java:566)
	at java.base/java.util.TimerThread.run(Timer.java:516)

!ENTRY com.st.stm32cube.ide.mpu.remote.serial 4 0 2026-04-03 17:29:46.077
!MESSAGE Failed to parse wmic output
!STACK 0
org.xml.sax.SAXParseException; lineNumber: 1; columnNumber: 1; Premature end of file.
	at java.xml/com.sun.org.apache.xerces.internal.parsers.DOMParser.parse(DOMParser.java:262)
	at java.xml/com.sun.org.apache.xerces.internal.jaxp.DocumentBuilderImpl.parse(DocumentBuilderImpl.java:342)
	at com.st.stm32cube.ide.mpu.remote.serial.internal.SerialPortProviderWindows.run(SerialPortProviderWindows.java:127)
	at java.base/java.util.TimerThread.mainLoop(Timer.java:566)
	at java.base/java.util.TimerThread.run(Timer.java:516)

!ENTRY com.st.stm32cube.ide.mpu.remote.serial 4 0 2026-04-03 17:29:47.067
!MESSAGE Failed to parse wmic output
!STACK 0
org.xml.sax.SAXParseException; lineNumber: 1; columnNumber: 1; Premature end of file.
	at java.xml/com.sun.org.apache.xerces.internal.parsers.DOMParser.parse(DOMParser.java:262)
	at java.xml/com.sun.org.apache.xerces.internal.jaxp.DocumentBuilderImpl.parse(DocumentBuilderImpl.java:342)
	at com.st.stm32cube.ide.mpu.remote.serial.internal.SerialPortProviderWindows.run(SerialPortProviderWindows.java:127)
	at java.base/java.util.TimerThread.mainLoop(Timer.java:566)
	at java.base/java.util.TimerThread.run(Timer.java:516)

!ENTRY com.st.stm32cube.ide.mpu.remote.serial 4 0 2026-04-03 17:29:48.060
!MESSAGE Failed to parse wmic output
!STACK 0
org.xml.sax.SAXParseException; lineNumber: 1; columnNumber: 1; Premature end of file.
	at java.xml/com.sun.org.apache.xerces.internal.parsers.DOMParser.parse(DOMParser.java:262)
	at java.xml/com.sun.org.apache.xerces.internal.jaxp.DocumentBuilderImpl.parse(DocumentBuilderImpl.java:342)
	at com.st.stm32cube.ide.mpu.remote.serial.internal.SerialPortProviderWindows.run(SerialPortProviderWindows.java:127)
	at java.base/java.util.TimerThread.mainLoop(Timer.java:566)
	at java.base/java.util.TimerThread.run(Timer.java:516)

!ENTRY com.st.stm32cube.ide.mpu.remote.serial 4 0 2026-04-03 17:29:49.069
!MESSAGE Failed to parse wmic output
!STACK 0
org.xml.sax.SAXParseException; lineNumber: 1; columnNumber: 1; Premature end of file.
	at java.xml/com.sun.org.apache.xerces.internal.parsers.DOMParser.parse(DOMParser.java:262)
	at java.xml/com.sun.org.apache.xerces.internal.jaxp.DocumentBuilderImpl.parse(DocumentBuilderImpl.java:342)
	at com.st.stm32cube.ide.mpu.remote.serial.internal.SerialPortProviderWindows.run(SerialPortProviderWindows.java:127)
	at java.base/java.util.TimerThread.mainLoop(Timer.java:566)
	at java.base/java.util.TimerThread.run(Timer.java:516)

!ENTRY com.st.stm32cube.ide.mpu.remote.serial 4 0 2026-04-03 17:29:50.198
!MESSAGE Failed to parse wmic output
!STACK 0
org.xml.sax.SAXParseException; lineNumber: 1; columnNumber: 1; Premature end of file.
	at java.xml/com.sun.org.apache.xerces.internal.parsers.DOMParser.parse(DOMParser.java:262)
	at java.xml/com.sun.org.apache.xerces.internal.jaxp.DocumentBuilderImpl.parse(DocumentBuilderImpl.java:342)
	at com.st.stm32cube.ide.mpu.remote.serial.internal.SerialPortProviderWindows.run(SerialPortProviderWindows.java:127)
	at java.base/java.util.TimerThread.mainLoop(Timer.java:566)
	at java.base/java.util.TimerThread.run(Timer.java:516)

!ENTRY com.st.stm32cube.ide.mpu.remote.serial 4 0 2026-04-03 17:29:51.115
!MESSAGE Failed to parse wmic output
!STACK 0
org.xml.sax.SAXParseException; lineNumber: 1; columnNumber: 1; Premature end of file.
	at java.xml/com.sun.org.apache.xerces.internal.parsers.DOMParser.parse(DOMParser.java:262)
	at java.xml/com.sun.org.apache.xerces.internal.jaxp.DocumentBuilderImpl.parse(DocumentBuilderImpl.java:342)
	at com.st.stm32cube.ide.mpu.remote.serial.internal.SerialPortProviderWindows.run(SerialPortProviderWindows.java:127)
	at java.base/java.util.TimerThread.mainLoop(Timer.java:566)
	at java.base/java.util.TimerThread.run(Timer.java:516)

!ENTRY com.st.stm32cube.ide.mpu.remote.serial 4 0 2026-04-03 17:29:52.108
!MESSAGE Failed to parse wmic output
!STACK 0
org.xml.sax.SAXParseException; lineNumber: 1; columnNumber: 1; Premature end of file.
	at java.xml/com.sun.org.apache.xerces.internal.parsers.DOMParser.parse(DOMParser.java:262)
	at java.xml/com.sun.org.apache.xerces.internal.jaxp.DocumentBuilderImpl.parse(DocumentBuilderImpl.java:342)
	at com.st.stm32cube.ide.mpu.remote.serial.internal.SerialPortProviderWindows.run(SerialPortProviderWindows.java:127)
	at java.base/java.util.TimerThread.mainLoop(Timer.java:566)
	at java.base/java.util.TimerThread.run(Timer.java:516)

!ENTRY com.st.stm32cube.ide.mpu.remote.serial 4 0 2026-04-03 17:29:53.128
!MESSAGE Failed to parse wmic output
!STACK 0
org.xml.sax.SAXParseException; lineNumber: 1; columnNumber: 1; Premature end of file.
	at java.xml/com.sun.org.apache.xerces.internal.parsers.DOMParser.parse(DOMParser.java:262)
	at java.xml/com.sun.org.apache.xerces.internal.jaxp.DocumentBuilderImpl.parse(DocumentBuilderImpl.java:342)
	at com.st.stm32cube.ide.mpu.remote.serial.internal.SerialPortProviderWindows.run(SerialPortProviderWindows.java:127)
	at java.base/java.util.TimerThread.mainLoop(Timer.java:566)
	at java.base/java.util.TimerThread.run(Timer.java:516)

!ENTRY com.st.stm32cube.ide.mpu.remote.serial 4 0 2026-04-03 17:29:54.105
!MESSAGE Failed to parse wmic output
!STACK 0
org.xml.sax.SAXParseException; lineNumber: 1; columnNumber: 1; Premature end of file.
	at java.xml/com.sun.org.apache.xerces.internal.parsers.DOMParser.parse(DOMParser.java:262)
	at java.xml/com.sun.org.apache.xerces.internal.jaxp.DocumentBuilderImpl.parse(DocumentBuilderImpl.java:342)
	at com.st.stm32cube.ide.mpu.remote.serial.internal.SerialPortProviderWindows.run(SerialPortProviderWindows.java:127)
	at java.base/java.util.TimerThread.mainLoop(Timer.java:566)
	at java.base/java.util.TimerThread.run(Timer.java:516)

!ENTRY com.st.stm32cube.ide.mpu.remote.serial 4 0 2026-04-03 17:29:55.096
!MESSAGE Failed to parse wmic output
!STACK 0
org.xml.sax.SAXParseException; lineNumber: 1; columnNumber: 1; Premature end of file.
	at java.xml/com.sun.org.apache.xerces.internal.parsers.DOMParser.parse(DOMParser.java:262)
	at java.xml/com.sun.org.apache.xerces.internal.jaxp.DocumentBuilderImpl.parse(DocumentBuilderImpl.java:342)
	at com.st.stm32cube.ide.mpu.remote.serial.internal.SerialPortProviderWindows.run(SerialPortProviderWindows.java:127)
	at java.base/java.util.TimerThread.mainLoop(Timer.java:566)
	at java.base/java.util.TimerThread.run(Timer.java:516)

!ENTRY com.st.stm32cube.ide.mpu.remote.serial 4 0 2026-04-03 17:29:56.169
!MESSAGE Failed to parse wmic output
!STACK 0
org.xml.sax.SAXParseException; lineNumber: 1; columnNumber: 1; Premature end of file.
	at java.xml/com.sun.org.apache.xerces.internal.parsers.DOMParser.parse(DOMParser.java:262)
	at java.xml/com.sun.org.apache.xerces.internal.jaxp.DocumentBuilderImpl.parse(DocumentBuilderImpl.java:342)
	at com.st.stm32cube.ide.mpu.remote.serial.internal.SerialPortProviderWindows.run(SerialPortProviderWindows.java:127)
	at java.base/java.util.TimerThread.mainLoop(Timer.java:566)
	at java.base/java.util.TimerThread.run(Timer.java:516)

!ENTRY com.st.stm32cube.ide.mpu.remote.serial 4 0 2026-04-03 17:29:57.148
!MESSAGE Failed to parse wmic output
!STACK 0
org.xml.sax.SAXParseException; lineNumber: 1; columnNumber: 1; Premature end of file.
	at java.xml/com.sun.org.apache.xerces.internal.parsers.DOMParser.parse(DOMParser.java:262)
	at java.xml/com.sun.org.apache.xerces.internal.jaxp.DocumentBuilderImpl.parse(DocumentBuilderImpl.java:342)
	at com.st.stm32cube.ide.mpu.remote.serial.internal.SerialPortProviderWindows.run(SerialPortProviderWindows.java:127)
	at java.base/java.util.TimerThread.mainLoop(Timer.java:566)
	at java.base/java.util.TimerThread.run(Timer.java:516)

!ENTRY com.st.stm32cube.ide.mpu.remote.serial 4 0 2026-04-03 17:29:58.089
!MESSAGE Failed to parse wmic output
!STACK 0
org.xml.sax.SAXParseException; lineNumber: 1; columnNumber: 1; Premature end of file.
	at java.xml/com.sun.org.apache.xerces.internal.parsers.DOMParser.parse(DOMParser.java:262)
	at java.xml/com.sun.org.apache.xerces.internal.jaxp.DocumentBuilderImpl.parse(DocumentBuilderImpl.java:342)
	at com.st.stm32cube.ide.mpu.remote.serial.internal.SerialPortProviderWindows.run(SerialPortProviderWindows.java:127)
	at java.base/java.util.TimerThread.mainLoop(Timer.java:566)
	at java.base/java.util.TimerThread.run(Timer.java:516)

!ENTRY com.st.stm32cube.ide.mpu.remote.serial 4 0 2026-04-03 17:29:59.071
!MESSAGE Failed to parse wmic output
!STACK 0
org.xml.sax.SAXParseException; lineNumber: 1; columnNumber: 1; Premature end of file.
	at java.xml/com.sun.org.apache.xerces.internal.parsers.DOMParser.parse(DOMParser.java:262)
	at java.xml/com.sun.org.apache.xerces.internal.jaxp.DocumentBuilderImpl.parse(DocumentBuilderImpl.java:342)
	at com.st.stm32cube.ide.mpu.remote.serial.internal.SerialPortProviderWindows.run(SerialPortProviderWindows.java:127)
	at java.base/java.util.TimerThread.mainLoop(Timer.java:566)
	at java.base/java.util.TimerThread.run(Timer.java:516)

!ENTRY com.st.stm32cube.ide.mpu.remote.serial 4 0 2026-04-03 17:30:00.080
!MESSAGE Failed to parse wmic output
!STACK 0
org.xml.sax.SAXParseException; lineNumber: 1; columnNumber: 1; Premature end of file.
	at java.xml/com.sun.org.apache.xerces.internal.parsers.DOMParser.parse(DOMParser.java:262)
	at java.xml/com.sun.org.apache.xerces.internal.jaxp.DocumentBuilderImpl.parse(DocumentBuilderImpl.java:342)
	at com.st.stm32cube.ide.mpu.remote.serial.internal.SerialPortProviderWindows.run(SerialPortProviderWindows.java:127)
	at java.base/java.util.TimerThread.mainLoop(Timer.java:566)
	at java.base/java.util.TimerThread.run(Timer.java:516)

!ENTRY com.st.stm32cube.ide.mpu.remote.serial 4 0 2026-04-03 17:30:01.074
!MESSAGE Failed to parse wmic output
!STACK 0
org.xml.sax.SAXParseException; lineNumber: 1; columnNumber: 1; Premature end of file.
	at java.xml/com.sun.org.apache.xerces.internal.parsers.DOMParser.parse(DOMParser.java:262)
	at java.xml/com.sun.org.apache.xerces.internal.jaxp.DocumentBuilderImpl.parse(DocumentBuilderImpl.java:342)
	at com.st.stm32cube.ide.mpu.remote.serial.internal.SerialPortProviderWindows.run(SerialPortProviderWindows.java:127)
	at java.base/java.util.TimerThread.mainLoop(Timer.java:566)
	at java.base/java.util.TimerThread.run(Timer.java:516)

!ENTRY com.st.stm32cube.ide.mpu.remote.serial 4 0 2026-04-03 17:30:02.058
!MESSAGE Failed to parse wmic output
!STACK 0
org.xml.sax.SAXParseException; lineNumber: 1; columnNumber: 1; Premature end of file.
	at java.xml/com.sun.org.apache.xerces.internal.parsers.DOMParser.parse(DOMParser.java:262)
	at java.xml/com.sun.org.apache.xerces.internal.jaxp.DocumentBuilderImpl.parse(DocumentBuilderImpl.java:342)
	at com.st.stm32cube.ide.mpu.remote.serial.internal.SerialPortProviderWindows.run(SerialPortProviderWindows.java:127)
	at java.base/java.util.TimerThread.mainLoop(Timer.java:566)
	at java.base/java.util.TimerThread.run(Timer.java:516)

!ENTRY com.st.stm32cube.ide.mpu.remote.serial 4 0 2026-04-03 17:30:03.070
!MESSAGE Failed to parse wmic output
!STACK 0
org.xml.sax.SAXParseException; lineNumber: 1; columnNumber: 1; Premature end of file.
	at java.xml/com.sun.org.apache.xerces.internal.parsers.DOMParser.parse(DOMParser.java:262)
	at java.xml/com.sun.org.apache.xerces.internal.jaxp.DocumentBuilderImpl.parse(DocumentBuilderImpl.java:342)
	at com.st.stm32cube.ide.mpu.remote.serial.internal.SerialPortProviderWindows.run(SerialPortProviderWindows.java:127)
	at java.base/java.util.TimerThread.mainLoop(Timer.java:566)
	at java.base/java.util.TimerThread.run(Timer.java:516)

!ENTRY com.st.stm32cube.ide.mpu.remote.serial 4 0 2026-04-03 17:30:04.089
!MESSAGE Failed to parse wmic output
!STACK 0
org.xml.sax.SAXParseException; lineNumber: 1; columnNumber: 1; Premature end of file.
	at java.xml/com.sun.org.apache.xerces.internal.parsers.DOMParser.parse(DOMParser.java:262)
	at java.xml/com.sun.org.apache.xerces.internal.jaxp.DocumentBuilderImpl.parse(DocumentBuilderImpl.java:342)
	at com.st.stm32cube.ide.mpu.remote.serial.internal.SerialPortProviderWindows.run(SerialPortProviderWindows.java:127)
	at java.base/java.util.TimerThread.mainLoop(Timer.java:566)
	at java.base/java.util.TimerThread.run(Timer.java:516)

!ENTRY com.st.stm32cube.ide.mpu.remote.serial 4 0 2026-04-03 17:30:05.079
!MESSAGE Failed to parse wmic output
!STACK 0
org.xml.sax.SAXParseException; lineNumber: 1; columnNumber: 1; Premature end of file.
	at java.xml/com.sun.org.apache.xerces.internal.parsers.DOMParser.parse(DOMParser.java:262)
	at java.xml/com.sun.org.apache.xerces.internal.jaxp.DocumentBuilderImpl.parse(DocumentBuilderImpl.java:342)
	at com.st.stm32cube.ide.mpu.remote.serial.internal.SerialPortProviderWindows.run(SerialPortProviderWindows.java:127)
	at java.base/java.util.TimerThread.mainLoop(Timer.java:566)
	at java.base/java.util.TimerThread.run(Timer.java:516)

!ENTRY com.st.stm32cube.ide.mpu.remote.serial 4 0 2026-04-03 17:30:06.070
!MESSAGE Failed to parse wmic output
!STACK 0
org.xml.sax.SAXParseException; lineNumber: 1; columnNumber: 1; Premature end of file.
	at java.xml/com.sun.org.apache.xerces.internal.parsers.DOMParser.parse(DOMParser.java:262)
	at java.xml/com.sun.org.apache.xerces.internal.jaxp.DocumentBuilderImpl.parse(DocumentBuilderImpl.java:342)
	at com.st.stm32cube.ide.mpu.remote.serial.internal.SerialPortProviderWindows.run(SerialPortProviderWindows.java:127)
	at java.base/java.util.TimerThread.mainLoop(Timer.java:566)
	at java.base/java.util.TimerThread.run(Timer.java:516)

!ENTRY com.st.stm32cube.ide.mpu.remote.serial 4 0 2026-04-03 17:30:07.071
!MESSAGE Failed to parse wmic output
!STACK 0
org.xml.sax.SAXParseException; lineNumber: 1; columnNumber: 1; Premature end of file.
	at java.xml/com.sun.org.apache.xerces.internal.parsers.DOMParser.parse(DOMParser.java:262)
	at java.xml/com.sun.org.apache.xerces.internal.jaxp.DocumentBuilderImpl.parse(DocumentBuilderImpl.java:342)
	at com.st.stm32cube.ide.mpu.remote.serial.internal.SerialPortProviderWindows.run(SerialPortProviderWindows.java:127)
	at java.base/java.util.TimerThread.mainLoop(Timer.java:566)
	at java.base/java.util.TimerThread.run(Timer.java:516)

!ENTRY com.st.stm32cube.ide.mpu.remote.serial 4 0 2026-04-03 17:30:08.090
!MESSAGE Failed to parse wmic output
!STACK 0
org.xml.sax.SAXParseException; lineNumber: 1; columnNumber: 1; Premature end of file.
	at java.xml/com.sun.org.apache.xerces.internal.parsers.DOMParser.parse(DOMParser.java:262)
	at java.xml/com.sun.org.apache.xerces.internal.jaxp.DocumentBuilderImpl.parse(DocumentBuilderImpl.java:342)
	at com.st.stm32cube.ide.mpu.remote.serial.internal.SerialPortProviderWindows.run(SerialPortProviderWindows.java:127)
	at java.base/java.util.TimerThread.mainLoop(Timer.java:566)
	at java.base/java.util.TimerThread.run(Timer.java:516)

!ENTRY com.st.stm32cube.ide.mpu.remote.serial 4 0 2026-04-03 17:30:09.070
!MESSAGE Failed to parse wmic output
!STACK 0
org.xml.sax.SAXParseException; lineNumber: 1; columnNumber: 1; Premature end of file.
	at java.xml/com.sun.org.apache.xerces.internal.parsers.DOMParser.parse(DOMParser.java:262)
	at java.xml/com.sun.org.apache.xerces.internal.jaxp.DocumentBuilderImpl.parse(DocumentBuilderImpl.java:342)
	at com.st.stm32cube.ide.mpu.remote.serial.internal.SerialPortProviderWindows.run(SerialPortProviderWindows.java:127)
	at java.base/java.util.TimerThread.mainLoop(Timer.java:566)
	at java.base/java.util.TimerThread.run(Timer.java:516)

!ENTRY com.st.stm32cube.ide.mpu.remote.serial 4 0 2026-04-03 17:30:10.081
!MESSAGE Failed to parse wmic output
!STACK 0
org.xml.sax.SAXParseException; lineNumber: 1; columnNumber: 1; Premature end of file.
	at java.xml/com.sun.org.apache.xerces.internal.parsers.DOMParser.parse(DOMParser.java:262)
	at java.xml/com.sun.org.apache.xerces.internal.jaxp.DocumentBuilderImpl.parse(DocumentBuilderImpl.java:342)
	at com.st.stm32cube.ide.mpu.remote.serial.internal.SerialPortProviderWindows.run(SerialPortProviderWindows.java:127)
	at java.base/java.util.TimerThread.mainLoop(Timer.java:566)
	at java.base/java.util.TimerThread.run(Timer.java:516)

!ENTRY com.st.stm32cube.ide.mpu.remote.serial 4 0 2026-04-03 17:30:11.065
!MESSAGE Failed to parse wmic output
!STACK 0
org.xml.sax.SAXParseException; lineNumber: 1; columnNumber: 1; Premature end of file.
	at java.xml/com.sun.org.apache.xerces.internal.parsers.DOMParser.parse(DOMParser.java:262)
	at java.xml/com.sun.org.apache.xerces.internal.jaxp.DocumentBuilderImpl.parse(DocumentBuilderImpl.java:342)
	at com.st.stm32cube.ide.mpu.remote.serial.internal.SerialPortProviderWindows.run(SerialPortProviderWindows.java:127)
	at java.base/java.util.TimerThread.mainLoop(Timer.java:566)
	at java.base/java.util.TimerThread.run(Timer.java:516)

!ENTRY com.st.stm32cube.ide.mpu.remote.serial 4 0 2026-04-03 17:30:12.072
!MESSAGE Failed to parse wmic output
!STACK 0
org.xml.sax.SAXParseException; lineNumber: 1; columnNumber: 1; Premature end of file.
	at java.xml/com.sun.org.apache.xerces.internal.parsers.DOMParser.parse(DOMParser.java:262)
	at java.xml/com.sun.org.apache.xerces.internal.jaxp.DocumentBuilderImpl.parse(DocumentBuilderImpl.java:342)
	at com.st.stm32cube.ide.mpu.remote.serial.internal.SerialPortProviderWindows.run(SerialPortProviderWindows.java:127)
	at java.base/java.util.TimerThread.mainLoop(Timer.java:566)
	at java.base/java.util.TimerThread.run(Timer.java:516)

!ENTRY com.st.stm32cube.ide.mpu.remote.serial 4 0 2026-04-03 17:30:13.057
!MESSAGE Failed to parse wmic output
!STACK 0
org.xml.sax.SAXParseException; lineNumber: 1; columnNumber: 1; Premature end of file.
	at java.xml/com.sun.org.apache.xerces.internal.parsers.DOMParser.parse(DOMParser.java:262)
	at java.xml/com.sun.org.apache.xerces.internal.jaxp.DocumentBuilderImpl.parse(DocumentBuilderImpl.java:342)
	at com.st.stm32cube.ide.mpu.remote.serial.internal.SerialPortProviderWindows.run(SerialPortProviderWindows.java:127)
	at java.base/java.util.TimerThread.mainLoop(Timer.java:566)
	at java.base/java.util.TimerThread.run(Timer.java:516)

!ENTRY com.st.stm32cube.ide.mpu.remote.serial 4 0 2026-04-03 17:30:14.069
!MESSAGE Failed to parse wmic output
!STACK 0
org.xml.sax.SAXParseException; lineNumber: 1; columnNumber: 1; Premature end of file.
	at java.xml/com.sun.org.apache.xerces.internal.parsers.DOMParser.parse(DOMParser.java:262)
	at java.xml/com.sun.org.apache.xerces.internal.jaxp.DocumentBuilderImpl.parse(DocumentBuilderImpl.java:342)
	at com.st.stm32cube.ide.mpu.remote.serial.internal.SerialPortProviderWindows.run(SerialPortProviderWindows.java:127)
	at java.base/java.util.TimerThread.mainLoop(Timer.java:566)
	at java.base/java.util.TimerThread.run(Timer.java:516)

!ENTRY com.st.stm32cube.ide.mpu.remote.serial 4 0 2026-04-03 17:30:15.063
!MESSAGE Failed to parse wmic output
!STACK 0
org.xml.sax.SAXParseException; lineNumber: 1; columnNumber: 1; Premature end of file.
	at java.xml/com.sun.org.apache.xerces.internal.parsers.DOMParser.parse(DOMParser.java:262)
	at java.xml/com.sun.org.apache.xerces.internal.jaxp.DocumentBuilderImpl.parse(DocumentBuilderImpl.java:342)
	at com.st.stm32cube.ide.mpu.remote.serial.internal.SerialPortProviderWindows.run(SerialPortProviderWindows.java:127)
	at java.base/java.util.TimerThread.mainLoop(Timer.java:566)
	at java.base/java.util.TimerThread.run(Timer.java:516)

!ENTRY com.st.stm32cube.ide.mpu.remote.serial 4 0 2026-04-03 17:30:16.058
!MESSAGE Failed to parse wmic output
!STACK 0
org.xml.sax.SAXParseException; lineNumber: 1; columnNumber: 1; Premature end of file.
	at java.xml/com.sun.org.apache.xerces.internal.parsers.DOMParser.parse(DOMParser.java:262)
	at java.xml/com.sun.org.apache.xerces.internal.jaxp.DocumentBuilderImpl.parse(DocumentBuilderImpl.java:342)
	at com.st.stm32cube.ide.mpu.remote.serial.internal.SerialPortProviderWindows.run(SerialPortProviderWindows.java:127)
	at java.base/java.util.TimerThread.mainLoop(Timer.java:566)
	at java.base/java.util.TimerThread.run(Timer.java:516)

!ENTRY com.st.stm32cube.ide.mpu.remote.serial 4 0 2026-04-03 17:30:17.082
!MESSAGE Failed to parse wmic output
!STACK 0
org.xml.sax.SAXParseException; lineNumber: 1; columnNumber: 1; Premature end of file.
	at java.xml/com.sun.org.apache.xerces.internal.parsers.DOMParser.parse(DOMParser.java:262)
	at java.xml/com.sun.org.apache.xerces.internal.jaxp.DocumentBuilderImpl.parse(DocumentBuilderImpl.java:342)
	at com.st.stm32cube.ide.mpu.remote.serial.internal.SerialPortProviderWindows.run(SerialPortProviderWindows.java:127)
	at java.base/java.util.TimerThread.mainLoop(Timer.java:566)
	at java.base/java.util.TimerThread.run(Timer.java:516)

!ENTRY com.st.stm32cube.ide.mpu.remote.serial 4 0 2026-04-03 17:30:18.090
!MESSAGE Failed to parse wmic output
!STACK 0
org.xml.sax.SAXParseException; lineNumber: 1; columnNumber: 1; Premature end of file.
	at java.xml/com.sun.org.apache.xerces.internal.parsers.DOMParser.parse(DOMParser.java:262)
	at java.xml/com.sun.org.apache.xerces.internal.jaxp.DocumentBuilderImpl.parse(DocumentBuilderImpl.java:342)
	at com.st.stm32cube.ide.mpu.remote.serial.internal.SerialPortProviderWindows.run(SerialPortProviderWindows.java:127)
	at java.base/java.util.TimerThread.mainLoop(Timer.java:566)
	at java.base/java.util.TimerThread.run(Timer.java:516)

!ENTRY com.st.stm32cube.ide.mpu.remote.serial 4 0 2026-04-03 17:30:19.085
!MESSAGE Failed to parse wmic output
!STACK 0
org.xml.sax.SAXParseException; lineNumber: 1; columnNumber: 1; Premature end of file.
	at java.xml/com.sun.org.apache.xerces.internal.parsers.DOMParser.parse(DOMParser.java:262)
	at java.xml/com.sun.org.apache.xerces.internal.jaxp.DocumentBuilderImpl.parse(DocumentBuilderImpl.java:342)
	at com.st.stm32cube.ide.mpu.remote.serial.internal.SerialPortProviderWindows.run(SerialPortProviderWindows.java:127)
	at java.base/java.util.TimerThread.mainLoop(Timer.java:566)
	at java.base/java.util.TimerThread.run(Timer.java:516)

!ENTRY com.st.stm32cube.ide.mpu.remote.serial 4 0 2026-04-03 17:30:20.100
!MESSAGE Failed to parse wmic output
!STACK 0
org.xml.sax.SAXParseException; lineNumber: 1; columnNumber: 1; Premature end of file.
	at java.xml/com.sun.org.apache.xerces.internal.parsers.DOMParser.parse(DOMParser.java:262)
	at java.xml/com.sun.org.apache.xerces.internal.jaxp.DocumentBuilderImpl.parse(DocumentBuilderImpl.java:342)
	at com.st.stm32cube.ide.mpu.remote.serial.internal.SerialPortProviderWindows.run(SerialPortProviderWindows.java:127)
	at java.base/java.util.TimerThread.mainLoop(Timer.java:566)
	at java.base/java.util.TimerThread.run(Timer.java:516)

!ENTRY com.st.stm32cube.ide.mpu.remote.serial 4 0 2026-04-03 17:30:21.072
!MESSAGE Failed to parse wmic output
!STACK 0
org.xml.sax.SAXParseException; lineNumber: 1; columnNumber: 1; Premature end of file.
	at java.xml/com.sun.org.apache.xerces.internal.parsers.DOMParser.parse(DOMParser.java:262)
	at java.xml/com.sun.org.apache.xerces.internal.jaxp.DocumentBuilderImpl.parse(DocumentBuilderImpl.java:342)
	at com.st.stm32cube.ide.mpu.remote.serial.internal.SerialPortProviderWindows.run(SerialPortProviderWindows.java:127)
	at java.base/java.util.TimerThread.mainLoop(Timer.java:566)
	at java.base/java.util.TimerThread.run(Timer.java:516)

!ENTRY com.st.stm32cube.ide.mpu.remote.serial 4 0 2026-04-03 17:30:22.089
!MESSAGE Failed to parse wmic output
!STACK 0
org.xml.sax.SAXParseException; lineNumber: 1; columnNumber: 1; Premature end of file.
	at java.xml/com.sun.org.apache.xerces.internal.parsers.DOMParser.parse(DOMParser.java:262)
	at java.xml/com.sun.org.apache.xerces.internal.jaxp.DocumentBuilderImpl.parse(DocumentBuilderImpl.java:342)
	at com.st.stm32cube.ide.mpu.remote.serial.internal.SerialPortProviderWindows.run(SerialPortProviderWindows.java:127)
	at java.base/java.util.TimerThread.mainLoop(Timer.java:566)
	at java.base/java.util.TimerThread.run(Timer.java:516)

!ENTRY com.st.stm32cube.ide.mpu.remote.serial 4 0 2026-04-03 17:30:23.070
!MESSAGE Failed to parse wmic output
!STACK 0
org.xml.sax.SAXParseException; lineNumber: 1; columnNumber: 1; Premature end of file.
	at java.xml/com.sun.org.apache.xerces.internal.parsers.DOMParser.parse(DOMParser.java:262)
	at java.xml/com.sun.org.apache.xerces.internal.jaxp.DocumentBuilderImpl.parse(DocumentBuilderImpl.java:342)
	at com.st.stm32cube.ide.mpu.remote.serial.internal.SerialPortProviderWindows.run(SerialPortProviderWindows.java:127)
	at java.base/java.util.TimerThread.mainLoop(Timer.java:566)
	at java.base/java.util.TimerThread.run(Timer.java:516)

!ENTRY com.st.stm32cube.ide.mpu.remote.serial 4 0 2026-04-03 17:30:24.076
!MESSAGE Failed to parse wmic output
!STACK 0
org.xml.sax.SAXParseException; lineNumber: 1; columnNumber: 1; Premature end of file.
	at java.xml/com.sun.org.apache.xerces.internal.parsers.DOMParser.parse(DOMParser.java:262)
	at java.xml/com.sun.org.apache.xerces.internal.jaxp.DocumentBuilderImpl.parse(DocumentBuilderImpl.java:342)
	at com.st.stm32cube.ide.mpu.remote.serial.internal.SerialPortProviderWindows.run(SerialPortProviderWindows.java:127)
	at java.base/java.util.TimerThread.mainLoop(Timer.java:566)
	at java.base/java.util.TimerThread.run(Timer.java:516)

!ENTRY com.st.stm32cube.ide.mpu.remote.serial 4 0 2026-04-03 17:30:25.081
!MESSAGE Failed to parse wmic output
!STACK 0
org.xml.sax.SAXParseException; lineNumber: 1; columnNumber: 1; Premature end of file.
	at java.xml/com.sun.org.apache.xerces.internal.parsers.DOMParser.parse(DOMParser.java:262)
	at java.xml/com.sun.org.apache.xerces.internal.jaxp.DocumentBuilderImpl.parse(DocumentBuilderImpl.java:342)
	at com.st.stm32cube.ide.mpu.remote.serial.internal.SerialPortProviderWindows.run(SerialPortProviderWindows.java:127)
	at java.base/java.util.TimerThread.mainLoop(Timer.java:566)
	at java.base/java.util.TimerThread.run(Timer.java:516)

!ENTRY com.st.stm32cube.ide.mpu.remote.serial 4 0 2026-04-03 17:30:26.087
!MESSAGE Failed to parse wmic output
!STACK 0
org.xml.sax.SAXParseException; lineNumber: 1; columnNumber: 1; Premature end of file.
	at java.xml/com.sun.org.apache.xerces.internal.parsers.DOMParser.parse(DOMParser.java:262)
	at java.xml/com.sun.org.apache.xerces.internal.jaxp.DocumentBuilderImpl.parse(DocumentBuilderImpl.java:342)
	at com.st.stm32cube.ide.mpu.remote.serial.internal.SerialPortProviderWindows.run(SerialPortProviderWindows.java:127)
	at java.base/java.util.TimerThread.mainLoop(Timer.java:566)
	at java.base/java.util.TimerThread.run(Timer.java:516)

!ENTRY com.st.stm32cube.ide.mpu.remote.serial 4 0 2026-04-03 17:30:27.092
!MESSAGE Failed to parse wmic output
!STACK 0
org.xml.sax.SAXParseException; lineNumber: 1; columnNumber: 1; Premature end of file.
	at java.xml/com.sun.org.apache.xerces.internal.parsers.DOMParser.parse(DOMParser.java:262)
	at java.xml/com.sun.org.apache.xerces.internal.jaxp.DocumentBuilderImpl.parse(DocumentBuilderImpl.java:342)
	at com.st.stm32cube.ide.mpu.remote.serial.internal.SerialPortProviderWindows.run(SerialPortProviderWindows.java:127)
	at java.base/java.util.TimerThread.mainLoop(Timer.java:566)
	at java.base/java.util.TimerThread.run(Timer.java:516)

!ENTRY com.st.stm32cube.ide.mpu.remote.serial 4 0 2026-04-03 17:30:28.057
!MESSAGE Failed to parse wmic output
!STACK 0
org.xml.sax.SAXParseException; lineNumber: 1; columnNumber: 1; Premature end of file.
	at java.xml/com.sun.org.apache.xerces.internal.parsers.DOMParser.parse(DOMParser.java:262)
	at java.xml/com.sun.org.apache.xerces.internal.jaxp.DocumentBuilderImpl.parse(DocumentBuilderImpl.java:342)
	at com.st.stm32cube.ide.mpu.remote.serial.internal.SerialPortProviderWindows.run(SerialPortProviderWindows.java:127)
	at java.base/java.util.TimerThread.mainLoop(Timer.java:566)
	at java.base/java.util.TimerThread.run(Timer.java:516)

!ENTRY com.st.stm32cube.ide.mpu.remote.serial 4 0 2026-04-03 17:30:29.088
!MESSAGE Failed to parse wmic output
!STACK 0
org.xml.sax.SAXParseException; lineNumber: 1; columnNumber: 1; Premature end of file.
	at java.xml/com.sun.org.apache.xerces.internal.parsers.DOMParser.parse(DOMParser.java:262)
	at java.xml/com.sun.org.apache.xerces.internal.jaxp.DocumentBuilderImpl.parse(DocumentBuilderImpl.java:342)
	at com.st.stm32cube.ide.mpu.remote.serial.internal.SerialPortProviderWindows.run(SerialPortProviderWindows.java:127)
	at java.base/java.util.TimerThread.mainLoop(Timer.java:566)
	at java.base/java.util.TimerThread.run(Timer.java:516)

!ENTRY com.st.stm32cube.ide.mpu.remote.serial 4 0 2026-04-03 17:30:30.074
!MESSAGE Failed to parse wmic output
!STACK 0
org.xml.sax.SAXParseException; lineNumber: 1; columnNumber: 1; Premature end of file.
	at java.xml/com.sun.org.apache.xerces.internal.parsers.DOMParser.parse(DOMParser.java:262)
	at java.xml/com.sun.org.apache.xerces.internal.jaxp.DocumentBuilderImpl.parse(DocumentBuilderImpl.java:342)
	at com.st.stm32cube.ide.mpu.remote.serial.internal.SerialPortProviderWindows.run(SerialPortProviderWindows.java:127)
	at java.base/java.util.TimerThread.mainLoop(Timer.java:566)
	at java.base/java.util.TimerThread.run(Timer.java:516)

!ENTRY com.st.stm32cube.ide.mpu.remote.serial 4 0 2026-04-03 17:30:31.075
!MESSAGE Failed to parse wmic output
!STACK 0
org.xml.sax.SAXParseException; lineNumber: 1; columnNumber: 1; Premature end of file.
	at java.xml/com.sun.org.apache.xerces.internal.parsers.DOMParser.parse(DOMParser.java:262)
	at java.xml/com.sun.org.apache.xerces.internal.jaxp.DocumentBuilderImpl.parse(DocumentBuilderImpl.java:342)
	at com.st.stm32cube.ide.mpu.remote.serial.internal.SerialPortProviderWindows.run(SerialPortProviderWindows.java:127)
	at java.base/java.util.TimerThread.mainLoop(Timer.java:566)
	at java.base/java.util.TimerThread.run(Timer.java:516)

!ENTRY com.st.stm32cube.ide.mpu.remote.serial 4 0 2026-04-03 17:30:32.055
!MESSAGE Failed to parse wmic output
!STACK 0
org.xml.sax.SAXParseException; lineNumber: 1; columnNumber: 1; Premature end of file.
	at java.xml/com.sun.org.apache.xerces.internal.parsers.DOMParser.parse(DOMParser.java:262)
	at java.xml/com.sun.org.apache.xerces.internal.jaxp.DocumentBuilderImpl.parse(DocumentBuilderImpl.java:342)
	at com.st.stm32cube.ide.mpu.remote.serial.internal.SerialPortProviderWindows.run(SerialPortProviderWindows.java:127)
	at java.base/java.util.TimerThread.mainLoop(Timer.java:566)
	at java.base/java.util.TimerThread.run(Timer.java:516)

!ENTRY com.st.stm32cube.ide.mpu.remote.serial 4 0 2026-04-03 17:30:33.078
!MESSAGE Failed to parse wmic output
!STACK 0
org.xml.sax.SAXParseException; lineNumber: 1; columnNumber: 1; Premature end of file.
	at java.xml/com.sun.org.apache.xerces.internal.parsers.DOMParser.parse(DOMParser.java:262)
	at java.xml/com.sun.org.apache.xerces.internal.jaxp.DocumentBuilderImpl.parse(DocumentBuilderImpl.java:342)
	at com.st.stm32cube.ide.mpu.remote.serial.internal.SerialPortProviderWindows.run(SerialPortProviderWindows.java:127)
	at java.base/java.util.TimerThread.mainLoop(Timer.java:566)
	at java.base/java.util.TimerThread.run(Timer.java:516)

!ENTRY com.st.stm32cube.ide.mpu.remote.serial 4 0 2026-04-03 17:30:34.053
!MESSAGE Failed to parse wmic output
!STACK 0
org.xml.sax.SAXParseException; lineNumber: 1; columnNumber: 1; Premature end of file.
	at java.xml/com.sun.org.apache.xerces.internal.parsers.DOMParser.parse(DOMParser.java:262)
	at java.xml/com.sun.org.apache.xerces.internal.jaxp.DocumentBuilderImpl.parse(DocumentBuilderImpl.java:342)
	at com.st.stm32cube.ide.mpu.remote.serial.internal.SerialPortProviderWindows.run(SerialPortProviderWindows.java:127)
	at java.base/java.util.TimerThread.mainLoop(Timer.java:566)
	at java.base/java.util.TimerThread.run(Timer.java:516)

!ENTRY com.st.stm32cube.ide.mpu.remote.serial 4 0 2026-04-03 17:30:35.061
!MESSAGE Failed to parse wmic output
!STACK 0
org.xml.sax.SAXParseException; lineNumber: 1; columnNumber: 1; Premature end of file.
	at java.xml/com.sun.org.apache.xerces.internal.parsers.DOMParser.parse(DOMParser.java:262)
	at java.xml/com.sun.org.apache.xerces.internal.jaxp.DocumentBuilderImpl.parse(DocumentBuilderImpl.java:342)
	at com.st.stm32cube.ide.mpu.remote.serial.internal.SerialPortProviderWindows.run(SerialPortProviderWindows.java:127)
	at java.base/java.util.TimerThread.mainLoop(Timer.java:566)
	at java.base/java.util.TimerThread.run(Timer.java:516)

!ENTRY com.st.stm32cube.ide.mpu.remote.serial 4 0 2026-04-03 17:30:36.063
!MESSAGE Failed to parse wmic output
!STACK 0
org.xml.sax.SAXParseException; lineNumber: 1; columnNumber: 1; Premature end of file.
	at java.xml/com.sun.org.apache.xerces.internal.parsers.DOMParser.parse(DOMParser.java:262)
	at java.xml/com.sun.org.apache.xerces.internal.jaxp.DocumentBuilderImpl.parse(DocumentBuilderImpl.java:342)
	at com.st.stm32cube.ide.mpu.remote.serial.internal.SerialPortProviderWindows.run(SerialPortProviderWindows.java:127)
	at java.base/java.util.TimerThread.mainLoop(Timer.java:566)
	at java.base/java.util.TimerThread.run(Timer.java:516)

!ENTRY com.st.stm32cube.ide.mpu.remote.serial 4 0 2026-04-03 17:30:37.054
!MESSAGE Failed to parse wmic output
!STACK 0
org.xml.sax.SAXParseException; lineNumber: 1; columnNumber: 1; Premature end of file.
	at java.xml/com.sun.org.apache.xerces.internal.parsers.DOMParser.parse(DOMParser.java:262)
	at java.xml/com.sun.org.apache.xerces.internal.jaxp.DocumentBuilderImpl.parse(DocumentBuilderImpl.java:342)
	at com.st.stm32cube.ide.mpu.remote.serial.internal.SerialPortProviderWindows.run(SerialPortProviderWindows.java:127)
	at java.base/java.util.TimerThread.mainLoop(Timer.java:566)
	at java.base/java.util.TimerThread.run(Timer.java:516)

!ENTRY com.st.stm32cube.ide.mpu.remote.serial 4 0 2026-04-03 17:30:38.061
!MESSAGE Failed to parse wmic output
!STACK 0
org.xml.sax.SAXParseException; lineNumber: 1; columnNumber: 1; Premature end of file.
	at java.xml/com.sun.org.apache.xerces.internal.parsers.DOMParser.parse(DOMParser.java:262)
	at java.xml/com.sun.org.apache.xerces.internal.jaxp.DocumentBuilderImpl.parse(DocumentBuilderImpl.java:342)
	at com.st.stm32cube.ide.mpu.remote.serial.internal.SerialPortProviderWindows.run(SerialPortProviderWindows.java:127)
	at java.base/java.util.TimerThread.mainLoop(Timer.java:566)
	at java.base/java.util.TimerThread.run(Timer.java:516)

!ENTRY com.st.stm32cube.ide.mpu.remote.serial 4 0 2026-04-03 17:30:39.063
!MESSAGE Failed to parse wmic output
!STACK 0
org.xml.sax.SAXParseException; lineNumber: 1; columnNumber: 1; Premature end of file.
	at java.xml/com.sun.org.apache.xerces.internal.parsers.DOMParser.parse(DOMParser.java:262)
	at java.xml/com.sun.org.apache.xerces.internal.jaxp.DocumentBuilderImpl.parse(DocumentBuilderImpl.java:342)
	at com.st.stm32cube.ide.mpu.remote.serial.internal.SerialPortProviderWindows.run(SerialPortProviderWindows.java:127)
	at java.base/java.util.TimerThread.mainLoop(Timer.java:566)
	at java.base/java.util.TimerThread.run(Timer.java:516)

!ENTRY com.st.stm32cube.ide.mpu.remote.serial 4 0 2026-04-03 17:30:40.080
!MESSAGE Failed to parse wmic output
!STACK 0
org.xml.sax.SAXParseException; lineNumber: 1; columnNumber: 1; Premature end of file.
	at java.xml/com.sun.org.apache.xerces.internal.parsers.DOMParser.parse(DOMParser.java:262)
	at java.xml/com.sun.org.apache.xerces.internal.jaxp.DocumentBuilderImpl.parse(DocumentBuilderImpl.java:342)
	at com.st.stm32cube.ide.mpu.remote.serial.internal.SerialPortProviderWindows.run(SerialPortProviderWindows.java:127)
	at java.base/java.util.TimerThread.mainLoop(Timer.java:566)
	at java.base/java.util.TimerThread.run(Timer.java:516)

!ENTRY com.st.stm32cube.ide.mpu.remote.serial 4 0 2026-04-03 17:30:41.063
!MESSAGE Failed to parse wmic output
!STACK 0
org.xml.sax.SAXParseException; lineNumber: 1; columnNumber: 1; Premature end of file.
	at java.xml/com.sun.org.apache.xerces.internal.parsers.DOMParser.parse(DOMParser.java:262)
	at java.xml/com.sun.org.apache.xerces.internal.jaxp.DocumentBuilderImpl.parse(DocumentBuilderImpl.java:342)
	at com.st.stm32cube.ide.mpu.remote.serial.internal.SerialPortProviderWindows.run(SerialPortProviderWindows.java:127)
	at java.base/java.util.TimerThread.mainLoop(Timer.java:566)
	at java.base/java.util.TimerThread.run(Timer.java:516)

!ENTRY com.st.stm32cube.ide.mpu.remote.serial 4 0 2026-04-03 17:30:42.057
!MESSAGE Failed to parse wmic output
!STACK 0
org.xml.sax.SAXParseException; lineNumber: 1; columnNumber: 1; Premature end of file.
	at java.xml/com.sun.org.apache.xerces.internal.parsers.DOMParser.parse(DOMParser.java:262)
	at java.xml/com.sun.org.apache.xerces.internal.jaxp.DocumentBuilderImpl.parse(DocumentBuilderImpl.java:342)
	at com.st.stm32cube.ide.mpu.remote.serial.internal.SerialPortProviderWindows.run(SerialPortProviderWindows.java:127)
	at java.base/java.util.TimerThread.mainLoop(Timer.java:566)
	at java.base/java.util.TimerThread.run(Timer.java:516)

!ENTRY com.st.stm32cube.ide.mpu.remote.serial 4 0 2026-04-03 17:30:43.068
!MESSAGE Failed to parse wmic output
!STACK 0
org.xml.sax.SAXParseException; lineNumber: 1; columnNumber: 1; Premature end of file.
	at java.xml/com.sun.org.apache.xerces.internal.parsers.DOMParser.parse(DOMParser.java:262)
	at java.xml/com.sun.org.apache.xerces.internal.jaxp.DocumentBuilderImpl.parse(DocumentBuilderImpl.java:342)
	at com.st.stm32cube.ide.mpu.remote.serial.internal.SerialPortProviderWindows.run(SerialPortProviderWindows.java:127)
	at java.base/java.util.TimerThread.mainLoop(Timer.java:566)
	at java.base/java.util.TimerThread.run(Timer.java:516)

!ENTRY com.st.stm32cube.ide.mpu.remote.serial 4 0 2026-04-03 17:30:44.056
!MESSAGE Failed to parse wmic output
!STACK 0
org.xml.sax.SAXParseException; lineNumber: 1; columnNumber: 1; Premature end of file.
	at java.xml/com.sun.org.apache.xerces.internal.parsers.DOMParser.parse(DOMParser.java:262)
	at java.xml/com.sun.org.apache.xerces.internal.jaxp.DocumentBuilderImpl.parse(DocumentBuilderImpl.java:342)
	at com.st.stm32cube.ide.mpu.remote.serial.internal.SerialPortProviderWindows.run(SerialPortProviderWindows.java:127)
	at java.base/java.util.TimerThread.mainLoop(Timer.java:566)
	at java.base/java.util.TimerThread.run(Timer.java:516)

!ENTRY com.st.stm32cube.ide.mpu.remote.serial 4 0 2026-04-03 17:30:45.058
!MESSAGE Failed to parse wmic output
!STACK 0
org.xml.sax.SAXParseException; lineNumber: 1; columnNumber: 1; Premature end of file.
	at java.xml/com.sun.org.apache.xerces.internal.parsers.DOMParser.parse(DOMParser.java:262)
	at java.xml/com.sun.org.apache.xerces.internal.jaxp.DocumentBuilderImpl.parse(DocumentBuilderImpl.java:342)
	at com.st.stm32cube.ide.mpu.remote.serial.internal.SerialPortProviderWindows.run(SerialPortProviderWindows.java:127)
	at java.base/java.util.TimerThread.mainLoop(Timer.java:566)
	at java.base/java.util.TimerThread.run(Timer.java:516)

!ENTRY com.st.stm32cube.ide.mpu.remote.serial 4 0 2026-04-03 17:30:46.070
!MESSAGE Failed to parse wmic output
!STACK 0
org.xml.sax.SAXParseException; lineNumber: 1; columnNumber: 1; Premature end of file.
	at java.xml/com.sun.org.apache.xerces.internal.parsers.DOMParser.parse(DOMParser.java:262)
	at java.xml/com.sun.org.apache.xerces.internal.jaxp.DocumentBuilderImpl.parse(DocumentBuilderImpl.java:342)
	at com.st.stm32cube.ide.mpu.remote.serial.internal.SerialPortProviderWindows.run(SerialPortProviderWindows.java:127)
	at java.base/java.util.TimerThread.mainLoop(Timer.java:566)
	at java.base/java.util.TimerThread.run(Timer.java:516)

!ENTRY com.st.stm32cube.ide.mpu.remote.serial 4 0 2026-04-03 17:30:47.059
!MESSAGE Failed to parse wmic output
!STACK 0
org.xml.sax.SAXParseException; lineNumber: 1; columnNumber: 1; Premature end of file.
	at java.xml/com.sun.org.apache.xerces.internal.parsers.DOMParser.parse(DOMParser.java:262)
	at java.xml/com.sun.org.apache.xerces.internal.jaxp.DocumentBuilderImpl.parse(DocumentBuilderImpl.java:342)
	at com.st.stm32cube.ide.mpu.remote.serial.internal.SerialPortProviderWindows.run(SerialPortProviderWindows.java:127)
	at java.base/java.util.TimerThread.mainLoop(Timer.java:566)
	at java.base/java.util.TimerThread.run(Timer.java:516)

!ENTRY com.st.stm32cube.ide.mpu.remote.serial 4 0 2026-04-03 17:30:48.080
!MESSAGE Failed to parse wmic output
!STACK 0
org.xml.sax.SAXParseException; lineNumber: 1; columnNumber: 1; Premature end of file.
	at java.xml/com.sun.org.apache.xerces.internal.parsers.DOMParser.parse(DOMParser.java:262)
	at java.xml/com.sun.org.apache.xerces.internal.jaxp.DocumentBuilderImpl.parse(DocumentBuilderImpl.java:342)
	at com.st.stm32cube.ide.mpu.remote.serial.internal.SerialPortProviderWindows.run(SerialPortProviderWindows.java:127)
	at java.base/java.util.TimerThread.mainLoop(Timer.java:566)
	at java.base/java.util.TimerThread.run(Timer.java:516)

!ENTRY com.st.stm32cube.ide.mpu.remote.serial 4 0 2026-04-03 17:30:49.079
!MESSAGE Failed to parse wmic output
!STACK 0
org.xml.sax.SAXParseException; lineNumber: 1; columnNumber: 1; Premature end of file.
	at java.xml/com.sun.org.apache.xerces.internal.parsers.DOMParser.parse(DOMParser.java:262)
	at java.xml/com.sun.org.apache.xerces.internal.jaxp.DocumentBuilderImpl.parse(DocumentBuilderImpl.java:342)
	at com.st.stm32cube.ide.mpu.remote.serial.internal.SerialPortProviderWindows.run(SerialPortProviderWindows.java:127)
	at java.base/java.util.TimerThread.mainLoop(Timer.java:566)
	at java.base/java.util.TimerThread.run(Timer.java:516)

!ENTRY com.st.stm32cube.ide.mpu.remote.serial 4 0 2026-04-03 17:30:50.056
!MESSAGE Failed to parse wmic output
!STACK 0
org.xml.sax.SAXParseException; lineNumber: 1; columnNumber: 1; Premature end of file.
	at java.xml/com.sun.org.apache.xerces.internal.parsers.DOMParser.parse(DOMParser.java:262)
	at java.xml/com.sun.org.apache.xerces.internal.jaxp.DocumentBuilderImpl.parse(DocumentBuilderImpl.java:342)
	at com.st.stm32cube.ide.mpu.remote.serial.internal.SerialPortProviderWindows.run(SerialPortProviderWindows.java:127)
	at java.base/java.util.TimerThread.mainLoop(Timer.java:566)
	at java.base/java.util.TimerThread.run(Timer.java:516)

!ENTRY com.st.stm32cube.ide.mpu.remote.serial 4 0 2026-04-03 17:30:51.070
!MESSAGE Failed to parse wmic output
!STACK 0
org.xml.sax.SAXParseException; lineNumber: 1; columnNumber: 1; Premature end of file.
	at java.xml/com.sun.org.apache.xerces.internal.parsers.DOMParser.parse(DOMParser.java:262)
	at java.xml/com.sun.org.apache.xerces.internal.jaxp.DocumentBuilderImpl.parse(DocumentBuilderImpl.java:342)
	at com.st.stm32cube.ide.mpu.remote.serial.internal.SerialPortProviderWindows.run(SerialPortProviderWindows.java:127)
	at java.base/java.util.TimerThread.mainLoop(Timer.java:566)
	at java.base/java.util.TimerThread.run(Timer.java:516)

!ENTRY com.st.stm32cube.ide.mpu.remote.serial 4 0 2026-04-03 17:30:52.077
!MESSAGE Failed to parse wmic output
!STACK 0
org.xml.sax.SAXParseException; lineNumber: 1; columnNumber: 1; Premature end of file.
	at java.xml/com.sun.org.apache.xerces.internal.parsers.DOMParser.parse(DOMParser.java:262)
	at java.xml/com.sun.org.apache.xerces.internal.jaxp.DocumentBuilderImpl.parse(DocumentBuilderImpl.java:342)
	at com.st.stm32cube.ide.mpu.remote.serial.internal.SerialPortProviderWindows.run(SerialPortProviderWindows.java:127)
	at java.base/java.util.TimerThread.mainLoop(Timer.java:566)
	at java.base/java.util.TimerThread.run(Timer.java:516)

!ENTRY com.st.stm32cube.ide.mpu.remote.serial 4 0 2026-04-03 17:30:53.077
!MESSAGE Failed to parse wmic output
!STACK 0
org.xml.sax.SAXParseException; lineNumber: 1; columnNumber: 1; Premature end of file.
	at java.xml/com.sun.org.apache.xerces.internal.parsers.DOMParser.parse(DOMParser.java:262)
	at java.xml/com.sun.org.apache.xerces.internal.jaxp.DocumentBuilderImpl.parse(DocumentBuilderImpl.java:342)
	at com.st.stm32cube.ide.mpu.remote.serial.internal.SerialPortProviderWindows.run(SerialPortProviderWindows.java:127)
	at java.base/java.util.TimerThread.mainLoop(Timer.java:566)
	at java.base/java.util.TimerThread.run(Timer.java:516)

!ENTRY com.st.stm32cube.ide.mpu.remote.serial 4 0 2026-04-03 17:30:54.055
!MESSAGE Failed to parse wmic output
!STACK 0
org.xml.sax.SAXParseException; lineNumber: 1; columnNumber: 1; Premature end of file.
	at java.xml/com.sun.org.apache.xerces.internal.parsers.DOMParser.parse(DOMParser.java:262)
	at java.xml/com.sun.org.apache.xerces.internal.jaxp.DocumentBuilderImpl.parse(DocumentBuilderImpl.java:342)
	at com.st.stm32cube.ide.mpu.remote.serial.internal.SerialPortProviderWindows.run(SerialPortProviderWindows.java:127)
	at java.base/java.util.TimerThread.mainLoop(Timer.java:566)
	at java.base/java.util.TimerThread.run(Timer.java:516)

!ENTRY com.st.stm32cube.ide.mpu.remote.serial 4 0 2026-04-03 17:30:55.068
!MESSAGE Failed to parse wmic output
!STACK 0
org.xml.sax.SAXParseException; lineNumber: 1; columnNumber: 1; Premature end of file.
	at java.xml/com.sun.org.apache.xerces.internal.parsers.DOMParser.parse(DOMParser.java:262)
	at java.xml/com.sun.org.apache.xerces.internal.jaxp.DocumentBuilderImpl.parse(DocumentBuilderImpl.java:342)
	at com.st.stm32cube.ide.mpu.remote.serial.internal.SerialPortProviderWindows.run(SerialPortProviderWindows.java:127)
	at java.base/java.util.TimerThread.mainLoop(Timer.java:566)
	at java.base/java.util.TimerThread.run(Timer.java:516)

!ENTRY com.st.stm32cube.ide.mpu.remote.serial 4 0 2026-04-03 17:30:56.078
!MESSAGE Failed to parse wmic output
!STACK 0
org.xml.sax.SAXParseException; lineNumber: 1; columnNumber: 1; Premature end of file.
	at java.xml/com.sun.org.apache.xerces.internal.parsers.DOMParser.parse(DOMParser.java:262)
	at java.xml/com.sun.org.apache.xerces.internal.jaxp.DocumentBuilderImpl.parse(DocumentBuilderImpl.java:342)
	at com.st.stm32cube.ide.mpu.remote.serial.internal.SerialPortProviderWindows.run(SerialPortProviderWindows.java:127)
	at java.base/java.util.TimerThread.mainLoop(Timer.java:566)
	at java.base/java.util.TimerThread.run(Timer.java:516)

!ENTRY com.st.stm32cube.ide.mpu.remote.serial 4 0 2026-04-03 17:30:57.080
!MESSAGE Failed to parse wmic output
!STACK 0
org.xml.sax.SAXParseException; lineNumber: 1; columnNumber: 1; Premature end of file.
	at java.xml/com.sun.org.apache.xerces.internal.parsers.DOMParser.parse(DOMParser.java:262)
	at java.xml/com.sun.org.apache.xerces.internal.jaxp.DocumentBuilderImpl.parse(DocumentBuilderImpl.java:342)
	at com.st.stm32cube.ide.mpu.remote.serial.internal.SerialPortProviderWindows.run(SerialPortProviderWindows.java:127)
	at java.base/java.util.TimerThread.mainLoop(Timer.java:566)
	at java.base/java.util.TimerThread.run(Timer.java:516)

!ENTRY com.st.stm32cube.ide.mpu.remote.serial 4 0 2026-04-03 17:30:58.082
!MESSAGE Failed to parse wmic output
!STACK 0
org.xml.sax.SAXParseException; lineNumber: 1; columnNumber: 1; Premature end of file.
	at java.xml/com.sun.org.apache.xerces.internal.parsers.DOMParser.parse(DOMParser.java:262)
	at java.xml/com.sun.org.apache.xerces.internal.jaxp.DocumentBuilderImpl.parse(DocumentBuilderImpl.java:342)
	at com.st.stm32cube.ide.mpu.remote.serial.internal.SerialPortProviderWindows.run(SerialPortProviderWindows.java:127)
	at java.base/java.util.TimerThread.mainLoop(Timer.java:566)
	at java.base/java.util.TimerThread.run(Timer.java:516)

!ENTRY com.st.stm32cube.ide.mpu.remote.serial 4 0 2026-04-03 17:30:59.061
!MESSAGE Failed to parse wmic output
!STACK 0
org.xml.sax.SAXParseException; lineNumber: 1; columnNumber: 1; Premature end of file.
	at java.xml/com.sun.org.apache.xerces.internal.parsers.DOMParser.parse(DOMParser.java:262)
	at java.xml/com.sun.org.apache.xerces.internal.jaxp.DocumentBuilderImpl.parse(DocumentBuilderImpl.java:342)
	at com.st.stm32cube.ide.mpu.remote.serial.internal.SerialPortProviderWindows.run(SerialPortProviderWindows.java:127)
	at java.base/java.util.TimerThread.mainLoop(Timer.java:566)
	at java.base/java.util.TimerThread.run(Timer.java:516)

!ENTRY com.st.stm32cube.ide.mpu.remote.serial 4 0 2026-04-03 17:31:00.063
!MESSAGE Failed to parse wmic output
!STACK 0
org.xml.sax.SAXParseException; lineNumber: 1; columnNumber: 1; Premature end of file.
	at java.xml/com.sun.org.apache.xerces.internal.parsers.DOMParser.parse(DOMParser.java:262)
	at java.xml/com.sun.org.apache.xerces.internal.jaxp.DocumentBuilderImpl.parse(DocumentBuilderImpl.java:342)
	at com.st.stm32cube.ide.mpu.remote.serial.internal.SerialPortProviderWindows.run(SerialPortProviderWindows.java:127)
	at java.base/java.util.TimerThread.mainLoop(Timer.java:566)
	at java.base/java.util.TimerThread.run(Timer.java:516)

!ENTRY com.st.stm32cube.ide.mpu.remote.serial 4 0 2026-04-03 17:31:01.066
!MESSAGE Failed to parse wmic output
!STACK 0
org.xml.sax.SAXParseException; lineNumber: 1; columnNumber: 1; Premature end of file.
	at java.xml/com.sun.org.apache.xerces.internal.parsers.DOMParser.parse(DOMParser.java:262)
	at java.xml/com.sun.org.apache.xerces.internal.jaxp.DocumentBuilderImpl.parse(DocumentBuilderImpl.java:342)
	at com.st.stm32cube.ide.mpu.remote.serial.internal.SerialPortProviderWindows.run(SerialPortProviderWindows.java:127)
	at java.base/java.util.TimerThread.mainLoop(Timer.java:566)
	at java.base/java.util.TimerThread.run(Timer.java:516)

!ENTRY com.st.stm32cube.ide.mpu.remote.serial 4 0 2026-04-03 17:31:02.071
!MESSAGE Failed to parse wmic output
!STACK 0
org.xml.sax.SAXParseException; lineNumber: 1; columnNumber: 1; Premature end of file.
	at java.xml/com.sun.org.apache.xerces.internal.parsers.DOMParser.parse(DOMParser.java:262)
	at java.xml/com.sun.org.apache.xerces.internal.jaxp.DocumentBuilderImpl.parse(DocumentBuilderImpl.java:342)
	at com.st.stm32cube.ide.mpu.remote.serial.internal.SerialPortProviderWindows.run(SerialPortProviderWindows.java:127)
	at java.base/java.util.TimerThread.mainLoop(Timer.java:566)
	at java.base/java.util.TimerThread.run(Timer.java:516)

!ENTRY com.st.stm32cube.ide.mpu.remote.serial 4 0 2026-04-03 17:31:03.079
!MESSAGE Failed to parse wmic output
!STACK 0
org.xml.sax.SAXParseException; lineNumber: 1; columnNumber: 1; Premature end of file.
	at java.xml/com.sun.org.apache.xerces.internal.parsers.DOMParser.parse(DOMParser.java:262)
	at java.xml/com.sun.org.apache.xerces.internal.jaxp.DocumentBuilderImpl.parse(DocumentBuilderImpl.java:342)
	at com.st.stm32cube.ide.mpu.remote.serial.internal.SerialPortProviderWindows.run(SerialPortProviderWindows.java:127)
	at java.base/java.util.TimerThread.mainLoop(Timer.java:566)
	at java.base/java.util.TimerThread.run(Timer.java:516)

!ENTRY com.st.stm32cube.ide.mpu.remote.serial 4 0 2026-04-03 17:31:04.070
!MESSAGE Failed to parse wmic output
!STACK 0
org.xml.sax.SAXParseException; lineNumber: 1; columnNumber: 1; Premature end of file.
	at java.xml/com.sun.org.apache.xerces.internal.parsers.DOMParser.parse(DOMParser.java:262)
	at java.xml/com.sun.org.apache.xerces.internal.jaxp.DocumentBuilderImpl.parse(DocumentBuilderImpl.java:342)
	at com.st.stm32cube.ide.mpu.remote.serial.internal.SerialPortProviderWindows.run(SerialPortProviderWindows.java:127)
	at java.base/java.util.TimerThread.mainLoop(Timer.java:566)
	at java.base/java.util.TimerThread.run(Timer.java:516)

!ENTRY com.st.stm32cube.ide.mpu.remote.serial 4 0 2026-04-03 17:31:05.083
!MESSAGE Failed to parse wmic output
!STACK 0
org.xml.sax.SAXParseException; lineNumber: 1; columnNumber: 1; Premature end of file.
	at java.xml/com.sun.org.apache.xerces.internal.parsers.DOMParser.parse(DOMParser.java:262)
	at java.xml/com.sun.org.apache.xerces.internal.jaxp.DocumentBuilderImpl.parse(DocumentBuilderImpl.java:342)
	at com.st.stm32cube.ide.mpu.remote.serial.internal.SerialPortProviderWindows.run(SerialPortProviderWindows.java:127)
	at java.base/java.util.TimerThread.mainLoop(Timer.java:566)
	at java.base/java.util.TimerThread.run(Timer.java:516)

!ENTRY com.st.stm32cube.ide.mpu.remote.serial 4 0 2026-04-03 17:31:06.067
!MESSAGE Failed to parse wmic output
!STACK 0
org.xml.sax.SAXParseException; lineNumber: 1; columnNumber: 1; Premature end of file.
	at java.xml/com.sun.org.apache.xerces.internal.parsers.DOMParser.parse(DOMParser.java:262)
	at java.xml/com.sun.org.apache.xerces.internal.jaxp.DocumentBuilderImpl.parse(DocumentBuilderImpl.java:342)
	at com.st.stm32cube.ide.mpu.remote.serial.internal.SerialPortProviderWindows.run(SerialPortProviderWindows.java:127)
	at java.base/java.util.TimerThread.mainLoop(Timer.java:566)
	at java.base/java.util.TimerThread.run(Timer.java:516)

!ENTRY com.st.stm32cube.ide.mpu.remote.serial 4 0 2026-04-03 17:31:07.070
!MESSAGE Failed to parse wmic output
!STACK 0
org.xml.sax.SAXParseException; lineNumber: 1; columnNumber: 1; Premature end of file.
	at java.xml/com.sun.org.apache.xerces.internal.parsers.DOMParser.parse(DOMParser.java:262)
	at java.xml/com.sun.org.apache.xerces.internal.jaxp.DocumentBuilderImpl.parse(DocumentBuilderImpl.java:342)
	at com.st.stm32cube.ide.mpu.remote.serial.internal.SerialPortProviderWindows.run(SerialPortProviderWindows.java:127)
	at java.base/java.util.TimerThread.mainLoop(Timer.java:566)
	at java.base/java.util.TimerThread.run(Timer.java:516)

!ENTRY com.st.stm32cube.ide.mpu.remote.serial 4 0 2026-04-03 17:31:08.077
!MESSAGE Failed to parse wmic output
!STACK 0
org.xml.sax.SAXParseException; lineNumber: 1; columnNumber: 1; Premature end of file.
	at java.xml/com.sun.org.apache.xerces.internal.parsers.DOMParser.parse(DOMParser.java:262)
	at java.xml/com.sun.org.apache.xerces.internal.jaxp.DocumentBuilderImpl.parse(DocumentBuilderImpl.java:342)
	at com.st.stm32cube.ide.mpu.remote.serial.internal.SerialPortProviderWindows.run(SerialPortProviderWindows.java:127)
	at java.base/java.util.TimerThread.mainLoop(Timer.java:566)
	at java.base/java.util.TimerThread.run(Timer.java:516)

!ENTRY com.st.stm32cube.ide.mpu.remote.serial 4 0 2026-04-03 17:31:09.074
!MESSAGE Failed to parse wmic output
!STACK 0
org.xml.sax.SAXParseException; lineNumber: 1; columnNumber: 1; Premature end of file.
	at java.xml/com.sun.org.apache.xerces.internal.parsers.DOMParser.parse(DOMParser.java:262)
	at java.xml/com.sun.org.apache.xerces.internal.jaxp.DocumentBuilderImpl.parse(DocumentBuilderImpl.java:342)
	at com.st.stm32cube.ide.mpu.remote.serial.internal.SerialPortProviderWindows.run(SerialPortProviderWindows.java:127)
	at java.base/java.util.TimerThread.mainLoop(Timer.java:566)
	at java.base/java.util.TimerThread.run(Timer.java:516)

!ENTRY com.st.stm32cube.ide.mpu.remote.serial 4 0 2026-04-03 17:31:10.075
!MESSAGE Failed to parse wmic output
!STACK 0
org.xml.sax.SAXParseException; lineNumber: 1; columnNumber: 1; Premature end of file.
	at java.xml/com.sun.org.apache.xerces.internal.parsers.DOMParser.parse(DOMParser.java:262)
	at java.xml/com.sun.org.apache.xerces.internal.jaxp.DocumentBuilderImpl.parse(DocumentBuilderImpl.java:342)
	at com.st.stm32cube.ide.mpu.remote.serial.internal.SerialPortProviderWindows.run(SerialPortProviderWindows.java:127)
	at java.base/java.util.TimerThread.mainLoop(Timer.java:566)
	at java.base/java.util.TimerThread.run(Timer.java:516)

!ENTRY com.st.stm32cube.ide.mpu.remote.serial 4 0 2026-04-03 17:31:11.069
!MESSAGE Failed to parse wmic output
!STACK 0
org.xml.sax.SAXParseException; lineNumber: 1; columnNumber: 1; Premature end of file.
	at java.xml/com.sun.org.apache.xerces.internal.parsers.DOMParser.parse(DOMParser.java:262)
	at java.xml/com.sun.org.apache.xerces.internal.jaxp.DocumentBuilderImpl.parse(DocumentBuilderImpl.java:342)
	at com.st.stm32cube.ide.mpu.remote.serial.internal.SerialPortProviderWindows.run(SerialPortProviderWindows.java:127)
	at java.base/java.util.TimerThread.mainLoop(Timer.java:566)
	at java.base/java.util.TimerThread.run(Timer.java:516)

!ENTRY com.st.stm32cube.ide.mpu.remote.serial 4 0 2026-04-03 17:31:12.066
!MESSAGE Failed to parse wmic output
!STACK 0
org.xml.sax.SAXParseException; lineNumber: 1; columnNumber: 1; Premature end of file.
	at java.xml/com.sun.org.apache.xerces.internal.parsers.DOMParser.parse(DOMParser.java:262)
	at java.xml/com.sun.org.apache.xerces.internal.jaxp.DocumentBuilderImpl.parse(DocumentBuilderImpl.java:342)
	at com.st.stm32cube.ide.mpu.remote.serial.internal.SerialPortProviderWindows.run(SerialPortProviderWindows.java:127)
	at java.base/java.util.TimerThread.mainLoop(Timer.java:566)
	at java.base/java.util.TimerThread.run(Timer.java:516)

!ENTRY com.st.stm32cube.ide.mpu.remote.serial 4 0 2026-04-03 17:31:13.088
!MESSAGE Failed to parse wmic output
!STACK 0
org.xml.sax.SAXParseException; lineNumber: 1; columnNumber: 1; Premature end of file.
	at java.xml/com.sun.org.apache.xerces.internal.parsers.DOMParser.parse(DOMParser.java:262)
	at java.xml/com.sun.org.apache.xerces.internal.jaxp.DocumentBuilderImpl.parse(DocumentBuilderImpl.java:342)
	at com.st.stm32cube.ide.mpu.remote.serial.internal.SerialPortProviderWindows.run(SerialPortProviderWindows.java:127)
	at java.base/java.util.TimerThread.mainLoop(Timer.java:566)
	at java.base/java.util.TimerThread.run(Timer.java:516)

!ENTRY com.st.stm32cube.ide.mpu.remote.serial 4 0 2026-04-03 17:31:14.059
!MESSAGE Failed to parse wmic output
!STACK 0
org.xml.sax.SAXParseException; lineNumber: 1; columnNumber: 1; Premature end of file.
	at java.xml/com.sun.org.apache.xerces.internal.parsers.DOMParser.parse(DOMParser.java:262)
	at java.xml/com.sun.org.apache.xerces.internal.jaxp.DocumentBuilderImpl.parse(DocumentBuilderImpl.java:342)
	at com.st.stm32cube.ide.mpu.remote.serial.internal.SerialPortProviderWindows.run(SerialPortProviderWindows.java:127)
	at java.base/java.util.TimerThread.mainLoop(Timer.java:566)
	at java.base/java.util.TimerThread.run(Timer.java:516)

!ENTRY com.st.stm32cube.ide.mpu.remote.serial 4 0 2026-04-03 17:31:15.055
!MESSAGE Failed to parse wmic output
!STACK 0
org.xml.sax.SAXParseException; lineNumber: 1; columnNumber: 1; Premature end of file.
	at java.xml/com.sun.org.apache.xerces.internal.parsers.DOMParser.parse(DOMParser.java:262)
	at java.xml/com.sun.org.apache.xerces.internal.jaxp.DocumentBuilderImpl.parse(DocumentBuilderImpl.java:342)
	at com.st.stm32cube.ide.mpu.remote.serial.internal.SerialPortProviderWindows.run(SerialPortProviderWindows.java:127)
	at java.base/java.util.TimerThread.mainLoop(Timer.java:566)
	at java.base/java.util.TimerThread.run(Timer.java:516)

!ENTRY com.st.stm32cube.ide.mpu.remote.serial 4 0 2026-04-03 17:31:16.064
!MESSAGE Failed to parse wmic output
!STACK 0
org.xml.sax.SAXParseException; lineNumber: 1; columnNumber: 1; Premature end of file.
	at java.xml/com.sun.org.apache.xerces.internal.parsers.DOMParser.parse(DOMParser.java:262)
	at java.xml/com.sun.org.apache.xerces.internal.jaxp.DocumentBuilderImpl.parse(DocumentBuilderImpl.java:342)
	at com.st.stm32cube.ide.mpu.remote.serial.internal.SerialPortProviderWindows.run(SerialPortProviderWindows.java:127)
	at java.base/java.util.TimerThread.mainLoop(Timer.java:566)
	at java.base/java.util.TimerThread.run(Timer.java:516)

!ENTRY com.st.stm32cube.ide.mpu.remote.serial 4 0 2026-04-03 17:31:17.056
!MESSAGE Failed to parse wmic output
!STACK 0
org.xml.sax.SAXParseException; lineNumber: 1; columnNumber: 1; Premature end of file.
	at java.xml/com.sun.org.apache.xerces.internal.parsers.DOMParser.parse(DOMParser.java:262)
	at java.xml/com.sun.org.apache.xerces.internal.jaxp.DocumentBuilderImpl.parse(DocumentBuilderImpl.java:342)
	at com.st.stm32cube.ide.mpu.remote.serial.internal.SerialPortProviderWindows.run(SerialPortProviderWindows.java:127)
	at java.base/java.util.TimerThread.mainLoop(Timer.java:566)
	at java.base/java.util.TimerThread.run(Timer.java:516)

!ENTRY com.st.stm32cube.ide.mpu.remote.serial 4 0 2026-04-03 17:31:18.053
!MESSAGE Failed to parse wmic output
!STACK 0
org.xml.sax.SAXParseException; lineNumber: 1; columnNumber: 1; Premature end of file.
	at java.xml/com.sun.org.apache.xerces.internal.parsers.DOMParser.parse(DOMParser.java:262)
	at java.xml/com.sun.org.apache.xerces.internal.jaxp.DocumentBuilderImpl.parse(DocumentBuilderImpl.java:342)
	at com.st.stm32cube.ide.mpu.remote.serial.internal.SerialPortProviderWindows.run(SerialPortProviderWindows.java:127)
	at java.base/java.util.TimerThread.mainLoop(Timer.java:566)
	at java.base/java.util.TimerThread.run(Timer.java:516)

!ENTRY com.st.stm32cube.ide.mpu.remote.serial 4 0 2026-04-03 17:31:19.059
!MESSAGE Failed to parse wmic output
!STACK 0
org.xml.sax.SAXParseException; lineNumber: 1; columnNumber: 1; Premature end of file.
	at java.xml/com.sun.org.apache.xerces.internal.parsers.DOMParser.parse(DOMParser.java:262)
	at java.xml/com.sun.org.apache.xerces.internal.jaxp.DocumentBuilderImpl.parse(DocumentBuilderImpl.java:342)
	at com.st.stm32cube.ide.mpu.remote.serial.internal.SerialPortProviderWindows.run(SerialPortProviderWindows.java:127)
	at java.base/java.util.TimerThread.mainLoop(Timer.java:566)
	at java.base/java.util.TimerThread.run(Timer.java:516)

!ENTRY com.st.stm32cube.ide.mpu.remote.serial 4 0 2026-04-03 17:31:20.055
!MESSAGE Failed to parse wmic output
!STACK 0
org.xml.sax.SAXParseException; lineNumber: 1; columnNumber: 1; Premature end of file.
	at java.xml/com.sun.org.apache.xerces.internal.parsers.DOMParser.parse(DOMParser.java:262)
	at java.xml/com.sun.org.apache.xerces.internal.jaxp.DocumentBuilderImpl.parse(DocumentBuilderImpl.java:342)
	at com.st.stm32cube.ide.mpu.remote.serial.internal.SerialPortProviderWindows.run(SerialPortProviderWindows.java:127)
	at java.base/java.util.TimerThread.mainLoop(Timer.java:566)
	at java.base/java.util.TimerThread.run(Timer.java:516)

!ENTRY com.st.stm32cube.ide.mpu.remote.serial 4 0 2026-04-03 17:31:21.055
!MESSAGE Failed to parse wmic output
!STACK 0
org.xml.sax.SAXParseException; lineNumber: 1; columnNumber: 1; Premature end of file.
	at java.xml/com.sun.org.apache.xerces.internal.parsers.DOMParser.parse(DOMParser.java:262)
	at java.xml/com.sun.org.apache.xerces.internal.jaxp.DocumentBuilderImpl.parse(DocumentBuilderImpl.java:342)
	at com.st.stm32cube.ide.mpu.remote.serial.internal.SerialPortProviderWindows.run(SerialPortProviderWindows.java:127)
	at java.base/java.util.TimerThread.mainLoop(Timer.java:566)
	at java.base/java.util.TimerThread.run(Timer.java:516)

!ENTRY com.st.stm32cube.ide.mpu.remote.serial 4 0 2026-04-03 17:31:22.056
!MESSAGE Failed to parse wmic output
!STACK 0
org.xml.sax.SAXParseException; lineNumber: 1; columnNumber: 1; Premature end of file.
	at java.xml/com.sun.org.apache.xerces.internal.parsers.DOMParser.parse(DOMParser.java:262)
	at java.xml/com.sun.org.apache.xerces.internal.jaxp.DocumentBuilderImpl.parse(DocumentBuilderImpl.java:342)
	at com.st.stm32cube.ide.mpu.remote.serial.internal.SerialPortProviderWindows.run(SerialPortProviderWindows.java:127)
	at java.base/java.util.TimerThread.mainLoop(Timer.java:566)
	at java.base/java.util.TimerThread.run(Timer.java:516)

!ENTRY com.st.stm32cube.ide.mpu.remote.serial 4 0 2026-04-03 17:31:23.056
!MESSAGE Failed to parse wmic output
!STACK 0
org.xml.sax.SAXParseException; lineNumber: 1; columnNumber: 1; Premature end of file.
	at java.xml/com.sun.org.apache.xerces.internal.parsers.DOMParser.parse(DOMParser.java:262)
	at java.xml/com.sun.org.apache.xerces.internal.jaxp.DocumentBuilderImpl.parse(DocumentBuilderImpl.java:342)
	at com.st.stm32cube.ide.mpu.remote.serial.internal.SerialPortProviderWindows.run(SerialPortProviderWindows.java:127)
	at java.base/java.util.TimerThread.mainLoop(Timer.java:566)
	at java.base/java.util.TimerThread.run(Timer.java:516)

!ENTRY com.st.stm32cube.ide.mpu.remote.serial 4 0 2026-04-03 17:31:24.058
!MESSAGE Failed to parse wmic output
!STACK 0
org.xml.sax.SAXParseException; lineNumber: 1; columnNumber: 1; Premature end of file.
	at java.xml/com.sun.org.apache.xerces.internal.parsers.DOMParser.parse(DOMParser.java:262)
	at java.xml/com.sun.org.apache.xerces.internal.jaxp.DocumentBuilderImpl.parse(DocumentBuilderImpl.java:342)
	at com.st.stm32cube.ide.mpu.remote.serial.internal.SerialPortProviderWindows.run(SerialPortProviderWindows.java:127)
	at java.base/java.util.TimerThread.mainLoop(Timer.java:566)
	at java.base/java.util.TimerThread.run(Timer.java:516)

!ENTRY com.st.stm32cube.ide.mpu.remote.serial 4 0 2026-04-03 17:31:25.066
!MESSAGE Failed to parse wmic output
!STACK 0
org.xml.sax.SAXParseException; lineNumber: 1; columnNumber: 1; Premature end of file.
	at java.xml/com.sun.org.apache.xerces.internal.parsers.DOMParser.parse(DOMParser.java:262)
	at java.xml/com.sun.org.apache.xerces.internal.jaxp.DocumentBuilderImpl.parse(DocumentBuilderImpl.java:342)
	at com.st.stm32cube.ide.mpu.remote.serial.internal.SerialPortProviderWindows.run(SerialPortProviderWindows.java:127)
	at java.base/java.util.TimerThread.mainLoop(Timer.java:566)
	at java.base/java.util.TimerThread.run(Timer.java:516)

!ENTRY com.st.stm32cube.ide.mpu.remote.serial 4 0 2026-04-03 17:31:26.056
!MESSAGE Failed to parse wmic output
!STACK 0
org.xml.sax.SAXParseException; lineNumber: 1; columnNumber: 1; Premature end of file.
	at java.xml/com.sun.org.apache.xerces.internal.parsers.DOMParser.parse(DOMParser.java:262)
	at java.xml/com.sun.org.apache.xerces.internal.jaxp.DocumentBuilderImpl.parse(DocumentBuilderImpl.java:342)
	at com.st.stm32cube.ide.mpu.remote.serial.internal.SerialPortProviderWindows.run(SerialPortProviderWindows.java:127)
	at java.base/java.util.TimerThread.mainLoop(Timer.java:566)
	at java.base/java.util.TimerThread.run(Timer.java:516)

!ENTRY com.st.stm32cube.ide.mpu.remote.serial 4 0 2026-04-03 17:31:27.053
!MESSAGE Failed to parse wmic output
!STACK 0
org.xml.sax.SAXParseException; lineNumber: 1; columnNumber: 1; Premature end of file.
	at java.xml/com.sun.org.apache.xerces.internal.parsers.DOMParser.parse(DOMParser.java:262)
	at java.xml/com.sun.org.apache.xerces.internal.jaxp.DocumentBuilderImpl.parse(DocumentBuilderImpl.java:342)
	at com.st.stm32cube.ide.mpu.remote.serial.internal.SerialPortProviderWindows.run(SerialPortProviderWindows.java:127)
	at java.base/java.util.TimerThread.mainLoop(Timer.java:566)
	at java.base/java.util.TimerThread.run(Timer.java:516)

!ENTRY com.st.stm32cube.ide.mpu.remote.serial 4 0 2026-04-03 17:31:28.056
!MESSAGE Failed to parse wmic output
!STACK 0
org.xml.sax.SAXParseException; lineNumber: 1; columnNumber: 1; Premature end of file.
	at java.xml/com.sun.org.apache.xerces.internal.parsers.DOMParser.parse(DOMParser.java:262)
	at java.xml/com.sun.org.apache.xerces.internal.jaxp.DocumentBuilderImpl.parse(DocumentBuilderImpl.java:342)
	at com.st.stm32cube.ide.mpu.remote.serial.internal.SerialPortProviderWindows.run(SerialPortProviderWindows.java:127)
	at java.base/java.util.TimerThread.mainLoop(Timer.java:566)
	at java.base/java.util.TimerThread.run(Timer.java:516)

!ENTRY com.st.stm32cube.ide.mpu.remote.serial 4 0 2026-04-03 17:31:29.054
!MESSAGE Failed to parse wmic output
!STACK 0
org.xml.sax.SAXParseException; lineNumber: 1; columnNumber: 1; Premature end of file.
	at java.xml/com.sun.org.apache.xerces.internal.parsers.DOMParser.parse(DOMParser.java:262)
	at java.xml/com.sun.org.apache.xerces.internal.jaxp.DocumentBuilderImpl.parse(DocumentBuilderImpl.java:342)
	at com.st.stm32cube.ide.mpu.remote.serial.internal.SerialPortProviderWindows.run(SerialPortProviderWindows.java:127)
	at java.base/java.util.TimerThread.mainLoop(Timer.java:566)
	at java.base/java.util.TimerThread.run(Timer.java:516)

!ENTRY com.st.stm32cube.ide.mpu.remote.serial 4 0 2026-04-03 17:31:30.085
!MESSAGE Failed to parse wmic output
!STACK 0
org.xml.sax.SAXParseException; lineNumber: 1; columnNumber: 1; Premature end of file.
	at java.xml/com.sun.org.apache.xerces.internal.parsers.DOMParser.parse(DOMParser.java:262)
	at java.xml/com.sun.org.apache.xerces.internal.jaxp.DocumentBuilderImpl.parse(DocumentBuilderImpl.java:342)
	at com.st.stm32cube.ide.mpu.remote.serial.internal.SerialPortProviderWindows.run(SerialPortProviderWindows.java:127)
	at java.base/java.util.TimerThread.mainLoop(Timer.java:566)
	at java.base/java.util.TimerThread.run(Timer.java:516)

!ENTRY com.st.stm32cube.ide.mpu.remote.serial 4 0 2026-04-03 17:31:31.057
!MESSAGE Failed to parse wmic output
!STACK 0
org.xml.sax.SAXParseException; lineNumber: 1; columnNumber: 1; Premature end of file.
	at java.xml/com.sun.org.apache.xerces.internal.parsers.DOMParser.parse(DOMParser.java:262)
	at java.xml/com.sun.org.apache.xerces.internal.jaxp.DocumentBuilderImpl.parse(DocumentBuilderImpl.java:342)
	at com.st.stm32cube.ide.mpu.remote.serial.internal.SerialPortProviderWindows.run(SerialPortProviderWindows.java:127)
	at java.base/java.util.TimerThread.mainLoop(Timer.java:566)
	at java.base/java.util.TimerThread.run(Timer.java:516)

!ENTRY com.st.stm32cube.ide.mpu.remote.serial 4 0 2026-04-03 17:31:32.076
!MESSAGE Failed to parse wmic output
!STACK 0
org.xml.sax.SAXParseException; lineNumber: 1; columnNumber: 1; Premature end of file.
	at java.xml/com.sun.org.apache.xerces.internal.parsers.DOMParser.parse(DOMParser.java:262)
	at java.xml/com.sun.org.apache.xerces.internal.jaxp.DocumentBuilderImpl.parse(DocumentBuilderImpl.java:342)
	at com.st.stm32cube.ide.mpu.remote.serial.internal.SerialPortProviderWindows.run(SerialPortProviderWindows.java:127)
	at java.base/java.util.TimerThread.mainLoop(Timer.java:566)
	at java.base/java.util.TimerThread.run(Timer.java:516)

!ENTRY com.st.stm32cube.ide.mpu.remote.serial 4 0 2026-04-03 17:31:33.077
!MESSAGE Failed to parse wmic output
!STACK 0
org.xml.sax.SAXParseException; lineNumber: 1; columnNumber: 1; Premature end of file.
	at java.xml/com.sun.org.apache.xerces.internal.parsers.DOMParser.parse(DOMParser.java:262)
	at java.xml/com.sun.org.apache.xerces.internal.jaxp.DocumentBuilderImpl.parse(DocumentBuilderImpl.java:342)
	at com.st.stm32cube.ide.mpu.remote.serial.internal.SerialPortProviderWindows.run(SerialPortProviderWindows.java:127)
	at java.base/java.util.TimerThread.mainLoop(Timer.java:566)
	at java.base/java.util.TimerThread.run(Timer.java:516)

!ENTRY com.st.stm32cube.ide.mpu.remote.serial 4 0 2026-04-03 17:31:34.076
!MESSAGE Failed to parse wmic output
!STACK 0
org.xml.sax.SAXParseException; lineNumber: 1; columnNumber: 1; Premature end of file.
	at java.xml/com.sun.org.apache.xerces.internal.parsers.DOMParser.parse(DOMParser.java:262)
	at java.xml/com.sun.org.apache.xerces.internal.jaxp.DocumentBuilderImpl.parse(DocumentBuilderImpl.java:342)
	at com.st.stm32cube.ide.mpu.remote.serial.internal.SerialPortProviderWindows.run(SerialPortProviderWindows.java:127)
	at java.base/java.util.TimerThread.mainLoop(Timer.java:566)
	at java.base/java.util.TimerThread.run(Timer.java:516)

!ENTRY com.st.stm32cube.ide.mpu.remote.serial 4 0 2026-04-03 17:31:35.085
!MESSAGE Failed to parse wmic output
!STACK 0
org.xml.sax.SAXParseException; lineNumber: 1; columnNumber: 1; Premature end of file.
	at java.xml/com.sun.org.apache.xerces.internal.parsers.DOMParser.parse(DOMParser.java:262)
	at java.xml/com.sun.org.apache.xerces.internal.jaxp.DocumentBuilderImpl.parse(DocumentBuilderImpl.java:342)
	at com.st.stm32cube.ide.mpu.remote.serial.internal.SerialPortProviderWindows.run(SerialPortProviderWindows.java:127)
	at java.base/java.util.TimerThread.mainLoop(Timer.java:566)
	at java.base/java.util.TimerThread.run(Timer.java:516)

!ENTRY com.st.stm32cube.ide.mpu.remote.serial 4 0 2026-04-03 17:31:36.072
!MESSAGE Failed to parse wmic output
!STACK 0
org.xml.sax.SAXParseException; lineNumber: 1; columnNumber: 1; Premature end of file.
	at java.xml/com.sun.org.apache.xerces.internal.parsers.DOMParser.parse(DOMParser.java:262)
	at java.xml/com.sun.org.apache.xerces.internal.jaxp.DocumentBuilderImpl.parse(DocumentBuilderImpl.java:342)
	at com.st.stm32cube.ide.mpu.remote.serial.internal.SerialPortProviderWindows.run(SerialPortProviderWindows.java:127)
	at java.base/java.util.TimerThread.mainLoop(Timer.java:566)
	at java.base/java.util.TimerThread.run(Timer.java:516)

!ENTRY com.st.stm32cube.ide.mpu.remote.serial 4 0 2026-04-03 17:31:37.070
!MESSAGE Failed to parse wmic output
!STACK 0
org.xml.sax.SAXParseException; lineNumber: 1; columnNumber: 1; Premature end of file.
	at java.xml/com.sun.org.apache.xerces.internal.parsers.DOMParser.parse(DOMParser.java:262)
	at java.xml/com.sun.org.apache.xerces.internal.jaxp.DocumentBuilderImpl.parse(DocumentBuilderImpl.java:342)
	at com.st.stm32cube.ide.mpu.remote.serial.internal.SerialPortProviderWindows.run(SerialPortProviderWindows.java:127)
	at java.base/java.util.TimerThread.mainLoop(Timer.java:566)
	at java.base/java.util.TimerThread.run(Timer.java:516)

!ENTRY com.st.stm32cube.ide.mpu.remote.serial 4 0 2026-04-03 17:31:38.064
!MESSAGE Failed to parse wmic output
!STACK 0
org.xml.sax.SAXParseException; lineNumber: 1; columnNumber: 1; Premature end of file.
	at java.xml/com.sun.org.apache.xerces.internal.parsers.DOMParser.parse(DOMParser.java:262)
	at java.xml/com.sun.org.apache.xerces.internal.jaxp.DocumentBuilderImpl.parse(DocumentBuilderImpl.java:342)
	at com.st.stm32cube.ide.mpu.remote.serial.internal.SerialPortProviderWindows.run(SerialPortProviderWindows.java:127)
	at java.base/java.util.TimerThread.mainLoop(Timer.java:566)
	at java.base/java.util.TimerThread.run(Timer.java:516)

!ENTRY com.st.stm32cube.ide.mpu.remote.serial 4 0 2026-04-03 17:31:39.057
!MESSAGE Failed to parse wmic output
!STACK 0
org.xml.sax.SAXParseException; lineNumber: 1; columnNumber: 1; Premature end of file.
	at java.xml/com.sun.org.apache.xerces.internal.parsers.DOMParser.parse(DOMParser.java:262)
	at java.xml/com.sun.org.apache.xerces.internal.jaxp.DocumentBuilderImpl.parse(DocumentBuilderImpl.java:342)
	at com.st.stm32cube.ide.mpu.remote.serial.internal.SerialPortProviderWindows.run(SerialPortProviderWindows.java:127)
	at java.base/java.util.TimerThread.mainLoop(Timer.java:566)
	at java.base/java.util.TimerThread.run(Timer.java:516)

!ENTRY com.st.stm32cube.ide.mpu.remote.serial 4 0 2026-04-03 17:31:40.054
!MESSAGE Failed to parse wmic output
!STACK 0
org.xml.sax.SAXParseException; lineNumber: 1; columnNumber: 1; Premature end of file.
	at java.xml/com.sun.org.apache.xerces.internal.parsers.DOMParser.parse(DOMParser.java:262)
	at java.xml/com.sun.org.apache.xerces.internal.jaxp.DocumentBuilderImpl.parse(DocumentBuilderImpl.java:342)
	at com.st.stm32cube.ide.mpu.remote.serial.internal.SerialPortProviderWindows.run(SerialPortProviderWindows.java:127)
	at java.base/java.util.TimerThread.mainLoop(Timer.java:566)
	at java.base/java.util.TimerThread.run(Timer.java:516)

!ENTRY com.st.stm32cube.ide.mpu.remote.serial 4 0 2026-04-03 17:31:41.056
!MESSAGE Failed to parse wmic output
!STACK 0
org.xml.sax.SAXParseException; lineNumber: 1; columnNumber: 1; Premature end of file.
	at java.xml/com.sun.org.apache.xerces.internal.parsers.DOMParser.parse(DOMParser.java:262)
	at java.xml/com.sun.org.apache.xerces.internal.jaxp.DocumentBuilderImpl.parse(DocumentBuilderImpl.java:342)
	at com.st.stm32cube.ide.mpu.remote.serial.internal.SerialPortProviderWindows.run(SerialPortProviderWindows.java:127)
	at java.base/java.util.TimerThread.mainLoop(Timer.java:566)
	at java.base/java.util.TimerThread.run(Timer.java:516)

!ENTRY com.st.stm32cube.ide.mpu.remote.serial 4 0 2026-04-03 17:31:42.057
!MESSAGE Failed to parse wmic output
!STACK 0
org.xml.sax.SAXParseException; lineNumber: 1; columnNumber: 1; Premature end of file.
	at java.xml/com.sun.org.apache.xerces.internal.parsers.DOMParser.parse(DOMParser.java:262)
	at java.xml/com.sun.org.apache.xerces.internal.jaxp.DocumentBuilderImpl.parse(DocumentBuilderImpl.java:342)
	at com.st.stm32cube.ide.mpu.remote.serial.internal.SerialPortProviderWindows.run(SerialPortProviderWindows.java:127)
	at java.base/java.util.TimerThread.mainLoop(Timer.java:566)
	at java.base/java.util.TimerThread.run(Timer.java:516)

!ENTRY com.st.stm32cube.ide.mpu.remote.serial 4 0 2026-04-03 17:31:43.059
!MESSAGE Failed to parse wmic output
!STACK 0
org.xml.sax.SAXParseException; lineNumber: 1; columnNumber: 1; Premature end of file.
	at java.xml/com.sun.org.apache.xerces.internal.parsers.DOMParser.parse(DOMParser.java:262)
	at java.xml/com.sun.org.apache.xerces.internal.jaxp.DocumentBuilderImpl.parse(DocumentBuilderImpl.java:342)
	at com.st.stm32cube.ide.mpu.remote.serial.internal.SerialPortProviderWindows.run(SerialPortProviderWindows.java:127)
	at java.base/java.util.TimerThread.mainLoop(Timer.java:566)
	at java.base/java.util.TimerThread.run(Timer.java:516)

!ENTRY com.st.stm32cube.ide.mpu.remote.serial 4 0 2026-04-03 17:31:44.056
!MESSAGE Failed to parse wmic output
!STACK 0
org.xml.sax.SAXParseException; lineNumber: 1; columnNumber: 1; Premature end of file.
	at java.xml/com.sun.org.apache.xerces.internal.parsers.DOMParser.parse(DOMParser.java:262)
	at java.xml/com.sun.org.apache.xerces.internal.jaxp.DocumentBuilderImpl.parse(DocumentBuilderImpl.java:342)
	at com.st.stm32cube.ide.mpu.remote.serial.internal.SerialPortProviderWindows.run(SerialPortProviderWindows.java:127)
	at java.base/java.util.TimerThread.mainLoop(Timer.java:566)
	at java.base/java.util.TimerThread.run(Timer.java:516)

!ENTRY com.st.stm32cube.ide.mpu.remote.serial 4 0 2026-04-03 17:31:45.059
!MESSAGE Failed to parse wmic output
!STACK 0
org.xml.sax.SAXParseException; lineNumber: 1; columnNumber: 1; Premature end of file.
	at java.xml/com.sun.org.apache.xerces.internal.parsers.DOMParser.parse(DOMParser.java:262)
	at java.xml/com.sun.org.apache.xerces.internal.jaxp.DocumentBuilderImpl.parse(DocumentBuilderImpl.java:342)
	at com.st.stm32cube.ide.mpu.remote.serial.internal.SerialPortProviderWindows.run(SerialPortProviderWindows.java:127)
	at java.base/java.util.TimerThread.mainLoop(Timer.java:566)
	at java.base/java.util.TimerThread.run(Timer.java:516)

!ENTRY com.st.stm32cube.ide.mpu.remote.serial 4 0 2026-04-03 17:31:46.057
!MESSAGE Failed to parse wmic output
!STACK 0
org.xml.sax.SAXParseException; lineNumber: 1; columnNumber: 1; Premature end of file.
	at java.xml/com.sun.org.apache.xerces.internal.parsers.DOMParser.parse(DOMParser.java:262)
	at java.xml/com.sun.org.apache.xerces.internal.jaxp.DocumentBuilderImpl.parse(DocumentBuilderImpl.java:342)
	at com.st.stm32cube.ide.mpu.remote.serial.internal.SerialPortProviderWindows.run(SerialPortProviderWindows.java:127)
	at java.base/java.util.TimerThread.mainLoop(Timer.java:566)
	at java.base/java.util.TimerThread.run(Timer.java:516)

!ENTRY com.st.stm32cube.ide.mpu.remote.serial 4 0 2026-04-03 17:31:47.055
!MESSAGE Failed to parse wmic output
!STACK 0
org.xml.sax.SAXParseException; lineNumber: 1; columnNumber: 1; Premature end of file.
	at java.xml/com.sun.org.apache.xerces.internal.parsers.DOMParser.parse(DOMParser.java:262)
	at java.xml/com.sun.org.apache.xerces.internal.jaxp.DocumentBuilderImpl.parse(DocumentBuilderImpl.java:342)
	at com.st.stm32cube.ide.mpu.remote.serial.internal.SerialPortProviderWindows.run(SerialPortProviderWindows.java:127)
	at java.base/java.util.TimerThread.mainLoop(Timer.java:566)
	at java.base/java.util.TimerThread.run(Timer.java:516)

!ENTRY com.st.stm32cube.ide.mpu.remote.serial 4 0 2026-04-03 17:31:48.094
!MESSAGE Failed to parse wmic output
!STACK 0
org.xml.sax.SAXParseException; lineNumber: 1; columnNumber: 1; Premature end of file.
	at java.xml/com.sun.org.apache.xerces.internal.parsers.DOMParser.parse(DOMParser.java:262)
	at java.xml/com.sun.org.apache.xerces.internal.jaxp.DocumentBuilderImpl.parse(DocumentBuilderImpl.java:342)
	at com.st.stm32cube.ide.mpu.remote.serial.internal.SerialPortProviderWindows.run(SerialPortProviderWindows.java:127)
	at java.base/java.util.TimerThread.mainLoop(Timer.java:566)
	at java.base/java.util.TimerThread.run(Timer.java:516)

!ENTRY com.st.stm32cube.ide.mpu.remote.serial 4 0 2026-04-03 17:31:49.093
!MESSAGE Failed to parse wmic output
!STACK 0
org.xml.sax.SAXParseException; lineNumber: 1; columnNumber: 1; Premature end of file.
	at java.xml/com.sun.org.apache.xerces.internal.parsers.DOMParser.parse(DOMParser.java:262)
	at java.xml/com.sun.org.apache.xerces.internal.jaxp.DocumentBuilderImpl.parse(DocumentBuilderImpl.java:342)
	at com.st.stm32cube.ide.mpu.remote.serial.internal.SerialPortProviderWindows.run(SerialPortProviderWindows.java:127)
	at java.base/java.util.TimerThread.mainLoop(Timer.java:566)
	at java.base/java.util.TimerThread.run(Timer.java:516)

!ENTRY com.st.stm32cube.ide.mpu.remote.serial 4 0 2026-04-03 17:31:50.544
!MESSAGE Failed to parse wmic output
!STACK 0
org.xml.sax.SAXParseException; lineNumber: 1; columnNumber: 1; Premature end of file.
	at java.xml/com.sun.org.apache.xerces.internal.parsers.DOMParser.parse(DOMParser.java:262)
	at java.xml/com.sun.org.apache.xerces.internal.jaxp.DocumentBuilderImpl.parse(DocumentBuilderImpl.java:342)
	at com.st.stm32cube.ide.mpu.remote.serial.internal.SerialPortProviderWindows.run(SerialPortProviderWindows.java:127)
	at java.base/java.util.TimerThread.mainLoop(Timer.java:566)
	at java.base/java.util.TimerThread.run(Timer.java:516)

!ENTRY com.st.stm32cube.ide.mpu.remote.serial 4 0 2026-04-03 17:31:51.399
!MESSAGE Failed to parse wmic output
!STACK 0
org.xml.sax.SAXParseException; lineNumber: 1; columnNumber: 1; Premature end of file.
	at java.xml/com.sun.org.apache.xerces.internal.parsers.DOMParser.parse(DOMParser.java:262)
	at java.xml/com.sun.org.apache.xerces.internal.jaxp.DocumentBuilderImpl.parse(DocumentBuilderImpl.java:342)
	at com.st.stm32cube.ide.mpu.remote.serial.internal.SerialPortProviderWindows.run(SerialPortProviderWindows.java:127)
	at java.base/java.util.TimerThread.mainLoop(Timer.java:566)
	at java.base/java.util.TimerThread.run(Timer.java:516)

!ENTRY com.st.stm32cube.ide.mpu.remote.serial 4 0 2026-04-03 17:31:52.370
!MESSAGE Failed to parse wmic output
!STACK 0
org.xml.sax.SAXParseException; lineNumber: 1; columnNumber: 1; Premature end of file.
	at java.xml/com.sun.org.apache.xerces.internal.parsers.DOMParser.parse(DOMParser.java:262)
	at java.xml/com.sun.org.apache.xerces.internal.jaxp.DocumentBuilderImpl.parse(DocumentBuilderImpl.java:342)
	at com.st.stm32cube.ide.mpu.remote.serial.internal.SerialPortProviderWindows.run(SerialPortProviderWindows.java:127)
	at java.base/java.util.TimerThread.mainLoop(Timer.java:566)
	at java.base/java.util.TimerThread.run(Timer.java:516)

!ENTRY com.st.stm32cube.ide.mpu.remote.serial 4 0 2026-04-03 17:31:53.126
!MESSAGE Failed to parse wmic output
!STACK 0
org.xml.sax.SAXParseException; lineNumber: 1; columnNumber: 1; Premature end of file.
	at java.xml/com.sun.org.apache.xerces.internal.parsers.DOMParser.parse(DOMParser.java:262)
	at java.xml/com.sun.org.apache.xerces.internal.jaxp.DocumentBuilderImpl.parse(DocumentBuilderImpl.java:342)
	at com.st.stm32cube.ide.mpu.remote.serial.internal.SerialPortProviderWindows.run(SerialPortProviderWindows.java:127)
	at java.base/java.util.TimerThread.mainLoop(Timer.java:566)
	at java.base/java.util.TimerThread.run(Timer.java:516)

!ENTRY com.st.stm32cube.ide.mpu.remote.serial 4 0 2026-04-03 17:31:54.242
!MESSAGE Failed to parse wmic output
!STACK 0
org.xml.sax.SAXParseException; lineNumber: 1; columnNumber: 1; Premature end of file.
	at java.xml/com.sun.org.apache.xerces.internal.parsers.DOMParser.parse(DOMParser.java:262)
	at java.xml/com.sun.org.apache.xerces.internal.jaxp.DocumentBuilderImpl.parse(DocumentBuilderImpl.java:342)
	at com.st.stm32cube.ide.mpu.remote.serial.internal.SerialPortProviderWindows.run(SerialPortProviderWindows.java:127)
	at java.base/java.util.TimerThread.mainLoop(Timer.java:566)
	at java.base/java.util.TimerThread.run(Timer.java:516)

!ENTRY com.st.stm32cube.ide.mpu.remote.serial 4 0 2026-04-03 17:31:55.094
!MESSAGE Failed to parse wmic output
!STACK 0
org.xml.sax.SAXParseException; lineNumber: 1; columnNumber: 1; Premature end of file.
	at java.xml/com.sun.org.apache.xerces.internal.parsers.DOMParser.parse(DOMParser.java:262)
	at java.xml/com.sun.org.apache.xerces.internal.jaxp.DocumentBuilderImpl.parse(DocumentBuilderImpl.java:342)
	at com.st.stm32cube.ide.mpu.remote.serial.internal.SerialPortProviderWindows.run(SerialPortProviderWindows.java:127)
	at java.base/java.util.TimerThread.mainLoop(Timer.java:566)
	at java.base/java.util.TimerThread.run(Timer.java:516)

!ENTRY com.st.stm32cube.ide.mpu.remote.serial 4 0 2026-04-03 17:31:56.075
!MESSAGE Failed to parse wmic output
!STACK 0
org.xml.sax.SAXParseException; lineNumber: 1; columnNumber: 1; Premature end of file.
	at java.xml/com.sun.org.apache.xerces.internal.parsers.DOMParser.parse(DOMParser.java:262)
	at java.xml/com.sun.org.apache.xerces.internal.jaxp.DocumentBuilderImpl.parse(DocumentBuilderImpl.java:342)
	at com.st.stm32cube.ide.mpu.remote.serial.internal.SerialPortProviderWindows.run(SerialPortProviderWindows.java:127)
	at java.base/java.util.TimerThread.mainLoop(Timer.java:566)
	at java.base/java.util.TimerThread.run(Timer.java:516)

!ENTRY com.st.stm32cube.ide.mpu.remote.serial 4 0 2026-04-03 17:31:57.077
!MESSAGE Failed to parse wmic output
!STACK 0
org.xml.sax.SAXParseException; lineNumber: 1; columnNumber: 1; Premature end of file.
	at java.xml/com.sun.org.apache.xerces.internal.parsers.DOMParser.parse(DOMParser.java:262)
	at java.xml/com.sun.org.apache.xerces.internal.jaxp.DocumentBuilderImpl.parse(DocumentBuilderImpl.java:342)
	at com.st.stm32cube.ide.mpu.remote.serial.internal.SerialPortProviderWindows.run(SerialPortProviderWindows.java:127)
	at java.base/java.util.TimerThread.mainLoop(Timer.java:566)
	at java.base/java.util.TimerThread.run(Timer.java:516)

!ENTRY com.st.stm32cube.ide.mpu.remote.serial 4 0 2026-04-03 17:31:58.122
!MESSAGE Failed to parse wmic output
!STACK 0
org.xml.sax.SAXParseException; lineNumber: 1; columnNumber: 1; Premature end of file.
	at java.xml/com.sun.org.apache.xerces.internal.parsers.DOMParser.parse(DOMParser.java:262)
	at java.xml/com.sun.org.apache.xerces.internal.jaxp.DocumentBuilderImpl.parse(DocumentBuilderImpl.java:342)
	at com.st.stm32cube.ide.mpu.remote.serial.internal.SerialPortProviderWindows.run(SerialPortProviderWindows.java:127)
	at java.base/java.util.TimerThread.mainLoop(Timer.java:566)
	at java.base/java.util.TimerThread.run(Timer.java:516)

!ENTRY com.st.stm32cube.ide.mpu.remote.serial 4 0 2026-04-03 17:31:59.060
!MESSAGE Failed to parse wmic output
!STACK 0
org.xml.sax.SAXParseException; lineNumber: 1; columnNumber: 1; Premature end of file.
	at java.xml/com.sun.org.apache.xerces.internal.parsers.DOMParser.parse(DOMParser.java:262)
	at java.xml/com.sun.org.apache.xerces.internal.jaxp.DocumentBuilderImpl.parse(DocumentBuilderImpl.java:342)
	at com.st.stm32cube.ide.mpu.remote.serial.internal.SerialPortProviderWindows.run(SerialPortProviderWindows.java:127)
	at java.base/java.util.TimerThread.mainLoop(Timer.java:566)
	at java.base/java.util.TimerThread.run(Timer.java:516)

!ENTRY com.st.stm32cube.ide.mpu.remote.serial 4 0 2026-04-03 17:32:00.059
!MESSAGE Failed to parse wmic output
!STACK 0
org.xml.sax.SAXParseException; lineNumber: 1; columnNumber: 1; Premature end of file.
	at java.xml/com.sun.org.apache.xerces.internal.parsers.DOMParser.parse(DOMParser.java:262)
	at java.xml/com.sun.org.apache.xerces.internal.jaxp.DocumentBuilderImpl.parse(DocumentBuilderImpl.java:342)
	at com.st.stm32cube.ide.mpu.remote.serial.internal.SerialPortProviderWindows.run(SerialPortProviderWindows.java:127)
	at java.base/java.util.TimerThread.mainLoop(Timer.java:566)
	at java.base/java.util.TimerThread.run(Timer.java:516)

!ENTRY com.st.stm32cube.ide.mpu.remote.serial 4 0 2026-04-03 17:32:01.060
!MESSAGE Failed to parse wmic output
!STACK 0
org.xml.sax.SAXParseException; lineNumber: 1; columnNumber: 1; Premature end of file.
	at java.xml/com.sun.org.apache.xerces.internal.parsers.DOMParser.parse(DOMParser.java:262)
	at java.xml/com.sun.org.apache.xerces.internal.jaxp.DocumentBuilderImpl.parse(DocumentBuilderImpl.java:342)
	at com.st.stm32cube.ide.mpu.remote.serial.internal.SerialPortProviderWindows.run(SerialPortProviderWindows.java:127)
	at java.base/java.util.TimerThread.mainLoop(Timer.java:566)
	at java.base/java.util.TimerThread.run(Timer.java:516)

!ENTRY com.st.stm32cube.ide.mpu.remote.serial 4 0 2026-04-03 17:32:02.055
!MESSAGE Failed to parse wmic output
!STACK 0
org.xml.sax.SAXParseException; lineNumber: 1; columnNumber: 1; Premature end of file.
	at java.xml/com.sun.org.apache.xerces.internal.parsers.DOMParser.parse(DOMParser.java:262)
	at java.xml/com.sun.org.apache.xerces.internal.jaxp.DocumentBuilderImpl.parse(DocumentBuilderImpl.java:342)
	at com.st.stm32cube.ide.mpu.remote.serial.internal.SerialPortProviderWindows.run(SerialPortProviderWindows.java:127)
	at java.base/java.util.TimerThread.mainLoop(Timer.java:566)
	at java.base/java.util.TimerThread.run(Timer.java:516)

!ENTRY com.st.stm32cube.ide.mpu.remote.serial 4 0 2026-04-03 17:32:03.056
!MESSAGE Failed to parse wmic output
!STACK 0
org.xml.sax.SAXParseException; lineNumber: 1; columnNumber: 1; Premature end of file.
	at java.xml/com.sun.org.apache.xerces.internal.parsers.DOMParser.parse(DOMParser.java:262)
	at java.xml/com.sun.org.apache.xerces.internal.jaxp.DocumentBuilderImpl.parse(DocumentBuilderImpl.java:342)
	at com.st.stm32cube.ide.mpu.remote.serial.internal.SerialPortProviderWindows.run(SerialPortProviderWindows.java:127)
	at java.base/java.util.TimerThread.mainLoop(Timer.java:566)
	at java.base/java.util.TimerThread.run(Timer.java:516)

!ENTRY com.st.stm32cube.ide.mpu.remote.serial 4 0 2026-04-03 17:32:04.057
!MESSAGE Failed to parse wmic output
!STACK 0
org.xml.sax.SAXParseException; lineNumber: 1; columnNumber: 1; Premature end of file.
	at java.xml/com.sun.org.apache.xerces.internal.parsers.DOMParser.parse(DOMParser.java:262)
	at java.xml/com.sun.org.apache.xerces.internal.jaxp.DocumentBuilderImpl.parse(DocumentBuilderImpl.java:342)
	at com.st.stm32cube.ide.mpu.remote.serial.internal.SerialPortProviderWindows.run(SerialPortProviderWindows.java:127)
	at java.base/java.util.TimerThread.mainLoop(Timer.java:566)
	at java.base/java.util.TimerThread.run(Timer.java:516)

!ENTRY com.st.stm32cube.ide.mpu.remote.serial 4 0 2026-04-03 17:32:05.060
!MESSAGE Failed to parse wmic output
!STACK 0
org.xml.sax.SAXParseException; lineNumber: 1; columnNumber: 1; Premature end of file.
	at java.xml/com.sun.org.apache.xerces.internal.parsers.DOMParser.parse(DOMParser.java:262)
	at java.xml/com.sun.org.apache.xerces.internal.jaxp.DocumentBuilderImpl.parse(DocumentBuilderImpl.java:342)
	at com.st.stm32cube.ide.mpu.remote.serial.internal.SerialPortProviderWindows.run(SerialPortProviderWindows.java:127)
	at java.base/java.util.TimerThread.mainLoop(Timer.java:566)
	at java.base/java.util.TimerThread.run(Timer.java:516)

!ENTRY com.st.stm32cube.ide.mpu.remote.serial 4 0 2026-04-03 17:32:06.065
!MESSAGE Failed to parse wmic output
!STACK 0
org.xml.sax.SAXParseException; lineNumber: 1; columnNumber: 1; Premature end of file.
	at java.xml/com.sun.org.apache.xerces.internal.parsers.DOMParser.parse(DOMParser.java:262)
	at java.xml/com.sun.org.apache.xerces.internal.jaxp.DocumentBuilderImpl.parse(DocumentBuilderImpl.java:342)
	at com.st.stm32cube.ide.mpu.remote.serial.internal.SerialPortProviderWindows.run(SerialPortProviderWindows.java:127)
	at java.base/java.util.TimerThread.mainLoop(Timer.java:566)
	at java.base/java.util.TimerThread.run(Timer.java:516)

!ENTRY com.st.stm32cube.ide.mpu.remote.serial 4 0 2026-04-03 17:32:07.156
!MESSAGE Failed to parse wmic output
!STACK 0
org.xml.sax.SAXParseException; lineNumber: 1; columnNumber: 1; Premature end of file.
	at java.xml/com.sun.org.apache.xerces.internal.parsers.DOMParser.parse(DOMParser.java:262)
	at java.xml/com.sun.org.apache.xerces.internal.jaxp.DocumentBuilderImpl.parse(DocumentBuilderImpl.java:342)
	at com.st.stm32cube.ide.mpu.remote.serial.internal.SerialPortProviderWindows.run(SerialPortProviderWindows.java:127)
	at java.base/java.util.TimerThread.mainLoop(Timer.java:566)
	at java.base/java.util.TimerThread.run(Timer.java:516)

!ENTRY com.st.stm32cube.ide.mpu.remote.serial 4 0 2026-04-03 17:32:08.059
!MESSAGE Failed to parse wmic output
!STACK 0
org.xml.sax.SAXParseException; lineNumber: 1; columnNumber: 1; Premature end of file.
	at java.xml/com.sun.org.apache.xerces.internal.parsers.DOMParser.parse(DOMParser.java:262)
	at java.xml/com.sun.org.apache.xerces.internal.jaxp.DocumentBuilderImpl.parse(DocumentBuilderImpl.java:342)
	at com.st.stm32cube.ide.mpu.remote.serial.internal.SerialPortProviderWindows.run(SerialPortProviderWindows.java:127)
	at java.base/java.util.TimerThread.mainLoop(Timer.java:566)
	at java.base/java.util.TimerThread.run(Timer.java:516)

!ENTRY com.st.stm32cube.ide.mpu.remote.serial 4 0 2026-04-03 17:32:09.057
!MESSAGE Failed to parse wmic output
!STACK 0
org.xml.sax.SAXParseException; lineNumber: 1; columnNumber: 1; Premature end of file.
	at java.xml/com.sun.org.apache.xerces.internal.parsers.DOMParser.parse(DOMParser.java:262)
	at java.xml/com.sun.org.apache.xerces.internal.jaxp.DocumentBuilderImpl.parse(DocumentBuilderImpl.java:342)
	at com.st.stm32cube.ide.mpu.remote.serial.internal.SerialPortProviderWindows.run(SerialPortProviderWindows.java:127)
	at java.base/java.util.TimerThread.mainLoop(Timer.java:566)
	at java.base/java.util.TimerThread.run(Timer.java:516)

!ENTRY com.st.stm32cube.ide.mpu.remote.serial 4 0 2026-04-03 17:32:10.055
!MESSAGE Failed to parse wmic output
!STACK 0
org.xml.sax.SAXParseException; lineNumber: 1; columnNumber: 1; Premature end of file.
	at java.xml/com.sun.org.apache.xerces.internal.parsers.DOMParser.parse(DOMParser.java:262)
	at java.xml/com.sun.org.apache.xerces.internal.jaxp.DocumentBuilderImpl.parse(DocumentBuilderImpl.java:342)
	at com.st.stm32cube.ide.mpu.remote.serial.internal.SerialPortProviderWindows.run(SerialPortProviderWindows.java:127)
	at java.base/java.util.TimerThread.mainLoop(Timer.java:566)
	at java.base/java.util.TimerThread.run(Timer.java:516)

!ENTRY com.st.stm32cube.ide.mpu.remote.serial 4 0 2026-04-03 17:32:11.057
!MESSAGE Failed to parse wmic output
!STACK 0
org.xml.sax.SAXParseException; lineNumber: 1; columnNumber: 1; Premature end of file.
	at java.xml/com.sun.org.apache.xerces.internal.parsers.DOMParser.parse(DOMParser.java:262)
	at java.xml/com.sun.org.apache.xerces.internal.jaxp.DocumentBuilderImpl.parse(DocumentBuilderImpl.java:342)
	at com.st.stm32cube.ide.mpu.remote.serial.internal.SerialPortProviderWindows.run(SerialPortProviderWindows.java:127)
	at java.base/java.util.TimerThread.mainLoop(Timer.java:566)
	at java.base/java.util.TimerThread.run(Timer.java:516)

!ENTRY com.st.stm32cube.ide.mpu.remote.serial 4 0 2026-04-03 17:32:12.057
!MESSAGE Failed to parse wmic output
!STACK 0
org.xml.sax.SAXParseException; lineNumber: 1; columnNumber: 1; Premature end of file.
	at java.xml/com.sun.org.apache.xerces.internal.parsers.DOMParser.parse(DOMParser.java:262)
	at java.xml/com.sun.org.apache.xerces.internal.jaxp.DocumentBuilderImpl.parse(DocumentBuilderImpl.java:342)
	at com.st.stm32cube.ide.mpu.remote.serial.internal.SerialPortProviderWindows.run(SerialPortProviderWindows.java:127)
	at java.base/java.util.TimerThread.mainLoop(Timer.java:566)
	at java.base/java.util.TimerThread.run(Timer.java:516)

!ENTRY com.st.stm32cube.ide.mpu.remote.serial 4 0 2026-04-03 17:32:13.085
!MESSAGE Failed to parse wmic output
!STACK 0
org.xml.sax.SAXParseException; lineNumber: 1; columnNumber: 1; Premature end of file.
	at java.xml/com.sun.org.apache.xerces.internal.parsers.DOMParser.parse(DOMParser.java:262)
	at java.xml/com.sun.org.apache.xerces.internal.jaxp.DocumentBuilderImpl.parse(DocumentBuilderImpl.java:342)
	at com.st.stm32cube.ide.mpu.remote.serial.internal.SerialPortProviderWindows.run(SerialPortProviderWindows.java:127)
	at java.base/java.util.TimerThread.mainLoop(Timer.java:566)
	at java.base/java.util.TimerThread.run(Timer.java:516)

!ENTRY com.st.stm32cube.ide.mpu.remote.serial 4 0 2026-04-03 17:32:14.086
!MESSAGE Failed to parse wmic output
!STACK 0
org.xml.sax.SAXParseException; lineNumber: 1; columnNumber: 1; Premature end of file.
	at java.xml/com.sun.org.apache.xerces.internal.parsers.DOMParser.parse(DOMParser.java:262)
	at java.xml/com.sun.org.apache.xerces.internal.jaxp.DocumentBuilderImpl.parse(DocumentBuilderImpl.java:342)
	at com.st.stm32cube.ide.mpu.remote.serial.internal.SerialPortProviderWindows.run(SerialPortProviderWindows.java:127)
	at java.base/java.util.TimerThread.mainLoop(Timer.java:566)
	at java.base/java.util.TimerThread.run(Timer.java:516)

!ENTRY com.st.stm32cube.ide.mpu.remote.serial 4 0 2026-04-03 17:32:15.054
!MESSAGE Failed to parse wmic output
!STACK 0
org.xml.sax.SAXParseException; lineNumber: 1; columnNumber: 1; Premature end of file.
	at java.xml/com.sun.org.apache.xerces.internal.parsers.DOMParser.parse(DOMParser.java:262)
	at java.xml/com.sun.org.apache.xerces.internal.jaxp.DocumentBuilderImpl.parse(DocumentBuilderImpl.java:342)
	at com.st.stm32cube.ide.mpu.remote.serial.internal.SerialPortProviderWindows.run(SerialPortProviderWindows.java:127)
	at java.base/java.util.TimerThread.mainLoop(Timer.java:566)
	at java.base/java.util.TimerThread.run(Timer.java:516)

!ENTRY com.st.stm32cube.ide.mpu.remote.serial 4 0 2026-04-03 17:32:16.055
!MESSAGE Failed to parse wmic output
!STACK 0
org.xml.sax.SAXParseException; lineNumber: 1; columnNumber: 1; Premature end of file.
	at java.xml/com.sun.org.apache.xerces.internal.parsers.DOMParser.parse(DOMParser.java:262)
	at java.xml/com.sun.org.apache.xerces.internal.jaxp.DocumentBuilderImpl.parse(DocumentBuilderImpl.java:342)
	at com.st.stm32cube.ide.mpu.remote.serial.internal.SerialPortProviderWindows.run(SerialPortProviderWindows.java:127)
	at java.base/java.util.TimerThread.mainLoop(Timer.java:566)
	at java.base/java.util.TimerThread.run(Timer.java:516)

!ENTRY com.st.stm32cube.ide.mpu.remote.serial 4 0 2026-04-03 17:32:17.055
!MESSAGE Failed to parse wmic output
!STACK 0
org.xml.sax.SAXParseException; lineNumber: 1; columnNumber: 1; Premature end of file.
	at java.xml/com.sun.org.apache.xerces.internal.parsers.DOMParser.parse(DOMParser.java:262)
	at java.xml/com.sun.org.apache.xerces.internal.jaxp.DocumentBuilderImpl.parse(DocumentBuilderImpl.java:342)
	at com.st.stm32cube.ide.mpu.remote.serial.internal.SerialPortProviderWindows.run(SerialPortProviderWindows.java:127)
	at java.base/java.util.TimerThread.mainLoop(Timer.java:566)
	at java.base/java.util.TimerThread.run(Timer.java:516)

!ENTRY com.st.stm32cube.ide.mpu.remote.serial 4 0 2026-04-03 17:32:18.054
!MESSAGE Failed to parse wmic output
!STACK 0
org.xml.sax.SAXParseException; lineNumber: 1; columnNumber: 1; Premature end of file.
	at java.xml/com.sun.org.apache.xerces.internal.parsers.DOMParser.parse(DOMParser.java:262)
	at java.xml/com.sun.org.apache.xerces.internal.jaxp.DocumentBuilderImpl.parse(DocumentBuilderImpl.java:342)
	at com.st.stm32cube.ide.mpu.remote.serial.internal.SerialPortProviderWindows.run(SerialPortProviderWindows.java:127)
	at java.base/java.util.TimerThread.mainLoop(Timer.java:566)
	at java.base/java.util.TimerThread.run(Timer.java:516)

!ENTRY com.st.stm32cube.ide.mpu.remote.serial 4 0 2026-04-03 17:32:19.053
!MESSAGE Failed to parse wmic output
!STACK 0
org.xml.sax.SAXParseException; lineNumber: 1; columnNumber: 1; Premature end of file.
	at java.xml/com.sun.org.apache.xerces.internal.parsers.DOMParser.parse(DOMParser.java:262)
	at java.xml/com.sun.org.apache.xerces.internal.jaxp.DocumentBuilderImpl.parse(DocumentBuilderImpl.java:342)
	at com.st.stm32cube.ide.mpu.remote.serial.internal.SerialPortProviderWindows.run(SerialPortProviderWindows.java:127)
	at java.base/java.util.TimerThread.mainLoop(Timer.java:566)
	at java.base/java.util.TimerThread.run(Timer.java:516)

!ENTRY com.st.stm32cube.ide.mpu.remote.serial 4 0 2026-04-03 17:32:20.063
!MESSAGE Failed to parse wmic output
!STACK 0
org.xml.sax.SAXParseException; lineNumber: 1; columnNumber: 1; Premature end of file.
	at java.xml/com.sun.org.apache.xerces.internal.parsers.DOMParser.parse(DOMParser.java:262)
	at java.xml/com.sun.org.apache.xerces.internal.jaxp.DocumentBuilderImpl.parse(DocumentBuilderImpl.java:342)
	at com.st.stm32cube.ide.mpu.remote.serial.internal.SerialPortProviderWindows.run(SerialPortProviderWindows.java:127)
	at java.base/java.util.TimerThread.mainLoop(Timer.java:566)
	at java.base/java.util.TimerThread.run(Timer.java:516)

!ENTRY com.st.stm32cube.ide.mpu.remote.serial 4 0 2026-04-03 17:32:21.059
!MESSAGE Failed to parse wmic output
!STACK 0
org.xml.sax.SAXParseException; lineNumber: 1; columnNumber: 1; Premature end of file.
	at java.xml/com.sun.org.apache.xerces.internal.parsers.DOMParser.parse(DOMParser.java:262)
	at java.xml/com.sun.org.apache.xerces.internal.jaxp.DocumentBuilderImpl.parse(DocumentBuilderImpl.java:342)
	at com.st.stm32cube.ide.mpu.remote.serial.internal.SerialPortProviderWindows.run(SerialPortProviderWindows.java:127)
	at java.base/java.util.TimerThread.mainLoop(Timer.java:566)
	at java.base/java.util.TimerThread.run(Timer.java:516)

!ENTRY com.st.stm32cube.ide.mpu.remote.serial 4 0 2026-04-03 17:32:22.059
!MESSAGE Failed to parse wmic output
!STACK 0
org.xml.sax.SAXParseException; lineNumber: 1; columnNumber: 1; Premature end of file.
	at java.xml/com.sun.org.apache.xerces.internal.parsers.DOMParser.parse(DOMParser.java:262)
	at java.xml/com.sun.org.apache.xerces.internal.jaxp.DocumentBuilderImpl.parse(DocumentBuilderImpl.java:342)
	at com.st.stm32cube.ide.mpu.remote.serial.internal.SerialPortProviderWindows.run(SerialPortProviderWindows.java:127)
	at java.base/java.util.TimerThread.mainLoop(Timer.java:566)
	at java.base/java.util.TimerThread.run(Timer.java:516)

!ENTRY com.st.stm32cube.ide.mpu.remote.serial 4 0 2026-04-03 17:32:23.054
!MESSAGE Failed to parse wmic output
!STACK 0
org.xml.sax.SAXParseException; lineNumber: 1; columnNumber: 1; Premature end of file.
	at java.xml/com.sun.org.apache.xerces.internal.parsers.DOMParser.parse(DOMParser.java:262)
	at java.xml/com.sun.org.apache.xerces.internal.jaxp.DocumentBuilderImpl.parse(DocumentBuilderImpl.java:342)
	at com.st.stm32cube.ide.mpu.remote.serial.internal.SerialPortProviderWindows.run(SerialPortProviderWindows.java:127)
	at java.base/java.util.TimerThread.mainLoop(Timer.java:566)
	at java.base/java.util.TimerThread.run(Timer.java:516)

!ENTRY com.st.stm32cube.ide.mpu.remote.serial 4 0 2026-04-03 17:32:24.065
!MESSAGE Failed to parse wmic output
!STACK 0
org.xml.sax.SAXParseException; lineNumber: 1; columnNumber: 1; Premature end of file.
	at java.xml/com.sun.org.apache.xerces.internal.parsers.DOMParser.parse(DOMParser.java:262)
	at java.xml/com.sun.org.apache.xerces.internal.jaxp.DocumentBuilderImpl.parse(DocumentBuilderImpl.java:342)
	at com.st.stm32cube.ide.mpu.remote.serial.internal.SerialPortProviderWindows.run(SerialPortProviderWindows.java:127)
	at java.base/java.util.TimerThread.mainLoop(Timer.java:566)
	at java.base/java.util.TimerThread.run(Timer.java:516)

!ENTRY com.st.stm32cube.ide.mpu.remote.serial 4 0 2026-04-03 17:32:25.059
!MESSAGE Failed to parse wmic output
!STACK 0
org.xml.sax.SAXParseException; lineNumber: 1; columnNumber: 1; Premature end of file.
	at java.xml/com.sun.org.apache.xerces.internal.parsers.DOMParser.parse(DOMParser.java:262)
	at java.xml/com.sun.org.apache.xerces.internal.jaxp.DocumentBuilderImpl.parse(DocumentBuilderImpl.java:342)
	at com.st.stm32cube.ide.mpu.remote.serial.internal.SerialPortProviderWindows.run(SerialPortProviderWindows.java:127)
	at java.base/java.util.TimerThread.mainLoop(Timer.java:566)
	at java.base/java.util.TimerThread.run(Timer.java:516)

!ENTRY com.st.stm32cube.ide.mpu.remote.serial 4 0 2026-04-03 17:32:26.057
!MESSAGE Failed to parse wmic output
!STACK 0
org.xml.sax.SAXParseException; lineNumber: 1; columnNumber: 1; Premature end of file.
	at java.xml/com.sun.org.apache.xerces.internal.parsers.DOMParser.parse(DOMParser.java:262)
	at java.xml/com.sun.org.apache.xerces.internal.jaxp.DocumentBuilderImpl.parse(DocumentBuilderImpl.java:342)
	at com.st.stm32cube.ide.mpu.remote.serial.internal.SerialPortProviderWindows.run(SerialPortProviderWindows.java:127)
	at java.base/java.util.TimerThread.mainLoop(Timer.java:566)
	at java.base/java.util.TimerThread.run(Timer.java:516)

!ENTRY com.st.stm32cube.ide.mpu.remote.serial 4 0 2026-04-03 17:32:27.060
!MESSAGE Failed to parse wmic output
!STACK 0
org.xml.sax.SAXParseException; lineNumber: 1; columnNumber: 1; Premature end of file.
	at java.xml/com.sun.org.apache.xerces.internal.parsers.DOMParser.parse(DOMParser.java:262)
	at java.xml/com.sun.org.apache.xerces.internal.jaxp.DocumentBuilderImpl.parse(DocumentBuilderImpl.java:342)
	at com.st.stm32cube.ide.mpu.remote.serial.internal.SerialPortProviderWindows.run(SerialPortProviderWindows.java:127)
	at java.base/java.util.TimerThread.mainLoop(Timer.java:566)
	at java.base/java.util.TimerThread.run(Timer.java:516)

!ENTRY com.st.stm32cube.ide.mpu.remote.serial 4 0 2026-04-03 17:32:28.062
!MESSAGE Failed to parse wmic output
!STACK 0
org.xml.sax.SAXParseException; lineNumber: 1; columnNumber: 1; Premature end of file.
	at java.xml/com.sun.org.apache.xerces.internal.parsers.DOMParser.parse(DOMParser.java:262)
	at java.xml/com.sun.org.apache.xerces.internal.jaxp.DocumentBuilderImpl.parse(DocumentBuilderImpl.java:342)
	at com.st.stm32cube.ide.mpu.remote.serial.internal.SerialPortProviderWindows.run(SerialPortProviderWindows.java:127)
	at java.base/java.util.TimerThread.mainLoop(Timer.java:566)
	at java.base/java.util.TimerThread.run(Timer.java:516)

!ENTRY com.st.stm32cube.ide.mpu.remote.serial 4 0 2026-04-03 17:32:29.056
!MESSAGE Failed to parse wmic output
!STACK 0
org.xml.sax.SAXParseException; lineNumber: 1; columnNumber: 1; Premature end of file.
	at java.xml/com.sun.org.apache.xerces.internal.parsers.DOMParser.parse(DOMParser.java:262)
	at java.xml/com.sun.org.apache.xerces.internal.jaxp.DocumentBuilderImpl.parse(DocumentBuilderImpl.java:342)
	at com.st.stm32cube.ide.mpu.remote.serial.internal.SerialPortProviderWindows.run(SerialPortProviderWindows.java:127)
	at java.base/java.util.TimerThread.mainLoop(Timer.java:566)
	at java.base/java.util.TimerThread.run(Timer.java:516)

!ENTRY com.st.stm32cube.ide.mpu.remote.serial 4 0 2026-04-03 17:32:30.060
!MESSAGE Failed to parse wmic output
!STACK 0
org.xml.sax.SAXParseException; lineNumber: 1; columnNumber: 1; Premature end of file.
	at java.xml/com.sun.org.apache.xerces.internal.parsers.DOMParser.parse(DOMParser.java:262)
	at java.xml/com.sun.org.apache.xerces.internal.jaxp.DocumentBuilderImpl.parse(DocumentBuilderImpl.java:342)
	at com.st.stm32cube.ide.mpu.remote.serial.internal.SerialPortProviderWindows.run(SerialPortProviderWindows.java:127)
	at java.base/java.util.TimerThread.mainLoop(Timer.java:566)
	at java.base/java.util.TimerThread.run(Timer.java:516)

!ENTRY com.st.stm32cube.ide.mpu.remote.serial 4 0 2026-04-03 17:32:31.059
!MESSAGE Failed to parse wmic output
!STACK 0
org.xml.sax.SAXParseException; lineNumber: 1; columnNumber: 1; Premature end of file.
	at java.xml/com.sun.org.apache.xerces.internal.parsers.DOMParser.parse(DOMParser.java:262)
	at java.xml/com.sun.org.apache.xerces.internal.jaxp.DocumentBuilderImpl.parse(DocumentBuilderImpl.java:342)
	at com.st.stm32cube.ide.mpu.remote.serial.internal.SerialPortProviderWindows.run(SerialPortProviderWindows.java:127)
	at java.base/java.util.TimerThread.mainLoop(Timer.java:566)
	at java.base/java.util.TimerThread.run(Timer.java:516)

!ENTRY com.st.stm32cube.ide.mpu.remote.serial 4 0 2026-04-03 17:32:32.058
!MESSAGE Failed to parse wmic output
!STACK 0
org.xml.sax.SAXParseException; lineNumber: 1; columnNumber: 1; Premature end of file.
	at java.xml/com.sun.org.apache.xerces.internal.parsers.DOMParser.parse(DOMParser.java:262)
	at java.xml/com.sun.org.apache.xerces.internal.jaxp.DocumentBuilderImpl.parse(DocumentBuilderImpl.java:342)
	at com.st.stm32cube.ide.mpu.remote.serial.internal.SerialPortProviderWindows.run(SerialPortProviderWindows.java:127)
	at java.base/java.util.TimerThread.mainLoop(Timer.java:566)
	at java.base/java.util.TimerThread.run(Timer.java:516)

!ENTRY com.st.stm32cube.ide.mpu.remote.serial 4 0 2026-04-03 17:32:33.063
!MESSAGE Failed to parse wmic output
!STACK 0
org.xml.sax.SAXParseException; lineNumber: 1; columnNumber: 1; Premature end of file.
	at java.xml/com.sun.org.apache.xerces.internal.parsers.DOMParser.parse(DOMParser.java:262)
	at java.xml/com.sun.org.apache.xerces.internal.jaxp.DocumentBuilderImpl.parse(DocumentBuilderImpl.java:342)
	at com.st.stm32cube.ide.mpu.remote.serial.internal.SerialPortProviderWindows.run(SerialPortProviderWindows.java:127)
	at java.base/java.util.TimerThread.mainLoop(Timer.java:566)
	at java.base/java.util.TimerThread.run(Timer.java:516)

!ENTRY com.st.stm32cube.ide.mpu.remote.serial 4 0 2026-04-03 17:32:34.054
!MESSAGE Failed to parse wmic output
!STACK 0
org.xml.sax.SAXParseException; lineNumber: 1; columnNumber: 1; Premature end of file.
	at java.xml/com.sun.org.apache.xerces.internal.parsers.DOMParser.parse(DOMParser.java:262)
	at java.xml/com.sun.org.apache.xerces.internal.jaxp.DocumentBuilderImpl.parse(DocumentBuilderImpl.java:342)
	at com.st.stm32cube.ide.mpu.remote.serial.internal.SerialPortProviderWindows.run(SerialPortProviderWindows.java:127)
	at java.base/java.util.TimerThread.mainLoop(Timer.java:566)
	at java.base/java.util.TimerThread.run(Timer.java:516)

!ENTRY com.st.stm32cube.ide.mpu.remote.serial 4 0 2026-04-03 17:32:35.060
!MESSAGE Failed to parse wmic output
!STACK 0
org.xml.sax.SAXParseException; lineNumber: 1; columnNumber: 1; Premature end of file.
	at java.xml/com.sun.org.apache.xerces.internal.parsers.DOMParser.parse(DOMParser.java:262)
	at java.xml/com.sun.org.apache.xerces.internal.jaxp.DocumentBuilderImpl.parse(DocumentBuilderImpl.java:342)
	at com.st.stm32cube.ide.mpu.remote.serial.internal.SerialPortProviderWindows.run(SerialPortProviderWindows.java:127)
	at java.base/java.util.TimerThread.mainLoop(Timer.java:566)
	at java.base/java.util.TimerThread.run(Timer.java:516)

!ENTRY com.st.stm32cube.ide.mpu.remote.serial 4 0 2026-04-03 17:32:36.057
!MESSAGE Failed to parse wmic output
!STACK 0
org.xml.sax.SAXParseException; lineNumber: 1; columnNumber: 1; Premature end of file.
	at java.xml/com.sun.org.apache.xerces.internal.parsers.DOMParser.parse(DOMParser.java:262)
	at java.xml/com.sun.org.apache.xerces.internal.jaxp.DocumentBuilderImpl.parse(DocumentBuilderImpl.java:342)
	at com.st.stm32cube.ide.mpu.remote.serial.internal.SerialPortProviderWindows.run(SerialPortProviderWindows.java:127)
	at java.base/java.util.TimerThread.mainLoop(Timer.java:566)
	at java.base/java.util.TimerThread.run(Timer.java:516)

!ENTRY com.st.stm32cube.ide.mpu.remote.serial 4 0 2026-04-03 17:32:37.054
!MESSAGE Failed to parse wmic output
!STACK 0
org.xml.sax.SAXParseException; lineNumber: 1; columnNumber: 1; Premature end of file.
	at java.xml/com.sun.org.apache.xerces.internal.parsers.DOMParser.parse(DOMParser.java:262)
	at java.xml/com.sun.org.apache.xerces.internal.jaxp.DocumentBuilderImpl.parse(DocumentBuilderImpl.java:342)
	at com.st.stm32cube.ide.mpu.remote.serial.internal.SerialPortProviderWindows.run(SerialPortProviderWindows.java:127)
	at java.base/java.util.TimerThread.mainLoop(Timer.java:566)
	at java.base/java.util.TimerThread.run(Timer.java:516)

!ENTRY com.st.stm32cube.ide.mpu.remote.serial 4 0 2026-04-03 17:32:38.063
!MESSAGE Failed to parse wmic output
!STACK 0
org.xml.sax.SAXParseException; lineNumber: 1; columnNumber: 1; Premature end of file.
	at java.xml/com.sun.org.apache.xerces.internal.parsers.DOMParser.parse(DOMParser.java:262)
	at java.xml/com.sun.org.apache.xerces.internal.jaxp.DocumentBuilderImpl.parse(DocumentBuilderImpl.java:342)
	at com.st.stm32cube.ide.mpu.remote.serial.internal.SerialPortProviderWindows.run(SerialPortProviderWindows.java:127)
	at java.base/java.util.TimerThread.mainLoop(Timer.java:566)
	at java.base/java.util.TimerThread.run(Timer.java:516)

!ENTRY com.st.stm32cube.ide.mpu.remote.serial 4 0 2026-04-03 17:32:39.056
!MESSAGE Failed to parse wmic output
!STACK 0
org.xml.sax.SAXParseException; lineNumber: 1; columnNumber: 1; Premature end of file.
	at java.xml/com.sun.org.apache.xerces.internal.parsers.DOMParser.parse(DOMParser.java:262)
	at java.xml/com.sun.org.apache.xerces.internal.jaxp.DocumentBuilderImpl.parse(DocumentBuilderImpl.java:342)
	at com.st.stm32cube.ide.mpu.remote.serial.internal.SerialPortProviderWindows.run(SerialPortProviderWindows.java:127)
	at java.base/java.util.TimerThread.mainLoop(Timer.java:566)
	at java.base/java.util.TimerThread.run(Timer.java:516)

!ENTRY com.st.stm32cube.ide.mpu.remote.serial 4 0 2026-04-03 17:32:40.054
!MESSAGE Failed to parse wmic output
!STACK 0
org.xml.sax.SAXParseException; lineNumber: 1; columnNumber: 1; Premature end of file.
	at java.xml/com.sun.org.apache.xerces.internal.parsers.DOMParser.parse(DOMParser.java:262)
	at java.xml/com.sun.org.apache.xerces.internal.jaxp.DocumentBuilderImpl.parse(DocumentBuilderImpl.java:342)
	at com.st.stm32cube.ide.mpu.remote.serial.internal.SerialPortProviderWindows.run(SerialPortProviderWindows.java:127)
	at java.base/java.util.TimerThread.mainLoop(Timer.java:566)
	at java.base/java.util.TimerThread.run(Timer.java:516)

!ENTRY com.st.stm32cube.ide.mpu.remote.serial 4 0 2026-04-03 17:32:41.057
!MESSAGE Failed to parse wmic output
!STACK 0
org.xml.sax.SAXParseException; lineNumber: 1; columnNumber: 1; Premature end of file.
	at java.xml/com.sun.org.apache.xerces.internal.parsers.DOMParser.parse(DOMParser.java:262)
	at java.xml/com.sun.org.apache.xerces.internal.jaxp.DocumentBuilderImpl.parse(DocumentBuilderImpl.java:342)
	at com.st.stm32cube.ide.mpu.remote.serial.internal.SerialPortProviderWindows.run(SerialPortProviderWindows.java:127)
	at java.base/java.util.TimerThread.mainLoop(Timer.java:566)
	at java.base/java.util.TimerThread.run(Timer.java:516)

!ENTRY com.st.stm32cube.ide.mpu.remote.serial 4 0 2026-04-03 17:32:42.055
!MESSAGE Failed to parse wmic output
!STACK 0
org.xml.sax.SAXParseException; lineNumber: 1; columnNumber: 1; Premature end of file.
	at java.xml/com.sun.org.apache.xerces.internal.parsers.DOMParser.parse(DOMParser.java:262)
	at java.xml/com.sun.org.apache.xerces.internal.jaxp.DocumentBuilderImpl.parse(DocumentBuilderImpl.java:342)
	at com.st.stm32cube.ide.mpu.remote.serial.internal.SerialPortProviderWindows.run(SerialPortProviderWindows.java:127)
	at java.base/java.util.TimerThread.mainLoop(Timer.java:566)
	at java.base/java.util.TimerThread.run(Timer.java:516)

!ENTRY com.st.stm32cube.ide.mpu.remote.serial 4 0 2026-04-03 17:32:43.061
!MESSAGE Failed to parse wmic output
!STACK 0
org.xml.sax.SAXParseException; lineNumber: 1; columnNumber: 1; Premature end of file.
	at java.xml/com.sun.org.apache.xerces.internal.parsers.DOMParser.parse(DOMParser.java:262)
	at java.xml/com.sun.org.apache.xerces.internal.jaxp.DocumentBuilderImpl.parse(DocumentBuilderImpl.java:342)
	at com.st.stm32cube.ide.mpu.remote.serial.internal.SerialPortProviderWindows.run(SerialPortProviderWindows.java:127)
	at java.base/java.util.TimerThread.mainLoop(Timer.java:566)
	at java.base/java.util.TimerThread.run(Timer.java:516)

!ENTRY com.st.stm32cube.ide.mpu.remote.serial 4 0 2026-04-03 17:32:44.056
!MESSAGE Failed to parse wmic output
!STACK 0
org.xml.sax.SAXParseException; lineNumber: 1; columnNumber: 1; Premature end of file.
	at java.xml/com.sun.org.apache.xerces.internal.parsers.DOMParser.parse(DOMParser.java:262)
	at java.xml/com.sun.org.apache.xerces.internal.jaxp.DocumentBuilderImpl.parse(DocumentBuilderImpl.java:342)
	at com.st.stm32cube.ide.mpu.remote.serial.internal.SerialPortProviderWindows.run(SerialPortProviderWindows.java:127)
	at java.base/java.util.TimerThread.mainLoop(Timer.java:566)
	at java.base/java.util.TimerThread.run(Timer.java:516)

!ENTRY com.st.stm32cube.ide.mpu.remote.serial 4 0 2026-04-03 17:32:45.055
!MESSAGE Failed to parse wmic output
!STACK 0
org.xml.sax.SAXParseException; lineNumber: 1; columnNumber: 1; Premature end of file.
	at java.xml/com.sun.org.apache.xerces.internal.parsers.DOMParser.parse(DOMParser.java:262)
	at java.xml/com.sun.org.apache.xerces.internal.jaxp.DocumentBuilderImpl.parse(DocumentBuilderImpl.java:342)
	at com.st.stm32cube.ide.mpu.remote.serial.internal.SerialPortProviderWindows.run(SerialPortProviderWindows.java:127)
	at java.base/java.util.TimerThread.mainLoop(Timer.java:566)
	at java.base/java.util.TimerThread.run(Timer.java:516)

!ENTRY com.st.stm32cube.ide.mpu.remote.serial 4 0 2026-04-03 17:32:46.056
!MESSAGE Failed to parse wmic output
!STACK 0
org.xml.sax.SAXParseException; lineNumber: 1; columnNumber: 1; Premature end of file.
	at java.xml/com.sun.org.apache.xerces.internal.parsers.DOMParser.parse(DOMParser.java:262)
	at java.xml/com.sun.org.apache.xerces.internal.jaxp.DocumentBuilderImpl.parse(DocumentBuilderImpl.java:342)
	at com.st.stm32cube.ide.mpu.remote.serial.internal.SerialPortProviderWindows.run(SerialPortProviderWindows.java:127)
	at java.base/java.util.TimerThread.mainLoop(Timer.java:566)
	at java.base/java.util.TimerThread.run(Timer.java:516)

!ENTRY com.st.stm32cube.ide.mpu.remote.serial 4 0 2026-04-03 17:32:47.058
!MESSAGE Failed to parse wmic output
!STACK 0
org.xml.sax.SAXParseException; lineNumber: 1; columnNumber: 1; Premature end of file.
	at java.xml/com.sun.org.apache.xerces.internal.parsers.DOMParser.parse(DOMParser.java:262)
	at java.xml/com.sun.org.apache.xerces.internal.jaxp.DocumentBuilderImpl.parse(DocumentBuilderImpl.java:342)
	at com.st.stm32cube.ide.mpu.remote.serial.internal.SerialPortProviderWindows.run(SerialPortProviderWindows.java:127)
	at java.base/java.util.TimerThread.mainLoop(Timer.java:566)
	at java.base/java.util.TimerThread.run(Timer.java:516)

!ENTRY com.st.stm32cube.ide.mpu.remote.serial 4 0 2026-04-03 17:32:48.057
!MESSAGE Failed to parse wmic output
!STACK 0
org.xml.sax.SAXParseException; lineNumber: 1; columnNumber: 1; Premature end of file.
	at java.xml/com.sun.org.apache.xerces.internal.parsers.DOMParser.parse(DOMParser.java:262)
	at java.xml/com.sun.org.apache.xerces.internal.jaxp.DocumentBuilderImpl.parse(DocumentBuilderImpl.java:342)
	at com.st.stm32cube.ide.mpu.remote.serial.internal.SerialPortProviderWindows.run(SerialPortProviderWindows.java:127)
	at java.base/java.util.TimerThread.mainLoop(Timer.java:566)
	at java.base/java.util.TimerThread.run(Timer.java:516)

!ENTRY com.st.stm32cube.ide.mpu.remote.serial 4 0 2026-04-03 17:32:49.075
!MESSAGE Failed to parse wmic output
!STACK 0
org.xml.sax.SAXParseException; lineNumber: 1; columnNumber: 1; Premature end of file.
	at java.xml/com.sun.org.apache.xerces.internal.parsers.DOMParser.parse(DOMParser.java:262)
	at java.xml/com.sun.org.apache.xerces.internal.jaxp.DocumentBuilderImpl.parse(DocumentBuilderImpl.java:342)
	at com.st.stm32cube.ide.mpu.remote.serial.internal.SerialPortProviderWindows.run(SerialPortProviderWindows.java:127)
	at java.base/java.util.TimerThread.mainLoop(Timer.java:566)
	at java.base/java.util.TimerThread.run(Timer.java:516)

!ENTRY com.st.stm32cube.ide.mpu.remote.serial 4 0 2026-04-03 17:32:50.056
!MESSAGE Failed to parse wmic output
!STACK 0
org.xml.sax.SAXParseException; lineNumber: 1; columnNumber: 1; Premature end of file.
	at java.xml/com.sun.org.apache.xerces.internal.parsers.DOMParser.parse(DOMParser.java:262)
	at java.xml/com.sun.org.apache.xerces.internal.jaxp.DocumentBuilderImpl.parse(DocumentBuilderImpl.java:342)
	at com.st.stm32cube.ide.mpu.remote.serial.internal.SerialPortProviderWindows.run(SerialPortProviderWindows.java:127)
	at java.base/java.util.TimerThread.mainLoop(Timer.java:566)
	at java.base/java.util.TimerThread.run(Timer.java:516)

!ENTRY com.st.stm32cube.ide.mpu.remote.serial 4 0 2026-04-03 17:32:51.059
!MESSAGE Failed to parse wmic output
!STACK 0
org.xml.sax.SAXParseException; lineNumber: 1; columnNumber: 1; Premature end of file.
	at java.xml/com.sun.org.apache.xerces.internal.parsers.DOMParser.parse(DOMParser.java:262)
	at java.xml/com.sun.org.apache.xerces.internal.jaxp.DocumentBuilderImpl.parse(DocumentBuilderImpl.java:342)
	at com.st.stm32cube.ide.mpu.remote.serial.internal.SerialPortProviderWindows.run(SerialPortProviderWindows.java:127)
	at java.base/java.util.TimerThread.mainLoop(Timer.java:566)
	at java.base/java.util.TimerThread.run(Timer.java:516)

!ENTRY com.st.stm32cube.ide.mpu.remote.serial 4 0 2026-04-03 17:32:52.066
!MESSAGE Failed to parse wmic output
!STACK 0
org.xml.sax.SAXParseException; lineNumber: 1; columnNumber: 1; Premature end of file.
	at java.xml/com.sun.org.apache.xerces.internal.parsers.DOMParser.parse(DOMParser.java:262)
	at java.xml/com.sun.org.apache.xerces.internal.jaxp.DocumentBuilderImpl.parse(DocumentBuilderImpl.java:342)
	at com.st.stm32cube.ide.mpu.remote.serial.internal.SerialPortProviderWindows.run(SerialPortProviderWindows.java:127)
	at java.base/java.util.TimerThread.mainLoop(Timer.java:566)
	at java.base/java.util.TimerThread.run(Timer.java:516)

!ENTRY com.st.stm32cube.ide.mpu.remote.serial 4 0 2026-04-03 17:32:53.063
!MESSAGE Failed to parse wmic output
!STACK 0
org.xml.sax.SAXParseException; lineNumber: 1; columnNumber: 1; Premature end of file.
	at java.xml/com.sun.org.apache.xerces.internal.parsers.DOMParser.parse(DOMParser.java:262)
	at java.xml/com.sun.org.apache.xerces.internal.jaxp.DocumentBuilderImpl.parse(DocumentBuilderImpl.java:342)
	at com.st.stm32cube.ide.mpu.remote.serial.internal.SerialPortProviderWindows.run(SerialPortProviderWindows.java:127)
	at java.base/java.util.TimerThread.mainLoop(Timer.java:566)
	at java.base/java.util.TimerThread.run(Timer.java:516)

!ENTRY com.st.stm32cube.ide.mpu.remote.serial 4 0 2026-04-03 17:32:54.056
!MESSAGE Failed to parse wmic output
!STACK 0
org.xml.sax.SAXParseException; lineNumber: 1; columnNumber: 1; Premature end of file.
	at java.xml/com.sun.org.apache.xerces.internal.parsers.DOMParser.parse(DOMParser.java:262)
	at java.xml/com.sun.org.apache.xerces.internal.jaxp.DocumentBuilderImpl.parse(DocumentBuilderImpl.java:342)
	at com.st.stm32cube.ide.mpu.remote.serial.internal.SerialPortProviderWindows.run(SerialPortProviderWindows.java:127)
	at java.base/java.util.TimerThread.mainLoop(Timer.java:566)
	at java.base/java.util.TimerThread.run(Timer.java:516)

!ENTRY com.st.stm32cube.ide.mpu.remote.serial 4 0 2026-04-03 17:32:55.066
!MESSAGE Failed to parse wmic output
!STACK 0
org.xml.sax.SAXParseException; lineNumber: 1; columnNumber: 1; Premature end of file.
	at java.xml/com.sun.org.apache.xerces.internal.parsers.DOMParser.parse(DOMParser.java:262)
	at java.xml/com.sun.org.apache.xerces.internal.jaxp.DocumentBuilderImpl.parse(DocumentBuilderImpl.java:342)
	at com.st.stm32cube.ide.mpu.remote.serial.internal.SerialPortProviderWindows.run(SerialPortProviderWindows.java:127)
	at java.base/java.util.TimerThread.mainLoop(Timer.java:566)
	at java.base/java.util.TimerThread.run(Timer.java:516)

!ENTRY com.st.stm32cube.ide.mpu.remote.serial 4 0 2026-04-03 17:32:56.054
!MESSAGE Failed to parse wmic output
!STACK 0
org.xml.sax.SAXParseException; lineNumber: 1; columnNumber: 1; Premature end of file.
	at java.xml/com.sun.org.apache.xerces.internal.parsers.DOMParser.parse(DOMParser.java:262)
	at java.xml/com.sun.org.apache.xerces.internal.jaxp.DocumentBuilderImpl.parse(DocumentBuilderImpl.java:342)
	at com.st.stm32cube.ide.mpu.remote.serial.internal.SerialPortProviderWindows.run(SerialPortProviderWindows.java:127)
	at java.base/java.util.TimerThread.mainLoop(Timer.java:566)
	at java.base/java.util.TimerThread.run(Timer.java:516)

!ENTRY com.st.stm32cube.ide.mpu.remote.serial 4 0 2026-04-03 17:32:57.062
!MESSAGE Failed to parse wmic output
!STACK 0
org.xml.sax.SAXParseException; lineNumber: 1; columnNumber: 1; Premature end of file.
	at java.xml/com.sun.org.apache.xerces.internal.parsers.DOMParser.parse(DOMParser.java:262)
	at java.xml/com.sun.org.apache.xerces.internal.jaxp.DocumentBuilderImpl.parse(DocumentBuilderImpl.java:342)
	at com.st.stm32cube.ide.mpu.remote.serial.internal.SerialPortProviderWindows.run(SerialPortProviderWindows.java:127)
	at java.base/java.util.TimerThread.mainLoop(Timer.java:566)
	at java.base/java.util.TimerThread.run(Timer.java:516)

!ENTRY com.st.stm32cube.ide.mpu.remote.serial 4 0 2026-04-03 17:32:58.057
!MESSAGE Failed to parse wmic output
!STACK 0
org.xml.sax.SAXParseException; lineNumber: 1; columnNumber: 1; Premature end of file.
	at java.xml/com.sun.org.apache.xerces.internal.parsers.DOMParser.parse(DOMParser.java:262)
	at java.xml/com.sun.org.apache.xerces.internal.jaxp.DocumentBuilderImpl.parse(DocumentBuilderImpl.java:342)
	at com.st.stm32cube.ide.mpu.remote.serial.internal.SerialPortProviderWindows.run(SerialPortProviderWindows.java:127)
	at java.base/java.util.TimerThread.mainLoop(Timer.java:566)
	at java.base/java.util.TimerThread.run(Timer.java:516)

!ENTRY com.st.stm32cube.ide.mpu.remote.serial 4 0 2026-04-03 17:32:59.079
!MESSAGE Failed to parse wmic output
!STACK 0
org.xml.sax.SAXParseException; lineNumber: 1; columnNumber: 1; Premature end of file.
	at java.xml/com.sun.org.apache.xerces.internal.parsers.DOMParser.parse(DOMParser.java:262)
	at java.xml/com.sun.org.apache.xerces.internal.jaxp.DocumentBuilderImpl.parse(DocumentBuilderImpl.java:342)
	at com.st.stm32cube.ide.mpu.remote.serial.internal.SerialPortProviderWindows.run(SerialPortProviderWindows.java:127)
	at java.base/java.util.TimerThread.mainLoop(Timer.java:566)
	at java.base/java.util.TimerThread.run(Timer.java:516)

!ENTRY com.st.stm32cube.ide.mpu.remote.serial 4 0 2026-04-03 17:33:00.055
!MESSAGE Failed to parse wmic output
!STACK 0
org.xml.sax.SAXParseException; lineNumber: 1; columnNumber: 1; Premature end of file.
	at java.xml/com.sun.org.apache.xerces.internal.parsers.DOMParser.parse(DOMParser.java:262)
	at java.xml/com.sun.org.apache.xerces.internal.jaxp.DocumentBuilderImpl.parse(DocumentBuilderImpl.java:342)
	at com.st.stm32cube.ide.mpu.remote.serial.internal.SerialPortProviderWindows.run(SerialPortProviderWindows.java:127)
	at java.base/java.util.TimerThread.mainLoop(Timer.java:566)
	at java.base/java.util.TimerThread.run(Timer.java:516)

!ENTRY com.st.stm32cube.ide.mpu.remote.serial 4 0 2026-04-03 17:33:01.060
!MESSAGE Failed to parse wmic output
!STACK 0
org.xml.sax.SAXParseException; lineNumber: 1; columnNumber: 1; Premature end of file.
	at java.xml/com.sun.org.apache.xerces.internal.parsers.DOMParser.parse(DOMParser.java:262)
	at java.xml/com.sun.org.apache.xerces.internal.jaxp.DocumentBuilderImpl.parse(DocumentBuilderImpl.java:342)
	at com.st.stm32cube.ide.mpu.remote.serial.internal.SerialPortProviderWindows.run(SerialPortProviderWindows.java:127)
	at java.base/java.util.TimerThread.mainLoop(Timer.java:566)
	at java.base/java.util.TimerThread.run(Timer.java:516)

!ENTRY com.st.stm32cube.ide.mpu.remote.serial 4 0 2026-04-03 17:33:02.055
!MESSAGE Failed to parse wmic output
!STACK 0
org.xml.sax.SAXParseException; lineNumber: 1; columnNumber: 1; Premature end of file.
	at java.xml/com.sun.org.apache.xerces.internal.parsers.DOMParser.parse(DOMParser.java:262)
	at java.xml/com.sun.org.apache.xerces.internal.jaxp.DocumentBuilderImpl.parse(DocumentBuilderImpl.java:342)
	at com.st.stm32cube.ide.mpu.remote.serial.internal.SerialPortProviderWindows.run(SerialPortProviderWindows.java:127)
	at java.base/java.util.TimerThread.mainLoop(Timer.java:566)
	at java.base/java.util.TimerThread.run(Timer.java:516)

!ENTRY com.st.stm32cube.ide.mpu.remote.serial 4 0 2026-04-03 17:33:03.057
!MESSAGE Failed to parse wmic output
!STACK 0
org.xml.sax.SAXParseException; lineNumber: 1; columnNumber: 1; Premature end of file.
	at java.xml/com.sun.org.apache.xerces.internal.parsers.DOMParser.parse(DOMParser.java:262)
	at java.xml/com.sun.org.apache.xerces.internal.jaxp.DocumentBuilderImpl.parse(DocumentBuilderImpl.java:342)
	at com.st.stm32cube.ide.mpu.remote.serial.internal.SerialPortProviderWindows.run(SerialPortProviderWindows.java:127)
	at java.base/java.util.TimerThread.mainLoop(Timer.java:566)
	at java.base/java.util.TimerThread.run(Timer.java:516)

!ENTRY com.st.stm32cube.ide.mpu.remote.serial 4 0 2026-04-03 17:33:04.057
!MESSAGE Failed to parse wmic output
!STACK 0
org.xml.sax.SAXParseException; lineNumber: 1; columnNumber: 1; Premature end of file.
	at java.xml/com.sun.org.apache.xerces.internal.parsers.DOMParser.parse(DOMParser.java:262)
	at java.xml/com.sun.org.apache.xerces.internal.jaxp.DocumentBuilderImpl.parse(DocumentBuilderImpl.java:342)
	at com.st.stm32cube.ide.mpu.remote.serial.internal.SerialPortProviderWindows.run(SerialPortProviderWindows.java:127)
	at java.base/java.util.TimerThread.mainLoop(Timer.java:566)
	at java.base/java.util.TimerThread.run(Timer.java:516)

!ENTRY com.st.stm32cube.ide.mpu.remote.serial 4 0 2026-04-03 17:33:05.058
!MESSAGE Failed to parse wmic output
!STACK 0
org.xml.sax.SAXParseException; lineNumber: 1; columnNumber: 1; Premature end of file.
	at java.xml/com.sun.org.apache.xerces.internal.parsers.DOMParser.parse(DOMParser.java:262)
	at java.xml/com.sun.org.apache.xerces.internal.jaxp.DocumentBuilderImpl.parse(DocumentBuilderImpl.java:342)
	at com.st.stm32cube.ide.mpu.remote.serial.internal.SerialPortProviderWindows.run(SerialPortProviderWindows.java:127)
	at java.base/java.util.TimerThread.mainLoop(Timer.java:566)
	at java.base/java.util.TimerThread.run(Timer.java:516)

!ENTRY com.st.stm32cube.ide.mpu.remote.serial 4 0 2026-04-03 17:33:06.056
!MESSAGE Failed to parse wmic output
!STACK 0
org.xml.sax.SAXParseException; lineNumber: 1; columnNumber: 1; Premature end of file.
	at java.xml/com.sun.org.apache.xerces.internal.parsers.DOMParser.parse(DOMParser.java:262)
	at java.xml/com.sun.org.apache.xerces.internal.jaxp.DocumentBuilderImpl.parse(DocumentBuilderImpl.java:342)
	at com.st.stm32cube.ide.mpu.remote.serial.internal.SerialPortProviderWindows.run(SerialPortProviderWindows.java:127)
	at java.base/java.util.TimerThread.mainLoop(Timer.java:566)
	at java.base/java.util.TimerThread.run(Timer.java:516)

!ENTRY com.st.stm32cube.ide.mpu.remote.serial 4 0 2026-04-03 17:33:07.056
!MESSAGE Failed to parse wmic output
!STACK 0
org.xml.sax.SAXParseException; lineNumber: 1; columnNumber: 1; Premature end of file.
	at java.xml/com.sun.org.apache.xerces.internal.parsers.DOMParser.parse(DOMParser.java:262)
	at java.xml/com.sun.org.apache.xerces.internal.jaxp.DocumentBuilderImpl.parse(DocumentBuilderImpl.java:342)
	at com.st.stm32cube.ide.mpu.remote.serial.internal.SerialPortProviderWindows.run(SerialPortProviderWindows.java:127)
	at java.base/java.util.TimerThread.mainLoop(Timer.java:566)
	at java.base/java.util.TimerThread.run(Timer.java:516)

!ENTRY com.st.stm32cube.ide.mpu.remote.serial 4 0 2026-04-03 17:33:08.057
!MESSAGE Failed to parse wmic output
!STACK 0
org.xml.sax.SAXParseException; lineNumber: 1; columnNumber: 1; Premature end of file.
	at java.xml/com.sun.org.apache.xerces.internal.parsers.DOMParser.parse(DOMParser.java:262)
	at java.xml/com.sun.org.apache.xerces.internal.jaxp.DocumentBuilderImpl.parse(DocumentBuilderImpl.java:342)
	at com.st.stm32cube.ide.mpu.remote.serial.internal.SerialPortProviderWindows.run(SerialPortProviderWindows.java:127)
	at java.base/java.util.TimerThread.mainLoop(Timer.java:566)
	at java.base/java.util.TimerThread.run(Timer.java:516)

!ENTRY com.st.stm32cube.ide.mpu.remote.serial 4 0 2026-04-03 17:33:09.061
!MESSAGE Failed to parse wmic output
!STACK 0
org.xml.sax.SAXParseException; lineNumber: 1; columnNumber: 1; Premature end of file.
	at java.xml/com.sun.org.apache.xerces.internal.parsers.DOMParser.parse(DOMParser.java:262)
	at java.xml/com.sun.org.apache.xerces.internal.jaxp.DocumentBuilderImpl.parse(DocumentBuilderImpl.java:342)
	at com.st.stm32cube.ide.mpu.remote.serial.internal.SerialPortProviderWindows.run(SerialPortProviderWindows.java:127)
	at java.base/java.util.TimerThread.mainLoop(Timer.java:566)
	at java.base/java.util.TimerThread.run(Timer.java:516)

!ENTRY com.st.stm32cube.ide.mpu.remote.serial 4 0 2026-04-03 17:33:10.057
!MESSAGE Failed to parse wmic output
!STACK 0
org.xml.sax.SAXParseException; lineNumber: 1; columnNumber: 1; Premature end of file.
	at java.xml/com.sun.org.apache.xerces.internal.parsers.DOMParser.parse(DOMParser.java:262)
	at java.xml/com.sun.org.apache.xerces.internal.jaxp.DocumentBuilderImpl.parse(DocumentBuilderImpl.java:342)
	at com.st.stm32cube.ide.mpu.remote.serial.internal.SerialPortProviderWindows.run(SerialPortProviderWindows.java:127)
	at java.base/java.util.TimerThread.mainLoop(Timer.java:566)
	at java.base/java.util.TimerThread.run(Timer.java:516)

!ENTRY com.st.stm32cube.ide.mpu.remote.serial 4 0 2026-04-03 17:33:11.064
!MESSAGE Failed to parse wmic output
!STACK 0
org.xml.sax.SAXParseException; lineNumber: 1; columnNumber: 1; Premature end of file.
	at java.xml/com.sun.org.apache.xerces.internal.parsers.DOMParser.parse(DOMParser.java:262)
	at java.xml/com.sun.org.apache.xerces.internal.jaxp.DocumentBuilderImpl.parse(DocumentBuilderImpl.java:342)
	at com.st.stm32cube.ide.mpu.remote.serial.internal.SerialPortProviderWindows.run(SerialPortProviderWindows.java:127)
	at java.base/java.util.TimerThread.mainLoop(Timer.java:566)
	at java.base/java.util.TimerThread.run(Timer.java:516)

!ENTRY com.st.stm32cube.ide.mpu.remote.serial 4 0 2026-04-03 17:33:12.056
!MESSAGE Failed to parse wmic output
!STACK 0
org.xml.sax.SAXParseException; lineNumber: 1; columnNumber: 1; Premature end of file.
	at java.xml/com.sun.org.apache.xerces.internal.parsers.DOMParser.parse(DOMParser.java:262)
	at java.xml/com.sun.org.apache.xerces.internal.jaxp.DocumentBuilderImpl.parse(DocumentBuilderImpl.java:342)
	at com.st.stm32cube.ide.mpu.remote.serial.internal.SerialPortProviderWindows.run(SerialPortProviderWindows.java:127)
	at java.base/java.util.TimerThread.mainLoop(Timer.java:566)
	at java.base/java.util.TimerThread.run(Timer.java:516)

!ENTRY com.st.stm32cube.ide.mpu.remote.serial 4 0 2026-04-03 17:33:13.059
!MESSAGE Failed to parse wmic output
!STACK 0
org.xml.sax.SAXParseException; lineNumber: 1; columnNumber: 1; Premature end of file.
	at java.xml/com.sun.org.apache.xerces.internal.parsers.DOMParser.parse(DOMParser.java:262)
	at java.xml/com.sun.org.apache.xerces.internal.jaxp.DocumentBuilderImpl.parse(DocumentBuilderImpl.java:342)
	at com.st.stm32cube.ide.mpu.remote.serial.internal.SerialPortProviderWindows.run(SerialPortProviderWindows.java:127)
	at java.base/java.util.TimerThread.mainLoop(Timer.java:566)
	at java.base/java.util.TimerThread.run(Timer.java:516)

!ENTRY com.st.stm32cube.ide.mpu.remote.serial 4 0 2026-04-03 17:33:14.069
!MESSAGE Failed to parse wmic output
!STACK 0
org.xml.sax.SAXParseException; lineNumber: 1; columnNumber: 1; Premature end of file.
	at java.xml/com.sun.org.apache.xerces.internal.parsers.DOMParser.parse(DOMParser.java:262)
	at java.xml/com.sun.org.apache.xerces.internal.jaxp.DocumentBuilderImpl.parse(DocumentBuilderImpl.java:342)
	at com.st.stm32cube.ide.mpu.remote.serial.internal.SerialPortProviderWindows.run(SerialPortProviderWindows.java:127)
	at java.base/java.util.TimerThread.mainLoop(Timer.java:566)
	at java.base/java.util.TimerThread.run(Timer.java:516)

!ENTRY com.st.stm32cube.ide.mpu.remote.serial 4 0 2026-04-03 17:33:15.064
!MESSAGE Failed to parse wmic output
!STACK 0
org.xml.sax.SAXParseException; lineNumber: 1; columnNumber: 1; Premature end of file.
	at java.xml/com.sun.org.apache.xerces.internal.parsers.DOMParser.parse(DOMParser.java:262)
	at java.xml/com.sun.org.apache.xerces.internal.jaxp.DocumentBuilderImpl.parse(DocumentBuilderImpl.java:342)
	at com.st.stm32cube.ide.mpu.remote.serial.internal.SerialPortProviderWindows.run(SerialPortProviderWindows.java:127)
	at java.base/java.util.TimerThread.mainLoop(Timer.java:566)
	at java.base/java.util.TimerThread.run(Timer.java:516)

!ENTRY com.st.stm32cube.ide.mpu.remote.serial 4 0 2026-04-03 17:33:16.078
!MESSAGE Failed to parse wmic output
!STACK 0
org.xml.sax.SAXParseException; lineNumber: 1; columnNumber: 1; Premature end of file.
	at java.xml/com.sun.org.apache.xerces.internal.parsers.DOMParser.parse(DOMParser.java:262)
	at java.xml/com.sun.org.apache.xerces.internal.jaxp.DocumentBuilderImpl.parse(DocumentBuilderImpl.java:342)
	at com.st.stm32cube.ide.mpu.remote.serial.internal.SerialPortProviderWindows.run(SerialPortProviderWindows.java:127)
	at java.base/java.util.TimerThread.mainLoop(Timer.java:566)
	at java.base/java.util.TimerThread.run(Timer.java:516)

!ENTRY com.st.stm32cube.ide.mpu.remote.serial 4 0 2026-04-03 17:33:17.098
!MESSAGE Failed to parse wmic output
!STACK 0
org.xml.sax.SAXParseException; lineNumber: 1; columnNumber: 1; Premature end of file.
	at java.xml/com.sun.org.apache.xerces.internal.parsers.DOMParser.parse(DOMParser.java:262)
	at java.xml/com.sun.org.apache.xerces.internal.jaxp.DocumentBuilderImpl.parse(DocumentBuilderImpl.java:342)
	at com.st.stm32cube.ide.mpu.remote.serial.internal.SerialPortProviderWindows.run(SerialPortProviderWindows.java:127)
	at java.base/java.util.TimerThread.mainLoop(Timer.java:566)
	at java.base/java.util.TimerThread.run(Timer.java:516)

!ENTRY com.st.stm32cube.ide.mpu.remote.serial 4 0 2026-04-03 17:33:18.080
!MESSAGE Failed to parse wmic output
!STACK 0
org.xml.sax.SAXParseException; lineNumber: 1; columnNumber: 1; Premature end of file.
	at java.xml/com.sun.org.apache.xerces.internal.parsers.DOMParser.parse(DOMParser.java:262)
	at java.xml/com.sun.org.apache.xerces.internal.jaxp.DocumentBuilderImpl.parse(DocumentBuilderImpl.java:342)
	at com.st.stm32cube.ide.mpu.remote.serial.internal.SerialPortProviderWindows.run(SerialPortProviderWindows.java:127)
	at java.base/java.util.TimerThread.mainLoop(Timer.java:566)
	at java.base/java.util.TimerThread.run(Timer.java:516)

!ENTRY com.st.stm32cube.ide.mpu.remote.serial 4 0 2026-04-03 17:33:19.082
!MESSAGE Failed to parse wmic output
!STACK 0
org.xml.sax.SAXParseException; lineNumber: 1; columnNumber: 1; Premature end of file.
	at java.xml/com.sun.org.apache.xerces.internal.parsers.DOMParser.parse(DOMParser.java:262)
	at java.xml/com.sun.org.apache.xerces.internal.jaxp.DocumentBuilderImpl.parse(DocumentBuilderImpl.java:342)
	at com.st.stm32cube.ide.mpu.remote.serial.internal.SerialPortProviderWindows.run(SerialPortProviderWindows.java:127)
	at java.base/java.util.TimerThread.mainLoop(Timer.java:566)
	at java.base/java.util.TimerThread.run(Timer.java:516)

!ENTRY com.st.stm32cube.ide.mpu.remote.serial 4 0 2026-04-03 17:33:20.059
!MESSAGE Failed to parse wmic output
!STACK 0
org.xml.sax.SAXParseException; lineNumber: 1; columnNumber: 1; Premature end of file.
	at java.xml/com.sun.org.apache.xerces.internal.parsers.DOMParser.parse(DOMParser.java:262)
	at java.xml/com.sun.org.apache.xerces.internal.jaxp.DocumentBuilderImpl.parse(DocumentBuilderImpl.java:342)
	at com.st.stm32cube.ide.mpu.remote.serial.internal.SerialPortProviderWindows.run(SerialPortProviderWindows.java:127)
	at java.base/java.util.TimerThread.mainLoop(Timer.java:566)
	at java.base/java.util.TimerThread.run(Timer.java:516)

!ENTRY com.st.stm32cube.ide.mpu.remote.serial 4 0 2026-04-03 17:33:21.085
!MESSAGE Failed to parse wmic output
!STACK 0
org.xml.sax.SAXParseException; lineNumber: 1; columnNumber: 1; Premature end of file.
	at java.xml/com.sun.org.apache.xerces.internal.parsers.DOMParser.parse(DOMParser.java:262)
	at java.xml/com.sun.org.apache.xerces.internal.jaxp.DocumentBuilderImpl.parse(DocumentBuilderImpl.java:342)
	at com.st.stm32cube.ide.mpu.remote.serial.internal.SerialPortProviderWindows.run(SerialPortProviderWindows.java:127)
	at java.base/java.util.TimerThread.mainLoop(Timer.java:566)
	at java.base/java.util.TimerThread.run(Timer.java:516)

!ENTRY com.st.stm32cube.ide.mpu.remote.serial 4 0 2026-04-03 17:33:22.080
!MESSAGE Failed to parse wmic output
!STACK 0
org.xml.sax.SAXParseException; lineNumber: 1; columnNumber: 1; Premature end of file.
	at java.xml/com.sun.org.apache.xerces.internal.parsers.DOMParser.parse(DOMParser.java:262)
	at java.xml/com.sun.org.apache.xerces.internal.jaxp.DocumentBuilderImpl.parse(DocumentBuilderImpl.java:342)
	at com.st.stm32cube.ide.mpu.remote.serial.internal.SerialPortProviderWindows.run(SerialPortProviderWindows.java:127)
	at java.base/java.util.TimerThread.mainLoop(Timer.java:566)
	at java.base/java.util.TimerThread.run(Timer.java:516)

!ENTRY com.st.stm32cube.ide.mpu.remote.serial 4 0 2026-04-03 17:33:23.054
!MESSAGE Failed to parse wmic output
!STACK 0
org.xml.sax.SAXParseException; lineNumber: 1; columnNumber: 1; Premature end of file.
	at java.xml/com.sun.org.apache.xerces.internal.parsers.DOMParser.parse(DOMParser.java:262)
	at java.xml/com.sun.org.apache.xerces.internal.jaxp.DocumentBuilderImpl.parse(DocumentBuilderImpl.java:342)
	at com.st.stm32cube.ide.mpu.remote.serial.internal.SerialPortProviderWindows.run(SerialPortProviderWindows.java:127)
	at java.base/java.util.TimerThread.mainLoop(Timer.java:566)
	at java.base/java.util.TimerThread.run(Timer.java:516)

!ENTRY com.st.stm32cube.ide.mpu.remote.serial 4 0 2026-04-03 17:33:24.065
!MESSAGE Failed to parse wmic output
!STACK 0
org.xml.sax.SAXParseException; lineNumber: 1; columnNumber: 1; Premature end of file.
	at java.xml/com.sun.org.apache.xerces.internal.parsers.DOMParser.parse(DOMParser.java:262)
	at java.xml/com.sun.org.apache.xerces.internal.jaxp.DocumentBuilderImpl.parse(DocumentBuilderImpl.java:342)
	at com.st.stm32cube.ide.mpu.remote.serial.internal.SerialPortProviderWindows.run(SerialPortProviderWindows.java:127)
	at java.base/java.util.TimerThread.mainLoop(Timer.java:566)
	at java.base/java.util.TimerThread.run(Timer.java:516)

!ENTRY com.st.stm32cube.ide.mpu.remote.serial 4 0 2026-04-03 17:33:25.065
!MESSAGE Failed to parse wmic output
!STACK 0
org.xml.sax.SAXParseException; lineNumber: 1; columnNumber: 1; Premature end of file.
	at java.xml/com.sun.org.apache.xerces.internal.parsers.DOMParser.parse(DOMParser.java:262)
	at java.xml/com.sun.org.apache.xerces.internal.jaxp.DocumentBuilderImpl.parse(DocumentBuilderImpl.java:342)
	at com.st.stm32cube.ide.mpu.remote.serial.internal.SerialPortProviderWindows.run(SerialPortProviderWindows.java:127)
	at java.base/java.util.TimerThread.mainLoop(Timer.java:566)
	at java.base/java.util.TimerThread.run(Timer.java:516)

!ENTRY com.st.stm32cube.ide.mpu.remote.serial 4 0 2026-04-03 17:33:26.061
!MESSAGE Failed to parse wmic output
!STACK 0
org.xml.sax.SAXParseException; lineNumber: 1; columnNumber: 1; Premature end of file.
	at java.xml/com.sun.org.apache.xerces.internal.parsers.DOMParser.parse(DOMParser.java:262)
	at java.xml/com.sun.org.apache.xerces.internal.jaxp.DocumentBuilderImpl.parse(DocumentBuilderImpl.java:342)
	at com.st.stm32cube.ide.mpu.remote.serial.internal.SerialPortProviderWindows.run(SerialPortProviderWindows.java:127)
	at java.base/java.util.TimerThread.mainLoop(Timer.java:566)
	at java.base/java.util.TimerThread.run(Timer.java:516)

!ENTRY com.st.stm32cube.ide.mpu.remote.serial 4 0 2026-04-03 17:33:27.056
!MESSAGE Failed to parse wmic output
!STACK 0
org.xml.sax.SAXParseException; lineNumber: 1; columnNumber: 1; Premature end of file.
	at java.xml/com.sun.org.apache.xerces.internal.parsers.DOMParser.parse(DOMParser.java:262)
	at java.xml/com.sun.org.apache.xerces.internal.jaxp.DocumentBuilderImpl.parse(DocumentBuilderImpl.java:342)
	at com.st.stm32cube.ide.mpu.remote.serial.internal.SerialPortProviderWindows.run(SerialPortProviderWindows.java:127)
	at java.base/java.util.TimerThread.mainLoop(Timer.java:566)
	at java.base/java.util.TimerThread.run(Timer.java:516)

!ENTRY com.st.stm32cube.ide.mpu.remote.serial 4 0 2026-04-03 17:33:28.056
!MESSAGE Failed to parse wmic output
!STACK 0
org.xml.sax.SAXParseException; lineNumber: 1; columnNumber: 1; Premature end of file.
	at java.xml/com.sun.org.apache.xerces.internal.parsers.DOMParser.parse(DOMParser.java:262)
	at java.xml/com.sun.org.apache.xerces.internal.jaxp.DocumentBuilderImpl.parse(DocumentBuilderImpl.java:342)
	at com.st.stm32cube.ide.mpu.remote.serial.internal.SerialPortProviderWindows.run(SerialPortProviderWindows.java:127)
	at java.base/java.util.TimerThread.mainLoop(Timer.java:566)
	at java.base/java.util.TimerThread.run(Timer.java:516)

!ENTRY com.st.stm32cube.ide.mpu.remote.serial 4 0 2026-04-03 17:33:29.056
!MESSAGE Failed to parse wmic output
!STACK 0
org.xml.sax.SAXParseException; lineNumber: 1; columnNumber: 1; Premature end of file.
	at java.xml/com.sun.org.apache.xerces.internal.parsers.DOMParser.parse(DOMParser.java:262)
	at java.xml/com.sun.org.apache.xerces.internal.jaxp.DocumentBuilderImpl.parse(DocumentBuilderImpl.java:342)
	at com.st.stm32cube.ide.mpu.remote.serial.internal.SerialPortProviderWindows.run(SerialPortProviderWindows.java:127)
	at java.base/java.util.TimerThread.mainLoop(Timer.java:566)
	at java.base/java.util.TimerThread.run(Timer.java:516)

!ENTRY com.st.stm32cube.ide.mpu.remote.serial 4 0 2026-04-03 17:33:30.059
!MESSAGE Failed to parse wmic output
!STACK 0
org.xml.sax.SAXParseException; lineNumber: 1; columnNumber: 1; Premature end of file.
	at java.xml/com.sun.org.apache.xerces.internal.parsers.DOMParser.parse(DOMParser.java:262)
	at java.xml/com.sun.org.apache.xerces.internal.jaxp.DocumentBuilderImpl.parse(DocumentBuilderImpl.java:342)
	at com.st.stm32cube.ide.mpu.remote.serial.internal.SerialPortProviderWindows.run(SerialPortProviderWindows.java:127)
	at java.base/java.util.TimerThread.mainLoop(Timer.java:566)
	at java.base/java.util.TimerThread.run(Timer.java:516)

!ENTRY com.st.stm32cube.ide.mpu.remote.serial 4 0 2026-04-03 17:33:31.058
!MESSAGE Failed to parse wmic output
!STACK 0
org.xml.sax.SAXParseException; lineNumber: 1; columnNumber: 1; Premature end of file.
	at java.xml/com.sun.org.apache.xerces.internal.parsers.DOMParser.parse(DOMParser.java:262)
	at java.xml/com.sun.org.apache.xerces.internal.jaxp.DocumentBuilderImpl.parse(DocumentBuilderImpl.java:342)
	at com.st.stm32cube.ide.mpu.remote.serial.internal.SerialPortProviderWindows.run(SerialPortProviderWindows.java:127)
	at java.base/java.util.TimerThread.mainLoop(Timer.java:566)
	at java.base/java.util.TimerThread.run(Timer.java:516)

!ENTRY com.st.stm32cube.ide.mpu.remote.serial 4 0 2026-04-03 17:33:32.059
!MESSAGE Failed to parse wmic output
!STACK 0
org.xml.sax.SAXParseException; lineNumber: 1; columnNumber: 1; Premature end of file.
	at java.xml/com.sun.org.apache.xerces.internal.parsers.DOMParser.parse(DOMParser.java:262)
	at java.xml/com.sun.org.apache.xerces.internal.jaxp.DocumentBuilderImpl.parse(DocumentBuilderImpl.java:342)
	at com.st.stm32cube.ide.mpu.remote.serial.internal.SerialPortProviderWindows.run(SerialPortProviderWindows.java:127)
	at java.base/java.util.TimerThread.mainLoop(Timer.java:566)
	at java.base/java.util.TimerThread.run(Timer.java:516)

!ENTRY com.st.stm32cube.ide.mpu.remote.serial 4 0 2026-04-03 17:33:33.056
!MESSAGE Failed to parse wmic output
!STACK 0
org.xml.sax.SAXParseException; lineNumber: 1; columnNumber: 1; Premature end of file.
	at java.xml/com.sun.org.apache.xerces.internal.parsers.DOMParser.parse(DOMParser.java:262)
	at java.xml/com.sun.org.apache.xerces.internal.jaxp.DocumentBuilderImpl.parse(DocumentBuilderImpl.java:342)
	at com.st.stm32cube.ide.mpu.remote.serial.internal.SerialPortProviderWindows.run(SerialPortProviderWindows.java:127)
	at java.base/java.util.TimerThread.mainLoop(Timer.java:566)
	at java.base/java.util.TimerThread.run(Timer.java:516)

!ENTRY com.st.stm32cube.ide.mpu.remote.serial 4 0 2026-04-03 17:33:34.055
!MESSAGE Failed to parse wmic output
!STACK 0
org.xml.sax.SAXParseException; lineNumber: 1; columnNumber: 1; Premature end of file.
	at java.xml/com.sun.org.apache.xerces.internal.parsers.DOMParser.parse(DOMParser.java:262)
	at java.xml/com.sun.org.apache.xerces.internal.jaxp.DocumentBuilderImpl.parse(DocumentBuilderImpl.java:342)
	at com.st.stm32cube.ide.mpu.remote.serial.internal.SerialPortProviderWindows.run(SerialPortProviderWindows.java:127)
	at java.base/java.util.TimerThread.mainLoop(Timer.java:566)
	at java.base/java.util.TimerThread.run(Timer.java:516)

!ENTRY com.st.stm32cube.ide.mpu.remote.serial 4 0 2026-04-03 17:33:35.064
!MESSAGE Failed to parse wmic output
!STACK 0
org.xml.sax.SAXParseException; lineNumber: 1; columnNumber: 1; Premature end of file.
	at java.xml/com.sun.org.apache.xerces.internal.parsers.DOMParser.parse(DOMParser.java:262)
	at java.xml/com.sun.org.apache.xerces.internal.jaxp.DocumentBuilderImpl.parse(DocumentBuilderImpl.java:342)
	at com.st.stm32cube.ide.mpu.remote.serial.internal.SerialPortProviderWindows.run(SerialPortProviderWindows.java:127)
	at java.base/java.util.TimerThread.mainLoop(Timer.java:566)
	at java.base/java.util.TimerThread.run(Timer.java:516)

!ENTRY com.st.stm32cube.ide.mpu.remote.serial 4 0 2026-04-03 17:33:36.056
!MESSAGE Failed to parse wmic output
!STACK 0
org.xml.sax.SAXParseException; lineNumber: 1; columnNumber: 1; Premature end of file.
	at java.xml/com.sun.org.apache.xerces.internal.parsers.DOMParser.parse(DOMParser.java:262)
	at java.xml/com.sun.org.apache.xerces.internal.jaxp.DocumentBuilderImpl.parse(DocumentBuilderImpl.java:342)
	at com.st.stm32cube.ide.mpu.remote.serial.internal.SerialPortProviderWindows.run(SerialPortProviderWindows.java:127)
	at java.base/java.util.TimerThread.mainLoop(Timer.java:566)
	at java.base/java.util.TimerThread.run(Timer.java:516)

!ENTRY com.st.stm32cube.ide.mpu.remote.serial 4 0 2026-04-03 17:33:37.053
!MESSAGE Failed to parse wmic output
!STACK 0
org.xml.sax.SAXParseException; lineNumber: 1; columnNumber: 1; Premature end of file.
	at java.xml/com.sun.org.apache.xerces.internal.parsers.DOMParser.parse(DOMParser.java:262)
	at java.xml/com.sun.org.apache.xerces.internal.jaxp.DocumentBuilderImpl.parse(DocumentBuilderImpl.java:342)
	at com.st.stm32cube.ide.mpu.remote.serial.internal.SerialPortProviderWindows.run(SerialPortProviderWindows.java:127)
	at java.base/java.util.TimerThread.mainLoop(Timer.java:566)
	at java.base/java.util.TimerThread.run(Timer.java:516)

!ENTRY com.st.stm32cube.ide.mpu.remote.serial 4 0 2026-04-03 17:33:38.054
!MESSAGE Failed to parse wmic output
!STACK 0
org.xml.sax.SAXParseException; lineNumber: 1; columnNumber: 1; Premature end of file.
	at java.xml/com.sun.org.apache.xerces.internal.parsers.DOMParser.parse(DOMParser.java:262)
	at java.xml/com.sun.org.apache.xerces.internal.jaxp.DocumentBuilderImpl.parse(DocumentBuilderImpl.java:342)
	at com.st.stm32cube.ide.mpu.remote.serial.internal.SerialPortProviderWindows.run(SerialPortProviderWindows.java:127)
	at java.base/java.util.TimerThread.mainLoop(Timer.java:566)
	at java.base/java.util.TimerThread.run(Timer.java:516)

!ENTRY com.st.stm32cube.ide.mpu.remote.serial 4 0 2026-04-03 17:33:39.080
!MESSAGE Failed to parse wmic output
!STACK 0
org.xml.sax.SAXParseException; lineNumber: 1; columnNumber: 1; Premature end of file.
	at java.xml/com.sun.org.apache.xerces.internal.parsers.DOMParser.parse(DOMParser.java:262)
	at java.xml/com.sun.org.apache.xerces.internal.jaxp.DocumentBuilderImpl.parse(DocumentBuilderImpl.java:342)
	at com.st.stm32cube.ide.mpu.remote.serial.internal.SerialPortProviderWindows.run(SerialPortProviderWindows.java:127)
	at java.base/java.util.TimerThread.mainLoop(Timer.java:566)
	at java.base/java.util.TimerThread.run(Timer.java:516)

!ENTRY com.st.stm32cube.ide.mpu.remote.serial 4 0 2026-04-03 17:33:40.080
!MESSAGE Failed to parse wmic output
!STACK 0
org.xml.sax.SAXParseException; lineNumber: 1; columnNumber: 1; Premature end of file.
	at java.xml/com.sun.org.apache.xerces.internal.parsers.DOMParser.parse(DOMParser.java:262)
	at java.xml/com.sun.org.apache.xerces.internal.jaxp.DocumentBuilderImpl.parse(DocumentBuilderImpl.java:342)
	at com.st.stm32cube.ide.mpu.remote.serial.internal.SerialPortProviderWindows.run(SerialPortProviderWindows.java:127)
	at java.base/java.util.TimerThread.mainLoop(Timer.java:566)
	at java.base/java.util.TimerThread.run(Timer.java:516)

!ENTRY com.st.stm32cube.ide.mpu.remote.serial 4 0 2026-04-03 17:33:41.080
!MESSAGE Failed to parse wmic output
!STACK 0
org.xml.sax.SAXParseException; lineNumber: 1; columnNumber: 1; Premature end of file.
	at java.xml/com.sun.org.apache.xerces.internal.parsers.DOMParser.parse(DOMParser.java:262)
	at java.xml/com.sun.org.apache.xerces.internal.jaxp.DocumentBuilderImpl.parse(DocumentBuilderImpl.java:342)
	at com.st.stm32cube.ide.mpu.remote.serial.internal.SerialPortProviderWindows.run(SerialPortProviderWindows.java:127)
	at java.base/java.util.TimerThread.mainLoop(Timer.java:566)
	at java.base/java.util.TimerThread.run(Timer.java:516)

!ENTRY com.st.stm32cube.ide.mpu.remote.serial 4 0 2026-04-03 17:33:42.080
!MESSAGE Failed to parse wmic output
!STACK 0
org.xml.sax.SAXParseException; lineNumber: 1; columnNumber: 1; Premature end of file.
	at java.xml/com.sun.org.apache.xerces.internal.parsers.DOMParser.parse(DOMParser.java:262)
	at java.xml/com.sun.org.apache.xerces.internal.jaxp.DocumentBuilderImpl.parse(DocumentBuilderImpl.java:342)
	at com.st.stm32cube.ide.mpu.remote.serial.internal.SerialPortProviderWindows.run(SerialPortProviderWindows.java:127)
	at java.base/java.util.TimerThread.mainLoop(Timer.java:566)
	at java.base/java.util.TimerThread.run(Timer.java:516)

!ENTRY com.st.stm32cube.ide.mpu.remote.serial 4 0 2026-04-03 17:33:43.081
!MESSAGE Failed to parse wmic output
!STACK 0
org.xml.sax.SAXParseException; lineNumber: 1; columnNumber: 1; Premature end of file.
	at java.xml/com.sun.org.apache.xerces.internal.parsers.DOMParser.parse(DOMParser.java:262)
	at java.xml/com.sun.org.apache.xerces.internal.jaxp.DocumentBuilderImpl.parse(DocumentBuilderImpl.java:342)
	at com.st.stm32cube.ide.mpu.remote.serial.internal.SerialPortProviderWindows.run(SerialPortProviderWindows.java:127)
	at java.base/java.util.TimerThread.mainLoop(Timer.java:566)
	at java.base/java.util.TimerThread.run(Timer.java:516)

!ENTRY com.st.stm32cube.ide.mpu.remote.serial 4 0 2026-04-03 17:33:44.085
!MESSAGE Failed to parse wmic output
!STACK 0
org.xml.sax.SAXParseException; lineNumber: 1; columnNumber: 1; Premature end of file.
	at java.xml/com.sun.org.apache.xerces.internal.parsers.DOMParser.parse(DOMParser.java:262)
	at java.xml/com.sun.org.apache.xerces.internal.jaxp.DocumentBuilderImpl.parse(DocumentBuilderImpl.java:342)
	at com.st.stm32cube.ide.mpu.remote.serial.internal.SerialPortProviderWindows.run(SerialPortProviderWindows.java:127)
	at java.base/java.util.TimerThread.mainLoop(Timer.java:566)
	at java.base/java.util.TimerThread.run(Timer.java:516)

!ENTRY com.st.stm32cube.ide.mpu.remote.serial 4 0 2026-04-03 17:33:45.084
!MESSAGE Failed to parse wmic output
!STACK 0
org.xml.sax.SAXParseException; lineNumber: 1; columnNumber: 1; Premature end of file.
	at java.xml/com.sun.org.apache.xerces.internal.parsers.DOMParser.parse(DOMParser.java:262)
	at java.xml/com.sun.org.apache.xerces.internal.jaxp.DocumentBuilderImpl.parse(DocumentBuilderImpl.java:342)
	at com.st.stm32cube.ide.mpu.remote.serial.internal.SerialPortProviderWindows.run(SerialPortProviderWindows.java:127)
	at java.base/java.util.TimerThread.mainLoop(Timer.java:566)
	at java.base/java.util.TimerThread.run(Timer.java:516)

!ENTRY com.st.stm32cube.ide.mpu.remote.serial 4 0 2026-04-03 17:33:46.080
!MESSAGE Failed to parse wmic output
!STACK 0
org.xml.sax.SAXParseException; lineNumber: 1; columnNumber: 1; Premature end of file.
	at java.xml/com.sun.org.apache.xerces.internal.parsers.DOMParser.parse(DOMParser.java:262)
	at java.xml/com.sun.org.apache.xerces.internal.jaxp.DocumentBuilderImpl.parse(DocumentBuilderImpl.java:342)
	at com.st.stm32cube.ide.mpu.remote.serial.internal.SerialPortProviderWindows.run(SerialPortProviderWindows.java:127)
	at java.base/java.util.TimerThread.mainLoop(Timer.java:566)
	at java.base/java.util.TimerThread.run(Timer.java:516)

!ENTRY com.st.stm32cube.ide.mpu.remote.serial 4 0 2026-04-03 17:33:47.083
!MESSAGE Failed to parse wmic output
!STACK 0
org.xml.sax.SAXParseException; lineNumber: 1; columnNumber: 1; Premature end of file.
	at java.xml/com.sun.org.apache.xerces.internal.parsers.DOMParser.parse(DOMParser.java:262)
	at java.xml/com.sun.org.apache.xerces.internal.jaxp.DocumentBuilderImpl.parse(DocumentBuilderImpl.java:342)
	at com.st.stm32cube.ide.mpu.remote.serial.internal.SerialPortProviderWindows.run(SerialPortProviderWindows.java:127)
	at java.base/java.util.TimerThread.mainLoop(Timer.java:566)
	at java.base/java.util.TimerThread.run(Timer.java:516)

!ENTRY com.st.stm32cube.ide.mpu.remote.serial 4 0 2026-04-03 17:33:48.077
!MESSAGE Failed to parse wmic output
!STACK 0
org.xml.sax.SAXParseException; lineNumber: 1; columnNumber: 1; Premature end of file.
	at java.xml/com.sun.org.apache.xerces.internal.parsers.DOMParser.parse(DOMParser.java:262)
	at java.xml/com.sun.org.apache.xerces.internal.jaxp.DocumentBuilderImpl.parse(DocumentBuilderImpl.java:342)
	at com.st.stm32cube.ide.mpu.remote.serial.internal.SerialPortProviderWindows.run(SerialPortProviderWindows.java:127)
	at java.base/java.util.TimerThread.mainLoop(Timer.java:566)
	at java.base/java.util.TimerThread.run(Timer.java:516)

!ENTRY com.st.stm32cube.ide.mpu.remote.serial 4 0 2026-04-03 17:33:49.082
!MESSAGE Failed to parse wmic output
!STACK 0
org.xml.sax.SAXParseException; lineNumber: 1; columnNumber: 1; Premature end of file.
	at java.xml/com.sun.org.apache.xerces.internal.parsers.DOMParser.parse(DOMParser.java:262)
	at java.xml/com.sun.org.apache.xerces.internal.jaxp.DocumentBuilderImpl.parse(DocumentBuilderImpl.java:342)
	at com.st.stm32cube.ide.mpu.remote.serial.internal.SerialPortProviderWindows.run(SerialPortProviderWindows.java:127)
	at java.base/java.util.TimerThread.mainLoop(Timer.java:566)
	at java.base/java.util.TimerThread.run(Timer.java:516)

!ENTRY com.st.stm32cube.ide.mpu.remote.serial 4 0 2026-04-03 17:33:50.075
!MESSAGE Failed to parse wmic output
!STACK 0
org.xml.sax.SAXParseException; lineNumber: 1; columnNumber: 1; Premature end of file.
	at java.xml/com.sun.org.apache.xerces.internal.parsers.DOMParser.parse(DOMParser.java:262)
	at java.xml/com.sun.org.apache.xerces.internal.jaxp.DocumentBuilderImpl.parse(DocumentBuilderImpl.java:342)
	at com.st.stm32cube.ide.mpu.remote.serial.internal.SerialPortProviderWindows.run(SerialPortProviderWindows.java:127)
	at java.base/java.util.TimerThread.mainLoop(Timer.java:566)
	at java.base/java.util.TimerThread.run(Timer.java:516)

!ENTRY com.st.stm32cube.ide.mpu.remote.serial 4 0 2026-04-03 17:33:51.077
!MESSAGE Failed to parse wmic output
!STACK 0
org.xml.sax.SAXParseException; lineNumber: 1; columnNumber: 1; Premature end of file.
	at java.xml/com.sun.org.apache.xerces.internal.parsers.DOMParser.parse(DOMParser.java:262)
	at java.xml/com.sun.org.apache.xerces.internal.jaxp.DocumentBuilderImpl.parse(DocumentBuilderImpl.java:342)
	at com.st.stm32cube.ide.mpu.remote.serial.internal.SerialPortProviderWindows.run(SerialPortProviderWindows.java:127)
	at java.base/java.util.TimerThread.mainLoop(Timer.java:566)
	at java.base/java.util.TimerThread.run(Timer.java:516)

!ENTRY com.st.stm32cube.ide.mpu.remote.serial 4 0 2026-04-03 17:33:52.061
!MESSAGE Failed to parse wmic output
!STACK 0
org.xml.sax.SAXParseException; lineNumber: 1; columnNumber: 1; Premature end of file.
	at java.xml/com.sun.org.apache.xerces.internal.parsers.DOMParser.parse(DOMParser.java:262)
	at java.xml/com.sun.org.apache.xerces.internal.jaxp.DocumentBuilderImpl.parse(DocumentBuilderImpl.java:342)
	at com.st.stm32cube.ide.mpu.remote.serial.internal.SerialPortProviderWindows.run(SerialPortProviderWindows.java:127)
	at java.base/java.util.TimerThread.mainLoop(Timer.java:566)
	at java.base/java.util.TimerThread.run(Timer.java:516)

!ENTRY com.st.stm32cube.ide.mpu.remote.serial 4 0 2026-04-03 17:33:53.056
!MESSAGE Failed to parse wmic output
!STACK 0
org.xml.sax.SAXParseException; lineNumber: 1; columnNumber: 1; Premature end of file.
	at java.xml/com.sun.org.apache.xerces.internal.parsers.DOMParser.parse(DOMParser.java:262)
	at java.xml/com.sun.org.apache.xerces.internal.jaxp.DocumentBuilderImpl.parse(DocumentBuilderImpl.java:342)
	at com.st.stm32cube.ide.mpu.remote.serial.internal.SerialPortProviderWindows.run(SerialPortProviderWindows.java:127)
	at java.base/java.util.TimerThread.mainLoop(Timer.java:566)
	at java.base/java.util.TimerThread.run(Timer.java:516)

!ENTRY com.st.stm32cube.ide.mpu.remote.serial 4 0 2026-04-03 17:33:54.056
!MESSAGE Failed to parse wmic output
!STACK 0
org.xml.sax.SAXParseException; lineNumber: 1; columnNumber: 1; Premature end of file.
	at java.xml/com.sun.org.apache.xerces.internal.parsers.DOMParser.parse(DOMParser.java:262)
	at java.xml/com.sun.org.apache.xerces.internal.jaxp.DocumentBuilderImpl.parse(DocumentBuilderImpl.java:342)
	at com.st.stm32cube.ide.mpu.remote.serial.internal.SerialPortProviderWindows.run(SerialPortProviderWindows.java:127)
	at java.base/java.util.TimerThread.mainLoop(Timer.java:566)
	at java.base/java.util.TimerThread.run(Timer.java:516)

!ENTRY com.st.stm32cube.ide.mpu.remote.serial 4 0 2026-04-03 17:33:55.056
!MESSAGE Failed to parse wmic output
!STACK 0
org.xml.sax.SAXParseException; lineNumber: 1; columnNumber: 1; Premature end of file.
	at java.xml/com.sun.org.apache.xerces.internal.parsers.DOMParser.parse(DOMParser.java:262)
	at java.xml/com.sun.org.apache.xerces.internal.jaxp.DocumentBuilderImpl.parse(DocumentBuilderImpl.java:342)
	at com.st.stm32cube.ide.mpu.remote.serial.internal.SerialPortProviderWindows.run(SerialPortProviderWindows.java:127)
	at java.base/java.util.TimerThread.mainLoop(Timer.java:566)
	at java.base/java.util.TimerThread.run(Timer.java:516)

!ENTRY com.st.stm32cube.ide.mpu.remote.serial 4 0 2026-04-03 17:33:56.063
!MESSAGE Failed to parse wmic output
!STACK 0
org.xml.sax.SAXParseException; lineNumber: 1; columnNumber: 1; Premature end of file.
	at java.xml/com.sun.org.apache.xerces.internal.parsers.DOMParser.parse(DOMParser.java:262)
	at java.xml/com.sun.org.apache.xerces.internal.jaxp.DocumentBuilderImpl.parse(DocumentBuilderImpl.java:342)
	at com.st.stm32cube.ide.mpu.remote.serial.internal.SerialPortProviderWindows.run(SerialPortProviderWindows.java:127)
	at java.base/java.util.TimerThread.mainLoop(Timer.java:566)
	at java.base/java.util.TimerThread.run(Timer.java:516)

!ENTRY com.st.stm32cube.ide.mpu.remote.serial 4 0 2026-04-03 17:33:57.056
!MESSAGE Failed to parse wmic output
!STACK 0
org.xml.sax.SAXParseException; lineNumber: 1; columnNumber: 1; Premature end of file.
	at java.xml/com.sun.org.apache.xerces.internal.parsers.DOMParser.parse(DOMParser.java:262)
	at java.xml/com.sun.org.apache.xerces.internal.jaxp.DocumentBuilderImpl.parse(DocumentBuilderImpl.java:342)
	at com.st.stm32cube.ide.mpu.remote.serial.internal.SerialPortProviderWindows.run(SerialPortProviderWindows.java:127)
	at java.base/java.util.TimerThread.mainLoop(Timer.java:566)
	at java.base/java.util.TimerThread.run(Timer.java:516)

!ENTRY com.st.stm32cube.ide.mpu.remote.serial 4 0 2026-04-03 17:33:58.055
!MESSAGE Failed to parse wmic output
!STACK 0
org.xml.sax.SAXParseException; lineNumber: 1; columnNumber: 1; Premature end of file.
	at java.xml/com.sun.org.apache.xerces.internal.parsers.DOMParser.parse(DOMParser.java:262)
	at java.xml/com.sun.org.apache.xerces.internal.jaxp.DocumentBuilderImpl.parse(DocumentBuilderImpl.java:342)
	at com.st.stm32cube.ide.mpu.remote.serial.internal.SerialPortProviderWindows.run(SerialPortProviderWindows.java:127)
	at java.base/java.util.TimerThread.mainLoop(Timer.java:566)
	at java.base/java.util.TimerThread.run(Timer.java:516)

!ENTRY com.st.stm32cube.ide.mpu.remote.serial 4 0 2026-04-03 17:33:59.062
!MESSAGE Failed to parse wmic output
!STACK 0
org.xml.sax.SAXParseException; lineNumber: 1; columnNumber: 1; Premature end of file.
	at java.xml/com.sun.org.apache.xerces.internal.parsers.DOMParser.parse(DOMParser.java:262)
	at java.xml/com.sun.org.apache.xerces.internal.jaxp.DocumentBuilderImpl.parse(DocumentBuilderImpl.java:342)
	at com.st.stm32cube.ide.mpu.remote.serial.internal.SerialPortProviderWindows.run(SerialPortProviderWindows.java:127)
	at java.base/java.util.TimerThread.mainLoop(Timer.java:566)
	at java.base/java.util.TimerThread.run(Timer.java:516)

!ENTRY com.st.stm32cube.ide.mpu.remote.serial 4 0 2026-04-03 17:34:00.055
!MESSAGE Failed to parse wmic output
!STACK 0
org.xml.sax.SAXParseException; lineNumber: 1; columnNumber: 1; Premature end of file.
	at java.xml/com.sun.org.apache.xerces.internal.parsers.DOMParser.parse(DOMParser.java:262)
	at java.xml/com.sun.org.apache.xerces.internal.jaxp.DocumentBuilderImpl.parse(DocumentBuilderImpl.java:342)
	at com.st.stm32cube.ide.mpu.remote.serial.internal.SerialPortProviderWindows.run(SerialPortProviderWindows.java:127)
	at java.base/java.util.TimerThread.mainLoop(Timer.java:566)
	at java.base/java.util.TimerThread.run(Timer.java:516)

!ENTRY com.st.stm32cube.ide.mpu.remote.serial 4 0 2026-04-03 17:34:01.059
!MESSAGE Failed to parse wmic output
!STACK 0
org.xml.sax.SAXParseException; lineNumber: 1; columnNumber: 1; Premature end of file.
	at java.xml/com.sun.org.apache.xerces.internal.parsers.DOMParser.parse(DOMParser.java:262)
	at java.xml/com.sun.org.apache.xerces.internal.jaxp.DocumentBuilderImpl.parse(DocumentBuilderImpl.java:342)
	at com.st.stm32cube.ide.mpu.remote.serial.internal.SerialPortProviderWindows.run(SerialPortProviderWindows.java:127)
	at java.base/java.util.TimerThread.mainLoop(Timer.java:566)
	at java.base/java.util.TimerThread.run(Timer.java:516)

!ENTRY com.st.stm32cube.ide.mpu.remote.serial 4 0 2026-04-03 17:34:02.065
!MESSAGE Failed to parse wmic output
!STACK 0
org.xml.sax.SAXParseException; lineNumber: 1; columnNumber: 1; Premature end of file.
	at java.xml/com.sun.org.apache.xerces.internal.parsers.DOMParser.parse(DOMParser.java:262)
	at java.xml/com.sun.org.apache.xerces.internal.jaxp.DocumentBuilderImpl.parse(DocumentBuilderImpl.java:342)
	at com.st.stm32cube.ide.mpu.remote.serial.internal.SerialPortProviderWindows.run(SerialPortProviderWindows.java:127)
	at java.base/java.util.TimerThread.mainLoop(Timer.java:566)
	at java.base/java.util.TimerThread.run(Timer.java:516)

!ENTRY com.st.stm32cube.ide.mpu.remote.serial 4 0 2026-04-03 17:34:03.055
!MESSAGE Failed to parse wmic output
!STACK 0
org.xml.sax.SAXParseException; lineNumber: 1; columnNumber: 1; Premature end of file.
	at java.xml/com.sun.org.apache.xerces.internal.parsers.DOMParser.parse(DOMParser.java:262)
	at java.xml/com.sun.org.apache.xerces.internal.jaxp.DocumentBuilderImpl.parse(DocumentBuilderImpl.java:342)
	at com.st.stm32cube.ide.mpu.remote.serial.internal.SerialPortProviderWindows.run(SerialPortProviderWindows.java:127)
	at java.base/java.util.TimerThread.mainLoop(Timer.java:566)
	at java.base/java.util.TimerThread.run(Timer.java:516)

!ENTRY com.st.stm32cube.ide.mpu.remote.serial 4 0 2026-04-03 17:34:04.056
!MESSAGE Failed to parse wmic output
!STACK 0
org.xml.sax.SAXParseException; lineNumber: 1; columnNumber: 1; Premature end of file.
	at java.xml/com.sun.org.apache.xerces.internal.parsers.DOMParser.parse(DOMParser.java:262)
	at java.xml/com.sun.org.apache.xerces.internal.jaxp.DocumentBuilderImpl.parse(DocumentBuilderImpl.java:342)
	at com.st.stm32cube.ide.mpu.remote.serial.internal.SerialPortProviderWindows.run(SerialPortProviderWindows.java:127)
	at java.base/java.util.TimerThread.mainLoop(Timer.java:566)
	at java.base/java.util.TimerThread.run(Timer.java:516)

!ENTRY com.st.stm32cube.ide.mpu.remote.serial 4 0 2026-04-03 17:34:05.074
!MESSAGE Failed to parse wmic output
!STACK 0
org.xml.sax.SAXParseException; lineNumber: 1; columnNumber: 1; Premature end of file.
	at java.xml/com.sun.org.apache.xerces.internal.parsers.DOMParser.parse(DOMParser.java:262)
	at java.xml/com.sun.org.apache.xerces.internal.jaxp.DocumentBuilderImpl.parse(DocumentBuilderImpl.java:342)
	at com.st.stm32cube.ide.mpu.remote.serial.internal.SerialPortProviderWindows.run(SerialPortProviderWindows.java:127)
	at java.base/java.util.TimerThread.mainLoop(Timer.java:566)
	at java.base/java.util.TimerThread.run(Timer.java:516)

!ENTRY com.st.stm32cube.ide.mpu.remote.serial 4 0 2026-04-03 17:34:06.063
!MESSAGE Failed to parse wmic output
!STACK 0
org.xml.sax.SAXParseException; lineNumber: 1; columnNumber: 1; Premature end of file.
	at java.xml/com.sun.org.apache.xerces.internal.parsers.DOMParser.parse(DOMParser.java:262)
	at java.xml/com.sun.org.apache.xerces.internal.jaxp.DocumentBuilderImpl.parse(DocumentBuilderImpl.java:342)
	at com.st.stm32cube.ide.mpu.remote.serial.internal.SerialPortProviderWindows.run(SerialPortProviderWindows.java:127)
	at java.base/java.util.TimerThread.mainLoop(Timer.java:566)
	at java.base/java.util.TimerThread.run(Timer.java:516)

!ENTRY com.st.stm32cube.ide.mpu.remote.serial 4 0 2026-04-03 17:34:07.080
!MESSAGE Failed to parse wmic output
!STACK 0
org.xml.sax.SAXParseException; lineNumber: 1; columnNumber: 1; Premature end of file.
	at java.xml/com.sun.org.apache.xerces.internal.parsers.DOMParser.parse(DOMParser.java:262)
	at java.xml/com.sun.org.apache.xerces.internal.jaxp.DocumentBuilderImpl.parse(DocumentBuilderImpl.java:342)
	at com.st.stm32cube.ide.mpu.remote.serial.internal.SerialPortProviderWindows.run(SerialPortProviderWindows.java:127)
	at java.base/java.util.TimerThread.mainLoop(Timer.java:566)
	at java.base/java.util.TimerThread.run(Timer.java:516)

!ENTRY com.st.stm32cube.ide.mpu.remote.serial 4 0 2026-04-03 17:34:08.085
!MESSAGE Failed to parse wmic output
!STACK 0
org.xml.sax.SAXParseException; lineNumber: 1; columnNumber: 1; Premature end of file.
	at java.xml/com.sun.org.apache.xerces.internal.parsers.DOMParser.parse(DOMParser.java:262)
	at java.xml/com.sun.org.apache.xerces.internal.jaxp.DocumentBuilderImpl.parse(DocumentBuilderImpl.java:342)
	at com.st.stm32cube.ide.mpu.remote.serial.internal.SerialPortProviderWindows.run(SerialPortProviderWindows.java:127)
	at java.base/java.util.TimerThread.mainLoop(Timer.java:566)
	at java.base/java.util.TimerThread.run(Timer.java:516)

!ENTRY com.st.stm32cube.ide.mpu.remote.serial 4 0 2026-04-03 17:34:09.086
!MESSAGE Failed to parse wmic output
!STACK 0
org.xml.sax.SAXParseException; lineNumber: 1; columnNumber: 1; Premature end of file.
	at java.xml/com.sun.org.apache.xerces.internal.parsers.DOMParser.parse(DOMParser.java:262)
	at java.xml/com.sun.org.apache.xerces.internal.jaxp.DocumentBuilderImpl.parse(DocumentBuilderImpl.java:342)
	at com.st.stm32cube.ide.mpu.remote.serial.internal.SerialPortProviderWindows.run(SerialPortProviderWindows.java:127)
	at java.base/java.util.TimerThread.mainLoop(Timer.java:566)
	at java.base/java.util.TimerThread.run(Timer.java:516)

!ENTRY com.st.stm32cube.ide.mpu.remote.serial 4 0 2026-04-03 17:34:10.077
!MESSAGE Failed to parse wmic output
!STACK 0
org.xml.sax.SAXParseException; lineNumber: 1; columnNumber: 1; Premature end of file.
	at java.xml/com.sun.org.apache.xerces.internal.parsers.DOMParser.parse(DOMParser.java:262)
	at java.xml/com.sun.org.apache.xerces.internal.jaxp.DocumentBuilderImpl.parse(DocumentBuilderImpl.java:342)
	at com.st.stm32cube.ide.mpu.remote.serial.internal.SerialPortProviderWindows.run(SerialPortProviderWindows.java:127)
	at java.base/java.util.TimerThread.mainLoop(Timer.java:566)
	at java.base/java.util.TimerThread.run(Timer.java:516)

!ENTRY com.st.stm32cube.ide.mpu.remote.serial 4 0 2026-04-03 17:34:11.075
!MESSAGE Failed to parse wmic output
!STACK 0
org.xml.sax.SAXParseException; lineNumber: 1; columnNumber: 1; Premature end of file.
	at java.xml/com.sun.org.apache.xerces.internal.parsers.DOMParser.parse(DOMParser.java:262)
	at java.xml/com.sun.org.apache.xerces.internal.jaxp.DocumentBuilderImpl.parse(DocumentBuilderImpl.java:342)
	at com.st.stm32cube.ide.mpu.remote.serial.internal.SerialPortProviderWindows.run(SerialPortProviderWindows.java:127)
	at java.base/java.util.TimerThread.mainLoop(Timer.java:566)
	at java.base/java.util.TimerThread.run(Timer.java:516)

!ENTRY com.st.stm32cube.ide.mpu.remote.serial 4 0 2026-04-03 17:34:12.079
!MESSAGE Failed to parse wmic output
!STACK 0
org.xml.sax.SAXParseException; lineNumber: 1; columnNumber: 1; Premature end of file.
	at java.xml/com.sun.org.apache.xerces.internal.parsers.DOMParser.parse(DOMParser.java:262)
	at java.xml/com.sun.org.apache.xerces.internal.jaxp.DocumentBuilderImpl.parse(DocumentBuilderImpl.java:342)
	at com.st.stm32cube.ide.mpu.remote.serial.internal.SerialPortProviderWindows.run(SerialPortProviderWindows.java:127)
	at java.base/java.util.TimerThread.mainLoop(Timer.java:566)
	at java.base/java.util.TimerThread.run(Timer.java:516)

!ENTRY com.st.stm32cube.ide.mpu.remote.serial 4 0 2026-04-03 17:34:13.084
!MESSAGE Failed to parse wmic output
!STACK 0
org.xml.sax.SAXParseException; lineNumber: 1; columnNumber: 1; Premature end of file.
	at java.xml/com.sun.org.apache.xerces.internal.parsers.DOMParser.parse(DOMParser.java:262)
	at java.xml/com.sun.org.apache.xerces.internal.jaxp.DocumentBuilderImpl.parse(DocumentBuilderImpl.java:342)
	at com.st.stm32cube.ide.mpu.remote.serial.internal.SerialPortProviderWindows.run(SerialPortProviderWindows.java:127)
	at java.base/java.util.TimerThread.mainLoop(Timer.java:566)
	at java.base/java.util.TimerThread.run(Timer.java:516)

!ENTRY com.st.stm32cube.ide.mpu.remote.serial 4 0 2026-04-03 17:34:14.082
!MESSAGE Failed to parse wmic output
!STACK 0
org.xml.sax.SAXParseException; lineNumber: 1; columnNumber: 1; Premature end of file.
	at java.xml/com.sun.org.apache.xerces.internal.parsers.DOMParser.parse(DOMParser.java:262)
	at java.xml/com.sun.org.apache.xerces.internal.jaxp.DocumentBuilderImpl.parse(DocumentBuilderImpl.java:342)
	at com.st.stm32cube.ide.mpu.remote.serial.internal.SerialPortProviderWindows.run(SerialPortProviderWindows.java:127)
	at java.base/java.util.TimerThread.mainLoop(Timer.java:566)
	at java.base/java.util.TimerThread.run(Timer.java:516)

!ENTRY com.st.stm32cube.ide.mpu.remote.serial 4 0 2026-04-03 17:34:15.083
!MESSAGE Failed to parse wmic output
!STACK 0
org.xml.sax.SAXParseException; lineNumber: 1; columnNumber: 1; Premature end of file.
	at java.xml/com.sun.org.apache.xerces.internal.parsers.DOMParser.parse(DOMParser.java:262)
	at java.xml/com.sun.org.apache.xerces.internal.jaxp.DocumentBuilderImpl.parse(DocumentBuilderImpl.java:342)
	at com.st.stm32cube.ide.mpu.remote.serial.internal.SerialPortProviderWindows.run(SerialPortProviderWindows.java:127)
	at java.base/java.util.TimerThread.mainLoop(Timer.java:566)
	at java.base/java.util.TimerThread.run(Timer.java:516)

!ENTRY com.st.stm32cube.ide.mpu.remote.serial 4 0 2026-04-03 17:34:16.087
!MESSAGE Failed to parse wmic output
!STACK 0
org.xml.sax.SAXParseException; lineNumber: 1; columnNumber: 1; Premature end of file.
	at java.xml/com.sun.org.apache.xerces.internal.parsers.DOMParser.parse(DOMParser.java:262)
	at java.xml/com.sun.org.apache.xerces.internal.jaxp.DocumentBuilderImpl.parse(DocumentBuilderImpl.java:342)
	at com.st.stm32cube.ide.mpu.remote.serial.internal.SerialPortProviderWindows.run(SerialPortProviderWindows.java:127)
	at java.base/java.util.TimerThread.mainLoop(Timer.java:566)
	at java.base/java.util.TimerThread.run(Timer.java:516)

!ENTRY com.st.stm32cube.ide.mpu.remote.serial 4 0 2026-04-03 17:34:17.075
!MESSAGE Failed to parse wmic output
!STACK 0
org.xml.sax.SAXParseException; lineNumber: 1; columnNumber: 1; Premature end of file.
	at java.xml/com.sun.org.apache.xerces.internal.parsers.DOMParser.parse(DOMParser.java:262)
	at java.xml/com.sun.org.apache.xerces.internal.jaxp.DocumentBuilderImpl.parse(DocumentBuilderImpl.java:342)
	at com.st.stm32cube.ide.mpu.remote.serial.internal.SerialPortProviderWindows.run(SerialPortProviderWindows.java:127)
	at java.base/java.util.TimerThread.mainLoop(Timer.java:566)
	at java.base/java.util.TimerThread.run(Timer.java:516)

!ENTRY com.st.stm32cube.ide.mpu.remote.serial 4 0 2026-04-03 17:34:18.084
!MESSAGE Failed to parse wmic output
!STACK 0
org.xml.sax.SAXParseException; lineNumber: 1; columnNumber: 1; Premature end of file.
	at java.xml/com.sun.org.apache.xerces.internal.parsers.DOMParser.parse(DOMParser.java:262)
	at java.xml/com.sun.org.apache.xerces.internal.jaxp.DocumentBuilderImpl.parse(DocumentBuilderImpl.java:342)
	at com.st.stm32cube.ide.mpu.remote.serial.internal.SerialPortProviderWindows.run(SerialPortProviderWindows.java:127)
	at java.base/java.util.TimerThread.mainLoop(Timer.java:566)
	at java.base/java.util.TimerThread.run(Timer.java:516)

!ENTRY com.st.stm32cube.ide.mpu.remote.serial 4 0 2026-04-03 17:34:19.080
!MESSAGE Failed to parse wmic output
!STACK 0
org.xml.sax.SAXParseException; lineNumber: 1; columnNumber: 1; Premature end of file.
	at java.xml/com.sun.org.apache.xerces.internal.parsers.DOMParser.parse(DOMParser.java:262)
	at java.xml/com.sun.org.apache.xerces.internal.jaxp.DocumentBuilderImpl.parse(DocumentBuilderImpl.java:342)
	at com.st.stm32cube.ide.mpu.remote.serial.internal.SerialPortProviderWindows.run(SerialPortProviderWindows.java:127)
	at java.base/java.util.TimerThread.mainLoop(Timer.java:566)
	at java.base/java.util.TimerThread.run(Timer.java:516)

!ENTRY com.st.stm32cube.ide.mpu.remote.serial 4 0 2026-04-03 17:34:20.078
!MESSAGE Failed to parse wmic output
!STACK 0
org.xml.sax.SAXParseException; lineNumber: 1; columnNumber: 1; Premature end of file.
	at java.xml/com.sun.org.apache.xerces.internal.parsers.DOMParser.parse(DOMParser.java:262)
	at java.xml/com.sun.org.apache.xerces.internal.jaxp.DocumentBuilderImpl.parse(DocumentBuilderImpl.java:342)
	at com.st.stm32cube.ide.mpu.remote.serial.internal.SerialPortProviderWindows.run(SerialPortProviderWindows.java:127)
	at java.base/java.util.TimerThread.mainLoop(Timer.java:566)
	at java.base/java.util.TimerThread.run(Timer.java:516)

!ENTRY com.st.stm32cube.ide.mpu.remote.serial 4 0 2026-04-03 17:34:21.056
!MESSAGE Failed to parse wmic output
!STACK 0
org.xml.sax.SAXParseException; lineNumber: 1; columnNumber: 1; Premature end of file.
	at java.xml/com.sun.org.apache.xerces.internal.parsers.DOMParser.parse(DOMParser.java:262)
	at java.xml/com.sun.org.apache.xerces.internal.jaxp.DocumentBuilderImpl.parse(DocumentBuilderImpl.java:342)
	at com.st.stm32cube.ide.mpu.remote.serial.internal.SerialPortProviderWindows.run(SerialPortProviderWindows.java:127)
	at java.base/java.util.TimerThread.mainLoop(Timer.java:566)
	at java.base/java.util.TimerThread.run(Timer.java:516)

!ENTRY com.st.stm32cube.ide.mpu.remote.serial 4 0 2026-04-03 17:34:22.084
!MESSAGE Failed to parse wmic output
!STACK 0
org.xml.sax.SAXParseException; lineNumber: 1; columnNumber: 1; Premature end of file.
	at java.xml/com.sun.org.apache.xerces.internal.parsers.DOMParser.parse(DOMParser.java:262)
	at java.xml/com.sun.org.apache.xerces.internal.jaxp.DocumentBuilderImpl.parse(DocumentBuilderImpl.java:342)
	at com.st.stm32cube.ide.mpu.remote.serial.internal.SerialPortProviderWindows.run(SerialPortProviderWindows.java:127)
	at java.base/java.util.TimerThread.mainLoop(Timer.java:566)
	at java.base/java.util.TimerThread.run(Timer.java:516)

!ENTRY com.st.stm32cube.ide.mpu.remote.serial 4 0 2026-04-03 17:34:23.066
!MESSAGE Failed to parse wmic output
!STACK 0
org.xml.sax.SAXParseException; lineNumber: 1; columnNumber: 1; Premature end of file.
	at java.xml/com.sun.org.apache.xerces.internal.parsers.DOMParser.parse(DOMParser.java:262)
	at java.xml/com.sun.org.apache.xerces.internal.jaxp.DocumentBuilderImpl.parse(DocumentBuilderImpl.java:342)
	at com.st.stm32cube.ide.mpu.remote.serial.internal.SerialPortProviderWindows.run(SerialPortProviderWindows.java:127)
	at java.base/java.util.TimerThread.mainLoop(Timer.java:566)
	at java.base/java.util.TimerThread.run(Timer.java:516)

!ENTRY com.st.stm32cube.ide.mpu.remote.serial 4 0 2026-04-03 17:34:24.064
!MESSAGE Failed to parse wmic output
!STACK 0
org.xml.sax.SAXParseException; lineNumber: 1; columnNumber: 1; Premature end of file.
	at java.xml/com.sun.org.apache.xerces.internal.parsers.DOMParser.parse(DOMParser.java:262)
	at java.xml/com.sun.org.apache.xerces.internal.jaxp.DocumentBuilderImpl.parse(DocumentBuilderImpl.java:342)
	at com.st.stm32cube.ide.mpu.remote.serial.internal.SerialPortProviderWindows.run(SerialPortProviderWindows.java:127)
	at java.base/java.util.TimerThread.mainLoop(Timer.java:566)
	at java.base/java.util.TimerThread.run(Timer.java:516)

!ENTRY com.st.stm32cube.ide.mpu.remote.serial 4 0 2026-04-03 17:34:25.077
!MESSAGE Failed to parse wmic output
!STACK 0
org.xml.sax.SAXParseException; lineNumber: 1; columnNumber: 1; Premature end of file.
	at java.xml/com.sun.org.apache.xerces.internal.parsers.DOMParser.parse(DOMParser.java:262)
	at java.xml/com.sun.org.apache.xerces.internal.jaxp.DocumentBuilderImpl.parse(DocumentBuilderImpl.java:342)
	at com.st.stm32cube.ide.mpu.remote.serial.internal.SerialPortProviderWindows.run(SerialPortProviderWindows.java:127)
	at java.base/java.util.TimerThread.mainLoop(Timer.java:566)
	at java.base/java.util.TimerThread.run(Timer.java:516)

!ENTRY com.st.stm32cube.ide.mpu.remote.serial 4 0 2026-04-03 17:34:26.073
!MESSAGE Failed to parse wmic output
!STACK 0
org.xml.sax.SAXParseException; lineNumber: 1; columnNumber: 1; Premature end of file.
	at java.xml/com.sun.org.apache.xerces.internal.parsers.DOMParser.parse(DOMParser.java:262)
	at java.xml/com.sun.org.apache.xerces.internal.jaxp.DocumentBuilderImpl.parse(DocumentBuilderImpl.java:342)
	at com.st.stm32cube.ide.mpu.remote.serial.internal.SerialPortProviderWindows.run(SerialPortProviderWindows.java:127)
	at java.base/java.util.TimerThread.mainLoop(Timer.java:566)
	at java.base/java.util.TimerThread.run(Timer.java:516)

!ENTRY com.st.stm32cube.ide.mpu.remote.serial 4 0 2026-04-03 17:34:27.067
!MESSAGE Failed to parse wmic output
!STACK 0
org.xml.sax.SAXParseException; lineNumber: 1; columnNumber: 1; Premature end of file.
	at java.xml/com.sun.org.apache.xerces.internal.parsers.DOMParser.parse(DOMParser.java:262)
	at java.xml/com.sun.org.apache.xerces.internal.jaxp.DocumentBuilderImpl.parse(DocumentBuilderImpl.java:342)
	at com.st.stm32cube.ide.mpu.remote.serial.internal.SerialPortProviderWindows.run(SerialPortProviderWindows.java:127)
	at java.base/java.util.TimerThread.mainLoop(Timer.java:566)
	at java.base/java.util.TimerThread.run(Timer.java:516)

!ENTRY com.st.stm32cube.ide.mpu.remote.serial 4 0 2026-04-03 17:34:28.059
!MESSAGE Failed to parse wmic output
!STACK 0
org.xml.sax.SAXParseException; lineNumber: 1; columnNumber: 1; Premature end of file.
	at java.xml/com.sun.org.apache.xerces.internal.parsers.DOMParser.parse(DOMParser.java:262)
	at java.xml/com.sun.org.apache.xerces.internal.jaxp.DocumentBuilderImpl.parse(DocumentBuilderImpl.java:342)
	at com.st.stm32cube.ide.mpu.remote.serial.internal.SerialPortProviderWindows.run(SerialPortProviderWindows.java:127)
	at java.base/java.util.TimerThread.mainLoop(Timer.java:566)
	at java.base/java.util.TimerThread.run(Timer.java:516)

!ENTRY com.st.stm32cube.ide.mpu.remote.serial 4 0 2026-04-03 17:34:29.076
!MESSAGE Failed to parse wmic output
!STACK 0
org.xml.sax.SAXParseException; lineNumber: 1; columnNumber: 1; Premature end of file.
	at java.xml/com.sun.org.apache.xerces.internal.parsers.DOMParser.parse(DOMParser.java:262)
	at java.xml/com.sun.org.apache.xerces.internal.jaxp.DocumentBuilderImpl.parse(DocumentBuilderImpl.java:342)
	at com.st.stm32cube.ide.mpu.remote.serial.internal.SerialPortProviderWindows.run(SerialPortProviderWindows.java:127)
	at java.base/java.util.TimerThread.mainLoop(Timer.java:566)
	at java.base/java.util.TimerThread.run(Timer.java:516)

!ENTRY com.st.stm32cube.ide.mpu.remote.serial 4 0 2026-04-03 17:34:30.070
!MESSAGE Failed to parse wmic output
!STACK 0
org.xml.sax.SAXParseException; lineNumber: 1; columnNumber: 1; Premature end of file.
	at java.xml/com.sun.org.apache.xerces.internal.parsers.DOMParser.parse(DOMParser.java:262)
	at java.xml/com.sun.org.apache.xerces.internal.jaxp.DocumentBuilderImpl.parse(DocumentBuilderImpl.java:342)
	at com.st.stm32cube.ide.mpu.remote.serial.internal.SerialPortProviderWindows.run(SerialPortProviderWindows.java:127)
	at java.base/java.util.TimerThread.mainLoop(Timer.java:566)
	at java.base/java.util.TimerThread.run(Timer.java:516)

!ENTRY com.st.stm32cube.ide.mpu.remote.serial 4 0 2026-04-03 17:34:31.067
!MESSAGE Failed to parse wmic output
!STACK 0
org.xml.sax.SAXParseException; lineNumber: 1; columnNumber: 1; Premature end of file.
	at java.xml/com.sun.org.apache.xerces.internal.parsers.DOMParser.parse(DOMParser.java:262)
	at java.xml/com.sun.org.apache.xerces.internal.jaxp.DocumentBuilderImpl.parse(DocumentBuilderImpl.java:342)
	at com.st.stm32cube.ide.mpu.remote.serial.internal.SerialPortProviderWindows.run(SerialPortProviderWindows.java:127)
	at java.base/java.util.TimerThread.mainLoop(Timer.java:566)
	at java.base/java.util.TimerThread.run(Timer.java:516)

!ENTRY com.st.stm32cube.ide.mpu.remote.serial 4 0 2026-04-03 17:34:32.057
!MESSAGE Failed to parse wmic output
!STACK 0
org.xml.sax.SAXParseException; lineNumber: 1; columnNumber: 1; Premature end of file.
	at java.xml/com.sun.org.apache.xerces.internal.parsers.DOMParser.parse(DOMParser.java:262)
	at java.xml/com.sun.org.apache.xerces.internal.jaxp.DocumentBuilderImpl.parse(DocumentBuilderImpl.java:342)
	at com.st.stm32cube.ide.mpu.remote.serial.internal.SerialPortProviderWindows.run(SerialPortProviderWindows.java:127)
	at java.base/java.util.TimerThread.mainLoop(Timer.java:566)
	at java.base/java.util.TimerThread.run(Timer.java:516)

!ENTRY com.st.stm32cube.ide.mpu.remote.serial 4 0 2026-04-03 17:34:33.072
!MESSAGE Failed to parse wmic output
!STACK 0
org.xml.sax.SAXParseException; lineNumber: 1; columnNumber: 1; Premature end of file.
	at java.xml/com.sun.org.apache.xerces.internal.parsers.DOMParser.parse(DOMParser.java:262)
	at java.xml/com.sun.org.apache.xerces.internal.jaxp.DocumentBuilderImpl.parse(DocumentBuilderImpl.java:342)
	at com.st.stm32cube.ide.mpu.remote.serial.internal.SerialPortProviderWindows.run(SerialPortProviderWindows.java:127)
	at java.base/java.util.TimerThread.mainLoop(Timer.java:566)
	at java.base/java.util.TimerThread.run(Timer.java:516)

!ENTRY com.st.stm32cube.ide.mpu.remote.serial 4 0 2026-04-03 17:34:34.080
!MESSAGE Failed to parse wmic output
!STACK 0
org.xml.sax.SAXParseException; lineNumber: 1; columnNumber: 1; Premature end of file.
	at java.xml/com.sun.org.apache.xerces.internal.parsers.DOMParser.parse(DOMParser.java:262)
	at java.xml/com.sun.org.apache.xerces.internal.jaxp.DocumentBuilderImpl.parse(DocumentBuilderImpl.java:342)
	at com.st.stm32cube.ide.mpu.remote.serial.internal.SerialPortProviderWindows.run(SerialPortProviderWindows.java:127)
	at java.base/java.util.TimerThread.mainLoop(Timer.java:566)
	at java.base/java.util.TimerThread.run(Timer.java:516)

!ENTRY com.st.stm32cube.ide.mpu.remote.serial 4 0 2026-04-03 17:34:35.062
!MESSAGE Failed to parse wmic output
!STACK 0
org.xml.sax.SAXParseException; lineNumber: 1; columnNumber: 1; Premature end of file.
	at java.xml/com.sun.org.apache.xerces.internal.parsers.DOMParser.parse(DOMParser.java:262)
	at java.xml/com.sun.org.apache.xerces.internal.jaxp.DocumentBuilderImpl.parse(DocumentBuilderImpl.java:342)
	at com.st.stm32cube.ide.mpu.remote.serial.internal.SerialPortProviderWindows.run(SerialPortProviderWindows.java:127)
	at java.base/java.util.TimerThread.mainLoop(Timer.java:566)
	at java.base/java.util.TimerThread.run(Timer.java:516)

!ENTRY com.st.stm32cube.ide.mpu.remote.serial 4 0 2026-04-03 17:34:36.062
!MESSAGE Failed to parse wmic output
!STACK 0
org.xml.sax.SAXParseException; lineNumber: 1; columnNumber: 1; Premature end of file.
	at java.xml/com.sun.org.apache.xerces.internal.parsers.DOMParser.parse(DOMParser.java:262)
	at java.xml/com.sun.org.apache.xerces.internal.jaxp.DocumentBuilderImpl.parse(DocumentBuilderImpl.java:342)
	at com.st.stm32cube.ide.mpu.remote.serial.internal.SerialPortProviderWindows.run(SerialPortProviderWindows.java:127)
	at java.base/java.util.TimerThread.mainLoop(Timer.java:566)
	at java.base/java.util.TimerThread.run(Timer.java:516)

!ENTRY com.st.stm32cube.ide.mpu.remote.serial 4 0 2026-04-03 17:34:37.090
!MESSAGE Failed to parse wmic output
!STACK 0
org.xml.sax.SAXParseException; lineNumber: 1; columnNumber: 1; Premature end of file.
	at java.xml/com.sun.org.apache.xerces.internal.parsers.DOMParser.parse(DOMParser.java:262)
	at java.xml/com.sun.org.apache.xerces.internal.jaxp.DocumentBuilderImpl.parse(DocumentBuilderImpl.java:342)
	at com.st.stm32cube.ide.mpu.remote.serial.internal.SerialPortProviderWindows.run(SerialPortProviderWindows.java:127)
	at java.base/java.util.TimerThread.mainLoop(Timer.java:566)
	at java.base/java.util.TimerThread.run(Timer.java:516)

!ENTRY com.st.stm32cube.ide.mpu.remote.serial 4 0 2026-04-03 17:34:38.089
!MESSAGE Failed to parse wmic output
!STACK 0
org.xml.sax.SAXParseException; lineNumber: 1; columnNumber: 1; Premature end of file.
	at java.xml/com.sun.org.apache.xerces.internal.parsers.DOMParser.parse(DOMParser.java:262)
	at java.xml/com.sun.org.apache.xerces.internal.jaxp.DocumentBuilderImpl.parse(DocumentBuilderImpl.java:342)
	at com.st.stm32cube.ide.mpu.remote.serial.internal.SerialPortProviderWindows.run(SerialPortProviderWindows.java:127)
	at java.base/java.util.TimerThread.mainLoop(Timer.java:566)
	at java.base/java.util.TimerThread.run(Timer.java:516)

!ENTRY com.st.stm32cube.ide.mpu.remote.serial 4 0 2026-04-03 17:34:39.079
!MESSAGE Failed to parse wmic output
!STACK 0
org.xml.sax.SAXParseException; lineNumber: 1; columnNumber: 1; Premature end of file.
	at java.xml/com.sun.org.apache.xerces.internal.parsers.DOMParser.parse(DOMParser.java:262)
	at java.xml/com.sun.org.apache.xerces.internal.jaxp.DocumentBuilderImpl.parse(DocumentBuilderImpl.java:342)
	at com.st.stm32cube.ide.mpu.remote.serial.internal.SerialPortProviderWindows.run(SerialPortProviderWindows.java:127)
	at java.base/java.util.TimerThread.mainLoop(Timer.java:566)
	at java.base/java.util.TimerThread.run(Timer.java:516)

!ENTRY com.st.stm32cube.ide.mpu.remote.serial 4 0 2026-04-03 17:34:40.078
!MESSAGE Failed to parse wmic output
!STACK 0
org.xml.sax.SAXParseException; lineNumber: 1; columnNumber: 1; Premature end of file.
	at java.xml/com.sun.org.apache.xerces.internal.parsers.DOMParser.parse(DOMParser.java:262)
	at java.xml/com.sun.org.apache.xerces.internal.jaxp.DocumentBuilderImpl.parse(DocumentBuilderImpl.java:342)
	at com.st.stm32cube.ide.mpu.remote.serial.internal.SerialPortProviderWindows.run(SerialPortProviderWindows.java:127)
	at java.base/java.util.TimerThread.mainLoop(Timer.java:566)
	at java.base/java.util.TimerThread.run(Timer.java:516)

!ENTRY com.st.stm32cube.ide.mpu.remote.serial 4 0 2026-04-03 17:34:41.090
!MESSAGE Failed to parse wmic output
!STACK 0
org.xml.sax.SAXParseException; lineNumber: 1; columnNumber: 1; Premature end of file.
	at java.xml/com.sun.org.apache.xerces.internal.parsers.DOMParser.parse(DOMParser.java:262)
	at java.xml/com.sun.org.apache.xerces.internal.jaxp.DocumentBuilderImpl.parse(DocumentBuilderImpl.java:342)
	at com.st.stm32cube.ide.mpu.remote.serial.internal.SerialPortProviderWindows.run(SerialPortProviderWindows.java:127)
	at java.base/java.util.TimerThread.mainLoop(Timer.java:566)
	at java.base/java.util.TimerThread.run(Timer.java:516)

!ENTRY com.st.stm32cube.ide.mpu.remote.serial 4 0 2026-04-03 17:34:42.081
!MESSAGE Failed to parse wmic output
!STACK 0
org.xml.sax.SAXParseException; lineNumber: 1; columnNumber: 1; Premature end of file.
	at java.xml/com.sun.org.apache.xerces.internal.parsers.DOMParser.parse(DOMParser.java:262)
	at java.xml/com.sun.org.apache.xerces.internal.jaxp.DocumentBuilderImpl.parse(DocumentBuilderImpl.java:342)
	at com.st.stm32cube.ide.mpu.remote.serial.internal.SerialPortProviderWindows.run(SerialPortProviderWindows.java:127)
	at java.base/java.util.TimerThread.mainLoop(Timer.java:566)
	at java.base/java.util.TimerThread.run(Timer.java:516)

!ENTRY com.st.stm32cube.ide.mpu.remote.serial 4 0 2026-04-03 17:34:43.075
!MESSAGE Failed to parse wmic output
!STACK 0
org.xml.sax.SAXParseException; lineNumber: 1; columnNumber: 1; Premature end of file.
	at java.xml/com.sun.org.apache.xerces.internal.parsers.DOMParser.parse(DOMParser.java:262)
	at java.xml/com.sun.org.apache.xerces.internal.jaxp.DocumentBuilderImpl.parse(DocumentBuilderImpl.java:342)
	at com.st.stm32cube.ide.mpu.remote.serial.internal.SerialPortProviderWindows.run(SerialPortProviderWindows.java:127)
	at java.base/java.util.TimerThread.mainLoop(Timer.java:566)
	at java.base/java.util.TimerThread.run(Timer.java:516)

!ENTRY com.st.stm32cube.ide.mpu.remote.serial 4 0 2026-04-03 17:34:44.079
!MESSAGE Failed to parse wmic output
!STACK 0
org.xml.sax.SAXParseException; lineNumber: 1; columnNumber: 1; Premature end of file.
	at java.xml/com.sun.org.apache.xerces.internal.parsers.DOMParser.parse(DOMParser.java:262)
	at java.xml/com.sun.org.apache.xerces.internal.jaxp.DocumentBuilderImpl.parse(DocumentBuilderImpl.java:342)
	at com.st.stm32cube.ide.mpu.remote.serial.internal.SerialPortProviderWindows.run(SerialPortProviderWindows.java:127)
	at java.base/java.util.TimerThread.mainLoop(Timer.java:566)
	at java.base/java.util.TimerThread.run(Timer.java:516)

!ENTRY com.st.stm32cube.ide.mpu.remote.serial 4 0 2026-04-03 17:34:45.077
!MESSAGE Failed to parse wmic output
!STACK 0
org.xml.sax.SAXParseException; lineNumber: 1; columnNumber: 1; Premature end of file.
	at java.xml/com.sun.org.apache.xerces.internal.parsers.DOMParser.parse(DOMParser.java:262)
	at java.xml/com.sun.org.apache.xerces.internal.jaxp.DocumentBuilderImpl.parse(DocumentBuilderImpl.java:342)
	at com.st.stm32cube.ide.mpu.remote.serial.internal.SerialPortProviderWindows.run(SerialPortProviderWindows.java:127)
	at java.base/java.util.TimerThread.mainLoop(Timer.java:566)
	at java.base/java.util.TimerThread.run(Timer.java:516)

!ENTRY com.st.stm32cube.ide.mpu.remote.serial 4 0 2026-04-03 17:34:46.067
!MESSAGE Failed to parse wmic output
!STACK 0
org.xml.sax.SAXParseException; lineNumber: 1; columnNumber: 1; Premature end of file.
	at java.xml/com.sun.org.apache.xerces.internal.parsers.DOMParser.parse(DOMParser.java:262)
	at java.xml/com.sun.org.apache.xerces.internal.jaxp.DocumentBuilderImpl.parse(DocumentBuilderImpl.java:342)
	at com.st.stm32cube.ide.mpu.remote.serial.internal.SerialPortProviderWindows.run(SerialPortProviderWindows.java:127)
	at java.base/java.util.TimerThread.mainLoop(Timer.java:566)
	at java.base/java.util.TimerThread.run(Timer.java:516)

!ENTRY com.st.stm32cube.ide.mpu.remote.serial 4 0 2026-04-03 17:34:47.069
!MESSAGE Failed to parse wmic output
!STACK 0
org.xml.sax.SAXParseException; lineNumber: 1; columnNumber: 1; Premature end of file.
	at java.xml/com.sun.org.apache.xerces.internal.parsers.DOMParser.parse(DOMParser.java:262)
	at java.xml/com.sun.org.apache.xerces.internal.jaxp.DocumentBuilderImpl.parse(DocumentBuilderImpl.java:342)
	at com.st.stm32cube.ide.mpu.remote.serial.internal.SerialPortProviderWindows.run(SerialPortProviderWindows.java:127)
	at java.base/java.util.TimerThread.mainLoop(Timer.java:566)
	at java.base/java.util.TimerThread.run(Timer.java:516)

!ENTRY com.st.stm32cube.ide.mpu.remote.serial 4 0 2026-04-03 17:34:48.067
!MESSAGE Failed to parse wmic output
!STACK 0
org.xml.sax.SAXParseException; lineNumber: 1; columnNumber: 1; Premature end of file.
	at java.xml/com.sun.org.apache.xerces.internal.parsers.DOMParser.parse(DOMParser.java:262)
	at java.xml/com.sun.org.apache.xerces.internal.jaxp.DocumentBuilderImpl.parse(DocumentBuilderImpl.java:342)
	at com.st.stm32cube.ide.mpu.remote.serial.internal.SerialPortProviderWindows.run(SerialPortProviderWindows.java:127)
	at java.base/java.util.TimerThread.mainLoop(Timer.java:566)
	at java.base/java.util.TimerThread.run(Timer.java:516)

!ENTRY com.st.stm32cube.ide.mpu.remote.serial 4 0 2026-04-03 17:34:49.064
!MESSAGE Failed to parse wmic output
!STACK 0
org.xml.sax.SAXParseException; lineNumber: 1; columnNumber: 1; Premature end of file.
	at java.xml/com.sun.org.apache.xerces.internal.parsers.DOMParser.parse(DOMParser.java:262)
	at java.xml/com.sun.org.apache.xerces.internal.jaxp.DocumentBuilderImpl.parse(DocumentBuilderImpl.java:342)
	at com.st.stm32cube.ide.mpu.remote.serial.internal.SerialPortProviderWindows.run(SerialPortProviderWindows.java:127)
	at java.base/java.util.TimerThread.mainLoop(Timer.java:566)
	at java.base/java.util.TimerThread.run(Timer.java:516)

!ENTRY com.st.stm32cube.ide.mpu.remote.serial 4 0 2026-04-03 17:34:50.072
!MESSAGE Failed to parse wmic output
!STACK 0
org.xml.sax.SAXParseException; lineNumber: 1; columnNumber: 1; Premature end of file.
	at java.xml/com.sun.org.apache.xerces.internal.parsers.DOMParser.parse(DOMParser.java:262)
	at java.xml/com.sun.org.apache.xerces.internal.jaxp.DocumentBuilderImpl.parse(DocumentBuilderImpl.java:342)
	at com.st.stm32cube.ide.mpu.remote.serial.internal.SerialPortProviderWindows.run(SerialPortProviderWindows.java:127)
	at java.base/java.util.TimerThread.mainLoop(Timer.java:566)
	at java.base/java.util.TimerThread.run(Timer.java:516)

!ENTRY com.st.stm32cube.ide.mpu.remote.serial 4 0 2026-04-03 17:34:51.071
!MESSAGE Failed to parse wmic output
!STACK 0
org.xml.sax.SAXParseException; lineNumber: 1; columnNumber: 1; Premature end of file.
	at java.xml/com.sun.org.apache.xerces.internal.parsers.DOMParser.parse(DOMParser.java:262)
	at java.xml/com.sun.org.apache.xerces.internal.jaxp.DocumentBuilderImpl.parse(DocumentBuilderImpl.java:342)
	at com.st.stm32cube.ide.mpu.remote.serial.internal.SerialPortProviderWindows.run(SerialPortProviderWindows.java:127)
	at java.base/java.util.TimerThread.mainLoop(Timer.java:566)
	at java.base/java.util.TimerThread.run(Timer.java:516)

!ENTRY com.st.stm32cube.ide.mpu.remote.serial 4 0 2026-04-03 17:34:52.075
!MESSAGE Failed to parse wmic output
!STACK 0
org.xml.sax.SAXParseException; lineNumber: 1; columnNumber: 1; Premature end of file.
	at java.xml/com.sun.org.apache.xerces.internal.parsers.DOMParser.parse(DOMParser.java:262)
	at java.xml/com.sun.org.apache.xerces.internal.jaxp.DocumentBuilderImpl.parse(DocumentBuilderImpl.java:342)
	at com.st.stm32cube.ide.mpu.remote.serial.internal.SerialPortProviderWindows.run(SerialPortProviderWindows.java:127)
	at java.base/java.util.TimerThread.mainLoop(Timer.java:566)
	at java.base/java.util.TimerThread.run(Timer.java:516)

!ENTRY com.st.stm32cube.ide.mpu.remote.serial 4 0 2026-04-03 17:34:53.062
!MESSAGE Failed to parse wmic output
!STACK 0
org.xml.sax.SAXParseException; lineNumber: 1; columnNumber: 1; Premature end of file.
	at java.xml/com.sun.org.apache.xerces.internal.parsers.DOMParser.parse(DOMParser.java:262)
	at java.xml/com.sun.org.apache.xerces.internal.jaxp.DocumentBuilderImpl.parse(DocumentBuilderImpl.java:342)
	at com.st.stm32cube.ide.mpu.remote.serial.internal.SerialPortProviderWindows.run(SerialPortProviderWindows.java:127)
	at java.base/java.util.TimerThread.mainLoop(Timer.java:566)
	at java.base/java.util.TimerThread.run(Timer.java:516)

!ENTRY com.st.stm32cube.ide.mpu.remote.serial 4 0 2026-04-03 17:34:54.066
!MESSAGE Failed to parse wmic output
!STACK 0
org.xml.sax.SAXParseException; lineNumber: 1; columnNumber: 1; Premature end of file.
	at java.xml/com.sun.org.apache.xerces.internal.parsers.DOMParser.parse(DOMParser.java:262)
	at java.xml/com.sun.org.apache.xerces.internal.jaxp.DocumentBuilderImpl.parse(DocumentBuilderImpl.java:342)
	at com.st.stm32cube.ide.mpu.remote.serial.internal.SerialPortProviderWindows.run(SerialPortProviderWindows.java:127)
	at java.base/java.util.TimerThread.mainLoop(Timer.java:566)
	at java.base/java.util.TimerThread.run(Timer.java:516)

!ENTRY com.st.stm32cube.ide.mpu.remote.serial 4 0 2026-04-03 17:34:55.068
!MESSAGE Failed to parse wmic output
!STACK 0
org.xml.sax.SAXParseException; lineNumber: 1; columnNumber: 1; Premature end of file.
	at java.xml/com.sun.org.apache.xerces.internal.parsers.DOMParser.parse(DOMParser.java:262)
	at java.xml/com.sun.org.apache.xerces.internal.jaxp.DocumentBuilderImpl.parse(DocumentBuilderImpl.java:342)
	at com.st.stm32cube.ide.mpu.remote.serial.internal.SerialPortProviderWindows.run(SerialPortProviderWindows.java:127)
	at java.base/java.util.TimerThread.mainLoop(Timer.java:566)
	at java.base/java.util.TimerThread.run(Timer.java:516)

!ENTRY com.st.stm32cube.ide.mpu.remote.serial 4 0 2026-04-03 17:34:56.063
!MESSAGE Failed to parse wmic output
!STACK 0
org.xml.sax.SAXParseException; lineNumber: 1; columnNumber: 1; Premature end of file.
	at java.xml/com.sun.org.apache.xerces.internal.parsers.DOMParser.parse(DOMParser.java:262)
	at java.xml/com.sun.org.apache.xerces.internal.jaxp.DocumentBuilderImpl.parse(DocumentBuilderImpl.java:342)
	at com.st.stm32cube.ide.mpu.remote.serial.internal.SerialPortProviderWindows.run(SerialPortProviderWindows.java:127)
	at java.base/java.util.TimerThread.mainLoop(Timer.java:566)
	at java.base/java.util.TimerThread.run(Timer.java:516)

!ENTRY com.st.stm32cube.ide.mpu.remote.serial 4 0 2026-04-03 17:34:57.066
!MESSAGE Failed to parse wmic output
!STACK 0
org.xml.sax.SAXParseException; lineNumber: 1; columnNumber: 1; Premature end of file.
	at java.xml/com.sun.org.apache.xerces.internal.parsers.DOMParser.parse(DOMParser.java:262)
	at java.xml/com.sun.org.apache.xerces.internal.jaxp.DocumentBuilderImpl.parse(DocumentBuilderImpl.java:342)
	at com.st.stm32cube.ide.mpu.remote.serial.internal.SerialPortProviderWindows.run(SerialPortProviderWindows.java:127)
	at java.base/java.util.TimerThread.mainLoop(Timer.java:566)
	at java.base/java.util.TimerThread.run(Timer.java:516)

!ENTRY com.st.stm32cube.ide.mpu.remote.serial 4 0 2026-04-03 17:34:58.056
!MESSAGE Failed to parse wmic output
!STACK 0
org.xml.sax.SAXParseException; lineNumber: 1; columnNumber: 1; Premature end of file.
	at java.xml/com.sun.org.apache.xerces.internal.parsers.DOMParser.parse(DOMParser.java:262)
	at java.xml/com.sun.org.apache.xerces.internal.jaxp.DocumentBuilderImpl.parse(DocumentBuilderImpl.java:342)
	at com.st.stm32cube.ide.mpu.remote.serial.internal.SerialPortProviderWindows.run(SerialPortProviderWindows.java:127)
	at java.base/java.util.TimerThread.mainLoop(Timer.java:566)
	at java.base/java.util.TimerThread.run(Timer.java:516)

!ENTRY com.st.stm32cube.ide.mpu.remote.serial 4 0 2026-04-03 17:34:59.063
!MESSAGE Failed to parse wmic output
!STACK 0
org.xml.sax.SAXParseException; lineNumber: 1; columnNumber: 1; Premature end of file.
	at java.xml/com.sun.org.apache.xerces.internal.parsers.DOMParser.parse(DOMParser.java:262)
	at java.xml/com.sun.org.apache.xerces.internal.jaxp.DocumentBuilderImpl.parse(DocumentBuilderImpl.java:342)
	at com.st.stm32cube.ide.mpu.remote.serial.internal.SerialPortProviderWindows.run(SerialPortProviderWindows.java:127)
	at java.base/java.util.TimerThread.mainLoop(Timer.java:566)
	at java.base/java.util.TimerThread.run(Timer.java:516)

!ENTRY com.st.stm32cube.ide.mpu.remote.serial 4 0 2026-04-03 17:35:00.063
!MESSAGE Failed to parse wmic output
!STACK 0
org.xml.sax.SAXParseException; lineNumber: 1; columnNumber: 1; Premature end of file.
	at java.xml/com.sun.org.apache.xerces.internal.parsers.DOMParser.parse(DOMParser.java:262)
	at java.xml/com.sun.org.apache.xerces.internal.jaxp.DocumentBuilderImpl.parse(DocumentBuilderImpl.java:342)
	at com.st.stm32cube.ide.mpu.remote.serial.internal.SerialPortProviderWindows.run(SerialPortProviderWindows.java:127)
	at java.base/java.util.TimerThread.mainLoop(Timer.java:566)
	at java.base/java.util.TimerThread.run(Timer.java:516)

!ENTRY com.st.stm32cube.ide.mpu.remote.serial 4 0 2026-04-03 17:35:01.070
!MESSAGE Failed to parse wmic output
!STACK 0
org.xml.sax.SAXParseException; lineNumber: 1; columnNumber: 1; Premature end of file.
	at java.xml/com.sun.org.apache.xerces.internal.parsers.DOMParser.parse(DOMParser.java:262)
	at java.xml/com.sun.org.apache.xerces.internal.jaxp.DocumentBuilderImpl.parse(DocumentBuilderImpl.java:342)
	at com.st.stm32cube.ide.mpu.remote.serial.internal.SerialPortProviderWindows.run(SerialPortProviderWindows.java:127)
	at java.base/java.util.TimerThread.mainLoop(Timer.java:566)
	at java.base/java.util.TimerThread.run(Timer.java:516)

!ENTRY com.st.stm32cube.ide.mpu.remote.serial 4 0 2026-04-03 17:35:02.092
!MESSAGE Failed to parse wmic output
!STACK 0
org.xml.sax.SAXParseException; lineNumber: 1; columnNumber: 1; Premature end of file.
	at java.xml/com.sun.org.apache.xerces.internal.parsers.DOMParser.parse(DOMParser.java:262)
	at java.xml/com.sun.org.apache.xerces.internal.jaxp.DocumentBuilderImpl.parse(DocumentBuilderImpl.java:342)
	at com.st.stm32cube.ide.mpu.remote.serial.internal.SerialPortProviderWindows.run(SerialPortProviderWindows.java:127)
	at java.base/java.util.TimerThread.mainLoop(Timer.java:566)
	at java.base/java.util.TimerThread.run(Timer.java:516)

!ENTRY com.st.stm32cube.ide.mpu.remote.serial 4 0 2026-04-03 17:35:03.082
!MESSAGE Failed to parse wmic output
!STACK 0
org.xml.sax.SAXParseException; lineNumber: 1; columnNumber: 1; Premature end of file.
	at java.xml/com.sun.org.apache.xerces.internal.parsers.DOMParser.parse(DOMParser.java:262)
	at java.xml/com.sun.org.apache.xerces.internal.jaxp.DocumentBuilderImpl.parse(DocumentBuilderImpl.java:342)
	at com.st.stm32cube.ide.mpu.remote.serial.internal.SerialPortProviderWindows.run(SerialPortProviderWindows.java:127)
	at java.base/java.util.TimerThread.mainLoop(Timer.java:566)
	at java.base/java.util.TimerThread.run(Timer.java:516)

!ENTRY com.st.stm32cube.ide.mpu.remote.serial 4 0 2026-04-03 17:35:04.092
!MESSAGE Failed to parse wmic output
!STACK 0
org.xml.sax.SAXParseException; lineNumber: 1; columnNumber: 1; Premature end of file.
	at java.xml/com.sun.org.apache.xerces.internal.parsers.DOMParser.parse(DOMParser.java:262)
	at java.xml/com.sun.org.apache.xerces.internal.jaxp.DocumentBuilderImpl.parse(DocumentBuilderImpl.java:342)
	at com.st.stm32cube.ide.mpu.remote.serial.internal.SerialPortProviderWindows.run(SerialPortProviderWindows.java:127)
	at java.base/java.util.TimerThread.mainLoop(Timer.java:566)
	at java.base/java.util.TimerThread.run(Timer.java:516)

!ENTRY com.st.stm32cube.ide.mpu.remote.serial 4 0 2026-04-03 17:35:05.088
!MESSAGE Failed to parse wmic output
!STACK 0
org.xml.sax.SAXParseException; lineNumber: 1; columnNumber: 1; Premature end of file.
	at java.xml/com.sun.org.apache.xerces.internal.parsers.DOMParser.parse(DOMParser.java:262)
	at java.xml/com.sun.org.apache.xerces.internal.jaxp.DocumentBuilderImpl.parse(DocumentBuilderImpl.java:342)
	at com.st.stm32cube.ide.mpu.remote.serial.internal.SerialPortProviderWindows.run(SerialPortProviderWindows.java:127)
	at java.base/java.util.TimerThread.mainLoop(Timer.java:566)
	at java.base/java.util.TimerThread.run(Timer.java:516)

!ENTRY com.st.stm32cube.ide.mpu.remote.serial 4 0 2026-04-03 17:35:06.103
!MESSAGE Failed to parse wmic output
!STACK 0
org.xml.sax.SAXParseException; lineNumber: 1; columnNumber: 1; Premature end of file.
	at java.xml/com.sun.org.apache.xerces.internal.parsers.DOMParser.parse(DOMParser.java:262)
	at java.xml/com.sun.org.apache.xerces.internal.jaxp.DocumentBuilderImpl.parse(DocumentBuilderImpl.java:342)
	at com.st.stm32cube.ide.mpu.remote.serial.internal.SerialPortProviderWindows.run(SerialPortProviderWindows.java:127)
	at java.base/java.util.TimerThread.mainLoop(Timer.java:566)
	at java.base/java.util.TimerThread.run(Timer.java:516)

!ENTRY com.st.stm32cube.ide.mpu.remote.serial 4 0 2026-04-03 17:35:07.071
!MESSAGE Failed to parse wmic output
!STACK 0
org.xml.sax.SAXParseException; lineNumber: 1; columnNumber: 1; Premature end of file.
	at java.xml/com.sun.org.apache.xerces.internal.parsers.DOMParser.parse(DOMParser.java:262)
	at java.xml/com.sun.org.apache.xerces.internal.jaxp.DocumentBuilderImpl.parse(DocumentBuilderImpl.java:342)
	at com.st.stm32cube.ide.mpu.remote.serial.internal.SerialPortProviderWindows.run(SerialPortProviderWindows.java:127)
	at java.base/java.util.TimerThread.mainLoop(Timer.java:566)
	at java.base/java.util.TimerThread.run(Timer.java:516)

!ENTRY com.st.stm32cube.ide.mpu.remote.serial 4 0 2026-04-03 17:35:08.071
!MESSAGE Failed to parse wmic output
!STACK 0
org.xml.sax.SAXParseException; lineNumber: 1; columnNumber: 1; Premature end of file.
	at java.xml/com.sun.org.apache.xerces.internal.parsers.DOMParser.parse(DOMParser.java:262)
	at java.xml/com.sun.org.apache.xerces.internal.jaxp.DocumentBuilderImpl.parse(DocumentBuilderImpl.java:342)
	at com.st.stm32cube.ide.mpu.remote.serial.internal.SerialPortProviderWindows.run(SerialPortProviderWindows.java:127)
	at java.base/java.util.TimerThread.mainLoop(Timer.java:566)
	at java.base/java.util.TimerThread.run(Timer.java:516)

!ENTRY com.st.stm32cube.ide.mpu.remote.serial 4 0 2026-04-03 17:35:09.064
!MESSAGE Failed to parse wmic output
!STACK 0
org.xml.sax.SAXParseException; lineNumber: 1; columnNumber: 1; Premature end of file.
	at java.xml/com.sun.org.apache.xerces.internal.parsers.DOMParser.parse(DOMParser.java:262)
	at java.xml/com.sun.org.apache.xerces.internal.jaxp.DocumentBuilderImpl.parse(DocumentBuilderImpl.java:342)
	at com.st.stm32cube.ide.mpu.remote.serial.internal.SerialPortProviderWindows.run(SerialPortProviderWindows.java:127)
	at java.base/java.util.TimerThread.mainLoop(Timer.java:566)
	at java.base/java.util.TimerThread.run(Timer.java:516)

!ENTRY com.st.stm32cube.ide.mpu.remote.serial 4 0 2026-04-03 17:35:10.080
!MESSAGE Failed to parse wmic output
!STACK 0
org.xml.sax.SAXParseException; lineNumber: 1; columnNumber: 1; Premature end of file.
	at java.xml/com.sun.org.apache.xerces.internal.parsers.DOMParser.parse(DOMParser.java:262)
	at java.xml/com.sun.org.apache.xerces.internal.jaxp.DocumentBuilderImpl.parse(DocumentBuilderImpl.java:342)
	at com.st.stm32cube.ide.mpu.remote.serial.internal.SerialPortProviderWindows.run(SerialPortProviderWindows.java:127)
	at java.base/java.util.TimerThread.mainLoop(Timer.java:566)
	at java.base/java.util.TimerThread.run(Timer.java:516)

!ENTRY com.st.stm32cube.ide.mpu.remote.serial 4 0 2026-04-03 17:35:11.079
!MESSAGE Failed to parse wmic output
!STACK 0
org.xml.sax.SAXParseException; lineNumber: 1; columnNumber: 1; Premature end of file.
	at java.xml/com.sun.org.apache.xerces.internal.parsers.DOMParser.parse(DOMParser.java:262)
	at java.xml/com.sun.org.apache.xerces.internal.jaxp.DocumentBuilderImpl.parse(DocumentBuilderImpl.java:342)
	at com.st.stm32cube.ide.mpu.remote.serial.internal.SerialPortProviderWindows.run(SerialPortProviderWindows.java:127)
	at java.base/java.util.TimerThread.mainLoop(Timer.java:566)
	at java.base/java.util.TimerThread.run(Timer.java:516)

!ENTRY com.st.stm32cube.ide.mpu.remote.serial 4 0 2026-04-03 17:35:12.068
!MESSAGE Failed to parse wmic output
!STACK 0
org.xml.sax.SAXParseException; lineNumber: 1; columnNumber: 1; Premature end of file.
	at java.xml/com.sun.org.apache.xerces.internal.parsers.DOMParser.parse(DOMParser.java:262)
	at java.xml/com.sun.org.apache.xerces.internal.jaxp.DocumentBuilderImpl.parse(DocumentBuilderImpl.java:342)
	at com.st.stm32cube.ide.mpu.remote.serial.internal.SerialPortProviderWindows.run(SerialPortProviderWindows.java:127)
	at java.base/java.util.TimerThread.mainLoop(Timer.java:566)
	at java.base/java.util.TimerThread.run(Timer.java:516)

!ENTRY com.st.stm32cube.ide.mpu.remote.serial 4 0 2026-04-03 17:35:13.077
!MESSAGE Failed to parse wmic output
!STACK 0
org.xml.sax.SAXParseException; lineNumber: 1; columnNumber: 1; Premature end of file.
	at java.xml/com.sun.org.apache.xerces.internal.parsers.DOMParser.parse(DOMParser.java:262)
	at java.xml/com.sun.org.apache.xerces.internal.jaxp.DocumentBuilderImpl.parse(DocumentBuilderImpl.java:342)
	at com.st.stm32cube.ide.mpu.remote.serial.internal.SerialPortProviderWindows.run(SerialPortProviderWindows.java:127)
	at java.base/java.util.TimerThread.mainLoop(Timer.java:566)
	at java.base/java.util.TimerThread.run(Timer.java:516)

!ENTRY com.st.stm32cube.ide.mpu.remote.serial 4 0 2026-04-03 17:35:14.081
!MESSAGE Failed to parse wmic output
!STACK 0
org.xml.sax.SAXParseException; lineNumber: 1; columnNumber: 1; Premature end of file.
	at java.xml/com.sun.org.apache.xerces.internal.parsers.DOMParser.parse(DOMParser.java:262)
	at java.xml/com.sun.org.apache.xerces.internal.jaxp.DocumentBuilderImpl.parse(DocumentBuilderImpl.java:342)
	at com.st.stm32cube.ide.mpu.remote.serial.internal.SerialPortProviderWindows.run(SerialPortProviderWindows.java:127)
	at java.base/java.util.TimerThread.mainLoop(Timer.java:566)
	at java.base/java.util.TimerThread.run(Timer.java:516)

!ENTRY com.st.stm32cube.ide.mpu.remote.serial 4 0 2026-04-03 17:35:15.079
!MESSAGE Failed to parse wmic output
!STACK 0
org.xml.sax.SAXParseException; lineNumber: 1; columnNumber: 1; Premature end of file.
	at java.xml/com.sun.org.apache.xerces.internal.parsers.DOMParser.parse(DOMParser.java:262)
	at java.xml/com.sun.org.apache.xerces.internal.jaxp.DocumentBuilderImpl.parse(DocumentBuilderImpl.java:342)
	at com.st.stm32cube.ide.mpu.remote.serial.internal.SerialPortProviderWindows.run(SerialPortProviderWindows.java:127)
	at java.base/java.util.TimerThread.mainLoop(Timer.java:566)
	at java.base/java.util.TimerThread.run(Timer.java:516)

!ENTRY com.st.stm32cube.ide.mpu.remote.serial 4 0 2026-04-03 17:35:16.079
!MESSAGE Failed to parse wmic output
!STACK 0
org.xml.sax.SAXParseException; lineNumber: 1; columnNumber: 1; Premature end of file.
	at java.xml/com.sun.org.apache.xerces.internal.parsers.DOMParser.parse(DOMParser.java:262)
	at java.xml/com.sun.org.apache.xerces.internal.jaxp.DocumentBuilderImpl.parse(DocumentBuilderImpl.java:342)
	at com.st.stm32cube.ide.mpu.remote.serial.internal.SerialPortProviderWindows.run(SerialPortProviderWindows.java:127)
	at java.base/java.util.TimerThread.mainLoop(Timer.java:566)
	at java.base/java.util.TimerThread.run(Timer.java:516)

!ENTRY com.st.stm32cube.ide.mpu.remote.serial 4 0 2026-04-03 17:35:17.070
!MESSAGE Failed to parse wmic output
!STACK 0
org.xml.sax.SAXParseException; lineNumber: 1; columnNumber: 1; Premature end of file.
	at java.xml/com.sun.org.apache.xerces.internal.parsers.DOMParser.parse(DOMParser.java:262)
	at java.xml/com.sun.org.apache.xerces.internal.jaxp.DocumentBuilderImpl.parse(DocumentBuilderImpl.java:342)
	at com.st.stm32cube.ide.mpu.remote.serial.internal.SerialPortProviderWindows.run(SerialPortProviderWindows.java:127)
	at java.base/java.util.TimerThread.mainLoop(Timer.java:566)
	at java.base/java.util.TimerThread.run(Timer.java:516)

!ENTRY com.st.stm32cube.ide.mpu.remote.serial 4 0 2026-04-03 17:35:18.086
!MESSAGE Failed to parse wmic output
!STACK 0
org.xml.sax.SAXParseException; lineNumber: 1; columnNumber: 1; Premature end of file.
	at java.xml/com.sun.org.apache.xerces.internal.parsers.DOMParser.parse(DOMParser.java:262)
	at java.xml/com.sun.org.apache.xerces.internal.jaxp.DocumentBuilderImpl.parse(DocumentBuilderImpl.java:342)
	at com.st.stm32cube.ide.mpu.remote.serial.internal.SerialPortProviderWindows.run(SerialPortProviderWindows.java:127)
	at java.base/java.util.TimerThread.mainLoop(Timer.java:566)
	at java.base/java.util.TimerThread.run(Timer.java:516)

!ENTRY com.st.stm32cube.ide.mpu.remote.serial 4 0 2026-04-03 17:35:19.071
!MESSAGE Failed to parse wmic output
!STACK 0
org.xml.sax.SAXParseException; lineNumber: 1; columnNumber: 1; Premature end of file.
	at java.xml/com.sun.org.apache.xerces.internal.parsers.DOMParser.parse(DOMParser.java:262)
	at java.xml/com.sun.org.apache.xerces.internal.jaxp.DocumentBuilderImpl.parse(DocumentBuilderImpl.java:342)
	at com.st.stm32cube.ide.mpu.remote.serial.internal.SerialPortProviderWindows.run(SerialPortProviderWindows.java:127)
	at java.base/java.util.TimerThread.mainLoop(Timer.java:566)
	at java.base/java.util.TimerThread.run(Timer.java:516)

!ENTRY com.st.stm32cube.ide.mpu.remote.serial 4 0 2026-04-03 17:35:20.067
!MESSAGE Failed to parse wmic output
!STACK 0
org.xml.sax.SAXParseException; lineNumber: 1; columnNumber: 1; Premature end of file.
	at java.xml/com.sun.org.apache.xerces.internal.parsers.DOMParser.parse(DOMParser.java:262)
	at java.xml/com.sun.org.apache.xerces.internal.jaxp.DocumentBuilderImpl.parse(DocumentBuilderImpl.java:342)
	at com.st.stm32cube.ide.mpu.remote.serial.internal.SerialPortProviderWindows.run(SerialPortProviderWindows.java:127)
	at java.base/java.util.TimerThread.mainLoop(Timer.java:566)
	at java.base/java.util.TimerThread.run(Timer.java:516)

!ENTRY com.st.stm32cube.ide.mpu.remote.serial 4 0 2026-04-03 17:35:21.058
!MESSAGE Failed to parse wmic output
!STACK 0
org.xml.sax.SAXParseException; lineNumber: 1; columnNumber: 1; Premature end of file.
	at java.xml/com.sun.org.apache.xerces.internal.parsers.DOMParser.parse(DOMParser.java:262)
	at java.xml/com.sun.org.apache.xerces.internal.jaxp.DocumentBuilderImpl.parse(DocumentBuilderImpl.java:342)
	at com.st.stm32cube.ide.mpu.remote.serial.internal.SerialPortProviderWindows.run(SerialPortProviderWindows.java:127)
	at java.base/java.util.TimerThread.mainLoop(Timer.java:566)
	at java.base/java.util.TimerThread.run(Timer.java:516)

!ENTRY com.st.stm32cube.ide.mpu.remote.serial 4 0 2026-04-03 17:35:22.074
!MESSAGE Failed to parse wmic output
!STACK 0
org.xml.sax.SAXParseException; lineNumber: 1; columnNumber: 1; Premature end of file.
	at java.xml/com.sun.org.apache.xerces.internal.parsers.DOMParser.parse(DOMParser.java:262)
	at java.xml/com.sun.org.apache.xerces.internal.jaxp.DocumentBuilderImpl.parse(DocumentBuilderImpl.java:342)
	at com.st.stm32cube.ide.mpu.remote.serial.internal.SerialPortProviderWindows.run(SerialPortProviderWindows.java:127)
	at java.base/java.util.TimerThread.mainLoop(Timer.java:566)
	at java.base/java.util.TimerThread.run(Timer.java:516)

!ENTRY com.st.stm32cube.ide.mpu.remote.serial 4 0 2026-04-03 17:35:23.072
!MESSAGE Failed to parse wmic output
!STACK 0
org.xml.sax.SAXParseException; lineNumber: 1; columnNumber: 1; Premature end of file.
	at java.xml/com.sun.org.apache.xerces.internal.parsers.DOMParser.parse(DOMParser.java:262)
	at java.xml/com.sun.org.apache.xerces.internal.jaxp.DocumentBuilderImpl.parse(DocumentBuilderImpl.java:342)
	at com.st.stm32cube.ide.mpu.remote.serial.internal.SerialPortProviderWindows.run(SerialPortProviderWindows.java:127)
	at java.base/java.util.TimerThread.mainLoop(Timer.java:566)
	at java.base/java.util.TimerThread.run(Timer.java:516)

!ENTRY com.st.stm32cube.ide.mpu.remote.serial 4 0 2026-04-03 17:35:24.061
!MESSAGE Failed to parse wmic output
!STACK 0
org.xml.sax.SAXParseException; lineNumber: 1; columnNumber: 1; Premature end of file.
	at java.xml/com.sun.org.apache.xerces.internal.parsers.DOMParser.parse(DOMParser.java:262)
	at java.xml/com.sun.org.apache.xerces.internal.jaxp.DocumentBuilderImpl.parse(DocumentBuilderImpl.java:342)
	at com.st.stm32cube.ide.mpu.remote.serial.internal.SerialPortProviderWindows.run(SerialPortProviderWindows.java:127)
	at java.base/java.util.TimerThread.mainLoop(Timer.java:566)
	at java.base/java.util.TimerThread.run(Timer.java:516)

!ENTRY com.st.stm32cube.ide.mpu.remote.serial 4 0 2026-04-03 17:35:25.074
!MESSAGE Failed to parse wmic output
!STACK 0
org.xml.sax.SAXParseException; lineNumber: 1; columnNumber: 1; Premature end of file.
	at java.xml/com.sun.org.apache.xerces.internal.parsers.DOMParser.parse(DOMParser.java:262)
	at java.xml/com.sun.org.apache.xerces.internal.jaxp.DocumentBuilderImpl.parse(DocumentBuilderImpl.java:342)
	at com.st.stm32cube.ide.mpu.remote.serial.internal.SerialPortProviderWindows.run(SerialPortProviderWindows.java:127)
	at java.base/java.util.TimerThread.mainLoop(Timer.java:566)
	at java.base/java.util.TimerThread.run(Timer.java:516)

!ENTRY com.st.stm32cube.ide.mpu.remote.serial 4 0 2026-04-03 17:35:26.066
!MESSAGE Failed to parse wmic output
!STACK 0
org.xml.sax.SAXParseException; lineNumber: 1; columnNumber: 1; Premature end of file.
	at java.xml/com.sun.org.apache.xerces.internal.parsers.DOMParser.parse(DOMParser.java:262)
	at java.xml/com.sun.org.apache.xerces.internal.jaxp.DocumentBuilderImpl.parse(DocumentBuilderImpl.java:342)
	at com.st.stm32cube.ide.mpu.remote.serial.internal.SerialPortProviderWindows.run(SerialPortProviderWindows.java:127)
	at java.base/java.util.TimerThread.mainLoop(Timer.java:566)
	at java.base/java.util.TimerThread.run(Timer.java:516)

!ENTRY com.st.stm32cube.ide.mpu.remote.serial 4 0 2026-04-03 17:35:27.080
!MESSAGE Failed to parse wmic output
!STACK 0
org.xml.sax.SAXParseException; lineNumber: 1; columnNumber: 1; Premature end of file.
	at java.xml/com.sun.org.apache.xerces.internal.parsers.DOMParser.parse(DOMParser.java:262)
	at java.xml/com.sun.org.apache.xerces.internal.jaxp.DocumentBuilderImpl.parse(DocumentBuilderImpl.java:342)
	at com.st.stm32cube.ide.mpu.remote.serial.internal.SerialPortProviderWindows.run(SerialPortProviderWindows.java:127)
	at java.base/java.util.TimerThread.mainLoop(Timer.java:566)
	at java.base/java.util.TimerThread.run(Timer.java:516)

!ENTRY com.st.stm32cube.ide.mpu.remote.serial 4 0 2026-04-03 17:35:28.073
!MESSAGE Failed to parse wmic output
!STACK 0
org.xml.sax.SAXParseException; lineNumber: 1; columnNumber: 1; Premature end of file.
	at java.xml/com.sun.org.apache.xerces.internal.parsers.DOMParser.parse(DOMParser.java:262)
	at java.xml/com.sun.org.apache.xerces.internal.jaxp.DocumentBuilderImpl.parse(DocumentBuilderImpl.java:342)
	at com.st.stm32cube.ide.mpu.remote.serial.internal.SerialPortProviderWindows.run(SerialPortProviderWindows.java:127)
	at java.base/java.util.TimerThread.mainLoop(Timer.java:566)
	at java.base/java.util.TimerThread.run(Timer.java:516)

!ENTRY com.st.stm32cube.ide.mpu.remote.serial 4 0 2026-04-03 17:35:29.058
!MESSAGE Failed to parse wmic output
!STACK 0
org.xml.sax.SAXParseException; lineNumber: 1; columnNumber: 1; Premature end of file.
	at java.xml/com.sun.org.apache.xerces.internal.parsers.DOMParser.parse(DOMParser.java:262)
	at java.xml/com.sun.org.apache.xerces.internal.jaxp.DocumentBuilderImpl.parse(DocumentBuilderImpl.java:342)
	at com.st.stm32cube.ide.mpu.remote.serial.internal.SerialPortProviderWindows.run(SerialPortProviderWindows.java:127)
	at java.base/java.util.TimerThread.mainLoop(Timer.java:566)
	at java.base/java.util.TimerThread.run(Timer.java:516)

!ENTRY com.st.stm32cube.ide.mpu.remote.serial 4 0 2026-04-03 17:35:30.074
!MESSAGE Failed to parse wmic output
!STACK 0
org.xml.sax.SAXParseException; lineNumber: 1; columnNumber: 1; Premature end of file.
	at java.xml/com.sun.org.apache.xerces.internal.parsers.DOMParser.parse(DOMParser.java:262)
	at java.xml/com.sun.org.apache.xerces.internal.jaxp.DocumentBuilderImpl.parse(DocumentBuilderImpl.java:342)
	at com.st.stm32cube.ide.mpu.remote.serial.internal.SerialPortProviderWindows.run(SerialPortProviderWindows.java:127)
	at java.base/java.util.TimerThread.mainLoop(Timer.java:566)
	at java.base/java.util.TimerThread.run(Timer.java:516)

!ENTRY com.st.stm32cube.ide.mpu.remote.serial 4 0 2026-04-03 17:35:31.080
!MESSAGE Failed to parse wmic output
!STACK 0
org.xml.sax.SAXParseException; lineNumber: 1; columnNumber: 1; Premature end of file.
	at java.xml/com.sun.org.apache.xerces.internal.parsers.DOMParser.parse(DOMParser.java:262)
	at java.xml/com.sun.org.apache.xerces.internal.jaxp.DocumentBuilderImpl.parse(DocumentBuilderImpl.java:342)
	at com.st.stm32cube.ide.mpu.remote.serial.internal.SerialPortProviderWindows.run(SerialPortProviderWindows.java:127)
	at java.base/java.util.TimerThread.mainLoop(Timer.java:566)
	at java.base/java.util.TimerThread.run(Timer.java:516)

!ENTRY com.st.stm32cube.ide.mpu.remote.serial 4 0 2026-04-03 17:35:32.077
!MESSAGE Failed to parse wmic output
!STACK 0
org.xml.sax.SAXParseException; lineNumber: 1; columnNumber: 1; Premature end of file.
	at java.xml/com.sun.org.apache.xerces.internal.parsers.DOMParser.parse(DOMParser.java:262)
	at java.xml/com.sun.org.apache.xerces.internal.jaxp.DocumentBuilderImpl.parse(DocumentBuilderImpl.java:342)
	at com.st.stm32cube.ide.mpu.remote.serial.internal.SerialPortProviderWindows.run(SerialPortProviderWindows.java:127)
	at java.base/java.util.TimerThread.mainLoop(Timer.java:566)
	at java.base/java.util.TimerThread.run(Timer.java:516)

!ENTRY com.st.stm32cube.ide.mpu.remote.serial 4 0 2026-04-03 17:35:33.080
!MESSAGE Failed to parse wmic output
!STACK 0
org.xml.sax.SAXParseException; lineNumber: 1; columnNumber: 1; Premature end of file.
	at java.xml/com.sun.org.apache.xerces.internal.parsers.DOMParser.parse(DOMParser.java:262)
	at java.xml/com.sun.org.apache.xerces.internal.jaxp.DocumentBuilderImpl.parse(DocumentBuilderImpl.java:342)
	at com.st.stm32cube.ide.mpu.remote.serial.internal.SerialPortProviderWindows.run(SerialPortProviderWindows.java:127)
	at java.base/java.util.TimerThread.mainLoop(Timer.java:566)
	at java.base/java.util.TimerThread.run(Timer.java:516)

!ENTRY com.st.stm32cube.ide.mpu.remote.serial 4 0 2026-04-03 17:35:34.068
!MESSAGE Failed to parse wmic output
!STACK 0
org.xml.sax.SAXParseException; lineNumber: 1; columnNumber: 1; Premature end of file.
	at java.xml/com.sun.org.apache.xerces.internal.parsers.DOMParser.parse(DOMParser.java:262)
	at java.xml/com.sun.org.apache.xerces.internal.jaxp.DocumentBuilderImpl.parse(DocumentBuilderImpl.java:342)
	at com.st.stm32cube.ide.mpu.remote.serial.internal.SerialPortProviderWindows.run(SerialPortProviderWindows.java:127)
	at java.base/java.util.TimerThread.mainLoop(Timer.java:566)
	at java.base/java.util.TimerThread.run(Timer.java:516)

!ENTRY com.st.stm32cube.ide.mpu.remote.serial 4 0 2026-04-03 17:35:35.068
!MESSAGE Failed to parse wmic output
!STACK 0
org.xml.sax.SAXParseException; lineNumber: 1; columnNumber: 1; Premature end of file.
	at java.xml/com.sun.org.apache.xerces.internal.parsers.DOMParser.parse(DOMParser.java:262)
	at java.xml/com.sun.org.apache.xerces.internal.jaxp.DocumentBuilderImpl.parse(DocumentBuilderImpl.java:342)
	at com.st.stm32cube.ide.mpu.remote.serial.internal.SerialPortProviderWindows.run(SerialPortProviderWindows.java:127)
	at java.base/java.util.TimerThread.mainLoop(Timer.java:566)
	at java.base/java.util.TimerThread.run(Timer.java:516)

!ENTRY com.st.stm32cube.ide.mpu.remote.serial 4 0 2026-04-03 17:35:36.076
!MESSAGE Failed to parse wmic output
!STACK 0
org.xml.sax.SAXParseException; lineNumber: 1; columnNumber: 1; Premature end of file.
	at java.xml/com.sun.org.apache.xerces.internal.parsers.DOMParser.parse(DOMParser.java:262)
	at java.xml/com.sun.org.apache.xerces.internal.jaxp.DocumentBuilderImpl.parse(DocumentBuilderImpl.java:342)
	at com.st.stm32cube.ide.mpu.remote.serial.internal.SerialPortProviderWindows.run(SerialPortProviderWindows.java:127)
	at java.base/java.util.TimerThread.mainLoop(Timer.java:566)
	at java.base/java.util.TimerThread.run(Timer.java:516)

!ENTRY com.st.stm32cube.ide.mpu.remote.serial 4 0 2026-04-03 17:35:37.067
!MESSAGE Failed to parse wmic output
!STACK 0
org.xml.sax.SAXParseException; lineNumber: 1; columnNumber: 1; Premature end of file.
	at java.xml/com.sun.org.apache.xerces.internal.parsers.DOMParser.parse(DOMParser.java:262)
	at java.xml/com.sun.org.apache.xerces.internal.jaxp.DocumentBuilderImpl.parse(DocumentBuilderImpl.java:342)
	at com.st.stm32cube.ide.mpu.remote.serial.internal.SerialPortProviderWindows.run(SerialPortProviderWindows.java:127)
	at java.base/java.util.TimerThread.mainLoop(Timer.java:566)
	at java.base/java.util.TimerThread.run(Timer.java:516)

!ENTRY com.st.stm32cube.ide.mpu.remote.serial 4 0 2026-04-03 17:35:38.052
!MESSAGE Failed to parse wmic output
!STACK 0
org.xml.sax.SAXParseException; lineNumber: 1; columnNumber: 1; Premature end of file.
	at java.xml/com.sun.org.apache.xerces.internal.parsers.DOMParser.parse(DOMParser.java:262)
	at java.xml/com.sun.org.apache.xerces.internal.jaxp.DocumentBuilderImpl.parse(DocumentBuilderImpl.java:342)
	at com.st.stm32cube.ide.mpu.remote.serial.internal.SerialPortProviderWindows.run(SerialPortProviderWindows.java:127)
	at java.base/java.util.TimerThread.mainLoop(Timer.java:566)
	at java.base/java.util.TimerThread.run(Timer.java:516)

!ENTRY com.st.stm32cube.ide.mpu.remote.serial 4 0 2026-04-03 17:35:39.078
!MESSAGE Failed to parse wmic output
!STACK 0
org.xml.sax.SAXParseException; lineNumber: 1; columnNumber: 1; Premature end of file.
	at java.xml/com.sun.org.apache.xerces.internal.parsers.DOMParser.parse(DOMParser.java:262)
	at java.xml/com.sun.org.apache.xerces.internal.jaxp.DocumentBuilderImpl.parse(DocumentBuilderImpl.java:342)
	at com.st.stm32cube.ide.mpu.remote.serial.internal.SerialPortProviderWindows.run(SerialPortProviderWindows.java:127)
	at java.base/java.util.TimerThread.mainLoop(Timer.java:566)
	at java.base/java.util.TimerThread.run(Timer.java:516)

!ENTRY com.st.stm32cube.ide.mpu.remote.serial 4 0 2026-04-03 17:35:40.071
!MESSAGE Failed to parse wmic output
!STACK 0
org.xml.sax.SAXParseException; lineNumber: 1; columnNumber: 1; Premature end of file.
	at java.xml/com.sun.org.apache.xerces.internal.parsers.DOMParser.parse(DOMParser.java:262)
	at java.xml/com.sun.org.apache.xerces.internal.jaxp.DocumentBuilderImpl.parse(DocumentBuilderImpl.java:342)
	at com.st.stm32cube.ide.mpu.remote.serial.internal.SerialPortProviderWindows.run(SerialPortProviderWindows.java:127)
	at java.base/java.util.TimerThread.mainLoop(Timer.java:566)
	at java.base/java.util.TimerThread.run(Timer.java:516)

!ENTRY com.st.stm32cube.ide.mpu.remote.serial 4 0 2026-04-03 17:35:41.074
!MESSAGE Failed to parse wmic output
!STACK 0
org.xml.sax.SAXParseException; lineNumber: 1; columnNumber: 1; Premature end of file.
	at java.xml/com.sun.org.apache.xerces.internal.parsers.DOMParser.parse(DOMParser.java:262)
	at java.xml/com.sun.org.apache.xerces.internal.jaxp.DocumentBuilderImpl.parse(DocumentBuilderImpl.java:342)
	at com.st.stm32cube.ide.mpu.remote.serial.internal.SerialPortProviderWindows.run(SerialPortProviderWindows.java:127)
	at java.base/java.util.TimerThread.mainLoop(Timer.java:566)
	at java.base/java.util.TimerThread.run(Timer.java:516)

!ENTRY com.st.stm32cube.ide.mpu.remote.serial 4 0 2026-04-03 17:35:42.080
!MESSAGE Failed to parse wmic output
!STACK 0
org.xml.sax.SAXParseException; lineNumber: 1; columnNumber: 1; Premature end of file.
	at java.xml/com.sun.org.apache.xerces.internal.parsers.DOMParser.parse(DOMParser.java:262)
	at java.xml/com.sun.org.apache.xerces.internal.jaxp.DocumentBuilderImpl.parse(DocumentBuilderImpl.java:342)
	at com.st.stm32cube.ide.mpu.remote.serial.internal.SerialPortProviderWindows.run(SerialPortProviderWindows.java:127)
	at java.base/java.util.TimerThread.mainLoop(Timer.java:566)
	at java.base/java.util.TimerThread.run(Timer.java:516)

!ENTRY com.st.stm32cube.ide.mpu.remote.serial 4 0 2026-04-03 17:35:43.068
!MESSAGE Failed to parse wmic output
!STACK 0
org.xml.sax.SAXParseException; lineNumber: 1; columnNumber: 1; Premature end of file.
	at java.xml/com.sun.org.apache.xerces.internal.parsers.DOMParser.parse(DOMParser.java:262)
	at java.xml/com.sun.org.apache.xerces.internal.jaxp.DocumentBuilderImpl.parse(DocumentBuilderImpl.java:342)
	at com.st.stm32cube.ide.mpu.remote.serial.internal.SerialPortProviderWindows.run(SerialPortProviderWindows.java:127)
	at java.base/java.util.TimerThread.mainLoop(Timer.java:566)
	at java.base/java.util.TimerThread.run(Timer.java:516)

!ENTRY com.st.stm32cube.ide.mpu.remote.serial 4 0 2026-04-03 17:35:44.072
!MESSAGE Failed to parse wmic output
!STACK 0
org.xml.sax.SAXParseException; lineNumber: 1; columnNumber: 1; Premature end of file.
	at java.xml/com.sun.org.apache.xerces.internal.parsers.DOMParser.parse(DOMParser.java:262)
	at java.xml/com.sun.org.apache.xerces.internal.jaxp.DocumentBuilderImpl.parse(DocumentBuilderImpl.java:342)
	at com.st.stm32cube.ide.mpu.remote.serial.internal.SerialPortProviderWindows.run(SerialPortProviderWindows.java:127)
	at java.base/java.util.TimerThread.mainLoop(Timer.java:566)
	at java.base/java.util.TimerThread.run(Timer.java:516)

!ENTRY com.st.stm32cube.ide.mpu.remote.serial 4 0 2026-04-03 17:35:45.073
!MESSAGE Failed to parse wmic output
!STACK 0
org.xml.sax.SAXParseException; lineNumber: 1; columnNumber: 1; Premature end of file.
	at java.xml/com.sun.org.apache.xerces.internal.parsers.DOMParser.parse(DOMParser.java:262)
	at java.xml/com.sun.org.apache.xerces.internal.jaxp.DocumentBuilderImpl.parse(DocumentBuilderImpl.java:342)
	at com.st.stm32cube.ide.mpu.remote.serial.internal.SerialPortProviderWindows.run(SerialPortProviderWindows.java:127)
	at java.base/java.util.TimerThread.mainLoop(Timer.java:566)
	at java.base/java.util.TimerThread.run(Timer.java:516)

!ENTRY com.st.stm32cube.ide.mpu.remote.serial 4 0 2026-04-03 17:35:46.064
!MESSAGE Failed to parse wmic output
!STACK 0
org.xml.sax.SAXParseException; lineNumber: 1; columnNumber: 1; Premature end of file.
	at java.xml/com.sun.org.apache.xerces.internal.parsers.DOMParser.parse(DOMParser.java:262)
	at java.xml/com.sun.org.apache.xerces.internal.jaxp.DocumentBuilderImpl.parse(DocumentBuilderImpl.java:342)
	at com.st.stm32cube.ide.mpu.remote.serial.internal.SerialPortProviderWindows.run(SerialPortProviderWindows.java:127)
	at java.base/java.util.TimerThread.mainLoop(Timer.java:566)
	at java.base/java.util.TimerThread.run(Timer.java:516)

!ENTRY com.st.stm32cube.ide.mpu.remote.serial 4 0 2026-04-03 17:35:47.099
!MESSAGE Failed to parse wmic output
!STACK 0
org.xml.sax.SAXParseException; lineNumber: 1; columnNumber: 1; Premature end of file.
	at java.xml/com.sun.org.apache.xerces.internal.parsers.DOMParser.parse(DOMParser.java:262)
	at java.xml/com.sun.org.apache.xerces.internal.jaxp.DocumentBuilderImpl.parse(DocumentBuilderImpl.java:342)
	at com.st.stm32cube.ide.mpu.remote.serial.internal.SerialPortProviderWindows.run(SerialPortProviderWindows.java:127)
	at java.base/java.util.TimerThread.mainLoop(Timer.java:566)
	at java.base/java.util.TimerThread.run(Timer.java:516)

!ENTRY com.st.stm32cube.ide.mpu.remote.serial 4 0 2026-04-03 17:35:48.096
!MESSAGE Failed to parse wmic output
!STACK 0
org.xml.sax.SAXParseException; lineNumber: 1; columnNumber: 1; Premature end of file.
	at java.xml/com.sun.org.apache.xerces.internal.parsers.DOMParser.parse(DOMParser.java:262)
	at java.xml/com.sun.org.apache.xerces.internal.jaxp.DocumentBuilderImpl.parse(DocumentBuilderImpl.java:342)
	at com.st.stm32cube.ide.mpu.remote.serial.internal.SerialPortProviderWindows.run(SerialPortProviderWindows.java:127)
	at java.base/java.util.TimerThread.mainLoop(Timer.java:566)
	at java.base/java.util.TimerThread.run(Timer.java:516)

!ENTRY com.st.stm32cube.ide.mpu.remote.serial 4 0 2026-04-03 17:35:49.060
!MESSAGE Failed to parse wmic output
!STACK 0
org.xml.sax.SAXParseException; lineNumber: 1; columnNumber: 1; Premature end of file.
	at java.xml/com.sun.org.apache.xerces.internal.parsers.DOMParser.parse(DOMParser.java:262)
	at java.xml/com.sun.org.apache.xerces.internal.jaxp.DocumentBuilderImpl.parse(DocumentBuilderImpl.java:342)
	at com.st.stm32cube.ide.mpu.remote.serial.internal.SerialPortProviderWindows.run(SerialPortProviderWindows.java:127)
	at java.base/java.util.TimerThread.mainLoop(Timer.java:566)
	at java.base/java.util.TimerThread.run(Timer.java:516)

!ENTRY com.st.stm32cube.ide.mpu.remote.serial 4 0 2026-04-03 17:35:50.077
!MESSAGE Failed to parse wmic output
!STACK 0
org.xml.sax.SAXParseException; lineNumber: 1; columnNumber: 1; Premature end of file.
	at java.xml/com.sun.org.apache.xerces.internal.parsers.DOMParser.parse(DOMParser.java:262)
	at java.xml/com.sun.org.apache.xerces.internal.jaxp.DocumentBuilderImpl.parse(DocumentBuilderImpl.java:342)
	at com.st.stm32cube.ide.mpu.remote.serial.internal.SerialPortProviderWindows.run(SerialPortProviderWindows.java:127)
	at java.base/java.util.TimerThread.mainLoop(Timer.java:566)
	at java.base/java.util.TimerThread.run(Timer.java:516)

!ENTRY com.st.stm32cube.ide.mpu.remote.serial 4 0 2026-04-03 17:35:51.054
!MESSAGE Failed to parse wmic output
!STACK 0
org.xml.sax.SAXParseException; lineNumber: 1; columnNumber: 1; Premature end of file.
	at java.xml/com.sun.org.apache.xerces.internal.parsers.DOMParser.parse(DOMParser.java:262)
	at java.xml/com.sun.org.apache.xerces.internal.jaxp.DocumentBuilderImpl.parse(DocumentBuilderImpl.java:342)
	at com.st.stm32cube.ide.mpu.remote.serial.internal.SerialPortProviderWindows.run(SerialPortProviderWindows.java:127)
	at java.base/java.util.TimerThread.mainLoop(Timer.java:566)
	at java.base/java.util.TimerThread.run(Timer.java:516)

!ENTRY com.st.stm32cube.ide.mpu.remote.serial 4 0 2026-04-03 17:35:52.070
!MESSAGE Failed to parse wmic output
!STACK 0
org.xml.sax.SAXParseException; lineNumber: 1; columnNumber: 1; Premature end of file.
	at java.xml/com.sun.org.apache.xerces.internal.parsers.DOMParser.parse(DOMParser.java:262)
	at java.xml/com.sun.org.apache.xerces.internal.jaxp.DocumentBuilderImpl.parse(DocumentBuilderImpl.java:342)
	at com.st.stm32cube.ide.mpu.remote.serial.internal.SerialPortProviderWindows.run(SerialPortProviderWindows.java:127)
	at java.base/java.util.TimerThread.mainLoop(Timer.java:566)
	at java.base/java.util.TimerThread.run(Timer.java:516)

!ENTRY com.st.stm32cube.ide.mpu.remote.serial 4 0 2026-04-03 17:35:53.060
!MESSAGE Failed to parse wmic output
!STACK 0
org.xml.sax.SAXParseException; lineNumber: 1; columnNumber: 1; Premature end of file.
	at java.xml/com.sun.org.apache.xerces.internal.parsers.DOMParser.parse(DOMParser.java:262)
	at java.xml/com.sun.org.apache.xerces.internal.jaxp.DocumentBuilderImpl.parse(DocumentBuilderImpl.java:342)
	at com.st.stm32cube.ide.mpu.remote.serial.internal.SerialPortProviderWindows.run(SerialPortProviderWindows.java:127)
	at java.base/java.util.TimerThread.mainLoop(Timer.java:566)
	at java.base/java.util.TimerThread.run(Timer.java:516)

!ENTRY com.st.stm32cube.ide.mpu.remote.serial 4 0 2026-04-03 17:35:54.086
!MESSAGE Failed to parse wmic output
!STACK 0
org.xml.sax.SAXParseException; lineNumber: 1; columnNumber: 1; Premature end of file.
	at java.xml/com.sun.org.apache.xerces.internal.parsers.DOMParser.parse(DOMParser.java:262)
	at java.xml/com.sun.org.apache.xerces.internal.jaxp.DocumentBuilderImpl.parse(DocumentBuilderImpl.java:342)
	at com.st.stm32cube.ide.mpu.remote.serial.internal.SerialPortProviderWindows.run(SerialPortProviderWindows.java:127)
	at java.base/java.util.TimerThread.mainLoop(Timer.java:566)
	at java.base/java.util.TimerThread.run(Timer.java:516)

!ENTRY com.st.stm32cube.ide.mpu.remote.serial 4 0 2026-04-03 17:35:55.070
!MESSAGE Failed to parse wmic output
!STACK 0
org.xml.sax.SAXParseException; lineNumber: 1; columnNumber: 1; Premature end of file.
	at java.xml/com.sun.org.apache.xerces.internal.parsers.DOMParser.parse(DOMParser.java:262)
	at java.xml/com.sun.org.apache.xerces.internal.jaxp.DocumentBuilderImpl.parse(DocumentBuilderImpl.java:342)
	at com.st.stm32cube.ide.mpu.remote.serial.internal.SerialPortProviderWindows.run(SerialPortProviderWindows.java:127)
	at java.base/java.util.TimerThread.mainLoop(Timer.java:566)
	at java.base/java.util.TimerThread.run(Timer.java:516)

!ENTRY com.st.stm32cube.ide.mpu.remote.serial 4 0 2026-04-03 17:35:56.082
!MESSAGE Failed to parse wmic output
!STACK 0
org.xml.sax.SAXParseException; lineNumber: 1; columnNumber: 1; Premature end of file.
	at java.xml/com.sun.org.apache.xerces.internal.parsers.DOMParser.parse(DOMParser.java:262)
	at java.xml/com.sun.org.apache.xerces.internal.jaxp.DocumentBuilderImpl.parse(DocumentBuilderImpl.java:342)
	at com.st.stm32cube.ide.mpu.remote.serial.internal.SerialPortProviderWindows.run(SerialPortProviderWindows.java:127)
	at java.base/java.util.TimerThread.mainLoop(Timer.java:566)
	at java.base/java.util.TimerThread.run(Timer.java:516)

!ENTRY com.st.stm32cube.ide.mpu.remote.serial 4 0 2026-04-03 17:35:57.084
!MESSAGE Failed to parse wmic output
!STACK 0
org.xml.sax.SAXParseException; lineNumber: 1; columnNumber: 1; Premature end of file.
	at java.xml/com.sun.org.apache.xerces.internal.parsers.DOMParser.parse(DOMParser.java:262)
	at java.xml/com.sun.org.apache.xerces.internal.jaxp.DocumentBuilderImpl.parse(DocumentBuilderImpl.java:342)
	at com.st.stm32cube.ide.mpu.remote.serial.internal.SerialPortProviderWindows.run(SerialPortProviderWindows.java:127)
	at java.base/java.util.TimerThread.mainLoop(Timer.java:566)
	at java.base/java.util.TimerThread.run(Timer.java:516)

!ENTRY com.st.stm32cube.ide.mpu.remote.serial 4 0 2026-04-03 17:35:58.086
!MESSAGE Failed to parse wmic output
!STACK 0
org.xml.sax.SAXParseException; lineNumber: 1; columnNumber: 1; Premature end of file.
	at java.xml/com.sun.org.apache.xerces.internal.parsers.DOMParser.parse(DOMParser.java:262)
	at java.xml/com.sun.org.apache.xerces.internal.jaxp.DocumentBuilderImpl.parse(DocumentBuilderImpl.java:342)
	at com.st.stm32cube.ide.mpu.remote.serial.internal.SerialPortProviderWindows.run(SerialPortProviderWindows.java:127)
	at java.base/java.util.TimerThread.mainLoop(Timer.java:566)
	at java.base/java.util.TimerThread.run(Timer.java:516)

!ENTRY com.st.stm32cube.ide.mpu.remote.serial 4 0 2026-04-03 17:35:59.080
!MESSAGE Failed to parse wmic output
!STACK 0
org.xml.sax.SAXParseException; lineNumber: 1; columnNumber: 1; Premature end of file.
	at java.xml/com.sun.org.apache.xerces.internal.parsers.DOMParser.parse(DOMParser.java:262)
	at java.xml/com.sun.org.apache.xerces.internal.jaxp.DocumentBuilderImpl.parse(DocumentBuilderImpl.java:342)
	at com.st.stm32cube.ide.mpu.remote.serial.internal.SerialPortProviderWindows.run(SerialPortProviderWindows.java:127)
	at java.base/java.util.TimerThread.mainLoop(Timer.java:566)
	at java.base/java.util.TimerThread.run(Timer.java:516)

!ENTRY com.st.stm32cube.ide.mpu.remote.serial 4 0 2026-04-03 17:36:00.053
!MESSAGE Failed to parse wmic output
!STACK 0
org.xml.sax.SAXParseException; lineNumber: 1; columnNumber: 1; Premature end of file.
	at java.xml/com.sun.org.apache.xerces.internal.parsers.DOMParser.parse(DOMParser.java:262)
	at java.xml/com.sun.org.apache.xerces.internal.jaxp.DocumentBuilderImpl.parse(DocumentBuilderImpl.java:342)
	at com.st.stm32cube.ide.mpu.remote.serial.internal.SerialPortProviderWindows.run(SerialPortProviderWindows.java:127)
	at java.base/java.util.TimerThread.mainLoop(Timer.java:566)
	at java.base/java.util.TimerThread.run(Timer.java:516)

!ENTRY com.st.stm32cube.ide.mpu.remote.serial 4 0 2026-04-03 17:36:01.069
!MESSAGE Failed to parse wmic output
!STACK 0
org.xml.sax.SAXParseException; lineNumber: 1; columnNumber: 1; Premature end of file.
	at java.xml/com.sun.org.apache.xerces.internal.parsers.DOMParser.parse(DOMParser.java:262)
	at java.xml/com.sun.org.apache.xerces.internal.jaxp.DocumentBuilderImpl.parse(DocumentBuilderImpl.java:342)
	at com.st.stm32cube.ide.mpu.remote.serial.internal.SerialPortProviderWindows.run(SerialPortProviderWindows.java:127)
	at java.base/java.util.TimerThread.mainLoop(Timer.java:566)
	at java.base/java.util.TimerThread.run(Timer.java:516)

!ENTRY com.st.stm32cube.ide.mpu.remote.serial 4 0 2026-04-03 17:36:02.089
!MESSAGE Failed to parse wmic output
!STACK 0
org.xml.sax.SAXParseException; lineNumber: 1; columnNumber: 1; Premature end of file.
	at java.xml/com.sun.org.apache.xerces.internal.parsers.DOMParser.parse(DOMParser.java:262)
	at java.xml/com.sun.org.apache.xerces.internal.jaxp.DocumentBuilderImpl.parse(DocumentBuilderImpl.java:342)
	at com.st.stm32cube.ide.mpu.remote.serial.internal.SerialPortProviderWindows.run(SerialPortProviderWindows.java:127)
	at java.base/java.util.TimerThread.mainLoop(Timer.java:566)
	at java.base/java.util.TimerThread.run(Timer.java:516)

!ENTRY com.st.stm32cube.ide.mpu.remote.serial 4 0 2026-04-03 17:36:03.084
!MESSAGE Failed to parse wmic output
!STACK 0
org.xml.sax.SAXParseException; lineNumber: 1; columnNumber: 1; Premature end of file.
	at java.xml/com.sun.org.apache.xerces.internal.parsers.DOMParser.parse(DOMParser.java:262)
	at java.xml/com.sun.org.apache.xerces.internal.jaxp.DocumentBuilderImpl.parse(DocumentBuilderImpl.java:342)
	at com.st.stm32cube.ide.mpu.remote.serial.internal.SerialPortProviderWindows.run(SerialPortProviderWindows.java:127)
	at java.base/java.util.TimerThread.mainLoop(Timer.java:566)
	at java.base/java.util.TimerThread.run(Timer.java:516)

!ENTRY com.st.stm32cube.ide.mpu.remote.serial 4 0 2026-04-03 17:36:04.090
!MESSAGE Failed to parse wmic output
!STACK 0
org.xml.sax.SAXParseException; lineNumber: 1; columnNumber: 1; Premature end of file.
	at java.xml/com.sun.org.apache.xerces.internal.parsers.DOMParser.parse(DOMParser.java:262)
	at java.xml/com.sun.org.apache.xerces.internal.jaxp.DocumentBuilderImpl.parse(DocumentBuilderImpl.java:342)
	at com.st.stm32cube.ide.mpu.remote.serial.internal.SerialPortProviderWindows.run(SerialPortProviderWindows.java:127)
	at java.base/java.util.TimerThread.mainLoop(Timer.java:566)
	at java.base/java.util.TimerThread.run(Timer.java:516)

!ENTRY com.st.stm32cube.ide.mpu.remote.serial 4 0 2026-04-03 17:36:05.077
!MESSAGE Failed to parse wmic output
!STACK 0
org.xml.sax.SAXParseException; lineNumber: 1; columnNumber: 1; Premature end of file.
	at java.xml/com.sun.org.apache.xerces.internal.parsers.DOMParser.parse(DOMParser.java:262)
	at java.xml/com.sun.org.apache.xerces.internal.jaxp.DocumentBuilderImpl.parse(DocumentBuilderImpl.java:342)
	at com.st.stm32cube.ide.mpu.remote.serial.internal.SerialPortProviderWindows.run(SerialPortProviderWindows.java:127)
	at java.base/java.util.TimerThread.mainLoop(Timer.java:566)
	at java.base/java.util.TimerThread.run(Timer.java:516)

!ENTRY com.st.stm32cube.ide.mpu.remote.serial 4 0 2026-04-03 17:36:06.090
!MESSAGE Failed to parse wmic output
!STACK 0
org.xml.sax.SAXParseException; lineNumber: 1; columnNumber: 1; Premature end of file.
	at java.xml/com.sun.org.apache.xerces.internal.parsers.DOMParser.parse(DOMParser.java:262)
	at java.xml/com.sun.org.apache.xerces.internal.jaxp.DocumentBuilderImpl.parse(DocumentBuilderImpl.java:342)
	at com.st.stm32cube.ide.mpu.remote.serial.internal.SerialPortProviderWindows.run(SerialPortProviderWindows.java:127)
	at java.base/java.util.TimerThread.mainLoop(Timer.java:566)
	at java.base/java.util.TimerThread.run(Timer.java:516)

!ENTRY com.st.stm32cube.ide.mpu.remote.serial 4 0 2026-04-03 17:36:07.080
!MESSAGE Failed to parse wmic output
!STACK 0
org.xml.sax.SAXParseException; lineNumber: 1; columnNumber: 1; Premature end of file.
	at java.xml/com.sun.org.apache.xerces.internal.parsers.DOMParser.parse(DOMParser.java:262)
	at java.xml/com.sun.org.apache.xerces.internal.jaxp.DocumentBuilderImpl.parse(DocumentBuilderImpl.java:342)
	at com.st.stm32cube.ide.mpu.remote.serial.internal.SerialPortProviderWindows.run(SerialPortProviderWindows.java:127)
	at java.base/java.util.TimerThread.mainLoop(Timer.java:566)
	at java.base/java.util.TimerThread.run(Timer.java:516)

!ENTRY com.st.stm32cube.ide.mpu.remote.serial 4 0 2026-04-03 17:36:08.072
!MESSAGE Failed to parse wmic output
!STACK 0
org.xml.sax.SAXParseException; lineNumber: 1; columnNumber: 1; Premature end of file.
	at java.xml/com.sun.org.apache.xerces.internal.parsers.DOMParser.parse(DOMParser.java:262)
	at java.xml/com.sun.org.apache.xerces.internal.jaxp.DocumentBuilderImpl.parse(DocumentBuilderImpl.java:342)
	at com.st.stm32cube.ide.mpu.remote.serial.internal.SerialPortProviderWindows.run(SerialPortProviderWindows.java:127)
	at java.base/java.util.TimerThread.mainLoop(Timer.java:566)
	at java.base/java.util.TimerThread.run(Timer.java:516)

!ENTRY com.st.stm32cube.ide.mpu.remote.serial 4 0 2026-04-03 17:36:09.068
!MESSAGE Failed to parse wmic output
!STACK 0
org.xml.sax.SAXParseException; lineNumber: 1; columnNumber: 1; Premature end of file.
	at java.xml/com.sun.org.apache.xerces.internal.parsers.DOMParser.parse(DOMParser.java:262)
	at java.xml/com.sun.org.apache.xerces.internal.jaxp.DocumentBuilderImpl.parse(DocumentBuilderImpl.java:342)
	at com.st.stm32cube.ide.mpu.remote.serial.internal.SerialPortProviderWindows.run(SerialPortProviderWindows.java:127)
	at java.base/java.util.TimerThread.mainLoop(Timer.java:566)
	at java.base/java.util.TimerThread.run(Timer.java:516)

!ENTRY com.st.stm32cube.ide.mpu.remote.serial 4 0 2026-04-03 17:36:10.073
!MESSAGE Failed to parse wmic output
!STACK 0
org.xml.sax.SAXParseException; lineNumber: 1; columnNumber: 1; Premature end of file.
	at java.xml/com.sun.org.apache.xerces.internal.parsers.DOMParser.parse(DOMParser.java:262)
	at java.xml/com.sun.org.apache.xerces.internal.jaxp.DocumentBuilderImpl.parse(DocumentBuilderImpl.java:342)
	at com.st.stm32cube.ide.mpu.remote.serial.internal.SerialPortProviderWindows.run(SerialPortProviderWindows.java:127)
	at java.base/java.util.TimerThread.mainLoop(Timer.java:566)
	at java.base/java.util.TimerThread.run(Timer.java:516)

!ENTRY com.st.stm32cube.ide.mpu.remote.serial 4 0 2026-04-03 17:36:11.066
!MESSAGE Failed to parse wmic output
!STACK 0
org.xml.sax.SAXParseException; lineNumber: 1; columnNumber: 1; Premature end of file.
	at java.xml/com.sun.org.apache.xerces.internal.parsers.DOMParser.parse(DOMParser.java:262)
	at java.xml/com.sun.org.apache.xerces.internal.jaxp.DocumentBuilderImpl.parse(DocumentBuilderImpl.java:342)
	at com.st.stm32cube.ide.mpu.remote.serial.internal.SerialPortProviderWindows.run(SerialPortProviderWindows.java:127)
	at java.base/java.util.TimerThread.mainLoop(Timer.java:566)
	at java.base/java.util.TimerThread.run(Timer.java:516)

!ENTRY com.st.stm32cube.ide.mpu.remote.serial 4 0 2026-04-03 17:36:12.080
!MESSAGE Failed to parse wmic output
!STACK 0
org.xml.sax.SAXParseException; lineNumber: 1; columnNumber: 1; Premature end of file.
	at java.xml/com.sun.org.apache.xerces.internal.parsers.DOMParser.parse(DOMParser.java:262)
	at java.xml/com.sun.org.apache.xerces.internal.jaxp.DocumentBuilderImpl.parse(DocumentBuilderImpl.java:342)
	at com.st.stm32cube.ide.mpu.remote.serial.internal.SerialPortProviderWindows.run(SerialPortProviderWindows.java:127)
	at java.base/java.util.TimerThread.mainLoop(Timer.java:566)
	at java.base/java.util.TimerThread.run(Timer.java:516)

!ENTRY com.st.stm32cube.ide.mpu.remote.serial 4 0 2026-04-03 17:36:13.077
!MESSAGE Failed to parse wmic output
!STACK 0
org.xml.sax.SAXParseException; lineNumber: 1; columnNumber: 1; Premature end of file.
	at java.xml/com.sun.org.apache.xerces.internal.parsers.DOMParser.parse(DOMParser.java:262)
	at java.xml/com.sun.org.apache.xerces.internal.jaxp.DocumentBuilderImpl.parse(DocumentBuilderImpl.java:342)
	at com.st.stm32cube.ide.mpu.remote.serial.internal.SerialPortProviderWindows.run(SerialPortProviderWindows.java:127)
	at java.base/java.util.TimerThread.mainLoop(Timer.java:566)
	at java.base/java.util.TimerThread.run(Timer.java:516)

!ENTRY com.st.stm32cube.ide.mpu.remote.serial 4 0 2026-04-03 17:36:14.064
!MESSAGE Failed to parse wmic output
!STACK 0
org.xml.sax.SAXParseException; lineNumber: 1; columnNumber: 1; Premature end of file.
	at java.xml/com.sun.org.apache.xerces.internal.parsers.DOMParser.parse(DOMParser.java:262)
	at java.xml/com.sun.org.apache.xerces.internal.jaxp.DocumentBuilderImpl.parse(DocumentBuilderImpl.java:342)
	at com.st.stm32cube.ide.mpu.remote.serial.internal.SerialPortProviderWindows.run(SerialPortProviderWindows.java:127)
	at java.base/java.util.TimerThread.mainLoop(Timer.java:566)
	at java.base/java.util.TimerThread.run(Timer.java:516)

!ENTRY com.st.stm32cube.ide.mpu.remote.serial 4 0 2026-04-03 17:36:15.082
!MESSAGE Failed to parse wmic output
!STACK 0
org.xml.sax.SAXParseException; lineNumber: 1; columnNumber: 1; Premature end of file.
	at java.xml/com.sun.org.apache.xerces.internal.parsers.DOMParser.parse(DOMParser.java:262)
	at java.xml/com.sun.org.apache.xerces.internal.jaxp.DocumentBuilderImpl.parse(DocumentBuilderImpl.java:342)
	at com.st.stm32cube.ide.mpu.remote.serial.internal.SerialPortProviderWindows.run(SerialPortProviderWindows.java:127)
	at java.base/java.util.TimerThread.mainLoop(Timer.java:566)
	at java.base/java.util.TimerThread.run(Timer.java:516)

!ENTRY com.st.stm32cube.ide.mpu.remote.serial 4 0 2026-04-03 17:36:16.056
!MESSAGE Failed to parse wmic output
!STACK 0
org.xml.sax.SAXParseException; lineNumber: 1; columnNumber: 1; Premature end of file.
	at java.xml/com.sun.org.apache.xerces.internal.parsers.DOMParser.parse(DOMParser.java:262)
	at java.xml/com.sun.org.apache.xerces.internal.jaxp.DocumentBuilderImpl.parse(DocumentBuilderImpl.java:342)
	at com.st.stm32cube.ide.mpu.remote.serial.internal.SerialPortProviderWindows.run(SerialPortProviderWindows.java:127)
	at java.base/java.util.TimerThread.mainLoop(Timer.java:566)
	at java.base/java.util.TimerThread.run(Timer.java:516)

!ENTRY com.st.stm32cube.ide.mpu.remote.serial 4 0 2026-04-03 17:36:17.096
!MESSAGE Failed to parse wmic output
!STACK 0
org.xml.sax.SAXParseException; lineNumber: 1; columnNumber: 1; Premature end of file.
	at java.xml/com.sun.org.apache.xerces.internal.parsers.DOMParser.parse(DOMParser.java:262)
	at java.xml/com.sun.org.apache.xerces.internal.jaxp.DocumentBuilderImpl.parse(DocumentBuilderImpl.java:342)
	at com.st.stm32cube.ide.mpu.remote.serial.internal.SerialPortProviderWindows.run(SerialPortProviderWindows.java:127)
	at java.base/java.util.TimerThread.mainLoop(Timer.java:566)
	at java.base/java.util.TimerThread.run(Timer.java:516)

!ENTRY com.st.stm32cube.ide.mpu.remote.serial 4 0 2026-04-03 17:36:18.083
!MESSAGE Failed to parse wmic output
!STACK 0
org.xml.sax.SAXParseException; lineNumber: 1; columnNumber: 1; Premature end of file.
	at java.xml/com.sun.org.apache.xerces.internal.parsers.DOMParser.parse(DOMParser.java:262)
	at java.xml/com.sun.org.apache.xerces.internal.jaxp.DocumentBuilderImpl.parse(DocumentBuilderImpl.java:342)
	at com.st.stm32cube.ide.mpu.remote.serial.internal.SerialPortProviderWindows.run(SerialPortProviderWindows.java:127)
	at java.base/java.util.TimerThread.mainLoop(Timer.java:566)
	at java.base/java.util.TimerThread.run(Timer.java:516)

!ENTRY com.st.stm32cube.ide.mpu.remote.serial 4 0 2026-04-03 17:36:19.074
!MESSAGE Failed to parse wmic output
!STACK 0
org.xml.sax.SAXParseException; lineNumber: 1; columnNumber: 1; Premature end of file.
	at java.xml/com.sun.org.apache.xerces.internal.parsers.DOMParser.parse(DOMParser.java:262)
	at java.xml/com.sun.org.apache.xerces.internal.jaxp.DocumentBuilderImpl.parse(DocumentBuilderImpl.java:342)
	at com.st.stm32cube.ide.mpu.remote.serial.internal.SerialPortProviderWindows.run(SerialPortProviderWindows.java:127)
	at java.base/java.util.TimerThread.mainLoop(Timer.java:566)
	at java.base/java.util.TimerThread.run(Timer.java:516)

!ENTRY com.st.stm32cube.ide.mpu.remote.serial 4 0 2026-04-03 17:36:20.090
!MESSAGE Failed to parse wmic output
!STACK 0
org.xml.sax.SAXParseException; lineNumber: 1; columnNumber: 1; Premature end of file.
	at java.xml/com.sun.org.apache.xerces.internal.parsers.DOMParser.parse(DOMParser.java:262)
	at java.xml/com.sun.org.apache.xerces.internal.jaxp.DocumentBuilderImpl.parse(DocumentBuilderImpl.java:342)
	at com.st.stm32cube.ide.mpu.remote.serial.internal.SerialPortProviderWindows.run(SerialPortProviderWindows.java:127)
	at java.base/java.util.TimerThread.mainLoop(Timer.java:566)
	at java.base/java.util.TimerThread.run(Timer.java:516)

!ENTRY com.st.stm32cube.ide.mpu.remote.serial 4 0 2026-04-03 17:36:21.086
!MESSAGE Failed to parse wmic output
!STACK 0
org.xml.sax.SAXParseException; lineNumber: 1; columnNumber: 1; Premature end of file.
	at java.xml/com.sun.org.apache.xerces.internal.parsers.DOMParser.parse(DOMParser.java:262)
	at java.xml/com.sun.org.apache.xerces.internal.jaxp.DocumentBuilderImpl.parse(DocumentBuilderImpl.java:342)
	at com.st.stm32cube.ide.mpu.remote.serial.internal.SerialPortProviderWindows.run(SerialPortProviderWindows.java:127)
	at java.base/java.util.TimerThread.mainLoop(Timer.java:566)
	at java.base/java.util.TimerThread.run(Timer.java:516)

!ENTRY com.st.stm32cube.ide.mpu.remote.serial 4 0 2026-04-03 17:36:22.074
!MESSAGE Failed to parse wmic output
!STACK 0
org.xml.sax.SAXParseException; lineNumber: 1; columnNumber: 1; Premature end of file.
	at java.xml/com.sun.org.apache.xerces.internal.parsers.DOMParser.parse(DOMParser.java:262)
	at java.xml/com.sun.org.apache.xerces.internal.jaxp.DocumentBuilderImpl.parse(DocumentBuilderImpl.java:342)
	at com.st.stm32cube.ide.mpu.remote.serial.internal.SerialPortProviderWindows.run(SerialPortProviderWindows.java:127)
	at java.base/java.util.TimerThread.mainLoop(Timer.java:566)
	at java.base/java.util.TimerThread.run(Timer.java:516)

!ENTRY com.st.stm32cube.ide.mpu.remote.serial 4 0 2026-04-03 17:36:23.052
!MESSAGE Failed to parse wmic output
!STACK 0
org.xml.sax.SAXParseException; lineNumber: 1; columnNumber: 1; Premature end of file.
	at java.xml/com.sun.org.apache.xerces.internal.parsers.DOMParser.parse(DOMParser.java:262)
	at java.xml/com.sun.org.apache.xerces.internal.jaxp.DocumentBuilderImpl.parse(DocumentBuilderImpl.java:342)
	at com.st.stm32cube.ide.mpu.remote.serial.internal.SerialPortProviderWindows.run(SerialPortProviderWindows.java:127)
	at java.base/java.util.TimerThread.mainLoop(Timer.java:566)
	at java.base/java.util.TimerThread.run(Timer.java:516)

!ENTRY com.st.stm32cube.ide.mpu.remote.serial 4 0 2026-04-03 17:36:24.095
!MESSAGE Failed to parse wmic output
!STACK 0
org.xml.sax.SAXParseException; lineNumber: 1; columnNumber: 1; Premature end of file.
	at java.xml/com.sun.org.apache.xerces.internal.parsers.DOMParser.parse(DOMParser.java:262)
	at java.xml/com.sun.org.apache.xerces.internal.jaxp.DocumentBuilderImpl.parse(DocumentBuilderImpl.java:342)
	at com.st.stm32cube.ide.mpu.remote.serial.internal.SerialPortProviderWindows.run(SerialPortProviderWindows.java:127)
	at java.base/java.util.TimerThread.mainLoop(Timer.java:566)
	at java.base/java.util.TimerThread.run(Timer.java:516)

!ENTRY com.st.stm32cube.ide.mpu.remote.serial 4 0 2026-04-03 17:36:25.086
!MESSAGE Failed to parse wmic output
!STACK 0
org.xml.sax.SAXParseException; lineNumber: 1; columnNumber: 1; Premature end of file.
	at java.xml/com.sun.org.apache.xerces.internal.parsers.DOMParser.parse(DOMParser.java:262)
	at java.xml/com.sun.org.apache.xerces.internal.jaxp.DocumentBuilderImpl.parse(DocumentBuilderImpl.java:342)
	at com.st.stm32cube.ide.mpu.remote.serial.internal.SerialPortProviderWindows.run(SerialPortProviderWindows.java:127)
	at java.base/java.util.TimerThread.mainLoop(Timer.java:566)
	at java.base/java.util.TimerThread.run(Timer.java:516)

!ENTRY com.st.stm32cube.ide.mpu.remote.serial 4 0 2026-04-03 17:36:26.060
!MESSAGE Failed to parse wmic output
!STACK 0
org.xml.sax.SAXParseException; lineNumber: 1; columnNumber: 1; Premature end of file.
	at java.xml/com.sun.org.apache.xerces.internal.parsers.DOMParser.parse(DOMParser.java:262)
	at java.xml/com.sun.org.apache.xerces.internal.jaxp.DocumentBuilderImpl.parse(DocumentBuilderImpl.java:342)
	at com.st.stm32cube.ide.mpu.remote.serial.internal.SerialPortProviderWindows.run(SerialPortProviderWindows.java:127)
	at java.base/java.util.TimerThread.mainLoop(Timer.java:566)
	at java.base/java.util.TimerThread.run(Timer.java:516)

!ENTRY com.st.stm32cube.ide.mpu.remote.serial 4 0 2026-04-03 17:36:27.130
!MESSAGE Failed to parse wmic output
!STACK 0
org.xml.sax.SAXParseException; lineNumber: 1; columnNumber: 1; Premature end of file.
	at java.xml/com.sun.org.apache.xerces.internal.parsers.DOMParser.parse(DOMParser.java:262)
	at java.xml/com.sun.org.apache.xerces.internal.jaxp.DocumentBuilderImpl.parse(DocumentBuilderImpl.java:342)
	at com.st.stm32cube.ide.mpu.remote.serial.internal.SerialPortProviderWindows.run(SerialPortProviderWindows.java:127)
	at java.base/java.util.TimerThread.mainLoop(Timer.java:566)
	at java.base/java.util.TimerThread.run(Timer.java:516)

!ENTRY com.st.stm32cube.ide.mpu.remote.serial 4 0 2026-04-03 17:36:28.088
!MESSAGE Failed to parse wmic output
!STACK 0
org.xml.sax.SAXParseException; lineNumber: 1; columnNumber: 1; Premature end of file.
	at java.xml/com.sun.org.apache.xerces.internal.parsers.DOMParser.parse(DOMParser.java:262)
	at java.xml/com.sun.org.apache.xerces.internal.jaxp.DocumentBuilderImpl.parse(DocumentBuilderImpl.java:342)
	at com.st.stm32cube.ide.mpu.remote.serial.internal.SerialPortProviderWindows.run(SerialPortProviderWindows.java:127)
	at java.base/java.util.TimerThread.mainLoop(Timer.java:566)
	at java.base/java.util.TimerThread.run(Timer.java:516)

!ENTRY com.st.stm32cube.ide.mpu.remote.serial 4 0 2026-04-03 17:36:29.088
!MESSAGE Failed to parse wmic output
!STACK 0
org.xml.sax.SAXParseException; lineNumber: 1; columnNumber: 1; Premature end of file.
	at java.xml/com.sun.org.apache.xerces.internal.parsers.DOMParser.parse(DOMParser.java:262)
	at java.xml/com.sun.org.apache.xerces.internal.jaxp.DocumentBuilderImpl.parse(DocumentBuilderImpl.java:342)
	at com.st.stm32cube.ide.mpu.remote.serial.internal.SerialPortProviderWindows.run(SerialPortProviderWindows.java:127)
	at java.base/java.util.TimerThread.mainLoop(Timer.java:566)
	at java.base/java.util.TimerThread.run(Timer.java:516)

!ENTRY com.st.stm32cube.ide.mpu.remote.serial 4 0 2026-04-03 17:36:30.075
!MESSAGE Failed to parse wmic output
!STACK 0
org.xml.sax.SAXParseException; lineNumber: 1; columnNumber: 1; Premature end of file.
	at java.xml/com.sun.org.apache.xerces.internal.parsers.DOMParser.parse(DOMParser.java:262)
	at java.xml/com.sun.org.apache.xerces.internal.jaxp.DocumentBuilderImpl.parse(DocumentBuilderImpl.java:342)
	at com.st.stm32cube.ide.mpu.remote.serial.internal.SerialPortProviderWindows.run(SerialPortProviderWindows.java:127)
	at java.base/java.util.TimerThread.mainLoop(Timer.java:566)
	at java.base/java.util.TimerThread.run(Timer.java:516)

!ENTRY com.st.stm32cube.ide.mpu.remote.serial 4 0 2026-04-03 17:36:31.082
!MESSAGE Failed to parse wmic output
!STACK 0
org.xml.sax.SAXParseException; lineNumber: 1; columnNumber: 1; Premature end of file.
	at java.xml/com.sun.org.apache.xerces.internal.parsers.DOMParser.parse(DOMParser.java:262)
	at java.xml/com.sun.org.apache.xerces.internal.jaxp.DocumentBuilderImpl.parse(DocumentBuilderImpl.java:342)
	at com.st.stm32cube.ide.mpu.remote.serial.internal.SerialPortProviderWindows.run(SerialPortProviderWindows.java:127)
	at java.base/java.util.TimerThread.mainLoop(Timer.java:566)
	at java.base/java.util.TimerThread.run(Timer.java:516)

!ENTRY com.st.stm32cube.ide.mpu.remote.serial 4 0 2026-04-03 17:36:32.075
!MESSAGE Failed to parse wmic output
!STACK 0
org.xml.sax.SAXParseException; lineNumber: 1; columnNumber: 1; Premature end of file.
	at java.xml/com.sun.org.apache.xerces.internal.parsers.DOMParser.parse(DOMParser.java:262)
	at java.xml/com.sun.org.apache.xerces.internal.jaxp.DocumentBuilderImpl.parse(DocumentBuilderImpl.java:342)
	at com.st.stm32cube.ide.mpu.remote.serial.internal.SerialPortProviderWindows.run(SerialPortProviderWindows.java:127)
	at java.base/java.util.TimerThread.mainLoop(Timer.java:566)
	at java.base/java.util.TimerThread.run(Timer.java:516)

!ENTRY com.st.stm32cube.ide.mpu.remote.serial 4 0 2026-04-03 17:36:33.055
!MESSAGE Failed to parse wmic output
!STACK 0
org.xml.sax.SAXParseException; lineNumber: 1; columnNumber: 1; Premature end of file.
	at java.xml/com.sun.org.apache.xerces.internal.parsers.DOMParser.parse(DOMParser.java:262)
	at java.xml/com.sun.org.apache.xerces.internal.jaxp.DocumentBuilderImpl.parse(DocumentBuilderImpl.java:342)
	at com.st.stm32cube.ide.mpu.remote.serial.internal.SerialPortProviderWindows.run(SerialPortProviderWindows.java:127)
	at java.base/java.util.TimerThread.mainLoop(Timer.java:566)
	at java.base/java.util.TimerThread.run(Timer.java:516)

!ENTRY com.st.stm32cube.ide.mpu.remote.serial 4 0 2026-04-03 17:36:34.061
!MESSAGE Failed to parse wmic output
!STACK 0
org.xml.sax.SAXParseException; lineNumber: 1; columnNumber: 1; Premature end of file.
	at java.xml/com.sun.org.apache.xerces.internal.parsers.DOMParser.parse(DOMParser.java:262)
	at java.xml/com.sun.org.apache.xerces.internal.jaxp.DocumentBuilderImpl.parse(DocumentBuilderImpl.java:342)
	at com.st.stm32cube.ide.mpu.remote.serial.internal.SerialPortProviderWindows.run(SerialPortProviderWindows.java:127)
	at java.base/java.util.TimerThread.mainLoop(Timer.java:566)
	at java.base/java.util.TimerThread.run(Timer.java:516)

!ENTRY com.st.stm32cube.ide.mpu.remote.serial 4 0 2026-04-03 17:36:35.058
!MESSAGE Failed to parse wmic output
!STACK 0
org.xml.sax.SAXParseException; lineNumber: 1; columnNumber: 1; Premature end of file.
	at java.xml/com.sun.org.apache.xerces.internal.parsers.DOMParser.parse(DOMParser.java:262)
	at java.xml/com.sun.org.apache.xerces.internal.jaxp.DocumentBuilderImpl.parse(DocumentBuilderImpl.java:342)
	at com.st.stm32cube.ide.mpu.remote.serial.internal.SerialPortProviderWindows.run(SerialPortProviderWindows.java:127)
	at java.base/java.util.TimerThread.mainLoop(Timer.java:566)
	at java.base/java.util.TimerThread.run(Timer.java:516)

!ENTRY com.st.stm32cube.ide.mpu.remote.serial 4 0 2026-04-03 17:36:36.056
!MESSAGE Failed to parse wmic output
!STACK 0
org.xml.sax.SAXParseException; lineNumber: 1; columnNumber: 1; Premature end of file.
	at java.xml/com.sun.org.apache.xerces.internal.parsers.DOMParser.parse(DOMParser.java:262)
	at java.xml/com.sun.org.apache.xerces.internal.jaxp.DocumentBuilderImpl.parse(DocumentBuilderImpl.java:342)
	at com.st.stm32cube.ide.mpu.remote.serial.internal.SerialPortProviderWindows.run(SerialPortProviderWindows.java:127)
	at java.base/java.util.TimerThread.mainLoop(Timer.java:566)
	at java.base/java.util.TimerThread.run(Timer.java:516)

!ENTRY com.st.stm32cube.ide.mpu.remote.serial 4 0 2026-04-03 17:36:37.057
!MESSAGE Failed to parse wmic output
!STACK 0
org.xml.sax.SAXParseException; lineNumber: 1; columnNumber: 1; Premature end of file.
	at java.xml/com.sun.org.apache.xerces.internal.parsers.DOMParser.parse(DOMParser.java:262)
	at java.xml/com.sun.org.apache.xerces.internal.jaxp.DocumentBuilderImpl.parse(DocumentBuilderImpl.java:342)
	at com.st.stm32cube.ide.mpu.remote.serial.internal.SerialPortProviderWindows.run(SerialPortProviderWindows.java:127)
	at java.base/java.util.TimerThread.mainLoop(Timer.java:566)
	at java.base/java.util.TimerThread.run(Timer.java:516)

!ENTRY com.st.stm32cube.ide.mpu.remote.serial 4 0 2026-04-03 17:36:38.055
!MESSAGE Failed to parse wmic output
!STACK 0
org.xml.sax.SAXParseException; lineNumber: 1; columnNumber: 1; Premature end of file.
	at java.xml/com.sun.org.apache.xerces.internal.parsers.DOMParser.parse(DOMParser.java:262)
	at java.xml/com.sun.org.apache.xerces.internal.jaxp.DocumentBuilderImpl.parse(DocumentBuilderImpl.java:342)
	at com.st.stm32cube.ide.mpu.remote.serial.internal.SerialPortProviderWindows.run(SerialPortProviderWindows.java:127)
	at java.base/java.util.TimerThread.mainLoop(Timer.java:566)
	at java.base/java.util.TimerThread.run(Timer.java:516)

!ENTRY com.st.stm32cube.ide.mpu.remote.serial 4 0 2026-04-03 17:36:39.058
!MESSAGE Failed to parse wmic output
!STACK 0
org.xml.sax.SAXParseException; lineNumber: 1; columnNumber: 1; Premature end of file.
	at java.xml/com.sun.org.apache.xerces.internal.parsers.DOMParser.parse(DOMParser.java:262)
	at java.xml/com.sun.org.apache.xerces.internal.jaxp.DocumentBuilderImpl.parse(DocumentBuilderImpl.java:342)
	at com.st.stm32cube.ide.mpu.remote.serial.internal.SerialPortProviderWindows.run(SerialPortProviderWindows.java:127)
	at java.base/java.util.TimerThread.mainLoop(Timer.java:566)
	at java.base/java.util.TimerThread.run(Timer.java:516)

!ENTRY com.st.stm32cube.ide.mpu.remote.serial 4 0 2026-04-03 17:36:40.055
!MESSAGE Failed to parse wmic output
!STACK 0
org.xml.sax.SAXParseException; lineNumber: 1; columnNumber: 1; Premature end of file.
	at java.xml/com.sun.org.apache.xerces.internal.parsers.DOMParser.parse(DOMParser.java:262)
	at java.xml/com.sun.org.apache.xerces.internal.jaxp.DocumentBuilderImpl.parse(DocumentBuilderImpl.java:342)
	at com.st.stm32cube.ide.mpu.remote.serial.internal.SerialPortProviderWindows.run(SerialPortProviderWindows.java:127)
	at java.base/java.util.TimerThread.mainLoop(Timer.java:566)
	at java.base/java.util.TimerThread.run(Timer.java:516)

!ENTRY com.st.stm32cube.ide.mpu.remote.serial 4 0 2026-04-03 17:36:41.055
!MESSAGE Failed to parse wmic output
!STACK 0
org.xml.sax.SAXParseException; lineNumber: 1; columnNumber: 1; Premature end of file.
	at java.xml/com.sun.org.apache.xerces.internal.parsers.DOMParser.parse(DOMParser.java:262)
	at java.xml/com.sun.org.apache.xerces.internal.jaxp.DocumentBuilderImpl.parse(DocumentBuilderImpl.java:342)
	at com.st.stm32cube.ide.mpu.remote.serial.internal.SerialPortProviderWindows.run(SerialPortProviderWindows.java:127)
	at java.base/java.util.TimerThread.mainLoop(Timer.java:566)
	at java.base/java.util.TimerThread.run(Timer.java:516)

!ENTRY com.st.stm32cube.ide.mpu.remote.serial 4 0 2026-04-03 17:36:42.059
!MESSAGE Failed to parse wmic output
!STACK 0
org.xml.sax.SAXParseException; lineNumber: 1; columnNumber: 1; Premature end of file.
	at java.xml/com.sun.org.apache.xerces.internal.parsers.DOMParser.parse(DOMParser.java:262)
	at java.xml/com.sun.org.apache.xerces.internal.jaxp.DocumentBuilderImpl.parse(DocumentBuilderImpl.java:342)
	at com.st.stm32cube.ide.mpu.remote.serial.internal.SerialPortProviderWindows.run(SerialPortProviderWindows.java:127)
	at java.base/java.util.TimerThread.mainLoop(Timer.java:566)
	at java.base/java.util.TimerThread.run(Timer.java:516)

!ENTRY com.st.stm32cube.ide.mpu.remote.serial 4 0 2026-04-03 17:36:43.055
!MESSAGE Failed to parse wmic output
!STACK 0
org.xml.sax.SAXParseException; lineNumber: 1; columnNumber: 1; Premature end of file.
	at java.xml/com.sun.org.apache.xerces.internal.parsers.DOMParser.parse(DOMParser.java:262)
	at java.xml/com.sun.org.apache.xerces.internal.jaxp.DocumentBuilderImpl.parse(DocumentBuilderImpl.java:342)
	at com.st.stm32cube.ide.mpu.remote.serial.internal.SerialPortProviderWindows.run(SerialPortProviderWindows.java:127)
	at java.base/java.util.TimerThread.mainLoop(Timer.java:566)
	at java.base/java.util.TimerThread.run(Timer.java:516)

!ENTRY com.st.stm32cube.ide.mpu.remote.serial 4 0 2026-04-03 17:36:44.064
!MESSAGE Failed to parse wmic output
!STACK 0
org.xml.sax.SAXParseException; lineNumber: 1; columnNumber: 1; Premature end of file.
	at java.xml/com.sun.org.apache.xerces.internal.parsers.DOMParser.parse(DOMParser.java:262)
	at java.xml/com.sun.org.apache.xerces.internal.jaxp.DocumentBuilderImpl.parse(DocumentBuilderImpl.java:342)
	at com.st.stm32cube.ide.mpu.remote.serial.internal.SerialPortProviderWindows.run(SerialPortProviderWindows.java:127)
	at java.base/java.util.TimerThread.mainLoop(Timer.java:566)
	at java.base/java.util.TimerThread.run(Timer.java:516)

!ENTRY com.st.stm32cube.ide.mpu.remote.serial 4 0 2026-04-03 17:36:45.063
!MESSAGE Failed to parse wmic output
!STACK 0
org.xml.sax.SAXParseException; lineNumber: 1; columnNumber: 1; Premature end of file.
	at java.xml/com.sun.org.apache.xerces.internal.parsers.DOMParser.parse(DOMParser.java:262)
	at java.xml/com.sun.org.apache.xerces.internal.jaxp.DocumentBuilderImpl.parse(DocumentBuilderImpl.java:342)
	at com.st.stm32cube.ide.mpu.remote.serial.internal.SerialPortProviderWindows.run(SerialPortProviderWindows.java:127)
	at java.base/java.util.TimerThread.mainLoop(Timer.java:566)
	at java.base/java.util.TimerThread.run(Timer.java:516)

!ENTRY com.st.stm32cube.ide.mpu.remote.serial 4 0 2026-04-03 17:36:46.064
!MESSAGE Failed to parse wmic output
!STACK 0
org.xml.sax.SAXParseException; lineNumber: 1; columnNumber: 1; Premature end of file.
	at java.xml/com.sun.org.apache.xerces.internal.parsers.DOMParser.parse(DOMParser.java:262)
	at java.xml/com.sun.org.apache.xerces.internal.jaxp.DocumentBuilderImpl.parse(DocumentBuilderImpl.java:342)
	at com.st.stm32cube.ide.mpu.remote.serial.internal.SerialPortProviderWindows.run(SerialPortProviderWindows.java:127)
	at java.base/java.util.TimerThread.mainLoop(Timer.java:566)
	at java.base/java.util.TimerThread.run(Timer.java:516)

!ENTRY com.st.stm32cube.ide.mpu.remote.serial 4 0 2026-04-03 17:36:47.054
!MESSAGE Failed to parse wmic output
!STACK 0
org.xml.sax.SAXParseException; lineNumber: 1; columnNumber: 1; Premature end of file.
	at java.xml/com.sun.org.apache.xerces.internal.parsers.DOMParser.parse(DOMParser.java:262)
	at java.xml/com.sun.org.apache.xerces.internal.jaxp.DocumentBuilderImpl.parse(DocumentBuilderImpl.java:342)
	at com.st.stm32cube.ide.mpu.remote.serial.internal.SerialPortProviderWindows.run(SerialPortProviderWindows.java:127)
	at java.base/java.util.TimerThread.mainLoop(Timer.java:566)
	at java.base/java.util.TimerThread.run(Timer.java:516)

!ENTRY com.st.stm32cube.ide.mpu.remote.serial 4 0 2026-04-03 17:36:48.086
!MESSAGE Failed to parse wmic output
!STACK 0
org.xml.sax.SAXParseException; lineNumber: 1; columnNumber: 1; Premature end of file.
	at java.xml/com.sun.org.apache.xerces.internal.parsers.DOMParser.parse(DOMParser.java:262)
	at java.xml/com.sun.org.apache.xerces.internal.jaxp.DocumentBuilderImpl.parse(DocumentBuilderImpl.java:342)
	at com.st.stm32cube.ide.mpu.remote.serial.internal.SerialPortProviderWindows.run(SerialPortProviderWindows.java:127)
	at java.base/java.util.TimerThread.mainLoop(Timer.java:566)
	at java.base/java.util.TimerThread.run(Timer.java:516)

!ENTRY com.st.stm32cube.ide.mpu.remote.serial 4 0 2026-04-03 17:36:49.065
!MESSAGE Failed to parse wmic output
!STACK 0
org.xml.sax.SAXParseException; lineNumber: 1; columnNumber: 1; Premature end of file.
	at java.xml/com.sun.org.apache.xerces.internal.parsers.DOMParser.parse(DOMParser.java:262)
	at java.xml/com.sun.org.apache.xerces.internal.jaxp.DocumentBuilderImpl.parse(DocumentBuilderImpl.java:342)
	at com.st.stm32cube.ide.mpu.remote.serial.internal.SerialPortProviderWindows.run(SerialPortProviderWindows.java:127)
	at java.base/java.util.TimerThread.mainLoop(Timer.java:566)
	at java.base/java.util.TimerThread.run(Timer.java:516)

!ENTRY com.st.stm32cube.ide.mpu.remote.serial 4 0 2026-04-03 17:36:50.074
!MESSAGE Failed to parse wmic output
!STACK 0
org.xml.sax.SAXParseException; lineNumber: 1; columnNumber: 1; Premature end of file.
	at java.xml/com.sun.org.apache.xerces.internal.parsers.DOMParser.parse(DOMParser.java:262)
	at java.xml/com.sun.org.apache.xerces.internal.jaxp.DocumentBuilderImpl.parse(DocumentBuilderImpl.java:342)
	at com.st.stm32cube.ide.mpu.remote.serial.internal.SerialPortProviderWindows.run(SerialPortProviderWindows.java:127)
	at java.base/java.util.TimerThread.mainLoop(Timer.java:566)
	at java.base/java.util.TimerThread.run(Timer.java:516)

!ENTRY com.st.stm32cube.ide.mpu.remote.serial 4 0 2026-04-03 17:36:51.083
!MESSAGE Failed to parse wmic output
!STACK 0
org.xml.sax.SAXParseException; lineNumber: 1; columnNumber: 1; Premature end of file.
	at java.xml/com.sun.org.apache.xerces.internal.parsers.DOMParser.parse(DOMParser.java:262)
	at java.xml/com.sun.org.apache.xerces.internal.jaxp.DocumentBuilderImpl.parse(DocumentBuilderImpl.java:342)
	at com.st.stm32cube.ide.mpu.remote.serial.internal.SerialPortProviderWindows.run(SerialPortProviderWindows.java:127)
	at java.base/java.util.TimerThread.mainLoop(Timer.java:566)
	at java.base/java.util.TimerThread.run(Timer.java:516)

!ENTRY com.st.stm32cube.ide.mpu.remote.serial 4 0 2026-04-03 17:36:52.056
!MESSAGE Failed to parse wmic output
!STACK 0
org.xml.sax.SAXParseException; lineNumber: 1; columnNumber: 1; Premature end of file.
	at java.xml/com.sun.org.apache.xerces.internal.parsers.DOMParser.parse(DOMParser.java:262)
	at java.xml/com.sun.org.apache.xerces.internal.jaxp.DocumentBuilderImpl.parse(DocumentBuilderImpl.java:342)
	at com.st.stm32cube.ide.mpu.remote.serial.internal.SerialPortProviderWindows.run(SerialPortProviderWindows.java:127)
	at java.base/java.util.TimerThread.mainLoop(Timer.java:566)
	at java.base/java.util.TimerThread.run(Timer.java:516)

!ENTRY com.st.stm32cube.ide.mpu.remote.serial 4 0 2026-04-03 17:36:53.119
!MESSAGE Failed to parse wmic output
!STACK 0
org.xml.sax.SAXParseException; lineNumber: 1; columnNumber: 1; Premature end of file.
	at java.xml/com.sun.org.apache.xerces.internal.parsers.DOMParser.parse(DOMParser.java:262)
	at java.xml/com.sun.org.apache.xerces.internal.jaxp.DocumentBuilderImpl.parse(DocumentBuilderImpl.java:342)
	at com.st.stm32cube.ide.mpu.remote.serial.internal.SerialPortProviderWindows.run(SerialPortProviderWindows.java:127)
	at java.base/java.util.TimerThread.mainLoop(Timer.java:566)
	at java.base/java.util.TimerThread.run(Timer.java:516)

!ENTRY com.st.stm32cube.ide.mpu.remote.serial 4 0 2026-04-03 17:36:54.073
!MESSAGE Failed to parse wmic output
!STACK 0
org.xml.sax.SAXParseException; lineNumber: 1; columnNumber: 1; Premature end of file.
	at java.xml/com.sun.org.apache.xerces.internal.parsers.DOMParser.parse(DOMParser.java:262)
	at java.xml/com.sun.org.apache.xerces.internal.jaxp.DocumentBuilderImpl.parse(DocumentBuilderImpl.java:342)
	at com.st.stm32cube.ide.mpu.remote.serial.internal.SerialPortProviderWindows.run(SerialPortProviderWindows.java:127)
	at java.base/java.util.TimerThread.mainLoop(Timer.java:566)
	at java.base/java.util.TimerThread.run(Timer.java:516)

!ENTRY com.st.stm32cube.ide.mpu.remote.serial 4 0 2026-04-03 17:36:55.053
!MESSAGE Failed to parse wmic output
!STACK 0
org.xml.sax.SAXParseException; lineNumber: 1; columnNumber: 1; Premature end of file.
	at java.xml/com.sun.org.apache.xerces.internal.parsers.DOMParser.parse(DOMParser.java:262)
	at java.xml/com.sun.org.apache.xerces.internal.jaxp.DocumentBuilderImpl.parse(DocumentBuilderImpl.java:342)
	at com.st.stm32cube.ide.mpu.remote.serial.internal.SerialPortProviderWindows.run(SerialPortProviderWindows.java:127)
	at java.base/java.util.TimerThread.mainLoop(Timer.java:566)
	at java.base/java.util.TimerThread.run(Timer.java:516)

!ENTRY com.st.stm32cube.ide.mpu.remote.serial 4 0 2026-04-03 17:36:56.053
!MESSAGE Failed to parse wmic output
!STACK 0
org.xml.sax.SAXParseException; lineNumber: 1; columnNumber: 1; Premature end of file.
	at java.xml/com.sun.org.apache.xerces.internal.parsers.DOMParser.parse(DOMParser.java:262)
	at java.xml/com.sun.org.apache.xerces.internal.jaxp.DocumentBuilderImpl.parse(DocumentBuilderImpl.java:342)
	at com.st.stm32cube.ide.mpu.remote.serial.internal.SerialPortProviderWindows.run(SerialPortProviderWindows.java:127)
	at java.base/java.util.TimerThread.mainLoop(Timer.java:566)
	at java.base/java.util.TimerThread.run(Timer.java:516)

!ENTRY com.st.stm32cube.ide.mpu.remote.serial 4 0 2026-04-03 17:36:57.057
!MESSAGE Failed to parse wmic output
!STACK 0
org.xml.sax.SAXParseException; lineNumber: 1; columnNumber: 1; Premature end of file.
	at java.xml/com.sun.org.apache.xerces.internal.parsers.DOMParser.parse(DOMParser.java:262)
	at java.xml/com.sun.org.apache.xerces.internal.jaxp.DocumentBuilderImpl.parse(DocumentBuilderImpl.java:342)
	at com.st.stm32cube.ide.mpu.remote.serial.internal.SerialPortProviderWindows.run(SerialPortProviderWindows.java:127)
	at java.base/java.util.TimerThread.mainLoop(Timer.java:566)
	at java.base/java.util.TimerThread.run(Timer.java:516)

!ENTRY com.st.stm32cube.ide.mpu.remote.serial 4 0 2026-04-03 17:36:58.055
!MESSAGE Failed to parse wmic output
!STACK 0
org.xml.sax.SAXParseException; lineNumber: 1; columnNumber: 1; Premature end of file.
	at java.xml/com.sun.org.apache.xerces.internal.parsers.DOMParser.parse(DOMParser.java:262)
	at java.xml/com.sun.org.apache.xerces.internal.jaxp.DocumentBuilderImpl.parse(DocumentBuilderImpl.java:342)
	at com.st.stm32cube.ide.mpu.remote.serial.internal.SerialPortProviderWindows.run(SerialPortProviderWindows.java:127)
	at java.base/java.util.TimerThread.mainLoop(Timer.java:566)
	at java.base/java.util.TimerThread.run(Timer.java:516)

!ENTRY com.st.stm32cube.ide.mpu.remote.serial 4 0 2026-04-03 17:36:59.060
!MESSAGE Failed to parse wmic output
!STACK 0
org.xml.sax.SAXParseException; lineNumber: 1; columnNumber: 1; Premature end of file.
	at java.xml/com.sun.org.apache.xerces.internal.parsers.DOMParser.parse(DOMParser.java:262)
	at java.xml/com.sun.org.apache.xerces.internal.jaxp.DocumentBuilderImpl.parse(DocumentBuilderImpl.java:342)
	at com.st.stm32cube.ide.mpu.remote.serial.internal.SerialPortProviderWindows.run(SerialPortProviderWindows.java:127)
	at java.base/java.util.TimerThread.mainLoop(Timer.java:566)
	at java.base/java.util.TimerThread.run(Timer.java:516)

!ENTRY com.st.stm32cube.ide.mpu.remote.serial 4 0 2026-04-03 17:37:00.057
!MESSAGE Failed to parse wmic output
!STACK 0
org.xml.sax.SAXParseException; lineNumber: 1; columnNumber: 1; Premature end of file.
	at java.xml/com.sun.org.apache.xerces.internal.parsers.DOMParser.parse(DOMParser.java:262)
	at java.xml/com.sun.org.apache.xerces.internal.jaxp.DocumentBuilderImpl.parse(DocumentBuilderImpl.java:342)
	at com.st.stm32cube.ide.mpu.remote.serial.internal.SerialPortProviderWindows.run(SerialPortProviderWindows.java:127)
	at java.base/java.util.TimerThread.mainLoop(Timer.java:566)
	at java.base/java.util.TimerThread.run(Timer.java:516)

!ENTRY com.st.stm32cube.ide.mpu.remote.serial 4 0 2026-04-03 17:37:01.059
!MESSAGE Failed to parse wmic output
!STACK 0
org.xml.sax.SAXParseException; lineNumber: 1; columnNumber: 1; Premature end of file.
	at java.xml/com.sun.org.apache.xerces.internal.parsers.DOMParser.parse(DOMParser.java:262)
	at java.xml/com.sun.org.apache.xerces.internal.jaxp.DocumentBuilderImpl.parse(DocumentBuilderImpl.java:342)
	at com.st.stm32cube.ide.mpu.remote.serial.internal.SerialPortProviderWindows.run(SerialPortProviderWindows.java:127)
	at java.base/java.util.TimerThread.mainLoop(Timer.java:566)
	at java.base/java.util.TimerThread.run(Timer.java:516)

!ENTRY com.st.stm32cube.ide.mpu.remote.serial 4 0 2026-04-03 17:37:02.061
!MESSAGE Failed to parse wmic output
!STACK 0
org.xml.sax.SAXParseException; lineNumber: 1; columnNumber: 1; Premature end of file.
	at java.xml/com.sun.org.apache.xerces.internal.parsers.DOMParser.parse(DOMParser.java:262)
	at java.xml/com.sun.org.apache.xerces.internal.jaxp.DocumentBuilderImpl.parse(DocumentBuilderImpl.java:342)
	at com.st.stm32cube.ide.mpu.remote.serial.internal.SerialPortProviderWindows.run(SerialPortProviderWindows.java:127)
	at java.base/java.util.TimerThread.mainLoop(Timer.java:566)
	at java.base/java.util.TimerThread.run(Timer.java:516)

!ENTRY com.st.stm32cube.ide.mpu.remote.serial 4 0 2026-04-03 17:37:03.056
!MESSAGE Failed to parse wmic output
!STACK 0
org.xml.sax.SAXParseException; lineNumber: 1; columnNumber: 1; Premature end of file.
	at java.xml/com.sun.org.apache.xerces.internal.parsers.DOMParser.parse(DOMParser.java:262)
	at java.xml/com.sun.org.apache.xerces.internal.jaxp.DocumentBuilderImpl.parse(DocumentBuilderImpl.java:342)
	at com.st.stm32cube.ide.mpu.remote.serial.internal.SerialPortProviderWindows.run(SerialPortProviderWindows.java:127)
	at java.base/java.util.TimerThread.mainLoop(Timer.java:566)
	at java.base/java.util.TimerThread.run(Timer.java:516)

!ENTRY com.st.stm32cube.ide.mpu.remote.serial 4 0 2026-04-03 17:37:04.056
!MESSAGE Failed to parse wmic output
!STACK 0
org.xml.sax.SAXParseException; lineNumber: 1; columnNumber: 1; Premature end of file.
	at java.xml/com.sun.org.apache.xerces.internal.parsers.DOMParser.parse(DOMParser.java:262)
	at java.xml/com.sun.org.apache.xerces.internal.jaxp.DocumentBuilderImpl.parse(DocumentBuilderImpl.java:342)
	at com.st.stm32cube.ide.mpu.remote.serial.internal.SerialPortProviderWindows.run(SerialPortProviderWindows.java:127)
	at java.base/java.util.TimerThread.mainLoop(Timer.java:566)
	at java.base/java.util.TimerThread.run(Timer.java:516)

!ENTRY com.st.stm32cube.ide.mpu.remote.serial 4 0 2026-04-03 17:37:05.052
!MESSAGE Failed to parse wmic output
!STACK 0
org.xml.sax.SAXParseException; lineNumber: 1; columnNumber: 1; Premature end of file.
	at java.xml/com.sun.org.apache.xerces.internal.parsers.DOMParser.parse(DOMParser.java:262)
	at java.xml/com.sun.org.apache.xerces.internal.jaxp.DocumentBuilderImpl.parse(DocumentBuilderImpl.java:342)
	at com.st.stm32cube.ide.mpu.remote.serial.internal.SerialPortProviderWindows.run(SerialPortProviderWindows.java:127)
	at java.base/java.util.TimerThread.mainLoop(Timer.java:566)
	at java.base/java.util.TimerThread.run(Timer.java:516)

!ENTRY com.st.stm32cube.ide.mpu.remote.serial 4 0 2026-04-03 17:37:06.060
!MESSAGE Failed to parse wmic output
!STACK 0
org.xml.sax.SAXParseException; lineNumber: 1; columnNumber: 1; Premature end of file.
	at java.xml/com.sun.org.apache.xerces.internal.parsers.DOMParser.parse(DOMParser.java:262)
	at java.xml/com.sun.org.apache.xerces.internal.jaxp.DocumentBuilderImpl.parse(DocumentBuilderImpl.java:342)
	at com.st.stm32cube.ide.mpu.remote.serial.internal.SerialPortProviderWindows.run(SerialPortProviderWindows.java:127)
	at java.base/java.util.TimerThread.mainLoop(Timer.java:566)
	at java.base/java.util.TimerThread.run(Timer.java:516)

!ENTRY com.st.stm32cube.ide.mpu.remote.serial 4 0 2026-04-03 17:37:07.055
!MESSAGE Failed to parse wmic output
!STACK 0
org.xml.sax.SAXParseException; lineNumber: 1; columnNumber: 1; Premature end of file.
	at java.xml/com.sun.org.apache.xerces.internal.parsers.DOMParser.parse(DOMParser.java:262)
	at java.xml/com.sun.org.apache.xerces.internal.jaxp.DocumentBuilderImpl.parse(DocumentBuilderImpl.java:342)
	at com.st.stm32cube.ide.mpu.remote.serial.internal.SerialPortProviderWindows.run(SerialPortProviderWindows.java:127)
	at java.base/java.util.TimerThread.mainLoop(Timer.java:566)
	at java.base/java.util.TimerThread.run(Timer.java:516)

!ENTRY com.st.stm32cube.ide.mpu.remote.serial 4 0 2026-04-03 17:37:08.058
!MESSAGE Failed to parse wmic output
!STACK 0
org.xml.sax.SAXParseException; lineNumber: 1; columnNumber: 1; Premature end of file.
	at java.xml/com.sun.org.apache.xerces.internal.parsers.DOMParser.parse(DOMParser.java:262)
	at java.xml/com.sun.org.apache.xerces.internal.jaxp.DocumentBuilderImpl.parse(DocumentBuilderImpl.java:342)
	at com.st.stm32cube.ide.mpu.remote.serial.internal.SerialPortProviderWindows.run(SerialPortProviderWindows.java:127)
	at java.base/java.util.TimerThread.mainLoop(Timer.java:566)
	at java.base/java.util.TimerThread.run(Timer.java:516)

!ENTRY com.st.stm32cube.ide.mpu.remote.serial 4 0 2026-04-03 17:37:09.056
!MESSAGE Failed to parse wmic output
!STACK 0
org.xml.sax.SAXParseException; lineNumber: 1; columnNumber: 1; Premature end of file.
	at java.xml/com.sun.org.apache.xerces.internal.parsers.DOMParser.parse(DOMParser.java:262)
	at java.xml/com.sun.org.apache.xerces.internal.jaxp.DocumentBuilderImpl.parse(DocumentBuilderImpl.java:342)
	at com.st.stm32cube.ide.mpu.remote.serial.internal.SerialPortProviderWindows.run(SerialPortProviderWindows.java:127)
	at java.base/java.util.TimerThread.mainLoop(Timer.java:566)
	at java.base/java.util.TimerThread.run(Timer.java:516)

!ENTRY com.st.stm32cube.ide.mpu.remote.serial 4 0 2026-04-03 17:37:10.076
!MESSAGE Failed to parse wmic output
!STACK 0
org.xml.sax.SAXParseException; lineNumber: 1; columnNumber: 1; Premature end of file.
	at java.xml/com.sun.org.apache.xerces.internal.parsers.DOMParser.parse(DOMParser.java:262)
	at java.xml/com.sun.org.apache.xerces.internal.jaxp.DocumentBuilderImpl.parse(DocumentBuilderImpl.java:342)
	at com.st.stm32cube.ide.mpu.remote.serial.internal.SerialPortProviderWindows.run(SerialPortProviderWindows.java:127)
	at java.base/java.util.TimerThread.mainLoop(Timer.java:566)
	at java.base/java.util.TimerThread.run(Timer.java:516)

!ENTRY com.st.stm32cube.ide.mpu.remote.serial 4 0 2026-04-03 17:37:11.078
!MESSAGE Failed to parse wmic output
!STACK 0
org.xml.sax.SAXParseException; lineNumber: 1; columnNumber: 1; Premature end of file.
	at java.xml/com.sun.org.apache.xerces.internal.parsers.DOMParser.parse(DOMParser.java:262)
	at java.xml/com.sun.org.apache.xerces.internal.jaxp.DocumentBuilderImpl.parse(DocumentBuilderImpl.java:342)
	at com.st.stm32cube.ide.mpu.remote.serial.internal.SerialPortProviderWindows.run(SerialPortProviderWindows.java:127)
	at java.base/java.util.TimerThread.mainLoop(Timer.java:566)
	at java.base/java.util.TimerThread.run(Timer.java:516)

!ENTRY com.st.stm32cube.ide.mpu.remote.serial 4 0 2026-04-03 17:37:12.107
!MESSAGE Failed to parse wmic output
!STACK 0
org.xml.sax.SAXParseException; lineNumber: 1; columnNumber: 1; Premature end of file.
	at java.xml/com.sun.org.apache.xerces.internal.parsers.DOMParser.parse(DOMParser.java:262)
	at java.xml/com.sun.org.apache.xerces.internal.jaxp.DocumentBuilderImpl.parse(DocumentBuilderImpl.java:342)
	at com.st.stm32cube.ide.mpu.remote.serial.internal.SerialPortProviderWindows.run(SerialPortProviderWindows.java:127)
	at java.base/java.util.TimerThread.mainLoop(Timer.java:566)
	at java.base/java.util.TimerThread.run(Timer.java:516)

!ENTRY com.st.stm32cube.ide.mpu.remote.serial 4 0 2026-04-03 17:37:13.080
!MESSAGE Failed to parse wmic output
!STACK 0
org.xml.sax.SAXParseException; lineNumber: 1; columnNumber: 1; Premature end of file.
	at java.xml/com.sun.org.apache.xerces.internal.parsers.DOMParser.parse(DOMParser.java:262)
	at java.xml/com.sun.org.apache.xerces.internal.jaxp.DocumentBuilderImpl.parse(DocumentBuilderImpl.java:342)
	at com.st.stm32cube.ide.mpu.remote.serial.internal.SerialPortProviderWindows.run(SerialPortProviderWindows.java:127)
	at java.base/java.util.TimerThread.mainLoop(Timer.java:566)
	at java.base/java.util.TimerThread.run(Timer.java:516)

!ENTRY com.st.stm32cube.ide.mpu.remote.serial 4 0 2026-04-03 17:37:14.071
!MESSAGE Failed to parse wmic output
!STACK 0
org.xml.sax.SAXParseException; lineNumber: 1; columnNumber: 1; Premature end of file.
	at java.xml/com.sun.org.apache.xerces.internal.parsers.DOMParser.parse(DOMParser.java:262)
	at java.xml/com.sun.org.apache.xerces.internal.jaxp.DocumentBuilderImpl.parse(DocumentBuilderImpl.java:342)
	at com.st.stm32cube.ide.mpu.remote.serial.internal.SerialPortProviderWindows.run(SerialPortProviderWindows.java:127)
	at java.base/java.util.TimerThread.mainLoop(Timer.java:566)
	at java.base/java.util.TimerThread.run(Timer.java:516)

!ENTRY com.st.stm32cube.ide.mpu.remote.serial 4 0 2026-04-03 17:37:15.053
!MESSAGE Failed to parse wmic output
!STACK 0
org.xml.sax.SAXParseException; lineNumber: 1; columnNumber: 1; Premature end of file.
	at java.xml/com.sun.org.apache.xerces.internal.parsers.DOMParser.parse(DOMParser.java:262)
	at java.xml/com.sun.org.apache.xerces.internal.jaxp.DocumentBuilderImpl.parse(DocumentBuilderImpl.java:342)
	at com.st.stm32cube.ide.mpu.remote.serial.internal.SerialPortProviderWindows.run(SerialPortProviderWindows.java:127)
	at java.base/java.util.TimerThread.mainLoop(Timer.java:566)
	at java.base/java.util.TimerThread.run(Timer.java:516)

!ENTRY com.st.stm32cube.ide.mpu.remote.serial 4 0 2026-04-03 17:37:16.055
!MESSAGE Failed to parse wmic output
!STACK 0
org.xml.sax.SAXParseException; lineNumber: 1; columnNumber: 1; Premature end of file.
	at java.xml/com.sun.org.apache.xerces.internal.parsers.DOMParser.parse(DOMParser.java:262)
	at java.xml/com.sun.org.apache.xerces.internal.jaxp.DocumentBuilderImpl.parse(DocumentBuilderImpl.java:342)
	at com.st.stm32cube.ide.mpu.remote.serial.internal.SerialPortProviderWindows.run(SerialPortProviderWindows.java:127)
	at java.base/java.util.TimerThread.mainLoop(Timer.java:566)
	at java.base/java.util.TimerThread.run(Timer.java:516)

!ENTRY com.st.stm32cube.ide.mpu.remote.serial 4 0 2026-04-03 17:37:17.066
!MESSAGE Failed to parse wmic output
!STACK 0
org.xml.sax.SAXParseException; lineNumber: 1; columnNumber: 1; Premature end of file.
	at java.xml/com.sun.org.apache.xerces.internal.parsers.DOMParser.parse(DOMParser.java:262)
	at java.xml/com.sun.org.apache.xerces.internal.jaxp.DocumentBuilderImpl.parse(DocumentBuilderImpl.java:342)
	at com.st.stm32cube.ide.mpu.remote.serial.internal.SerialPortProviderWindows.run(SerialPortProviderWindows.java:127)
	at java.base/java.util.TimerThread.mainLoop(Timer.java:566)
	at java.base/java.util.TimerThread.run(Timer.java:516)

!ENTRY com.st.stm32cube.ide.mpu.remote.serial 4 0 2026-04-03 17:37:18.086
!MESSAGE Failed to parse wmic output
!STACK 0
org.xml.sax.SAXParseException; lineNumber: 1; columnNumber: 1; Premature end of file.
	at java.xml/com.sun.org.apache.xerces.internal.parsers.DOMParser.parse(DOMParser.java:262)
	at java.xml/com.sun.org.apache.xerces.internal.jaxp.DocumentBuilderImpl.parse(DocumentBuilderImpl.java:342)
	at com.st.stm32cube.ide.mpu.remote.serial.internal.SerialPortProviderWindows.run(SerialPortProviderWindows.java:127)
	at java.base/java.util.TimerThread.mainLoop(Timer.java:566)
	at java.base/java.util.TimerThread.run(Timer.java:516)

!ENTRY com.st.stm32cube.ide.mpu.remote.serial 4 0 2026-04-03 17:37:19.054
!MESSAGE Failed to parse wmic output
!STACK 0
org.xml.sax.SAXParseException; lineNumber: 1; columnNumber: 1; Premature end of file.
	at java.xml/com.sun.org.apache.xerces.internal.parsers.DOMParser.parse(DOMParser.java:262)
	at java.xml/com.sun.org.apache.xerces.internal.jaxp.DocumentBuilderImpl.parse(DocumentBuilderImpl.java:342)
	at com.st.stm32cube.ide.mpu.remote.serial.internal.SerialPortProviderWindows.run(SerialPortProviderWindows.java:127)
	at java.base/java.util.TimerThread.mainLoop(Timer.java:566)
	at java.base/java.util.TimerThread.run(Timer.java:516)

!ENTRY com.st.stm32cube.ide.mpu.remote.serial 4 0 2026-04-03 17:37:20.079
!MESSAGE Failed to parse wmic output
!STACK 0
org.xml.sax.SAXParseException; lineNumber: 1; columnNumber: 1; Premature end of file.
	at java.xml/com.sun.org.apache.xerces.internal.parsers.DOMParser.parse(DOMParser.java:262)
	at java.xml/com.sun.org.apache.xerces.internal.jaxp.DocumentBuilderImpl.parse(DocumentBuilderImpl.java:342)
	at com.st.stm32cube.ide.mpu.remote.serial.internal.SerialPortProviderWindows.run(SerialPortProviderWindows.java:127)
	at java.base/java.util.TimerThread.mainLoop(Timer.java:566)
	at java.base/java.util.TimerThread.run(Timer.java:516)

!ENTRY com.st.stm32cube.ide.mpu.remote.serial 4 0 2026-04-03 17:37:21.074
!MESSAGE Failed to parse wmic output
!STACK 0
org.xml.sax.SAXParseException; lineNumber: 1; columnNumber: 1; Premature end of file.
	at java.xml/com.sun.org.apache.xerces.internal.parsers.DOMParser.parse(DOMParser.java:262)
	at java.xml/com.sun.org.apache.xerces.internal.jaxp.DocumentBuilderImpl.parse(DocumentBuilderImpl.java:342)
	at com.st.stm32cube.ide.mpu.remote.serial.internal.SerialPortProviderWindows.run(SerialPortProviderWindows.java:127)
	at java.base/java.util.TimerThread.mainLoop(Timer.java:566)
	at java.base/java.util.TimerThread.run(Timer.java:516)

!ENTRY com.st.stm32cube.ide.mpu.remote.serial 4 0 2026-04-03 17:37:22.078
!MESSAGE Failed to parse wmic output
!STACK 0
org.xml.sax.SAXParseException; lineNumber: 1; columnNumber: 1; Premature end of file.
	at java.xml/com.sun.org.apache.xerces.internal.parsers.DOMParser.parse(DOMParser.java:262)
	at java.xml/com.sun.org.apache.xerces.internal.jaxp.DocumentBuilderImpl.parse(DocumentBuilderImpl.java:342)
	at com.st.stm32cube.ide.mpu.remote.serial.internal.SerialPortProviderWindows.run(SerialPortProviderWindows.java:127)
	at java.base/java.util.TimerThread.mainLoop(Timer.java:566)
	at java.base/java.util.TimerThread.run(Timer.java:516)

!ENTRY com.st.stm32cube.ide.mpu.remote.serial 4 0 2026-04-03 17:37:23.077
!MESSAGE Failed to parse wmic output
!STACK 0
org.xml.sax.SAXParseException; lineNumber: 1; columnNumber: 1; Premature end of file.
	at java.xml/com.sun.org.apache.xerces.internal.parsers.DOMParser.parse(DOMParser.java:262)
	at java.xml/com.sun.org.apache.xerces.internal.jaxp.DocumentBuilderImpl.parse(DocumentBuilderImpl.java:342)
	at com.st.stm32cube.ide.mpu.remote.serial.internal.SerialPortProviderWindows.run(SerialPortProviderWindows.java:127)
	at java.base/java.util.TimerThread.mainLoop(Timer.java:566)
	at java.base/java.util.TimerThread.run(Timer.java:516)

!ENTRY com.st.stm32cube.ide.mpu.remote.serial 4 0 2026-04-03 17:37:24.082
!MESSAGE Failed to parse wmic output
!STACK 0
org.xml.sax.SAXParseException; lineNumber: 1; columnNumber: 1; Premature end of file.
	at java.xml/com.sun.org.apache.xerces.internal.parsers.DOMParser.parse(DOMParser.java:262)
	at java.xml/com.sun.org.apache.xerces.internal.jaxp.DocumentBuilderImpl.parse(DocumentBuilderImpl.java:342)
	at com.st.stm32cube.ide.mpu.remote.serial.internal.SerialPortProviderWindows.run(SerialPortProviderWindows.java:127)
	at java.base/java.util.TimerThread.mainLoop(Timer.java:566)
	at java.base/java.util.TimerThread.run(Timer.java:516)

!ENTRY com.st.stm32cube.ide.mpu.remote.serial 4 0 2026-04-03 17:37:25.088
!MESSAGE Failed to parse wmic output
!STACK 0
org.xml.sax.SAXParseException; lineNumber: 1; columnNumber: 1; Premature end of file.
	at java.xml/com.sun.org.apache.xerces.internal.parsers.DOMParser.parse(DOMParser.java:262)
	at java.xml/com.sun.org.apache.xerces.internal.jaxp.DocumentBuilderImpl.parse(DocumentBuilderImpl.java:342)
	at com.st.stm32cube.ide.mpu.remote.serial.internal.SerialPortProviderWindows.run(SerialPortProviderWindows.java:127)
	at java.base/java.util.TimerThread.mainLoop(Timer.java:566)
	at java.base/java.util.TimerThread.run(Timer.java:516)

!ENTRY com.st.stm32cube.ide.mpu.remote.serial 4 0 2026-04-03 17:37:26.081
!MESSAGE Failed to parse wmic output
!STACK 0
org.xml.sax.SAXParseException; lineNumber: 1; columnNumber: 1; Premature end of file.
	at java.xml/com.sun.org.apache.xerces.internal.parsers.DOMParser.parse(DOMParser.java:262)
	at java.xml/com.sun.org.apache.xerces.internal.jaxp.DocumentBuilderImpl.parse(DocumentBuilderImpl.java:342)
	at com.st.stm32cube.ide.mpu.remote.serial.internal.SerialPortProviderWindows.run(SerialPortProviderWindows.java:127)
	at java.base/java.util.TimerThread.mainLoop(Timer.java:566)
	at java.base/java.util.TimerThread.run(Timer.java:516)

!ENTRY com.st.stm32cube.ide.mpu.remote.serial 4 0 2026-04-03 17:37:27.077
!MESSAGE Failed to parse wmic output
!STACK 0
org.xml.sax.SAXParseException; lineNumber: 1; columnNumber: 1; Premature end of file.
	at java.xml/com.sun.org.apache.xerces.internal.parsers.DOMParser.parse(DOMParser.java:262)
	at java.xml/com.sun.org.apache.xerces.internal.jaxp.DocumentBuilderImpl.parse(DocumentBuilderImpl.java:342)
	at com.st.stm32cube.ide.mpu.remote.serial.internal.SerialPortProviderWindows.run(SerialPortProviderWindows.java:127)
	at java.base/java.util.TimerThread.mainLoop(Timer.java:566)
	at java.base/java.util.TimerThread.run(Timer.java:516)

!ENTRY com.st.stm32cube.ide.mpu.remote.serial 4 0 2026-04-03 17:37:28.070
!MESSAGE Failed to parse wmic output
!STACK 0
org.xml.sax.SAXParseException; lineNumber: 1; columnNumber: 1; Premature end of file.
	at java.xml/com.sun.org.apache.xerces.internal.parsers.DOMParser.parse(DOMParser.java:262)
	at java.xml/com.sun.org.apache.xerces.internal.jaxp.DocumentBuilderImpl.parse(DocumentBuilderImpl.java:342)
	at com.st.stm32cube.ide.mpu.remote.serial.internal.SerialPortProviderWindows.run(SerialPortProviderWindows.java:127)
	at java.base/java.util.TimerThread.mainLoop(Timer.java:566)
	at java.base/java.util.TimerThread.run(Timer.java:516)

!ENTRY com.st.stm32cube.ide.mpu.remote.serial 4 0 2026-04-03 17:37:29.084
!MESSAGE Failed to parse wmic output
!STACK 0
org.xml.sax.SAXParseException; lineNumber: 1; columnNumber: 1; Premature end of file.
	at java.xml/com.sun.org.apache.xerces.internal.parsers.DOMParser.parse(DOMParser.java:262)
	at java.xml/com.sun.org.apache.xerces.internal.jaxp.DocumentBuilderImpl.parse(DocumentBuilderImpl.java:342)
	at com.st.stm32cube.ide.mpu.remote.serial.internal.SerialPortProviderWindows.run(SerialPortProviderWindows.java:127)
	at java.base/java.util.TimerThread.mainLoop(Timer.java:566)
	at java.base/java.util.TimerThread.run(Timer.java:516)

!ENTRY com.st.stm32cube.ide.mpu.remote.serial 4 0 2026-04-03 17:37:30.054
!MESSAGE Failed to parse wmic output
!STACK 0
org.xml.sax.SAXParseException; lineNumber: 1; columnNumber: 1; Premature end of file.
	at java.xml/com.sun.org.apache.xerces.internal.parsers.DOMParser.parse(DOMParser.java:262)
	at java.xml/com.sun.org.apache.xerces.internal.jaxp.DocumentBuilderImpl.parse(DocumentBuilderImpl.java:342)
	at com.st.stm32cube.ide.mpu.remote.serial.internal.SerialPortProviderWindows.run(SerialPortProviderWindows.java:127)
	at java.base/java.util.TimerThread.mainLoop(Timer.java:566)
	at java.base/java.util.TimerThread.run(Timer.java:516)

!ENTRY com.st.stm32cube.ide.mpu.remote.serial 4 0 2026-04-03 17:37:31.083
!MESSAGE Failed to parse wmic output
!STACK 0
org.xml.sax.SAXParseException; lineNumber: 1; columnNumber: 1; Premature end of file.
	at java.xml/com.sun.org.apache.xerces.internal.parsers.DOMParser.parse(DOMParser.java:262)
	at java.xml/com.sun.org.apache.xerces.internal.jaxp.DocumentBuilderImpl.parse(DocumentBuilderImpl.java:342)
	at com.st.stm32cube.ide.mpu.remote.serial.internal.SerialPortProviderWindows.run(SerialPortProviderWindows.java:127)
	at java.base/java.util.TimerThread.mainLoop(Timer.java:566)
	at java.base/java.util.TimerThread.run(Timer.java:516)

!ENTRY com.st.stm32cube.ide.mpu.remote.serial 4 0 2026-04-03 17:37:32.056
!MESSAGE Failed to parse wmic output
!STACK 0
org.xml.sax.SAXParseException; lineNumber: 1; columnNumber: 1; Premature end of file.
	at java.xml/com.sun.org.apache.xerces.internal.parsers.DOMParser.parse(DOMParser.java:262)
	at java.xml/com.sun.org.apache.xerces.internal.jaxp.DocumentBuilderImpl.parse(DocumentBuilderImpl.java:342)
	at com.st.stm32cube.ide.mpu.remote.serial.internal.SerialPortProviderWindows.run(SerialPortProviderWindows.java:127)
	at java.base/java.util.TimerThread.mainLoop(Timer.java:566)
	at java.base/java.util.TimerThread.run(Timer.java:516)

!ENTRY com.st.stm32cube.ide.mpu.remote.serial 4 0 2026-04-03 17:37:33.055
!MESSAGE Failed to parse wmic output
!STACK 0
org.xml.sax.SAXParseException; lineNumber: 1; columnNumber: 1; Premature end of file.
	at java.xml/com.sun.org.apache.xerces.internal.parsers.DOMParser.parse(DOMParser.java:262)
	at java.xml/com.sun.org.apache.xerces.internal.jaxp.DocumentBuilderImpl.parse(DocumentBuilderImpl.java:342)
	at com.st.stm32cube.ide.mpu.remote.serial.internal.SerialPortProviderWindows.run(SerialPortProviderWindows.java:127)
	at java.base/java.util.TimerThread.mainLoop(Timer.java:566)
	at java.base/java.util.TimerThread.run(Timer.java:516)

!ENTRY com.st.stm32cube.ide.mpu.remote.serial 4 0 2026-04-03 17:37:34.061
!MESSAGE Failed to parse wmic output
!STACK 0
org.xml.sax.SAXParseException; lineNumber: 1; columnNumber: 1; Premature end of file.
	at java.xml/com.sun.org.apache.xerces.internal.parsers.DOMParser.parse(DOMParser.java:262)
	at java.xml/com.sun.org.apache.xerces.internal.jaxp.DocumentBuilderImpl.parse(DocumentBuilderImpl.java:342)
	at com.st.stm32cube.ide.mpu.remote.serial.internal.SerialPortProviderWindows.run(SerialPortProviderWindows.java:127)
	at java.base/java.util.TimerThread.mainLoop(Timer.java:566)
	at java.base/java.util.TimerThread.run(Timer.java:516)

!ENTRY com.st.stm32cube.ide.mpu.remote.serial 4 0 2026-04-03 17:37:35.075
!MESSAGE Failed to parse wmic output
!STACK 0
org.xml.sax.SAXParseException; lineNumber: 1; columnNumber: 1; Premature end of file.
	at java.xml/com.sun.org.apache.xerces.internal.parsers.DOMParser.parse(DOMParser.java:262)
	at java.xml/com.sun.org.apache.xerces.internal.jaxp.DocumentBuilderImpl.parse(DocumentBuilderImpl.java:342)
	at com.st.stm32cube.ide.mpu.remote.serial.internal.SerialPortProviderWindows.run(SerialPortProviderWindows.java:127)
	at java.base/java.util.TimerThread.mainLoop(Timer.java:566)
	at java.base/java.util.TimerThread.run(Timer.java:516)

!ENTRY com.st.stm32cube.ide.mpu.remote.serial 4 0 2026-04-03 17:37:36.065
!MESSAGE Failed to parse wmic output
!STACK 0
org.xml.sax.SAXParseException; lineNumber: 1; columnNumber: 1; Premature end of file.
	at java.xml/com.sun.org.apache.xerces.internal.parsers.DOMParser.parse(DOMParser.java:262)
	at java.xml/com.sun.org.apache.xerces.internal.jaxp.DocumentBuilderImpl.parse(DocumentBuilderImpl.java:342)
	at com.st.stm32cube.ide.mpu.remote.serial.internal.SerialPortProviderWindows.run(SerialPortProviderWindows.java:127)
	at java.base/java.util.TimerThread.mainLoop(Timer.java:566)
	at java.base/java.util.TimerThread.run(Timer.java:516)

!ENTRY com.st.stm32cube.ide.mpu.remote.serial 4 0 2026-04-03 17:37:37.057
!MESSAGE Failed to parse wmic output
!STACK 0
org.xml.sax.SAXParseException; lineNumber: 1; columnNumber: 1; Premature end of file.
	at java.xml/com.sun.org.apache.xerces.internal.parsers.DOMParser.parse(DOMParser.java:262)
	at java.xml/com.sun.org.apache.xerces.internal.jaxp.DocumentBuilderImpl.parse(DocumentBuilderImpl.java:342)
	at com.st.stm32cube.ide.mpu.remote.serial.internal.SerialPortProviderWindows.run(SerialPortProviderWindows.java:127)
	at java.base/java.util.TimerThread.mainLoop(Timer.java:566)
	at java.base/java.util.TimerThread.run(Timer.java:516)

!ENTRY com.st.stm32cube.ide.mpu.remote.serial 4 0 2026-04-03 17:37:38.074
!MESSAGE Failed to parse wmic output
!STACK 0
org.xml.sax.SAXParseException; lineNumber: 1; columnNumber: 1; Premature end of file.
	at java.xml/com.sun.org.apache.xerces.internal.parsers.DOMParser.parse(DOMParser.java:262)
	at java.xml/com.sun.org.apache.xerces.internal.jaxp.DocumentBuilderImpl.parse(DocumentBuilderImpl.java:342)
	at com.st.stm32cube.ide.mpu.remote.serial.internal.SerialPortProviderWindows.run(SerialPortProviderWindows.java:127)
	at java.base/java.util.TimerThread.mainLoop(Timer.java:566)
	at java.base/java.util.TimerThread.run(Timer.java:516)

!ENTRY com.st.stm32cube.ide.mpu.remote.serial 4 0 2026-04-03 17:37:39.074
!MESSAGE Failed to parse wmic output
!STACK 0
org.xml.sax.SAXParseException; lineNumber: 1; columnNumber: 1; Premature end of file.
	at java.xml/com.sun.org.apache.xerces.internal.parsers.DOMParser.parse(DOMParser.java:262)
	at java.xml/com.sun.org.apache.xerces.internal.jaxp.DocumentBuilderImpl.parse(DocumentBuilderImpl.java:342)
	at com.st.stm32cube.ide.mpu.remote.serial.internal.SerialPortProviderWindows.run(SerialPortProviderWindows.java:127)
	at java.base/java.util.TimerThread.mainLoop(Timer.java:566)
	at java.base/java.util.TimerThread.run(Timer.java:516)

!ENTRY com.st.stm32cube.ide.mpu.remote.serial 4 0 2026-04-03 17:37:40.057
!MESSAGE Failed to parse wmic output
!STACK 0
org.xml.sax.SAXParseException; lineNumber: 1; columnNumber: 1; Premature end of file.
	at java.xml/com.sun.org.apache.xerces.internal.parsers.DOMParser.parse(DOMParser.java:262)
	at java.xml/com.sun.org.apache.xerces.internal.jaxp.DocumentBuilderImpl.parse(DocumentBuilderImpl.java:342)
	at com.st.stm32cube.ide.mpu.remote.serial.internal.SerialPortProviderWindows.run(SerialPortProviderWindows.java:127)
	at java.base/java.util.TimerThread.mainLoop(Timer.java:566)
	at java.base/java.util.TimerThread.run(Timer.java:516)

!ENTRY com.st.stm32cube.ide.mpu.remote.serial 4 0 2026-04-03 17:37:41.056
!MESSAGE Failed to parse wmic output
!STACK 0
org.xml.sax.SAXParseException; lineNumber: 1; columnNumber: 1; Premature end of file.
	at java.xml/com.sun.org.apache.xerces.internal.parsers.DOMParser.parse(DOMParser.java:262)
	at java.xml/com.sun.org.apache.xerces.internal.jaxp.DocumentBuilderImpl.parse(DocumentBuilderImpl.java:342)
	at com.st.stm32cube.ide.mpu.remote.serial.internal.SerialPortProviderWindows.run(SerialPortProviderWindows.java:127)
	at java.base/java.util.TimerThread.mainLoop(Timer.java:566)
	at java.base/java.util.TimerThread.run(Timer.java:516)

!ENTRY com.st.stm32cube.ide.mpu.remote.serial 4 0 2026-04-03 17:37:42.056
!MESSAGE Failed to parse wmic output
!STACK 0
org.xml.sax.SAXParseException; lineNumber: 1; columnNumber: 1; Premature end of file.
	at java.xml/com.sun.org.apache.xerces.internal.parsers.DOMParser.parse(DOMParser.java:262)
	at java.xml/com.sun.org.apache.xerces.internal.jaxp.DocumentBuilderImpl.parse(DocumentBuilderImpl.java:342)
	at com.st.stm32cube.ide.mpu.remote.serial.internal.SerialPortProviderWindows.run(SerialPortProviderWindows.java:127)
	at java.base/java.util.TimerThread.mainLoop(Timer.java:566)
	at java.base/java.util.TimerThread.run(Timer.java:516)

!ENTRY com.st.stm32cube.ide.mpu.remote.serial 4 0 2026-04-03 17:37:43.060
!MESSAGE Failed to parse wmic output
!STACK 0
org.xml.sax.SAXParseException; lineNumber: 1; columnNumber: 1; Premature end of file.
	at java.xml/com.sun.org.apache.xerces.internal.parsers.DOMParser.parse(DOMParser.java:262)
	at java.xml/com.sun.org.apache.xerces.internal.jaxp.DocumentBuilderImpl.parse(DocumentBuilderImpl.java:342)
	at com.st.stm32cube.ide.mpu.remote.serial.internal.SerialPortProviderWindows.run(SerialPortProviderWindows.java:127)
	at java.base/java.util.TimerThread.mainLoop(Timer.java:566)
	at java.base/java.util.TimerThread.run(Timer.java:516)

!ENTRY com.st.stm32cube.ide.mpu.remote.serial 4 0 2026-04-03 17:37:44.056
!MESSAGE Failed to parse wmic output
!STACK 0
org.xml.sax.SAXParseException; lineNumber: 1; columnNumber: 1; Premature end of file.
	at java.xml/com.sun.org.apache.xerces.internal.parsers.DOMParser.parse(DOMParser.java:262)
	at java.xml/com.sun.org.apache.xerces.internal.jaxp.DocumentBuilderImpl.parse(DocumentBuilderImpl.java:342)
	at com.st.stm32cube.ide.mpu.remote.serial.internal.SerialPortProviderWindows.run(SerialPortProviderWindows.java:127)
	at java.base/java.util.TimerThread.mainLoop(Timer.java:566)
	at java.base/java.util.TimerThread.run(Timer.java:516)

!ENTRY com.st.stm32cube.ide.mpu.remote.serial 4 0 2026-04-03 17:37:45.056
!MESSAGE Failed to parse wmic output
!STACK 0
org.xml.sax.SAXParseException; lineNumber: 1; columnNumber: 1; Premature end of file.
	at java.xml/com.sun.org.apache.xerces.internal.parsers.DOMParser.parse(DOMParser.java:262)
	at java.xml/com.sun.org.apache.xerces.internal.jaxp.DocumentBuilderImpl.parse(DocumentBuilderImpl.java:342)
	at com.st.stm32cube.ide.mpu.remote.serial.internal.SerialPortProviderWindows.run(SerialPortProviderWindows.java:127)
	at java.base/java.util.TimerThread.mainLoop(Timer.java:566)
	at java.base/java.util.TimerThread.run(Timer.java:516)

!ENTRY com.st.stm32cube.ide.mpu.remote.serial 4 0 2026-04-03 17:37:46.060
!MESSAGE Failed to parse wmic output
!STACK 0
org.xml.sax.SAXParseException; lineNumber: 1; columnNumber: 1; Premature end of file.
	at java.xml/com.sun.org.apache.xerces.internal.parsers.DOMParser.parse(DOMParser.java:262)
	at java.xml/com.sun.org.apache.xerces.internal.jaxp.DocumentBuilderImpl.parse(DocumentBuilderImpl.java:342)
	at com.st.stm32cube.ide.mpu.remote.serial.internal.SerialPortProviderWindows.run(SerialPortProviderWindows.java:127)
	at java.base/java.util.TimerThread.mainLoop(Timer.java:566)
	at java.base/java.util.TimerThread.run(Timer.java:516)

!ENTRY com.st.stm32cube.ide.mpu.remote.serial 4 0 2026-04-03 17:37:47.064
!MESSAGE Failed to parse wmic output
!STACK 0
org.xml.sax.SAXParseException; lineNumber: 1; columnNumber: 1; Premature end of file.
	at java.xml/com.sun.org.apache.xerces.internal.parsers.DOMParser.parse(DOMParser.java:262)
	at java.xml/com.sun.org.apache.xerces.internal.jaxp.DocumentBuilderImpl.parse(DocumentBuilderImpl.java:342)
	at com.st.stm32cube.ide.mpu.remote.serial.internal.SerialPortProviderWindows.run(SerialPortProviderWindows.java:127)
	at java.base/java.util.TimerThread.mainLoop(Timer.java:566)
	at java.base/java.util.TimerThread.run(Timer.java:516)

!ENTRY com.st.stm32cube.ide.mpu.remote.serial 4 0 2026-04-03 17:37:48.057
!MESSAGE Failed to parse wmic output
!STACK 0
org.xml.sax.SAXParseException; lineNumber: 1; columnNumber: 1; Premature end of file.
	at java.xml/com.sun.org.apache.xerces.internal.parsers.DOMParser.parse(DOMParser.java:262)
	at java.xml/com.sun.org.apache.xerces.internal.jaxp.DocumentBuilderImpl.parse(DocumentBuilderImpl.java:342)
	at com.st.stm32cube.ide.mpu.remote.serial.internal.SerialPortProviderWindows.run(SerialPortProviderWindows.java:127)
	at java.base/java.util.TimerThread.mainLoop(Timer.java:566)
	at java.base/java.util.TimerThread.run(Timer.java:516)

!ENTRY com.st.stm32cube.ide.mpu.remote.serial 4 0 2026-04-03 17:37:49.061
!MESSAGE Failed to parse wmic output
!STACK 0
org.xml.sax.SAXParseException; lineNumber: 1; columnNumber: 1; Premature end of file.
	at java.xml/com.sun.org.apache.xerces.internal.parsers.DOMParser.parse(DOMParser.java:262)
	at java.xml/com.sun.org.apache.xerces.internal.jaxp.DocumentBuilderImpl.parse(DocumentBuilderImpl.java:342)
	at com.st.stm32cube.ide.mpu.remote.serial.internal.SerialPortProviderWindows.run(SerialPortProviderWindows.java:127)
	at java.base/java.util.TimerThread.mainLoop(Timer.java:566)
	at java.base/java.util.TimerThread.run(Timer.java:516)

!ENTRY com.st.stm32cube.ide.mpu.remote.serial 4 0 2026-04-03 17:37:50.059
!MESSAGE Failed to parse wmic output
!STACK 0
org.xml.sax.SAXParseException; lineNumber: 1; columnNumber: 1; Premature end of file.
	at java.xml/com.sun.org.apache.xerces.internal.parsers.DOMParser.parse(DOMParser.java:262)
	at java.xml/com.sun.org.apache.xerces.internal.jaxp.DocumentBuilderImpl.parse(DocumentBuilderImpl.java:342)
	at com.st.stm32cube.ide.mpu.remote.serial.internal.SerialPortProviderWindows.run(SerialPortProviderWindows.java:127)
	at java.base/java.util.TimerThread.mainLoop(Timer.java:566)
	at java.base/java.util.TimerThread.run(Timer.java:516)

!ENTRY com.st.stm32cube.ide.mpu.remote.serial 4 0 2026-04-03 17:37:51.056
!MESSAGE Failed to parse wmic output
!STACK 0
org.xml.sax.SAXParseException; lineNumber: 1; columnNumber: 1; Premature end of file.
	at java.xml/com.sun.org.apache.xerces.internal.parsers.DOMParser.parse(DOMParser.java:262)
	at java.xml/com.sun.org.apache.xerces.internal.jaxp.DocumentBuilderImpl.parse(DocumentBuilderImpl.java:342)
	at com.st.stm32cube.ide.mpu.remote.serial.internal.SerialPortProviderWindows.run(SerialPortProviderWindows.java:127)
	at java.base/java.util.TimerThread.mainLoop(Timer.java:566)
	at java.base/java.util.TimerThread.run(Timer.java:516)

!ENTRY com.st.stm32cube.ide.mpu.remote.serial 4 0 2026-04-03 17:37:52.057
!MESSAGE Failed to parse wmic output
!STACK 0
org.xml.sax.SAXParseException; lineNumber: 1; columnNumber: 1; Premature end of file.
	at java.xml/com.sun.org.apache.xerces.internal.parsers.DOMParser.parse(DOMParser.java:262)
	at java.xml/com.sun.org.apache.xerces.internal.jaxp.DocumentBuilderImpl.parse(DocumentBuilderImpl.java:342)
	at com.st.stm32cube.ide.mpu.remote.serial.internal.SerialPortProviderWindows.run(SerialPortProviderWindows.java:127)
	at java.base/java.util.TimerThread.mainLoop(Timer.java:566)
	at java.base/java.util.TimerThread.run(Timer.java:516)

!ENTRY com.st.stm32cube.ide.mpu.remote.serial 4 0 2026-04-03 17:37:53.058
!MESSAGE Failed to parse wmic output
!STACK 0
org.xml.sax.SAXParseException; lineNumber: 1; columnNumber: 1; Premature end of file.
	at java.xml/com.sun.org.apache.xerces.internal.parsers.DOMParser.parse(DOMParser.java:262)
	at java.xml/com.sun.org.apache.xerces.internal.jaxp.DocumentBuilderImpl.parse(DocumentBuilderImpl.java:342)
	at com.st.stm32cube.ide.mpu.remote.serial.internal.SerialPortProviderWindows.run(SerialPortProviderWindows.java:127)
	at java.base/java.util.TimerThread.mainLoop(Timer.java:566)
	at java.base/java.util.TimerThread.run(Timer.java:516)

!ENTRY com.st.stm32cube.ide.mpu.remote.serial 4 0 2026-04-03 17:37:54.062
!MESSAGE Failed to parse wmic output
!STACK 0
org.xml.sax.SAXParseException; lineNumber: 1; columnNumber: 1; Premature end of file.
	at java.xml/com.sun.org.apache.xerces.internal.parsers.DOMParser.parse(DOMParser.java:262)
	at java.xml/com.sun.org.apache.xerces.internal.jaxp.DocumentBuilderImpl.parse(DocumentBuilderImpl.java:342)
	at com.st.stm32cube.ide.mpu.remote.serial.internal.SerialPortProviderWindows.run(SerialPortProviderWindows.java:127)
	at java.base/java.util.TimerThread.mainLoop(Timer.java:566)
	at java.base/java.util.TimerThread.run(Timer.java:516)

!ENTRY com.st.stm32cube.ide.mpu.remote.serial 4 0 2026-04-03 17:37:55.055
!MESSAGE Failed to parse wmic output
!STACK 0
org.xml.sax.SAXParseException; lineNumber: 1; columnNumber: 1; Premature end of file.
	at java.xml/com.sun.org.apache.xerces.internal.parsers.DOMParser.parse(DOMParser.java:262)
	at java.xml/com.sun.org.apache.xerces.internal.jaxp.DocumentBuilderImpl.parse(DocumentBuilderImpl.java:342)
	at com.st.stm32cube.ide.mpu.remote.serial.internal.SerialPortProviderWindows.run(SerialPortProviderWindows.java:127)
	at java.base/java.util.TimerThread.mainLoop(Timer.java:566)
	at java.base/java.util.TimerThread.run(Timer.java:516)

!ENTRY com.st.stm32cube.ide.mpu.remote.serial 4 0 2026-04-03 17:37:56.059
!MESSAGE Failed to parse wmic output
!STACK 0
org.xml.sax.SAXParseException; lineNumber: 1; columnNumber: 1; Premature end of file.
	at java.xml/com.sun.org.apache.xerces.internal.parsers.DOMParser.parse(DOMParser.java:262)
	at java.xml/com.sun.org.apache.xerces.internal.jaxp.DocumentBuilderImpl.parse(DocumentBuilderImpl.java:342)
	at com.st.stm32cube.ide.mpu.remote.serial.internal.SerialPortProviderWindows.run(SerialPortProviderWindows.java:127)
	at java.base/java.util.TimerThread.mainLoop(Timer.java:566)
	at java.base/java.util.TimerThread.run(Timer.java:516)

!ENTRY com.st.stm32cube.ide.mpu.remote.serial 4 0 2026-04-03 17:37:57.056
!MESSAGE Failed to parse wmic output
!STACK 0
org.xml.sax.SAXParseException; lineNumber: 1; columnNumber: 1; Premature end of file.
	at java.xml/com.sun.org.apache.xerces.internal.parsers.DOMParser.parse(DOMParser.java:262)
	at java.xml/com.sun.org.apache.xerces.internal.jaxp.DocumentBuilderImpl.parse(DocumentBuilderImpl.java:342)
	at com.st.stm32cube.ide.mpu.remote.serial.internal.SerialPortProviderWindows.run(SerialPortProviderWindows.java:127)
	at java.base/java.util.TimerThread.mainLoop(Timer.java:566)
	at java.base/java.util.TimerThread.run(Timer.java:516)

!ENTRY com.st.stm32cube.ide.mpu.remote.serial 4 0 2026-04-03 17:37:58.055
!MESSAGE Failed to parse wmic output
!STACK 0
org.xml.sax.SAXParseException; lineNumber: 1; columnNumber: 1; Premature end of file.
	at java.xml/com.sun.org.apache.xerces.internal.parsers.DOMParser.parse(DOMParser.java:262)
	at java.xml/com.sun.org.apache.xerces.internal.jaxp.DocumentBuilderImpl.parse(DocumentBuilderImpl.java:342)
	at com.st.stm32cube.ide.mpu.remote.serial.internal.SerialPortProviderWindows.run(SerialPortProviderWindows.java:127)
	at java.base/java.util.TimerThread.mainLoop(Timer.java:566)
	at java.base/java.util.TimerThread.run(Timer.java:516)

!ENTRY com.st.stm32cube.ide.mpu.remote.serial 4 0 2026-04-03 17:37:59.054
!MESSAGE Failed to parse wmic output
!STACK 0
org.xml.sax.SAXParseException; lineNumber: 1; columnNumber: 1; Premature end of file.
	at java.xml/com.sun.org.apache.xerces.internal.parsers.DOMParser.parse(DOMParser.java:262)
	at java.xml/com.sun.org.apache.xerces.internal.jaxp.DocumentBuilderImpl.parse(DocumentBuilderImpl.java:342)
	at com.st.stm32cube.ide.mpu.remote.serial.internal.SerialPortProviderWindows.run(SerialPortProviderWindows.java:127)
	at java.base/java.util.TimerThread.mainLoop(Timer.java:566)
	at java.base/java.util.TimerThread.run(Timer.java:516)

!ENTRY com.st.stm32cube.ide.mpu.remote.serial 4 0 2026-04-03 17:38:00.058
!MESSAGE Failed to parse wmic output
!STACK 0
org.xml.sax.SAXParseException; lineNumber: 1; columnNumber: 1; Premature end of file.
	at java.xml/com.sun.org.apache.xerces.internal.parsers.DOMParser.parse(DOMParser.java:262)
	at java.xml/com.sun.org.apache.xerces.internal.jaxp.DocumentBuilderImpl.parse(DocumentBuilderImpl.java:342)
	at com.st.stm32cube.ide.mpu.remote.serial.internal.SerialPortProviderWindows.run(SerialPortProviderWindows.java:127)
	at java.base/java.util.TimerThread.mainLoop(Timer.java:566)
	at java.base/java.util.TimerThread.run(Timer.java:516)

!ENTRY com.st.stm32cube.ide.mpu.remote.serial 4 0 2026-04-03 17:38:01.055
!MESSAGE Failed to parse wmic output
!STACK 0
org.xml.sax.SAXParseException; lineNumber: 1; columnNumber: 1; Premature end of file.
	at java.xml/com.sun.org.apache.xerces.internal.parsers.DOMParser.parse(DOMParser.java:262)
	at java.xml/com.sun.org.apache.xerces.internal.jaxp.DocumentBuilderImpl.parse(DocumentBuilderImpl.java:342)
	at com.st.stm32cube.ide.mpu.remote.serial.internal.SerialPortProviderWindows.run(SerialPortProviderWindows.java:127)
	at java.base/java.util.TimerThread.mainLoop(Timer.java:566)
	at java.base/java.util.TimerThread.run(Timer.java:516)

!ENTRY com.st.stm32cube.ide.mpu.remote.serial 4 0 2026-04-03 17:38:02.062
!MESSAGE Failed to parse wmic output
!STACK 0
org.xml.sax.SAXParseException; lineNumber: 1; columnNumber: 1; Premature end of file.
	at java.xml/com.sun.org.apache.xerces.internal.parsers.DOMParser.parse(DOMParser.java:262)
	at java.xml/com.sun.org.apache.xerces.internal.jaxp.DocumentBuilderImpl.parse(DocumentBuilderImpl.java:342)
	at com.st.stm32cube.ide.mpu.remote.serial.internal.SerialPortProviderWindows.run(SerialPortProviderWindows.java:127)
	at java.base/java.util.TimerThread.mainLoop(Timer.java:566)
	at java.base/java.util.TimerThread.run(Timer.java:516)

!ENTRY com.st.stm32cube.ide.mpu.remote.serial 4 0 2026-04-03 17:38:03.058
!MESSAGE Failed to parse wmic output
!STACK 0
org.xml.sax.SAXParseException; lineNumber: 1; columnNumber: 1; Premature end of file.
	at java.xml/com.sun.org.apache.xerces.internal.parsers.DOMParser.parse(DOMParser.java:262)
	at java.xml/com.sun.org.apache.xerces.internal.jaxp.DocumentBuilderImpl.parse(DocumentBuilderImpl.java:342)
	at com.st.stm32cube.ide.mpu.remote.serial.internal.SerialPortProviderWindows.run(SerialPortProviderWindows.java:127)
	at java.base/java.util.TimerThread.mainLoop(Timer.java:566)
	at java.base/java.util.TimerThread.run(Timer.java:516)

!ENTRY com.st.stm32cube.ide.mpu.remote.serial 4 0 2026-04-03 17:38:04.061
!MESSAGE Failed to parse wmic output
!STACK 0
org.xml.sax.SAXParseException; lineNumber: 1; columnNumber: 1; Premature end of file.
	at java.xml/com.sun.org.apache.xerces.internal.parsers.DOMParser.parse(DOMParser.java:262)
	at java.xml/com.sun.org.apache.xerces.internal.jaxp.DocumentBuilderImpl.parse(DocumentBuilderImpl.java:342)
	at com.st.stm32cube.ide.mpu.remote.serial.internal.SerialPortProviderWindows.run(SerialPortProviderWindows.java:127)
	at java.base/java.util.TimerThread.mainLoop(Timer.java:566)
	at java.base/java.util.TimerThread.run(Timer.java:516)

!ENTRY com.st.stm32cube.ide.mpu.remote.serial 4 0 2026-04-03 17:38:05.058
!MESSAGE Failed to parse wmic output
!STACK 0
org.xml.sax.SAXParseException; lineNumber: 1; columnNumber: 1; Premature end of file.
	at java.xml/com.sun.org.apache.xerces.internal.parsers.DOMParser.parse(DOMParser.java:262)
	at java.xml/com.sun.org.apache.xerces.internal.jaxp.DocumentBuilderImpl.parse(DocumentBuilderImpl.java:342)
	at com.st.stm32cube.ide.mpu.remote.serial.internal.SerialPortProviderWindows.run(SerialPortProviderWindows.java:127)
	at java.base/java.util.TimerThread.mainLoop(Timer.java:566)
	at java.base/java.util.TimerThread.run(Timer.java:516)

!ENTRY com.st.stm32cube.ide.mpu.remote.serial 4 0 2026-04-03 17:38:06.058
!MESSAGE Failed to parse wmic output
!STACK 0
org.xml.sax.SAXParseException; lineNumber: 1; columnNumber: 1; Premature end of file.
	at java.xml/com.sun.org.apache.xerces.internal.parsers.DOMParser.parse(DOMParser.java:262)
	at java.xml/com.sun.org.apache.xerces.internal.jaxp.DocumentBuilderImpl.parse(DocumentBuilderImpl.java:342)
	at com.st.stm32cube.ide.mpu.remote.serial.internal.SerialPortProviderWindows.run(SerialPortProviderWindows.java:127)
	at java.base/java.util.TimerThread.mainLoop(Timer.java:566)
	at java.base/java.util.TimerThread.run(Timer.java:516)

!ENTRY com.st.stm32cube.ide.mpu.remote.serial 4 0 2026-04-03 17:38:07.059
!MESSAGE Failed to parse wmic output
!STACK 0
org.xml.sax.SAXParseException; lineNumber: 1; columnNumber: 1; Premature end of file.
	at java.xml/com.sun.org.apache.xerces.internal.parsers.DOMParser.parse(DOMParser.java:262)
	at java.xml/com.sun.org.apache.xerces.internal.jaxp.DocumentBuilderImpl.parse(DocumentBuilderImpl.java:342)
	at com.st.stm32cube.ide.mpu.remote.serial.internal.SerialPortProviderWindows.run(SerialPortProviderWindows.java:127)
	at java.base/java.util.TimerThread.mainLoop(Timer.java:566)
	at java.base/java.util.TimerThread.run(Timer.java:516)

!ENTRY com.st.stm32cube.ide.mpu.remote.serial 4 0 2026-04-03 17:38:08.062
!MESSAGE Failed to parse wmic output
!STACK 0
org.xml.sax.SAXParseException; lineNumber: 1; columnNumber: 1; Premature end of file.
	at java.xml/com.sun.org.apache.xerces.internal.parsers.DOMParser.parse(DOMParser.java:262)
	at java.xml/com.sun.org.apache.xerces.internal.jaxp.DocumentBuilderImpl.parse(DocumentBuilderImpl.java:342)
	at com.st.stm32cube.ide.mpu.remote.serial.internal.SerialPortProviderWindows.run(SerialPortProviderWindows.java:127)
	at java.base/java.util.TimerThread.mainLoop(Timer.java:566)
	at java.base/java.util.TimerThread.run(Timer.java:516)

!ENTRY com.st.stm32cube.ide.mpu.remote.serial 4 0 2026-04-03 17:38:09.058
!MESSAGE Failed to parse wmic output
!STACK 0
org.xml.sax.SAXParseException; lineNumber: 1; columnNumber: 1; Premature end of file.
	at java.xml/com.sun.org.apache.xerces.internal.parsers.DOMParser.parse(DOMParser.java:262)
	at java.xml/com.sun.org.apache.xerces.internal.jaxp.DocumentBuilderImpl.parse(DocumentBuilderImpl.java:342)
	at com.st.stm32cube.ide.mpu.remote.serial.internal.SerialPortProviderWindows.run(SerialPortProviderWindows.java:127)
	at java.base/java.util.TimerThread.mainLoop(Timer.java:566)
	at java.base/java.util.TimerThread.run(Timer.java:516)

!ENTRY com.st.stm32cube.ide.mpu.remote.serial 4 0 2026-04-03 17:38:10.060
!MESSAGE Failed to parse wmic output
!STACK 0
org.xml.sax.SAXParseException; lineNumber: 1; columnNumber: 1; Premature end of file.
	at java.xml/com.sun.org.apache.xerces.internal.parsers.DOMParser.parse(DOMParser.java:262)
	at java.xml/com.sun.org.apache.xerces.internal.jaxp.DocumentBuilderImpl.parse(DocumentBuilderImpl.java:342)
	at com.st.stm32cube.ide.mpu.remote.serial.internal.SerialPortProviderWindows.run(SerialPortProviderWindows.java:127)
	at java.base/java.util.TimerThread.mainLoop(Timer.java:566)
	at java.base/java.util.TimerThread.run(Timer.java:516)

!ENTRY com.st.stm32cube.ide.mpu.remote.serial 4 0 2026-04-03 17:38:11.062
!MESSAGE Failed to parse wmic output
!STACK 0
org.xml.sax.SAXParseException; lineNumber: 1; columnNumber: 1; Premature end of file.
	at java.xml/com.sun.org.apache.xerces.internal.parsers.DOMParser.parse(DOMParser.java:262)
	at java.xml/com.sun.org.apache.xerces.internal.jaxp.DocumentBuilderImpl.parse(DocumentBuilderImpl.java:342)
	at com.st.stm32cube.ide.mpu.remote.serial.internal.SerialPortProviderWindows.run(SerialPortProviderWindows.java:127)
	at java.base/java.util.TimerThread.mainLoop(Timer.java:566)
	at java.base/java.util.TimerThread.run(Timer.java:516)

!ENTRY com.st.stm32cube.ide.mpu.remote.serial 4 0 2026-04-03 17:38:12.057
!MESSAGE Failed to parse wmic output
!STACK 0
org.xml.sax.SAXParseException; lineNumber: 1; columnNumber: 1; Premature end of file.
	at java.xml/com.sun.org.apache.xerces.internal.parsers.DOMParser.parse(DOMParser.java:262)
	at java.xml/com.sun.org.apache.xerces.internal.jaxp.DocumentBuilderImpl.parse(DocumentBuilderImpl.java:342)
	at com.st.stm32cube.ide.mpu.remote.serial.internal.SerialPortProviderWindows.run(SerialPortProviderWindows.java:127)
	at java.base/java.util.TimerThread.mainLoop(Timer.java:566)
	at java.base/java.util.TimerThread.run(Timer.java:516)

!ENTRY com.st.stm32cube.ide.mpu.remote.serial 4 0 2026-04-03 17:38:13.060
!MESSAGE Failed to parse wmic output
!STACK 0
org.xml.sax.SAXParseException; lineNumber: 1; columnNumber: 1; Premature end of file.
	at java.xml/com.sun.org.apache.xerces.internal.parsers.DOMParser.parse(DOMParser.java:262)
	at java.xml/com.sun.org.apache.xerces.internal.jaxp.DocumentBuilderImpl.parse(DocumentBuilderImpl.java:342)
	at com.st.stm32cube.ide.mpu.remote.serial.internal.SerialPortProviderWindows.run(SerialPortProviderWindows.java:127)
	at java.base/java.util.TimerThread.mainLoop(Timer.java:566)
	at java.base/java.util.TimerThread.run(Timer.java:516)

!ENTRY com.st.stm32cube.ide.mpu.remote.serial 4 0 2026-04-03 17:38:14.060
!MESSAGE Failed to parse wmic output
!STACK 0
org.xml.sax.SAXParseException; lineNumber: 1; columnNumber: 1; Premature end of file.
	at java.xml/com.sun.org.apache.xerces.internal.parsers.DOMParser.parse(DOMParser.java:262)
	at java.xml/com.sun.org.apache.xerces.internal.jaxp.DocumentBuilderImpl.parse(DocumentBuilderImpl.java:342)
	at com.st.stm32cube.ide.mpu.remote.serial.internal.SerialPortProviderWindows.run(SerialPortProviderWindows.java:127)
	at java.base/java.util.TimerThread.mainLoop(Timer.java:566)
	at java.base/java.util.TimerThread.run(Timer.java:516)

!ENTRY com.st.stm32cube.ide.mpu.remote.serial 4 0 2026-04-03 17:38:15.058
!MESSAGE Failed to parse wmic output
!STACK 0
org.xml.sax.SAXParseException; lineNumber: 1; columnNumber: 1; Premature end of file.
	at java.xml/com.sun.org.apache.xerces.internal.parsers.DOMParser.parse(DOMParser.java:262)
	at java.xml/com.sun.org.apache.xerces.internal.jaxp.DocumentBuilderImpl.parse(DocumentBuilderImpl.java:342)
	at com.st.stm32cube.ide.mpu.remote.serial.internal.SerialPortProviderWindows.run(SerialPortProviderWindows.java:127)
	at java.base/java.util.TimerThread.mainLoop(Timer.java:566)
	at java.base/java.util.TimerThread.run(Timer.java:516)

!ENTRY com.st.stm32cube.ide.mpu.remote.serial 4 0 2026-04-03 17:38:16.055
!MESSAGE Failed to parse wmic output
!STACK 0
org.xml.sax.SAXParseException; lineNumber: 1; columnNumber: 1; Premature end of file.
	at java.xml/com.sun.org.apache.xerces.internal.parsers.DOMParser.parse(DOMParser.java:262)
	at java.xml/com.sun.org.apache.xerces.internal.jaxp.DocumentBuilderImpl.parse(DocumentBuilderImpl.java:342)
	at com.st.stm32cube.ide.mpu.remote.serial.internal.SerialPortProviderWindows.run(SerialPortProviderWindows.java:127)
	at java.base/java.util.TimerThread.mainLoop(Timer.java:566)
	at java.base/java.util.TimerThread.run(Timer.java:516)

!ENTRY com.st.stm32cube.ide.mpu.remote.serial 4 0 2026-04-03 17:38:17.060
!MESSAGE Failed to parse wmic output
!STACK 0
org.xml.sax.SAXParseException; lineNumber: 1; columnNumber: 1; Premature end of file.
	at java.xml/com.sun.org.apache.xerces.internal.parsers.DOMParser.parse(DOMParser.java:262)
	at java.xml/com.sun.org.apache.xerces.internal.jaxp.DocumentBuilderImpl.parse(DocumentBuilderImpl.java:342)
	at com.st.stm32cube.ide.mpu.remote.serial.internal.SerialPortProviderWindows.run(SerialPortProviderWindows.java:127)
	at java.base/java.util.TimerThread.mainLoop(Timer.java:566)
	at java.base/java.util.TimerThread.run(Timer.java:516)

!ENTRY com.st.stm32cube.ide.mpu.remote.serial 4 0 2026-04-03 17:38:18.056
!MESSAGE Failed to parse wmic output
!STACK 0
org.xml.sax.SAXParseException; lineNumber: 1; columnNumber: 1; Premature end of file.
	at java.xml/com.sun.org.apache.xerces.internal.parsers.DOMParser.parse(DOMParser.java:262)
	at java.xml/com.sun.org.apache.xerces.internal.jaxp.DocumentBuilderImpl.parse(DocumentBuilderImpl.java:342)
	at com.st.stm32cube.ide.mpu.remote.serial.internal.SerialPortProviderWindows.run(SerialPortProviderWindows.java:127)
	at java.base/java.util.TimerThread.mainLoop(Timer.java:566)
	at java.base/java.util.TimerThread.run(Timer.java:516)

!ENTRY com.st.stm32cube.ide.mpu.remote.serial 4 0 2026-04-03 17:38:19.055
!MESSAGE Failed to parse wmic output
!STACK 0
org.xml.sax.SAXParseException; lineNumber: 1; columnNumber: 1; Premature end of file.
	at java.xml/com.sun.org.apache.xerces.internal.parsers.DOMParser.parse(DOMParser.java:262)
	at java.xml/com.sun.org.apache.xerces.internal.jaxp.DocumentBuilderImpl.parse(DocumentBuilderImpl.java:342)
	at com.st.stm32cube.ide.mpu.remote.serial.internal.SerialPortProviderWindows.run(SerialPortProviderWindows.java:127)
	at java.base/java.util.TimerThread.mainLoop(Timer.java:566)
	at java.base/java.util.TimerThread.run(Timer.java:516)

!ENTRY com.st.stm32cube.ide.mpu.remote.serial 4 0 2026-04-03 17:38:20.054
!MESSAGE Failed to parse wmic output
!STACK 0
org.xml.sax.SAXParseException; lineNumber: 1; columnNumber: 1; Premature end of file.
	at java.xml/com.sun.org.apache.xerces.internal.parsers.DOMParser.parse(DOMParser.java:262)
	at java.xml/com.sun.org.apache.xerces.internal.jaxp.DocumentBuilderImpl.parse(DocumentBuilderImpl.java:342)
	at com.st.stm32cube.ide.mpu.remote.serial.internal.SerialPortProviderWindows.run(SerialPortProviderWindows.java:127)
	at java.base/java.util.TimerThread.mainLoop(Timer.java:566)
	at java.base/java.util.TimerThread.run(Timer.java:516)

!ENTRY com.st.stm32cube.ide.mpu.remote.serial 4 0 2026-04-03 17:38:21.058
!MESSAGE Failed to parse wmic output
!STACK 0
org.xml.sax.SAXParseException; lineNumber: 1; columnNumber: 1; Premature end of file.
	at java.xml/com.sun.org.apache.xerces.internal.parsers.DOMParser.parse(DOMParser.java:262)
	at java.xml/com.sun.org.apache.xerces.internal.jaxp.DocumentBuilderImpl.parse(DocumentBuilderImpl.java:342)
	at com.st.stm32cube.ide.mpu.remote.serial.internal.SerialPortProviderWindows.run(SerialPortProviderWindows.java:127)
	at java.base/java.util.TimerThread.mainLoop(Timer.java:566)
	at java.base/java.util.TimerThread.run(Timer.java:516)

!ENTRY com.st.stm32cube.ide.mpu.remote.serial 4 0 2026-04-03 17:38:22.058
!MESSAGE Failed to parse wmic output
!STACK 0
org.xml.sax.SAXParseException; lineNumber: 1; columnNumber: 1; Premature end of file.
	at java.xml/com.sun.org.apache.xerces.internal.parsers.DOMParser.parse(DOMParser.java:262)
	at java.xml/com.sun.org.apache.xerces.internal.jaxp.DocumentBuilderImpl.parse(DocumentBuilderImpl.java:342)
	at com.st.stm32cube.ide.mpu.remote.serial.internal.SerialPortProviderWindows.run(SerialPortProviderWindows.java:127)
	at java.base/java.util.TimerThread.mainLoop(Timer.java:566)
	at java.base/java.util.TimerThread.run(Timer.java:516)

!ENTRY com.st.stm32cube.ide.mpu.remote.serial 4 0 2026-04-03 17:38:23.055
!MESSAGE Failed to parse wmic output
!STACK 0
org.xml.sax.SAXParseException; lineNumber: 1; columnNumber: 1; Premature end of file.
	at java.xml/com.sun.org.apache.xerces.internal.parsers.DOMParser.parse(DOMParser.java:262)
	at java.xml/com.sun.org.apache.xerces.internal.jaxp.DocumentBuilderImpl.parse(DocumentBuilderImpl.java:342)
	at com.st.stm32cube.ide.mpu.remote.serial.internal.SerialPortProviderWindows.run(SerialPortProviderWindows.java:127)
	at java.base/java.util.TimerThread.mainLoop(Timer.java:566)
	at java.base/java.util.TimerThread.run(Timer.java:516)

!ENTRY com.st.stm32cube.ide.mpu.remote.serial 4 0 2026-04-03 17:38:24.059
!MESSAGE Failed to parse wmic output
!STACK 0
org.xml.sax.SAXParseException; lineNumber: 1; columnNumber: 1; Premature end of file.
	at java.xml/com.sun.org.apache.xerces.internal.parsers.DOMParser.parse(DOMParser.java:262)
	at java.xml/com.sun.org.apache.xerces.internal.jaxp.DocumentBuilderImpl.parse(DocumentBuilderImpl.java:342)
	at com.st.stm32cube.ide.mpu.remote.serial.internal.SerialPortProviderWindows.run(SerialPortProviderWindows.java:127)
	at java.base/java.util.TimerThread.mainLoop(Timer.java:566)
	at java.base/java.util.TimerThread.run(Timer.java:516)

!ENTRY com.st.stm32cube.ide.mpu.remote.serial 4 0 2026-04-03 17:38:25.057
!MESSAGE Failed to parse wmic output
!STACK 0
org.xml.sax.SAXParseException; lineNumber: 1; columnNumber: 1; Premature end of file.
	at java.xml/com.sun.org.apache.xerces.internal.parsers.DOMParser.parse(DOMParser.java:262)
	at java.xml/com.sun.org.apache.xerces.internal.jaxp.DocumentBuilderImpl.parse(DocumentBuilderImpl.java:342)
	at com.st.stm32cube.ide.mpu.remote.serial.internal.SerialPortProviderWindows.run(SerialPortProviderWindows.java:127)
	at java.base/java.util.TimerThread.mainLoop(Timer.java:566)
	at java.base/java.util.TimerThread.run(Timer.java:516)

!ENTRY com.st.stm32cube.ide.mpu.remote.serial 4 0 2026-04-03 17:38:26.058
!MESSAGE Failed to parse wmic output
!STACK 0
org.xml.sax.SAXParseException; lineNumber: 1; columnNumber: 1; Premature end of file.
	at java.xml/com.sun.org.apache.xerces.internal.parsers.DOMParser.parse(DOMParser.java:262)
	at java.xml/com.sun.org.apache.xerces.internal.jaxp.DocumentBuilderImpl.parse(DocumentBuilderImpl.java:342)
	at com.st.stm32cube.ide.mpu.remote.serial.internal.SerialPortProviderWindows.run(SerialPortProviderWindows.java:127)
	at java.base/java.util.TimerThread.mainLoop(Timer.java:566)
	at java.base/java.util.TimerThread.run(Timer.java:516)

!ENTRY com.st.stm32cube.ide.mpu.remote.serial 4 0 2026-04-03 17:38:27.058
!MESSAGE Failed to parse wmic output
!STACK 0
org.xml.sax.SAXParseException; lineNumber: 1; columnNumber: 1; Premature end of file.
	at java.xml/com.sun.org.apache.xerces.internal.parsers.DOMParser.parse(DOMParser.java:262)
	at java.xml/com.sun.org.apache.xerces.internal.jaxp.DocumentBuilderImpl.parse(DocumentBuilderImpl.java:342)
	at com.st.stm32cube.ide.mpu.remote.serial.internal.SerialPortProviderWindows.run(SerialPortProviderWindows.java:127)
	at java.base/java.util.TimerThread.mainLoop(Timer.java:566)
	at java.base/java.util.TimerThread.run(Timer.java:516)

!ENTRY com.st.stm32cube.ide.mpu.remote.serial 4 0 2026-04-03 17:38:28.056
!MESSAGE Failed to parse wmic output
!STACK 0
org.xml.sax.SAXParseException; lineNumber: 1; columnNumber: 1; Premature end of file.
	at java.xml/com.sun.org.apache.xerces.internal.parsers.DOMParser.parse(DOMParser.java:262)
	at java.xml/com.sun.org.apache.xerces.internal.jaxp.DocumentBuilderImpl.parse(DocumentBuilderImpl.java:342)
	at com.st.stm32cube.ide.mpu.remote.serial.internal.SerialPortProviderWindows.run(SerialPortProviderWindows.java:127)
	at java.base/java.util.TimerThread.mainLoop(Timer.java:566)
	at java.base/java.util.TimerThread.run(Timer.java:516)

!ENTRY com.st.stm32cube.ide.mpu.remote.serial 4 0 2026-04-03 17:38:29.059
!MESSAGE Failed to parse wmic output
!STACK 0
org.xml.sax.SAXParseException; lineNumber: 1; columnNumber: 1; Premature end of file.
	at java.xml/com.sun.org.apache.xerces.internal.parsers.DOMParser.parse(DOMParser.java:262)
	at java.xml/com.sun.org.apache.xerces.internal.jaxp.DocumentBuilderImpl.parse(DocumentBuilderImpl.java:342)
	at com.st.stm32cube.ide.mpu.remote.serial.internal.SerialPortProviderWindows.run(SerialPortProviderWindows.java:127)
	at java.base/java.util.TimerThread.mainLoop(Timer.java:566)
	at java.base/java.util.TimerThread.run(Timer.java:516)

!ENTRY com.st.stm32cube.ide.mpu.remote.serial 4 0 2026-04-03 17:38:30.055
!MESSAGE Failed to parse wmic output
!STACK 0
org.xml.sax.SAXParseException; lineNumber: 1; columnNumber: 1; Premature end of file.
	at java.xml/com.sun.org.apache.xerces.internal.parsers.DOMParser.parse(DOMParser.java:262)
	at java.xml/com.sun.org.apache.xerces.internal.jaxp.DocumentBuilderImpl.parse(DocumentBuilderImpl.java:342)
	at com.st.stm32cube.ide.mpu.remote.serial.internal.SerialPortProviderWindows.run(SerialPortProviderWindows.java:127)
	at java.base/java.util.TimerThread.mainLoop(Timer.java:566)
	at java.base/java.util.TimerThread.run(Timer.java:516)

!ENTRY com.st.stm32cube.ide.mpu.remote.serial 4 0 2026-04-03 17:38:31.067
!MESSAGE Failed to parse wmic output
!STACK 0
org.xml.sax.SAXParseException; lineNumber: 1; columnNumber: 1; Premature end of file.
	at java.xml/com.sun.org.apache.xerces.internal.parsers.DOMParser.parse(DOMParser.java:262)
	at java.xml/com.sun.org.apache.xerces.internal.jaxp.DocumentBuilderImpl.parse(DocumentBuilderImpl.java:342)
	at com.st.stm32cube.ide.mpu.remote.serial.internal.SerialPortProviderWindows.run(SerialPortProviderWindows.java:127)
	at java.base/java.util.TimerThread.mainLoop(Timer.java:566)
	at java.base/java.util.TimerThread.run(Timer.java:516)

!ENTRY com.st.stm32cube.ide.mpu.remote.serial 4 0 2026-04-03 17:38:32.055
!MESSAGE Failed to parse wmic output
!STACK 0
org.xml.sax.SAXParseException; lineNumber: 1; columnNumber: 1; Premature end of file.
	at java.xml/com.sun.org.apache.xerces.internal.parsers.DOMParser.parse(DOMParser.java:262)
	at java.xml/com.sun.org.apache.xerces.internal.jaxp.DocumentBuilderImpl.parse(DocumentBuilderImpl.java:342)
	at com.st.stm32cube.ide.mpu.remote.serial.internal.SerialPortProviderWindows.run(SerialPortProviderWindows.java:127)
	at java.base/java.util.TimerThread.mainLoop(Timer.java:566)
	at java.base/java.util.TimerThread.run(Timer.java:516)

!ENTRY com.st.stm32cube.ide.mpu.remote.serial 4 0 2026-04-03 17:38:33.056
!MESSAGE Failed to parse wmic output
!STACK 0
org.xml.sax.SAXParseException; lineNumber: 1; columnNumber: 1; Premature end of file.
	at java.xml/com.sun.org.apache.xerces.internal.parsers.DOMParser.parse(DOMParser.java:262)
	at java.xml/com.sun.org.apache.xerces.internal.jaxp.DocumentBuilderImpl.parse(DocumentBuilderImpl.java:342)
	at com.st.stm32cube.ide.mpu.remote.serial.internal.SerialPortProviderWindows.run(SerialPortProviderWindows.java:127)
	at java.base/java.util.TimerThread.mainLoop(Timer.java:566)
	at java.base/java.util.TimerThread.run(Timer.java:516)

!ENTRY com.st.stm32cube.ide.mpu.remote.serial 4 0 2026-04-03 17:38:34.061
!MESSAGE Failed to parse wmic output
!STACK 0
org.xml.sax.SAXParseException; lineNumber: 1; columnNumber: 1; Premature end of file.
	at java.xml/com.sun.org.apache.xerces.internal.parsers.DOMParser.parse(DOMParser.java:262)
	at java.xml/com.sun.org.apache.xerces.internal.jaxp.DocumentBuilderImpl.parse(DocumentBuilderImpl.java:342)
	at com.st.stm32cube.ide.mpu.remote.serial.internal.SerialPortProviderWindows.run(SerialPortProviderWindows.java:127)
	at java.base/java.util.TimerThread.mainLoop(Timer.java:566)
	at java.base/java.util.TimerThread.run(Timer.java:516)

!ENTRY com.st.stm32cube.ide.mpu.remote.serial 4 0 2026-04-03 17:38:35.054
!MESSAGE Failed to parse wmic output
!STACK 0
org.xml.sax.SAXParseException; lineNumber: 1; columnNumber: 1; Premature end of file.
	at java.xml/com.sun.org.apache.xerces.internal.parsers.DOMParser.parse(DOMParser.java:262)
	at java.xml/com.sun.org.apache.xerces.internal.jaxp.DocumentBuilderImpl.parse(DocumentBuilderImpl.java:342)
	at com.st.stm32cube.ide.mpu.remote.serial.internal.SerialPortProviderWindows.run(SerialPortProviderWindows.java:127)
	at java.base/java.util.TimerThread.mainLoop(Timer.java:566)
	at java.base/java.util.TimerThread.run(Timer.java:516)

!ENTRY com.st.stm32cube.ide.mpu.remote.serial 4 0 2026-04-03 17:38:36.078
!MESSAGE Failed to parse wmic output
!STACK 0
org.xml.sax.SAXParseException; lineNumber: 1; columnNumber: 1; Premature end of file.
	at java.xml/com.sun.org.apache.xerces.internal.parsers.DOMParser.parse(DOMParser.java:262)
	at java.xml/com.sun.org.apache.xerces.internal.jaxp.DocumentBuilderImpl.parse(DocumentBuilderImpl.java:342)
	at com.st.stm32cube.ide.mpu.remote.serial.internal.SerialPortProviderWindows.run(SerialPortProviderWindows.java:127)
	at java.base/java.util.TimerThread.mainLoop(Timer.java:566)
	at java.base/java.util.TimerThread.run(Timer.java:516)

!ENTRY com.st.stm32cube.ide.mpu.remote.serial 4 0 2026-04-03 17:38:37.078
!MESSAGE Failed to parse wmic output
!STACK 0
org.xml.sax.SAXParseException; lineNumber: 1; columnNumber: 1; Premature end of file.
	at java.xml/com.sun.org.apache.xerces.internal.parsers.DOMParser.parse(DOMParser.java:262)
	at java.xml/com.sun.org.apache.xerces.internal.jaxp.DocumentBuilderImpl.parse(DocumentBuilderImpl.java:342)
	at com.st.stm32cube.ide.mpu.remote.serial.internal.SerialPortProviderWindows.run(SerialPortProviderWindows.java:127)
	at java.base/java.util.TimerThread.mainLoop(Timer.java:566)
	at java.base/java.util.TimerThread.run(Timer.java:516)

!ENTRY com.st.stm32cube.ide.mpu.remote.serial 4 0 2026-04-03 17:38:38.057
!MESSAGE Failed to parse wmic output
!STACK 0
org.xml.sax.SAXParseException; lineNumber: 1; columnNumber: 1; Premature end of file.
	at java.xml/com.sun.org.apache.xerces.internal.parsers.DOMParser.parse(DOMParser.java:262)
	at java.xml/com.sun.org.apache.xerces.internal.jaxp.DocumentBuilderImpl.parse(DocumentBuilderImpl.java:342)
	at com.st.stm32cube.ide.mpu.remote.serial.internal.SerialPortProviderWindows.run(SerialPortProviderWindows.java:127)
	at java.base/java.util.TimerThread.mainLoop(Timer.java:566)
	at java.base/java.util.TimerThread.run(Timer.java:516)

!ENTRY com.st.stm32cube.ide.mpu.remote.serial 4 0 2026-04-03 17:38:39.055
!MESSAGE Failed to parse wmic output
!STACK 0
org.xml.sax.SAXParseException; lineNumber: 1; columnNumber: 1; Premature end of file.
	at java.xml/com.sun.org.apache.xerces.internal.parsers.DOMParser.parse(DOMParser.java:262)
	at java.xml/com.sun.org.apache.xerces.internal.jaxp.DocumentBuilderImpl.parse(DocumentBuilderImpl.java:342)
	at com.st.stm32cube.ide.mpu.remote.serial.internal.SerialPortProviderWindows.run(SerialPortProviderWindows.java:127)
	at java.base/java.util.TimerThread.mainLoop(Timer.java:566)
	at java.base/java.util.TimerThread.run(Timer.java:516)

!ENTRY com.st.stm32cube.ide.mpu.remote.serial 4 0 2026-04-03 17:38:40.059
!MESSAGE Failed to parse wmic output
!STACK 0
org.xml.sax.SAXParseException; lineNumber: 1; columnNumber: 1; Premature end of file.
	at java.xml/com.sun.org.apache.xerces.internal.parsers.DOMParser.parse(DOMParser.java:262)
	at java.xml/com.sun.org.apache.xerces.internal.jaxp.DocumentBuilderImpl.parse(DocumentBuilderImpl.java:342)
	at com.st.stm32cube.ide.mpu.remote.serial.internal.SerialPortProviderWindows.run(SerialPortProviderWindows.java:127)
	at java.base/java.util.TimerThread.mainLoop(Timer.java:566)
	at java.base/java.util.TimerThread.run(Timer.java:516)

!ENTRY com.st.stm32cube.ide.mpu.remote.serial 4 0 2026-04-03 17:38:41.063
!MESSAGE Failed to parse wmic output
!STACK 0
org.xml.sax.SAXParseException; lineNumber: 1; columnNumber: 1; Premature end of file.
	at java.xml/com.sun.org.apache.xerces.internal.parsers.DOMParser.parse(DOMParser.java:262)
	at java.xml/com.sun.org.apache.xerces.internal.jaxp.DocumentBuilderImpl.parse(DocumentBuilderImpl.java:342)
	at com.st.stm32cube.ide.mpu.remote.serial.internal.SerialPortProviderWindows.run(SerialPortProviderWindows.java:127)
	at java.base/java.util.TimerThread.mainLoop(Timer.java:566)
	at java.base/java.util.TimerThread.run(Timer.java:516)

!ENTRY com.st.stm32cube.ide.mpu.remote.serial 4 0 2026-04-03 17:38:42.057
!MESSAGE Failed to parse wmic output
!STACK 0
org.xml.sax.SAXParseException; lineNumber: 1; columnNumber: 1; Premature end of file.
	at java.xml/com.sun.org.apache.xerces.internal.parsers.DOMParser.parse(DOMParser.java:262)
	at java.xml/com.sun.org.apache.xerces.internal.jaxp.DocumentBuilderImpl.parse(DocumentBuilderImpl.java:342)
	at com.st.stm32cube.ide.mpu.remote.serial.internal.SerialPortProviderWindows.run(SerialPortProviderWindows.java:127)
	at java.base/java.util.TimerThread.mainLoop(Timer.java:566)
	at java.base/java.util.TimerThread.run(Timer.java:516)

!ENTRY com.st.stm32cube.ide.mpu.remote.serial 4 0 2026-04-03 17:38:43.056
!MESSAGE Failed to parse wmic output
!STACK 0
org.xml.sax.SAXParseException; lineNumber: 1; columnNumber: 1; Premature end of file.
	at java.xml/com.sun.org.apache.xerces.internal.parsers.DOMParser.parse(DOMParser.java:262)
	at java.xml/com.sun.org.apache.xerces.internal.jaxp.DocumentBuilderImpl.parse(DocumentBuilderImpl.java:342)
	at com.st.stm32cube.ide.mpu.remote.serial.internal.SerialPortProviderWindows.run(SerialPortProviderWindows.java:127)
	at java.base/java.util.TimerThread.mainLoop(Timer.java:566)
	at java.base/java.util.TimerThread.run(Timer.java:516)

!ENTRY com.st.stm32cube.ide.mpu.remote.serial 4 0 2026-04-03 17:38:44.079
!MESSAGE Failed to parse wmic output
!STACK 0
org.xml.sax.SAXParseException; lineNumber: 1; columnNumber: 1; Premature end of file.
	at java.xml/com.sun.org.apache.xerces.internal.parsers.DOMParser.parse(DOMParser.java:262)
	at java.xml/com.sun.org.apache.xerces.internal.jaxp.DocumentBuilderImpl.parse(DocumentBuilderImpl.java:342)
	at com.st.stm32cube.ide.mpu.remote.serial.internal.SerialPortProviderWindows.run(SerialPortProviderWindows.java:127)
	at java.base/java.util.TimerThread.mainLoop(Timer.java:566)
	at java.base/java.util.TimerThread.run(Timer.java:516)

!ENTRY com.st.stm32cube.ide.mpu.remote.serial 4 0 2026-04-03 17:38:45.062
!MESSAGE Failed to parse wmic output
!STACK 0
org.xml.sax.SAXParseException; lineNumber: 1; columnNumber: 1; Premature end of file.
	at java.xml/com.sun.org.apache.xerces.internal.parsers.DOMParser.parse(DOMParser.java:262)
	at java.xml/com.sun.org.apache.xerces.internal.jaxp.DocumentBuilderImpl.parse(DocumentBuilderImpl.java:342)
	at com.st.stm32cube.ide.mpu.remote.serial.internal.SerialPortProviderWindows.run(SerialPortProviderWindows.java:127)
	at java.base/java.util.TimerThread.mainLoop(Timer.java:566)
	at java.base/java.util.TimerThread.run(Timer.java:516)

!ENTRY com.st.stm32cube.ide.mpu.remote.serial 4 0 2026-04-03 17:38:46.071
!MESSAGE Failed to parse wmic output
!STACK 0
org.xml.sax.SAXParseException; lineNumber: 1; columnNumber: 1; Premature end of file.
	at java.xml/com.sun.org.apache.xerces.internal.parsers.DOMParser.parse(DOMParser.java:262)
	at java.xml/com.sun.org.apache.xerces.internal.jaxp.DocumentBuilderImpl.parse(DocumentBuilderImpl.java:342)
	at com.st.stm32cube.ide.mpu.remote.serial.internal.SerialPortProviderWindows.run(SerialPortProviderWindows.java:127)
	at java.base/java.util.TimerThread.mainLoop(Timer.java:566)
	at java.base/java.util.TimerThread.run(Timer.java:516)

!ENTRY com.st.stm32cube.ide.mpu.remote.serial 4 0 2026-04-03 17:38:47.069
!MESSAGE Failed to parse wmic output
!STACK 0
org.xml.sax.SAXParseException; lineNumber: 1; columnNumber: 1; Premature end of file.
	at java.xml/com.sun.org.apache.xerces.internal.parsers.DOMParser.parse(DOMParser.java:262)
	at java.xml/com.sun.org.apache.xerces.internal.jaxp.DocumentBuilderImpl.parse(DocumentBuilderImpl.java:342)
	at com.st.stm32cube.ide.mpu.remote.serial.internal.SerialPortProviderWindows.run(SerialPortProviderWindows.java:127)
	at java.base/java.util.TimerThread.mainLoop(Timer.java:566)
	at java.base/java.util.TimerThread.run(Timer.java:516)

!ENTRY com.st.stm32cube.ide.mpu.remote.serial 4 0 2026-04-03 17:38:48.062
!MESSAGE Failed to parse wmic output
!STACK 0
org.xml.sax.SAXParseException; lineNumber: 1; columnNumber: 1; Premature end of file.
	at java.xml/com.sun.org.apache.xerces.internal.parsers.DOMParser.parse(DOMParser.java:262)
	at java.xml/com.sun.org.apache.xerces.internal.jaxp.DocumentBuilderImpl.parse(DocumentBuilderImpl.java:342)
	at com.st.stm32cube.ide.mpu.remote.serial.internal.SerialPortProviderWindows.run(SerialPortProviderWindows.java:127)
	at java.base/java.util.TimerThread.mainLoop(Timer.java:566)
	at java.base/java.util.TimerThread.run(Timer.java:516)

!ENTRY com.st.stm32cube.ide.mpu.remote.serial 4 0 2026-04-03 17:38:49.062
!MESSAGE Failed to parse wmic output
!STACK 0
org.xml.sax.SAXParseException; lineNumber: 1; columnNumber: 1; Premature end of file.
	at java.xml/com.sun.org.apache.xerces.internal.parsers.DOMParser.parse(DOMParser.java:262)
	at java.xml/com.sun.org.apache.xerces.internal.jaxp.DocumentBuilderImpl.parse(DocumentBuilderImpl.java:342)
	at com.st.stm32cube.ide.mpu.remote.serial.internal.SerialPortProviderWindows.run(SerialPortProviderWindows.java:127)
	at java.base/java.util.TimerThread.mainLoop(Timer.java:566)
	at java.base/java.util.TimerThread.run(Timer.java:516)

!ENTRY com.st.stm32cube.ide.mpu.remote.serial 4 0 2026-04-03 17:38:50.071
!MESSAGE Failed to parse wmic output
!STACK 0
org.xml.sax.SAXParseException; lineNumber: 1; columnNumber: 1; Premature end of file.
	at java.xml/com.sun.org.apache.xerces.internal.parsers.DOMParser.parse(DOMParser.java:262)
	at java.xml/com.sun.org.apache.xerces.internal.jaxp.DocumentBuilderImpl.parse(DocumentBuilderImpl.java:342)
	at com.st.stm32cube.ide.mpu.remote.serial.internal.SerialPortProviderWindows.run(SerialPortProviderWindows.java:127)
	at java.base/java.util.TimerThread.mainLoop(Timer.java:566)
	at java.base/java.util.TimerThread.run(Timer.java:516)

!ENTRY com.st.stm32cube.ide.mpu.remote.serial 4 0 2026-04-03 17:38:51.063
!MESSAGE Failed to parse wmic output
!STACK 0
org.xml.sax.SAXParseException; lineNumber: 1; columnNumber: 1; Premature end of file.
	at java.xml/com.sun.org.apache.xerces.internal.parsers.DOMParser.parse(DOMParser.java:262)
	at java.xml/com.sun.org.apache.xerces.internal.jaxp.DocumentBuilderImpl.parse(DocumentBuilderImpl.java:342)
	at com.st.stm32cube.ide.mpu.remote.serial.internal.SerialPortProviderWindows.run(SerialPortProviderWindows.java:127)
	at java.base/java.util.TimerThread.mainLoop(Timer.java:566)
	at java.base/java.util.TimerThread.run(Timer.java:516)

!ENTRY com.st.stm32cube.ide.mpu.remote.serial 4 0 2026-04-03 17:38:52.054
!MESSAGE Failed to parse wmic output
!STACK 0
org.xml.sax.SAXParseException; lineNumber: 1; columnNumber: 1; Premature end of file.
	at java.xml/com.sun.org.apache.xerces.internal.parsers.DOMParser.parse(DOMParser.java:262)
	at java.xml/com.sun.org.apache.xerces.internal.jaxp.DocumentBuilderImpl.parse(DocumentBuilderImpl.java:342)
	at com.st.stm32cube.ide.mpu.remote.serial.internal.SerialPortProviderWindows.run(SerialPortProviderWindows.java:127)
	at java.base/java.util.TimerThread.mainLoop(Timer.java:566)
	at java.base/java.util.TimerThread.run(Timer.java:516)

!ENTRY com.st.stm32cube.ide.mpu.remote.serial 4 0 2026-04-03 17:38:53.054
!MESSAGE Failed to parse wmic output
!STACK 0
org.xml.sax.SAXParseException; lineNumber: 1; columnNumber: 1; Premature end of file.
	at java.xml/com.sun.org.apache.xerces.internal.parsers.DOMParser.parse(DOMParser.java:262)
	at java.xml/com.sun.org.apache.xerces.internal.jaxp.DocumentBuilderImpl.parse(DocumentBuilderImpl.java:342)
	at com.st.stm32cube.ide.mpu.remote.serial.internal.SerialPortProviderWindows.run(SerialPortProviderWindows.java:127)
	at java.base/java.util.TimerThread.mainLoop(Timer.java:566)
	at java.base/java.util.TimerThread.run(Timer.java:516)

!ENTRY com.st.stm32cube.ide.mpu.remote.serial 4 0 2026-04-03 17:38:54.057
!MESSAGE Failed to parse wmic output
!STACK 0
org.xml.sax.SAXParseException; lineNumber: 1; columnNumber: 1; Premature end of file.
	at java.xml/com.sun.org.apache.xerces.internal.parsers.DOMParser.parse(DOMParser.java:262)
	at java.xml/com.sun.org.apache.xerces.internal.jaxp.DocumentBuilderImpl.parse(DocumentBuilderImpl.java:342)
	at com.st.stm32cube.ide.mpu.remote.serial.internal.SerialPortProviderWindows.run(SerialPortProviderWindows.java:127)
	at java.base/java.util.TimerThread.mainLoop(Timer.java:566)
	at java.base/java.util.TimerThread.run(Timer.java:516)

!ENTRY com.st.stm32cube.ide.mpu.remote.serial 4 0 2026-04-03 17:38:55.057
!MESSAGE Failed to parse wmic output
!STACK 0
org.xml.sax.SAXParseException; lineNumber: 1; columnNumber: 1; Premature end of file.
	at java.xml/com.sun.org.apache.xerces.internal.parsers.DOMParser.parse(DOMParser.java:262)
	at java.xml/com.sun.org.apache.xerces.internal.jaxp.DocumentBuilderImpl.parse(DocumentBuilderImpl.java:342)
	at com.st.stm32cube.ide.mpu.remote.serial.internal.SerialPortProviderWindows.run(SerialPortProviderWindows.java:127)
	at java.base/java.util.TimerThread.mainLoop(Timer.java:566)
	at java.base/java.util.TimerThread.run(Timer.java:516)

!ENTRY com.st.stm32cube.ide.mpu.remote.serial 4 0 2026-04-03 17:38:56.055
!MESSAGE Failed to parse wmic output
!STACK 0
org.xml.sax.SAXParseException; lineNumber: 1; columnNumber: 1; Premature end of file.
	at java.xml/com.sun.org.apache.xerces.internal.parsers.DOMParser.parse(DOMParser.java:262)
	at java.xml/com.sun.org.apache.xerces.internal.jaxp.DocumentBuilderImpl.parse(DocumentBuilderImpl.java:342)
	at com.st.stm32cube.ide.mpu.remote.serial.internal.SerialPortProviderWindows.run(SerialPortProviderWindows.java:127)
	at java.base/java.util.TimerThread.mainLoop(Timer.java:566)
	at java.base/java.util.TimerThread.run(Timer.java:516)

!ENTRY com.st.stm32cube.ide.mpu.remote.serial 4 0 2026-04-03 17:38:57.060
!MESSAGE Failed to parse wmic output
!STACK 0
org.xml.sax.SAXParseException; lineNumber: 1; columnNumber: 1; Premature end of file.
	at java.xml/com.sun.org.apache.xerces.internal.parsers.DOMParser.parse(DOMParser.java:262)
	at java.xml/com.sun.org.apache.xerces.internal.jaxp.DocumentBuilderImpl.parse(DocumentBuilderImpl.java:342)
	at com.st.stm32cube.ide.mpu.remote.serial.internal.SerialPortProviderWindows.run(SerialPortProviderWindows.java:127)
	at java.base/java.util.TimerThread.mainLoop(Timer.java:566)
	at java.base/java.util.TimerThread.run(Timer.java:516)

!ENTRY com.st.stm32cube.ide.mpu.remote.serial 4 0 2026-04-03 17:38:58.056
!MESSAGE Failed to parse wmic output
!STACK 0
org.xml.sax.SAXParseException; lineNumber: 1; columnNumber: 1; Premature end of file.
	at java.xml/com.sun.org.apache.xerces.internal.parsers.DOMParser.parse(DOMParser.java:262)
	at java.xml/com.sun.org.apache.xerces.internal.jaxp.DocumentBuilderImpl.parse(DocumentBuilderImpl.java:342)
	at com.st.stm32cube.ide.mpu.remote.serial.internal.SerialPortProviderWindows.run(SerialPortProviderWindows.java:127)
	at java.base/java.util.TimerThread.mainLoop(Timer.java:566)
	at java.base/java.util.TimerThread.run(Timer.java:516)

!ENTRY com.st.stm32cube.ide.mpu.remote.serial 4 0 2026-04-03 17:38:59.060
!MESSAGE Failed to parse wmic output
!STACK 0
org.xml.sax.SAXParseException; lineNumber: 1; columnNumber: 1; Premature end of file.
	at java.xml/com.sun.org.apache.xerces.internal.parsers.DOMParser.parse(DOMParser.java:262)
	at java.xml/com.sun.org.apache.xerces.internal.jaxp.DocumentBuilderImpl.parse(DocumentBuilderImpl.java:342)
	at com.st.stm32cube.ide.mpu.remote.serial.internal.SerialPortProviderWindows.run(SerialPortProviderWindows.java:127)
	at java.base/java.util.TimerThread.mainLoop(Timer.java:566)
	at java.base/java.util.TimerThread.run(Timer.java:516)

!ENTRY com.st.stm32cube.ide.mpu.remote.serial 4 0 2026-04-03 17:39:00.059
!MESSAGE Failed to parse wmic output
!STACK 0
org.xml.sax.SAXParseException; lineNumber: 1; columnNumber: 1; Premature end of file.
	at java.xml/com.sun.org.apache.xerces.internal.parsers.DOMParser.parse(DOMParser.java:262)
	at java.xml/com.sun.org.apache.xerces.internal.jaxp.DocumentBuilderImpl.parse(DocumentBuilderImpl.java:342)
	at com.st.stm32cube.ide.mpu.remote.serial.internal.SerialPortProviderWindows.run(SerialPortProviderWindows.java:127)
	at java.base/java.util.TimerThread.mainLoop(Timer.java:566)
	at java.base/java.util.TimerThread.run(Timer.java:516)

!ENTRY com.st.stm32cube.ide.mpu.remote.serial 4 0 2026-04-03 17:39:01.061
!MESSAGE Failed to parse wmic output
!STACK 0
org.xml.sax.SAXParseException; lineNumber: 1; columnNumber: 1; Premature end of file.
	at java.xml/com.sun.org.apache.xerces.internal.parsers.DOMParser.parse(DOMParser.java:262)
	at java.xml/com.sun.org.apache.xerces.internal.jaxp.DocumentBuilderImpl.parse(DocumentBuilderImpl.java:342)
	at com.st.stm32cube.ide.mpu.remote.serial.internal.SerialPortProviderWindows.run(SerialPortProviderWindows.java:127)
	at java.base/java.util.TimerThread.mainLoop(Timer.java:566)
	at java.base/java.util.TimerThread.run(Timer.java:516)

!ENTRY com.st.stm32cube.ide.mpu.remote.serial 4 0 2026-04-03 17:39:02.060
!MESSAGE Failed to parse wmic output
!STACK 0
org.xml.sax.SAXParseException; lineNumber: 1; columnNumber: 1; Premature end of file.
	at java.xml/com.sun.org.apache.xerces.internal.parsers.DOMParser.parse(DOMParser.java:262)
	at java.xml/com.sun.org.apache.xerces.internal.jaxp.DocumentBuilderImpl.parse(DocumentBuilderImpl.java:342)
	at com.st.stm32cube.ide.mpu.remote.serial.internal.SerialPortProviderWindows.run(SerialPortProviderWindows.java:127)
	at java.base/java.util.TimerThread.mainLoop(Timer.java:566)
	at java.base/java.util.TimerThread.run(Timer.java:516)

!ENTRY com.st.stm32cube.ide.mpu.remote.serial 4 0 2026-04-03 17:39:03.083
!MESSAGE Failed to parse wmic output
!STACK 0
org.xml.sax.SAXParseException; lineNumber: 1; columnNumber: 1; Premature end of file.
	at java.xml/com.sun.org.apache.xerces.internal.parsers.DOMParser.parse(DOMParser.java:262)
	at java.xml/com.sun.org.apache.xerces.internal.jaxp.DocumentBuilderImpl.parse(DocumentBuilderImpl.java:342)
	at com.st.stm32cube.ide.mpu.remote.serial.internal.SerialPortProviderWindows.run(SerialPortProviderWindows.java:127)
	at java.base/java.util.TimerThread.mainLoop(Timer.java:566)
	at java.base/java.util.TimerThread.run(Timer.java:516)

!ENTRY com.st.stm32cube.ide.mpu.remote.serial 4 0 2026-04-03 17:39:04.078
!MESSAGE Failed to parse wmic output
!STACK 0
org.xml.sax.SAXParseException; lineNumber: 1; columnNumber: 1; Premature end of file.
	at java.xml/com.sun.org.apache.xerces.internal.parsers.DOMParser.parse(DOMParser.java:262)
	at java.xml/com.sun.org.apache.xerces.internal.jaxp.DocumentBuilderImpl.parse(DocumentBuilderImpl.java:342)
	at com.st.stm32cube.ide.mpu.remote.serial.internal.SerialPortProviderWindows.run(SerialPortProviderWindows.java:127)
	at java.base/java.util.TimerThread.mainLoop(Timer.java:566)
	at java.base/java.util.TimerThread.run(Timer.java:516)

!ENTRY com.st.stm32cube.ide.mpu.remote.serial 4 0 2026-04-03 17:39:05.082
!MESSAGE Failed to parse wmic output
!STACK 0
org.xml.sax.SAXParseException; lineNumber: 1; columnNumber: 1; Premature end of file.
	at java.xml/com.sun.org.apache.xerces.internal.parsers.DOMParser.parse(DOMParser.java:262)
	at java.xml/com.sun.org.apache.xerces.internal.jaxp.DocumentBuilderImpl.parse(DocumentBuilderImpl.java:342)
	at com.st.stm32cube.ide.mpu.remote.serial.internal.SerialPortProviderWindows.run(SerialPortProviderWindows.java:127)
	at java.base/java.util.TimerThread.mainLoop(Timer.java:566)
	at java.base/java.util.TimerThread.run(Timer.java:516)

!ENTRY com.st.stm32cube.ide.mpu.remote.serial 4 0 2026-04-03 17:39:06.083
!MESSAGE Failed to parse wmic output
!STACK 0
org.xml.sax.SAXParseException; lineNumber: 1; columnNumber: 1; Premature end of file.
	at java.xml/com.sun.org.apache.xerces.internal.parsers.DOMParser.parse(DOMParser.java:262)
	at java.xml/com.sun.org.apache.xerces.internal.jaxp.DocumentBuilderImpl.parse(DocumentBuilderImpl.java:342)
	at com.st.stm32cube.ide.mpu.remote.serial.internal.SerialPortProviderWindows.run(SerialPortProviderWindows.java:127)
	at java.base/java.util.TimerThread.mainLoop(Timer.java:566)
	at java.base/java.util.TimerThread.run(Timer.java:516)

!ENTRY com.st.stm32cube.ide.mpu.remote.serial 4 0 2026-04-03 17:39:07.078
!MESSAGE Failed to parse wmic output
!STACK 0
org.xml.sax.SAXParseException; lineNumber: 1; columnNumber: 1; Premature end of file.
	at java.xml/com.sun.org.apache.xerces.internal.parsers.DOMParser.parse(DOMParser.java:262)
	at java.xml/com.sun.org.apache.xerces.internal.jaxp.DocumentBuilderImpl.parse(DocumentBuilderImpl.java:342)
	at com.st.stm32cube.ide.mpu.remote.serial.internal.SerialPortProviderWindows.run(SerialPortProviderWindows.java:127)
	at java.base/java.util.TimerThread.mainLoop(Timer.java:566)
	at java.base/java.util.TimerThread.run(Timer.java:516)

!ENTRY com.st.stm32cube.ide.mpu.remote.serial 4 0 2026-04-03 17:39:08.082
!MESSAGE Failed to parse wmic output
!STACK 0
org.xml.sax.SAXParseException; lineNumber: 1; columnNumber: 1; Premature end of file.
	at java.xml/com.sun.org.apache.xerces.internal.parsers.DOMParser.parse(DOMParser.java:262)
	at java.xml/com.sun.org.apache.xerces.internal.jaxp.DocumentBuilderImpl.parse(DocumentBuilderImpl.java:342)
	at com.st.stm32cube.ide.mpu.remote.serial.internal.SerialPortProviderWindows.run(SerialPortProviderWindows.java:127)
	at java.base/java.util.TimerThread.mainLoop(Timer.java:566)
	at java.base/java.util.TimerThread.run(Timer.java:516)

!ENTRY com.st.stm32cube.ide.mpu.remote.serial 4 0 2026-04-03 17:39:09.083
!MESSAGE Failed to parse wmic output
!STACK 0
org.xml.sax.SAXParseException; lineNumber: 1; columnNumber: 1; Premature end of file.
	at java.xml/com.sun.org.apache.xerces.internal.parsers.DOMParser.parse(DOMParser.java:262)
	at java.xml/com.sun.org.apache.xerces.internal.jaxp.DocumentBuilderImpl.parse(DocumentBuilderImpl.java:342)
	at com.st.stm32cube.ide.mpu.remote.serial.internal.SerialPortProviderWindows.run(SerialPortProviderWindows.java:127)
	at java.base/java.util.TimerThread.mainLoop(Timer.java:566)
	at java.base/java.util.TimerThread.run(Timer.java:516)

!ENTRY com.st.stm32cube.ide.mpu.remote.serial 4 0 2026-04-03 17:39:10.088
!MESSAGE Failed to parse wmic output
!STACK 0
org.xml.sax.SAXParseException; lineNumber: 1; columnNumber: 1; Premature end of file.
	at java.xml/com.sun.org.apache.xerces.internal.parsers.DOMParser.parse(DOMParser.java:262)
	at java.xml/com.sun.org.apache.xerces.internal.jaxp.DocumentBuilderImpl.parse(DocumentBuilderImpl.java:342)
	at com.st.stm32cube.ide.mpu.remote.serial.internal.SerialPortProviderWindows.run(SerialPortProviderWindows.java:127)
	at java.base/java.util.TimerThread.mainLoop(Timer.java:566)
	at java.base/java.util.TimerThread.run(Timer.java:516)

!ENTRY com.st.stm32cube.ide.mpu.remote.serial 4 0 2026-04-03 17:39:11.085
!MESSAGE Failed to parse wmic output
!STACK 0
org.xml.sax.SAXParseException; lineNumber: 1; columnNumber: 1; Premature end of file.
	at java.xml/com.sun.org.apache.xerces.internal.parsers.DOMParser.parse(DOMParser.java:262)
	at java.xml/com.sun.org.apache.xerces.internal.jaxp.DocumentBuilderImpl.parse(DocumentBuilderImpl.java:342)
	at com.st.stm32cube.ide.mpu.remote.serial.internal.SerialPortProviderWindows.run(SerialPortProviderWindows.java:127)
	at java.base/java.util.TimerThread.mainLoop(Timer.java:566)
	at java.base/java.util.TimerThread.run(Timer.java:516)

!ENTRY com.st.stm32cube.ide.mpu.remote.serial 4 0 2026-04-03 17:39:12.056
!MESSAGE Failed to parse wmic output
!STACK 0
org.xml.sax.SAXParseException; lineNumber: 1; columnNumber: 1; Premature end of file.
	at java.xml/com.sun.org.apache.xerces.internal.parsers.DOMParser.parse(DOMParser.java:262)
	at java.xml/com.sun.org.apache.xerces.internal.jaxp.DocumentBuilderImpl.parse(DocumentBuilderImpl.java:342)
	at com.st.stm32cube.ide.mpu.remote.serial.internal.SerialPortProviderWindows.run(SerialPortProviderWindows.java:127)
	at java.base/java.util.TimerThread.mainLoop(Timer.java:566)
	at java.base/java.util.TimerThread.run(Timer.java:516)

!ENTRY com.st.stm32cube.ide.mpu.remote.serial 4 0 2026-04-03 17:39:13.060
!MESSAGE Failed to parse wmic output
!STACK 0
org.xml.sax.SAXParseException; lineNumber: 1; columnNumber: 1; Premature end of file.
	at java.xml/com.sun.org.apache.xerces.internal.parsers.DOMParser.parse(DOMParser.java:262)
	at java.xml/com.sun.org.apache.xerces.internal.jaxp.DocumentBuilderImpl.parse(DocumentBuilderImpl.java:342)
	at com.st.stm32cube.ide.mpu.remote.serial.internal.SerialPortProviderWindows.run(SerialPortProviderWindows.java:127)
	at java.base/java.util.TimerThread.mainLoop(Timer.java:566)
	at java.base/java.util.TimerThread.run(Timer.java:516)

!ENTRY com.st.stm32cube.ide.mpu.remote.serial 4 0 2026-04-03 17:39:14.064
!MESSAGE Failed to parse wmic output
!STACK 0
org.xml.sax.SAXParseException; lineNumber: 1; columnNumber: 1; Premature end of file.
	at java.xml/com.sun.org.apache.xerces.internal.parsers.DOMParser.parse(DOMParser.java:262)
	at java.xml/com.sun.org.apache.xerces.internal.jaxp.DocumentBuilderImpl.parse(DocumentBuilderImpl.java:342)
	at com.st.stm32cube.ide.mpu.remote.serial.internal.SerialPortProviderWindows.run(SerialPortProviderWindows.java:127)
	at java.base/java.util.TimerThread.mainLoop(Timer.java:566)
	at java.base/java.util.TimerThread.run(Timer.java:516)

!ENTRY com.st.stm32cube.ide.mpu.remote.serial 4 0 2026-04-03 17:39:15.078
!MESSAGE Failed to parse wmic output
!STACK 0
org.xml.sax.SAXParseException; lineNumber: 1; columnNumber: 1; Premature end of file.
	at java.xml/com.sun.org.apache.xerces.internal.parsers.DOMParser.parse(DOMParser.java:262)
	at java.xml/com.sun.org.apache.xerces.internal.jaxp.DocumentBuilderImpl.parse(DocumentBuilderImpl.java:342)
	at com.st.stm32cube.ide.mpu.remote.serial.internal.SerialPortProviderWindows.run(SerialPortProviderWindows.java:127)
	at java.base/java.util.TimerThread.mainLoop(Timer.java:566)
	at java.base/java.util.TimerThread.run(Timer.java:516)

!ENTRY com.st.stm32cube.ide.mpu.remote.serial 4 0 2026-04-03 17:39:16.064
!MESSAGE Failed to parse wmic output
!STACK 0
org.xml.sax.SAXParseException; lineNumber: 1; columnNumber: 1; Premature end of file.
	at java.xml/com.sun.org.apache.xerces.internal.parsers.DOMParser.parse(DOMParser.java:262)
	at java.xml/com.sun.org.apache.xerces.internal.jaxp.DocumentBuilderImpl.parse(DocumentBuilderImpl.java:342)
	at com.st.stm32cube.ide.mpu.remote.serial.internal.SerialPortProviderWindows.run(SerialPortProviderWindows.java:127)
	at java.base/java.util.TimerThread.mainLoop(Timer.java:566)
	at java.base/java.util.TimerThread.run(Timer.java:516)

!ENTRY com.st.stm32cube.ide.mpu.remote.serial 4 0 2026-04-03 17:39:17.059
!MESSAGE Failed to parse wmic output
!STACK 0
org.xml.sax.SAXParseException; lineNumber: 1; columnNumber: 1; Premature end of file.
	at java.xml/com.sun.org.apache.xerces.internal.parsers.DOMParser.parse(DOMParser.java:262)
	at java.xml/com.sun.org.apache.xerces.internal.jaxp.DocumentBuilderImpl.parse(DocumentBuilderImpl.java:342)
	at com.st.stm32cube.ide.mpu.remote.serial.internal.SerialPortProviderWindows.run(SerialPortProviderWindows.java:127)
	at java.base/java.util.TimerThread.mainLoop(Timer.java:566)
	at java.base/java.util.TimerThread.run(Timer.java:516)

!ENTRY com.st.stm32cube.ide.mpu.remote.serial 4 0 2026-04-03 17:39:18.090
!MESSAGE Failed to parse wmic output
!STACK 0
org.xml.sax.SAXParseException; lineNumber: 1; columnNumber: 1; Premature end of file.
	at java.xml/com.sun.org.apache.xerces.internal.parsers.DOMParser.parse(DOMParser.java:262)
	at java.xml/com.sun.org.apache.xerces.internal.jaxp.DocumentBuilderImpl.parse(DocumentBuilderImpl.java:342)
	at com.st.stm32cube.ide.mpu.remote.serial.internal.SerialPortProviderWindows.run(SerialPortProviderWindows.java:127)
	at java.base/java.util.TimerThread.mainLoop(Timer.java:566)
	at java.base/java.util.TimerThread.run(Timer.java:516)

!ENTRY com.st.stm32cube.ide.mpu.remote.serial 4 0 2026-04-03 17:39:19.063
!MESSAGE Failed to parse wmic output
!STACK 0
org.xml.sax.SAXParseException; lineNumber: 1; columnNumber: 1; Premature end of file.
	at java.xml/com.sun.org.apache.xerces.internal.parsers.DOMParser.parse(DOMParser.java:262)
	at java.xml/com.sun.org.apache.xerces.internal.jaxp.DocumentBuilderImpl.parse(DocumentBuilderImpl.java:342)
	at com.st.stm32cube.ide.mpu.remote.serial.internal.SerialPortProviderWindows.run(SerialPortProviderWindows.java:127)
	at java.base/java.util.TimerThread.mainLoop(Timer.java:566)
	at java.base/java.util.TimerThread.run(Timer.java:516)

!ENTRY com.st.stm32cube.ide.mpu.remote.serial 4 0 2026-04-03 17:39:20.072
!MESSAGE Failed to parse wmic output
!STACK 0
org.xml.sax.SAXParseException; lineNumber: 1; columnNumber: 1; Premature end of file.
	at java.xml/com.sun.org.apache.xerces.internal.parsers.DOMParser.parse(DOMParser.java:262)
	at java.xml/com.sun.org.apache.xerces.internal.jaxp.DocumentBuilderImpl.parse(DocumentBuilderImpl.java:342)
	at com.st.stm32cube.ide.mpu.remote.serial.internal.SerialPortProviderWindows.run(SerialPortProviderWindows.java:127)
	at java.base/java.util.TimerThread.mainLoop(Timer.java:566)
	at java.base/java.util.TimerThread.run(Timer.java:516)

!ENTRY com.st.stm32cube.ide.mpu.remote.serial 4 0 2026-04-03 17:39:21.106
!MESSAGE Failed to parse wmic output
!STACK 0
org.xml.sax.SAXParseException; lineNumber: 1; columnNumber: 1; Premature end of file.
	at java.xml/com.sun.org.apache.xerces.internal.parsers.DOMParser.parse(DOMParser.java:262)
	at java.xml/com.sun.org.apache.xerces.internal.jaxp.DocumentBuilderImpl.parse(DocumentBuilderImpl.java:342)
	at com.st.stm32cube.ide.mpu.remote.serial.internal.SerialPortProviderWindows.run(SerialPortProviderWindows.java:127)
	at java.base/java.util.TimerThread.mainLoop(Timer.java:566)
	at java.base/java.util.TimerThread.run(Timer.java:516)

!ENTRY com.st.stm32cube.ide.mpu.remote.serial 4 0 2026-04-03 17:39:22.092
!MESSAGE Failed to parse wmic output
!STACK 0
org.xml.sax.SAXParseException; lineNumber: 1; columnNumber: 1; Premature end of file.
	at java.xml/com.sun.org.apache.xerces.internal.parsers.DOMParser.parse(DOMParser.java:262)
	at java.xml/com.sun.org.apache.xerces.internal.jaxp.DocumentBuilderImpl.parse(DocumentBuilderImpl.java:342)
	at com.st.stm32cube.ide.mpu.remote.serial.internal.SerialPortProviderWindows.run(SerialPortProviderWindows.java:127)
	at java.base/java.util.TimerThread.mainLoop(Timer.java:566)
	at java.base/java.util.TimerThread.run(Timer.java:516)

!ENTRY com.st.stm32cube.ide.mpu.remote.serial 4 0 2026-04-03 17:39:23.079
!MESSAGE Failed to parse wmic output
!STACK 0
org.xml.sax.SAXParseException; lineNumber: 1; columnNumber: 1; Premature end of file.
	at java.xml/com.sun.org.apache.xerces.internal.parsers.DOMParser.parse(DOMParser.java:262)
	at java.xml/com.sun.org.apache.xerces.internal.jaxp.DocumentBuilderImpl.parse(DocumentBuilderImpl.java:342)
	at com.st.stm32cube.ide.mpu.remote.serial.internal.SerialPortProviderWindows.run(SerialPortProviderWindows.java:127)
	at java.base/java.util.TimerThread.mainLoop(Timer.java:566)
	at java.base/java.util.TimerThread.run(Timer.java:516)

!ENTRY com.st.stm32cube.ide.mpu.remote.serial 4 0 2026-04-03 17:39:24.084
!MESSAGE Failed to parse wmic output
!STACK 0
org.xml.sax.SAXParseException; lineNumber: 1; columnNumber: 1; Premature end of file.
	at java.xml/com.sun.org.apache.xerces.internal.parsers.DOMParser.parse(DOMParser.java:262)
	at java.xml/com.sun.org.apache.xerces.internal.jaxp.DocumentBuilderImpl.parse(DocumentBuilderImpl.java:342)
	at com.st.stm32cube.ide.mpu.remote.serial.internal.SerialPortProviderWindows.run(SerialPortProviderWindows.java:127)
	at java.base/java.util.TimerThread.mainLoop(Timer.java:566)
	at java.base/java.util.TimerThread.run(Timer.java:516)

!ENTRY com.st.stm32cube.ide.mpu.remote.serial 4 0 2026-04-03 17:39:25.092
!MESSAGE Failed to parse wmic output
!STACK 0
org.xml.sax.SAXParseException; lineNumber: 1; columnNumber: 1; Premature end of file.
	at java.xml/com.sun.org.apache.xerces.internal.parsers.DOMParser.parse(DOMParser.java:262)
	at java.xml/com.sun.org.apache.xerces.internal.jaxp.DocumentBuilderImpl.parse(DocumentBuilderImpl.java:342)
	at com.st.stm32cube.ide.mpu.remote.serial.internal.SerialPortProviderWindows.run(SerialPortProviderWindows.java:127)
	at java.base/java.util.TimerThread.mainLoop(Timer.java:566)
	at java.base/java.util.TimerThread.run(Timer.java:516)

!ENTRY com.st.stm32cube.ide.mpu.remote.serial 4 0 2026-04-03 17:39:26.079
!MESSAGE Failed to parse wmic output
!STACK 0
org.xml.sax.SAXParseException; lineNumber: 1; columnNumber: 1; Premature end of file.
	at java.xml/com.sun.org.apache.xerces.internal.parsers.DOMParser.parse(DOMParser.java:262)
	at java.xml/com.sun.org.apache.xerces.internal.jaxp.DocumentBuilderImpl.parse(DocumentBuilderImpl.java:342)
	at com.st.stm32cube.ide.mpu.remote.serial.internal.SerialPortProviderWindows.run(SerialPortProviderWindows.java:127)
	at java.base/java.util.TimerThread.mainLoop(Timer.java:566)
	at java.base/java.util.TimerThread.run(Timer.java:516)

!ENTRY com.st.stm32cube.ide.mpu.remote.serial 4 0 2026-04-03 17:39:27.085
!MESSAGE Failed to parse wmic output
!STACK 0
org.xml.sax.SAXParseException; lineNumber: 1; columnNumber: 1; Premature end of file.
	at java.xml/com.sun.org.apache.xerces.internal.parsers.DOMParser.parse(DOMParser.java:262)
	at java.xml/com.sun.org.apache.xerces.internal.jaxp.DocumentBuilderImpl.parse(DocumentBuilderImpl.java:342)
	at com.st.stm32cube.ide.mpu.remote.serial.internal.SerialPortProviderWindows.run(SerialPortProviderWindows.java:127)
	at java.base/java.util.TimerThread.mainLoop(Timer.java:566)
	at java.base/java.util.TimerThread.run(Timer.java:516)

!ENTRY com.st.stm32cube.ide.mpu.remote.serial 4 0 2026-04-03 17:39:28.071
!MESSAGE Failed to parse wmic output
!STACK 0
org.xml.sax.SAXParseException; lineNumber: 1; columnNumber: 1; Premature end of file.
	at java.xml/com.sun.org.apache.xerces.internal.parsers.DOMParser.parse(DOMParser.java:262)
	at java.xml/com.sun.org.apache.xerces.internal.jaxp.DocumentBuilderImpl.parse(DocumentBuilderImpl.java:342)
	at com.st.stm32cube.ide.mpu.remote.serial.internal.SerialPortProviderWindows.run(SerialPortProviderWindows.java:127)
	at java.base/java.util.TimerThread.mainLoop(Timer.java:566)
	at java.base/java.util.TimerThread.run(Timer.java:516)

!ENTRY com.st.stm32cube.ide.mpu.remote.serial 4 0 2026-04-03 17:39:29.090
!MESSAGE Failed to parse wmic output
!STACK 0
org.xml.sax.SAXParseException; lineNumber: 1; columnNumber: 1; Premature end of file.
	at java.xml/com.sun.org.apache.xerces.internal.parsers.DOMParser.parse(DOMParser.java:262)
	at java.xml/com.sun.org.apache.xerces.internal.jaxp.DocumentBuilderImpl.parse(DocumentBuilderImpl.java:342)
	at com.st.stm32cube.ide.mpu.remote.serial.internal.SerialPortProviderWindows.run(SerialPortProviderWindows.java:127)
	at java.base/java.util.TimerThread.mainLoop(Timer.java:566)
	at java.base/java.util.TimerThread.run(Timer.java:516)

!ENTRY com.st.stm32cube.ide.mpu.remote.serial 4 0 2026-04-03 17:39:30.058
!MESSAGE Failed to parse wmic output
!STACK 0
org.xml.sax.SAXParseException; lineNumber: 1; columnNumber: 1; Premature end of file.
	at java.xml/com.sun.org.apache.xerces.internal.parsers.DOMParser.parse(DOMParser.java:262)
	at java.xml/com.sun.org.apache.xerces.internal.jaxp.DocumentBuilderImpl.parse(DocumentBuilderImpl.java:342)
	at com.st.stm32cube.ide.mpu.remote.serial.internal.SerialPortProviderWindows.run(SerialPortProviderWindows.java:127)
	at java.base/java.util.TimerThread.mainLoop(Timer.java:566)
	at java.base/java.util.TimerThread.run(Timer.java:516)

!ENTRY com.st.stm32cube.ide.mpu.remote.serial 4 0 2026-04-03 17:39:31.075
!MESSAGE Failed to parse wmic output
!STACK 0
org.xml.sax.SAXParseException; lineNumber: 1; columnNumber: 1; Premature end of file.
	at java.xml/com.sun.org.apache.xerces.internal.parsers.DOMParser.parse(DOMParser.java:262)
	at java.xml/com.sun.org.apache.xerces.internal.jaxp.DocumentBuilderImpl.parse(DocumentBuilderImpl.java:342)
	at com.st.stm32cube.ide.mpu.remote.serial.internal.SerialPortProviderWindows.run(SerialPortProviderWindows.java:127)
	at java.base/java.util.TimerThread.mainLoop(Timer.java:566)
	at java.base/java.util.TimerThread.run(Timer.java:516)

!ENTRY com.st.stm32cube.ide.mpu.remote.serial 4 0 2026-04-03 17:39:32.082
!MESSAGE Failed to parse wmic output
!STACK 0
org.xml.sax.SAXParseException; lineNumber: 1; columnNumber: 1; Premature end of file.
	at java.xml/com.sun.org.apache.xerces.internal.parsers.DOMParser.parse(DOMParser.java:262)
	at java.xml/com.sun.org.apache.xerces.internal.jaxp.DocumentBuilderImpl.parse(DocumentBuilderImpl.java:342)
	at com.st.stm32cube.ide.mpu.remote.serial.internal.SerialPortProviderWindows.run(SerialPortProviderWindows.java:127)
	at java.base/java.util.TimerThread.mainLoop(Timer.java:566)
	at java.base/java.util.TimerThread.run(Timer.java:516)

!ENTRY com.st.stm32cube.ide.mpu.remote.serial 4 0 2026-04-03 17:39:33.087
!MESSAGE Failed to parse wmic output
!STACK 0
org.xml.sax.SAXParseException; lineNumber: 1; columnNumber: 1; Premature end of file.
	at java.xml/com.sun.org.apache.xerces.internal.parsers.DOMParser.parse(DOMParser.java:262)
	at java.xml/com.sun.org.apache.xerces.internal.jaxp.DocumentBuilderImpl.parse(DocumentBuilderImpl.java:342)
	at com.st.stm32cube.ide.mpu.remote.serial.internal.SerialPortProviderWindows.run(SerialPortProviderWindows.java:127)
	at java.base/java.util.TimerThread.mainLoop(Timer.java:566)
	at java.base/java.util.TimerThread.run(Timer.java:516)

!ENTRY com.st.stm32cube.ide.mpu.remote.serial 4 0 2026-04-03 17:39:34.056
!MESSAGE Failed to parse wmic output
!STACK 0
org.xml.sax.SAXParseException; lineNumber: 1; columnNumber: 1; Premature end of file.
	at java.xml/com.sun.org.apache.xerces.internal.parsers.DOMParser.parse(DOMParser.java:262)
	at java.xml/com.sun.org.apache.xerces.internal.jaxp.DocumentBuilderImpl.parse(DocumentBuilderImpl.java:342)
	at com.st.stm32cube.ide.mpu.remote.serial.internal.SerialPortProviderWindows.run(SerialPortProviderWindows.java:127)
	at java.base/java.util.TimerThread.mainLoop(Timer.java:566)
	at java.base/java.util.TimerThread.run(Timer.java:516)

!ENTRY com.st.stm32cube.ide.mpu.remote.serial 4 0 2026-04-03 17:39:35.075
!MESSAGE Failed to parse wmic output
!STACK 0
org.xml.sax.SAXParseException; lineNumber: 1; columnNumber: 1; Premature end of file.
	at java.xml/com.sun.org.apache.xerces.internal.parsers.DOMParser.parse(DOMParser.java:262)
	at java.xml/com.sun.org.apache.xerces.internal.jaxp.DocumentBuilderImpl.parse(DocumentBuilderImpl.java:342)
	at com.st.stm32cube.ide.mpu.remote.serial.internal.SerialPortProviderWindows.run(SerialPortProviderWindows.java:127)
	at java.base/java.util.TimerThread.mainLoop(Timer.java:566)
	at java.base/java.util.TimerThread.run(Timer.java:516)

!ENTRY com.st.stm32cube.ide.mpu.remote.serial 4 0 2026-04-03 17:39:36.075
!MESSAGE Failed to parse wmic output
!STACK 0
org.xml.sax.SAXParseException; lineNumber: 1; columnNumber: 1; Premature end of file.
	at java.xml/com.sun.org.apache.xerces.internal.parsers.DOMParser.parse(DOMParser.java:262)
	at java.xml/com.sun.org.apache.xerces.internal.jaxp.DocumentBuilderImpl.parse(DocumentBuilderImpl.java:342)
	at com.st.stm32cube.ide.mpu.remote.serial.internal.SerialPortProviderWindows.run(SerialPortProviderWindows.java:127)
	at java.base/java.util.TimerThread.mainLoop(Timer.java:566)
	at java.base/java.util.TimerThread.run(Timer.java:516)

!ENTRY com.st.stm32cube.ide.mpu.remote.serial 4 0 2026-04-03 17:39:37.095
!MESSAGE Failed to parse wmic output
!STACK 0
org.xml.sax.SAXParseException; lineNumber: 1; columnNumber: 1; Premature end of file.
	at java.xml/com.sun.org.apache.xerces.internal.parsers.DOMParser.parse(DOMParser.java:262)
	at java.xml/com.sun.org.apache.xerces.internal.jaxp.DocumentBuilderImpl.parse(DocumentBuilderImpl.java:342)
	at com.st.stm32cube.ide.mpu.remote.serial.internal.SerialPortProviderWindows.run(SerialPortProviderWindows.java:127)
	at java.base/java.util.TimerThread.mainLoop(Timer.java:566)
	at java.base/java.util.TimerThread.run(Timer.java:516)

!ENTRY com.st.stm32cube.ide.mpu.remote.serial 4 0 2026-04-03 17:39:38.078
!MESSAGE Failed to parse wmic output
!STACK 0
org.xml.sax.SAXParseException; lineNumber: 1; columnNumber: 1; Premature end of file.
	at java.xml/com.sun.org.apache.xerces.internal.parsers.DOMParser.parse(DOMParser.java:262)
	at java.xml/com.sun.org.apache.xerces.internal.jaxp.DocumentBuilderImpl.parse(DocumentBuilderImpl.java:342)
	at com.st.stm32cube.ide.mpu.remote.serial.internal.SerialPortProviderWindows.run(SerialPortProviderWindows.java:127)
	at java.base/java.util.TimerThread.mainLoop(Timer.java:566)
	at java.base/java.util.TimerThread.run(Timer.java:516)

!ENTRY com.st.stm32cube.ide.mpu.remote.serial 4 0 2026-04-03 17:39:39.107
!MESSAGE Failed to parse wmic output
!STACK 0
org.xml.sax.SAXParseException; lineNumber: 1; columnNumber: 1; Premature end of file.
	at java.xml/com.sun.org.apache.xerces.internal.parsers.DOMParser.parse(DOMParser.java:262)
	at java.xml/com.sun.org.apache.xerces.internal.jaxp.DocumentBuilderImpl.parse(DocumentBuilderImpl.java:342)
	at com.st.stm32cube.ide.mpu.remote.serial.internal.SerialPortProviderWindows.run(SerialPortProviderWindows.java:127)
	at java.base/java.util.TimerThread.mainLoop(Timer.java:566)
	at java.base/java.util.TimerThread.run(Timer.java:516)

!ENTRY com.st.stm32cube.ide.mpu.remote.serial 4 0 2026-04-03 17:39:40.066
!MESSAGE Failed to parse wmic output
!STACK 0
org.xml.sax.SAXParseException; lineNumber: 1; columnNumber: 1; Premature end of file.
	at java.xml/com.sun.org.apache.xerces.internal.parsers.DOMParser.parse(DOMParser.java:262)
	at java.xml/com.sun.org.apache.xerces.internal.jaxp.DocumentBuilderImpl.parse(DocumentBuilderImpl.java:342)
	at com.st.stm32cube.ide.mpu.remote.serial.internal.SerialPortProviderWindows.run(SerialPortProviderWindows.java:127)
	at java.base/java.util.TimerThread.mainLoop(Timer.java:566)
	at java.base/java.util.TimerThread.run(Timer.java:516)

!ENTRY com.st.stm32cube.ide.mpu.remote.serial 4 0 2026-04-03 17:39:41.059
!MESSAGE Failed to parse wmic output
!STACK 0
org.xml.sax.SAXParseException; lineNumber: 1; columnNumber: 1; Premature end of file.
	at java.xml/com.sun.org.apache.xerces.internal.parsers.DOMParser.parse(DOMParser.java:262)
	at java.xml/com.sun.org.apache.xerces.internal.jaxp.DocumentBuilderImpl.parse(DocumentBuilderImpl.java:342)
	at com.st.stm32cube.ide.mpu.remote.serial.internal.SerialPortProviderWindows.run(SerialPortProviderWindows.java:127)
	at java.base/java.util.TimerThread.mainLoop(Timer.java:566)
	at java.base/java.util.TimerThread.run(Timer.java:516)

!ENTRY com.st.stm32cube.ide.mpu.remote.serial 4 0 2026-04-03 17:39:42.076
!MESSAGE Failed to parse wmic output
!STACK 0
org.xml.sax.SAXParseException; lineNumber: 1; columnNumber: 1; Premature end of file.
	at java.xml/com.sun.org.apache.xerces.internal.parsers.DOMParser.parse(DOMParser.java:262)
	at java.xml/com.sun.org.apache.xerces.internal.jaxp.DocumentBuilderImpl.parse(DocumentBuilderImpl.java:342)
	at com.st.stm32cube.ide.mpu.remote.serial.internal.SerialPortProviderWindows.run(SerialPortProviderWindows.java:127)
	at java.base/java.util.TimerThread.mainLoop(Timer.java:566)
	at java.base/java.util.TimerThread.run(Timer.java:516)

!ENTRY com.st.stm32cube.ide.mpu.remote.serial 4 0 2026-04-03 17:39:43.110
!MESSAGE Failed to parse wmic output
!STACK 0
org.xml.sax.SAXParseException; lineNumber: 1; columnNumber: 1; Premature end of file.
	at java.xml/com.sun.org.apache.xerces.internal.parsers.DOMParser.parse(DOMParser.java:262)
	at java.xml/com.sun.org.apache.xerces.internal.jaxp.DocumentBuilderImpl.parse(DocumentBuilderImpl.java:342)
	at com.st.stm32cube.ide.mpu.remote.serial.internal.SerialPortProviderWindows.run(SerialPortProviderWindows.java:127)
	at java.base/java.util.TimerThread.mainLoop(Timer.java:566)
	at java.base/java.util.TimerThread.run(Timer.java:516)

!ENTRY com.st.stm32cube.ide.mpu.remote.serial 4 0 2026-04-03 17:39:44.060
!MESSAGE Failed to parse wmic output
!STACK 0
org.xml.sax.SAXParseException; lineNumber: 1; columnNumber: 1; Premature end of file.
	at java.xml/com.sun.org.apache.xerces.internal.parsers.DOMParser.parse(DOMParser.java:262)
	at java.xml/com.sun.org.apache.xerces.internal.jaxp.DocumentBuilderImpl.parse(DocumentBuilderImpl.java:342)
	at com.st.stm32cube.ide.mpu.remote.serial.internal.SerialPortProviderWindows.run(SerialPortProviderWindows.java:127)
	at java.base/java.util.TimerThread.mainLoop(Timer.java:566)
	at java.base/java.util.TimerThread.run(Timer.java:516)

!ENTRY com.st.stm32cube.ide.mpu.remote.serial 4 0 2026-04-03 17:39:45.070
!MESSAGE Failed to parse wmic output
!STACK 0
org.xml.sax.SAXParseException; lineNumber: 1; columnNumber: 1; Premature end of file.
	at java.xml/com.sun.org.apache.xerces.internal.parsers.DOMParser.parse(DOMParser.java:262)
	at java.xml/com.sun.org.apache.xerces.internal.jaxp.DocumentBuilderImpl.parse(DocumentBuilderImpl.java:342)
	at com.st.stm32cube.ide.mpu.remote.serial.internal.SerialPortProviderWindows.run(SerialPortProviderWindows.java:127)
	at java.base/java.util.TimerThread.mainLoop(Timer.java:566)
	at java.base/java.util.TimerThread.run(Timer.java:516)

!ENTRY com.st.stm32cube.ide.mpu.remote.serial 4 0 2026-04-03 17:39:46.060
!MESSAGE Failed to parse wmic output
!STACK 0
org.xml.sax.SAXParseException; lineNumber: 1; columnNumber: 1; Premature end of file.
	at java.xml/com.sun.org.apache.xerces.internal.parsers.DOMParser.parse(DOMParser.java:262)
	at java.xml/com.sun.org.apache.xerces.internal.jaxp.DocumentBuilderImpl.parse(DocumentBuilderImpl.java:342)
	at com.st.stm32cube.ide.mpu.remote.serial.internal.SerialPortProviderWindows.run(SerialPortProviderWindows.java:127)
	at java.base/java.util.TimerThread.mainLoop(Timer.java:566)
	at java.base/java.util.TimerThread.run(Timer.java:516)

!ENTRY com.st.stm32cube.ide.mpu.remote.serial 4 0 2026-04-03 17:39:47.069
!MESSAGE Failed to parse wmic output
!STACK 0
org.xml.sax.SAXParseException; lineNumber: 1; columnNumber: 1; Premature end of file.
	at java.xml/com.sun.org.apache.xerces.internal.parsers.DOMParser.parse(DOMParser.java:262)
	at java.xml/com.sun.org.apache.xerces.internal.jaxp.DocumentBuilderImpl.parse(DocumentBuilderImpl.java:342)
	at com.st.stm32cube.ide.mpu.remote.serial.internal.SerialPortProviderWindows.run(SerialPortProviderWindows.java:127)
	at java.base/java.util.TimerThread.mainLoop(Timer.java:566)
	at java.base/java.util.TimerThread.run(Timer.java:516)

!ENTRY com.st.stm32cube.ide.mpu.remote.serial 4 0 2026-04-03 17:39:48.066
!MESSAGE Failed to parse wmic output
!STACK 0
org.xml.sax.SAXParseException; lineNumber: 1; columnNumber: 1; Premature end of file.
	at java.xml/com.sun.org.apache.xerces.internal.parsers.DOMParser.parse(DOMParser.java:262)
	at java.xml/com.sun.org.apache.xerces.internal.jaxp.DocumentBuilderImpl.parse(DocumentBuilderImpl.java:342)
	at com.st.stm32cube.ide.mpu.remote.serial.internal.SerialPortProviderWindows.run(SerialPortProviderWindows.java:127)
	at java.base/java.util.TimerThread.mainLoop(Timer.java:566)
	at java.base/java.util.TimerThread.run(Timer.java:516)

!ENTRY com.st.stm32cube.ide.mpu.remote.serial 4 0 2026-04-03 17:39:49.066
!MESSAGE Failed to parse wmic output
!STACK 0
org.xml.sax.SAXParseException; lineNumber: 1; columnNumber: 1; Premature end of file.
	at java.xml/com.sun.org.apache.xerces.internal.parsers.DOMParser.parse(DOMParser.java:262)
	at java.xml/com.sun.org.apache.xerces.internal.jaxp.DocumentBuilderImpl.parse(DocumentBuilderImpl.java:342)
	at com.st.stm32cube.ide.mpu.remote.serial.internal.SerialPortProviderWindows.run(SerialPortProviderWindows.java:127)
	at java.base/java.util.TimerThread.mainLoop(Timer.java:566)
	at java.base/java.util.TimerThread.run(Timer.java:516)

!ENTRY com.st.stm32cube.ide.mpu.remote.serial 4 0 2026-04-03 17:39:50.064
!MESSAGE Failed to parse wmic output
!STACK 0
org.xml.sax.SAXParseException; lineNumber: 1; columnNumber: 1; Premature end of file.
	at java.xml/com.sun.org.apache.xerces.internal.parsers.DOMParser.parse(DOMParser.java:262)
	at java.xml/com.sun.org.apache.xerces.internal.jaxp.DocumentBuilderImpl.parse(DocumentBuilderImpl.java:342)
	at com.st.stm32cube.ide.mpu.remote.serial.internal.SerialPortProviderWindows.run(SerialPortProviderWindows.java:127)
	at java.base/java.util.TimerThread.mainLoop(Timer.java:566)
	at java.base/java.util.TimerThread.run(Timer.java:516)

!ENTRY com.st.stm32cube.ide.mpu.remote.serial 4 0 2026-04-03 17:39:51.065
!MESSAGE Failed to parse wmic output
!STACK 0
org.xml.sax.SAXParseException; lineNumber: 1; columnNumber: 1; Premature end of file.
	at java.xml/com.sun.org.apache.xerces.internal.parsers.DOMParser.parse(DOMParser.java:262)
	at java.xml/com.sun.org.apache.xerces.internal.jaxp.DocumentBuilderImpl.parse(DocumentBuilderImpl.java:342)
	at com.st.stm32cube.ide.mpu.remote.serial.internal.SerialPortProviderWindows.run(SerialPortProviderWindows.java:127)
	at java.base/java.util.TimerThread.mainLoop(Timer.java:566)
	at java.base/java.util.TimerThread.run(Timer.java:516)

!ENTRY com.st.stm32cube.ide.mpu.remote.serial 4 0 2026-04-03 17:39:52.068
!MESSAGE Failed to parse wmic output
!STACK 0
org.xml.sax.SAXParseException; lineNumber: 1; columnNumber: 1; Premature end of file.
	at java.xml/com.sun.org.apache.xerces.internal.parsers.DOMParser.parse(DOMParser.java:262)
	at java.xml/com.sun.org.apache.xerces.internal.jaxp.DocumentBuilderImpl.parse(DocumentBuilderImpl.java:342)
	at com.st.stm32cube.ide.mpu.remote.serial.internal.SerialPortProviderWindows.run(SerialPortProviderWindows.java:127)
	at java.base/java.util.TimerThread.mainLoop(Timer.java:566)
	at java.base/java.util.TimerThread.run(Timer.java:516)

!ENTRY com.st.stm32cube.ide.mpu.remote.serial 4 0 2026-04-03 17:39:53.056
!MESSAGE Failed to parse wmic output
!STACK 0
org.xml.sax.SAXParseException; lineNumber: 1; columnNumber: 1; Premature end of file.
	at java.xml/com.sun.org.apache.xerces.internal.parsers.DOMParser.parse(DOMParser.java:262)
	at java.xml/com.sun.org.apache.xerces.internal.jaxp.DocumentBuilderImpl.parse(DocumentBuilderImpl.java:342)
	at com.st.stm32cube.ide.mpu.remote.serial.internal.SerialPortProviderWindows.run(SerialPortProviderWindows.java:127)
	at java.base/java.util.TimerThread.mainLoop(Timer.java:566)
	at java.base/java.util.TimerThread.run(Timer.java:516)

!ENTRY com.st.stm32cube.ide.mpu.remote.serial 4 0 2026-04-03 17:39:54.068
!MESSAGE Failed to parse wmic output
!STACK 0
org.xml.sax.SAXParseException; lineNumber: 1; columnNumber: 1; Premature end of file.
	at java.xml/com.sun.org.apache.xerces.internal.parsers.DOMParser.parse(DOMParser.java:262)
	at java.xml/com.sun.org.apache.xerces.internal.jaxp.DocumentBuilderImpl.parse(DocumentBuilderImpl.java:342)
	at com.st.stm32cube.ide.mpu.remote.serial.internal.SerialPortProviderWindows.run(SerialPortProviderWindows.java:127)
	at java.base/java.util.TimerThread.mainLoop(Timer.java:566)
	at java.base/java.util.TimerThread.run(Timer.java:516)

!ENTRY com.st.stm32cube.ide.mpu.remote.serial 4 0 2026-04-03 17:39:55.074
!MESSAGE Failed to parse wmic output
!STACK 0
org.xml.sax.SAXParseException; lineNumber: 1; columnNumber: 1; Premature end of file.
	at java.xml/com.sun.org.apache.xerces.internal.parsers.DOMParser.parse(DOMParser.java:262)
	at java.xml/com.sun.org.apache.xerces.internal.jaxp.DocumentBuilderImpl.parse(DocumentBuilderImpl.java:342)
	at com.st.stm32cube.ide.mpu.remote.serial.internal.SerialPortProviderWindows.run(SerialPortProviderWindows.java:127)
	at java.base/java.util.TimerThread.mainLoop(Timer.java:566)
	at java.base/java.util.TimerThread.run(Timer.java:516)

!ENTRY com.st.stm32cube.ide.mpu.remote.serial 4 0 2026-04-03 17:39:56.078
!MESSAGE Failed to parse wmic output
!STACK 0
org.xml.sax.SAXParseException; lineNumber: 1; columnNumber: 1; Premature end of file.
	at java.xml/com.sun.org.apache.xerces.internal.parsers.DOMParser.parse(DOMParser.java:262)
	at java.xml/com.sun.org.apache.xerces.internal.jaxp.DocumentBuilderImpl.parse(DocumentBuilderImpl.java:342)
	at com.st.stm32cube.ide.mpu.remote.serial.internal.SerialPortProviderWindows.run(SerialPortProviderWindows.java:127)
	at java.base/java.util.TimerThread.mainLoop(Timer.java:566)
	at java.base/java.util.TimerThread.run(Timer.java:516)

!ENTRY com.st.stm32cube.ide.mpu.remote.serial 4 0 2026-04-03 17:39:57.062
!MESSAGE Failed to parse wmic output
!STACK 0
org.xml.sax.SAXParseException; lineNumber: 1; columnNumber: 1; Premature end of file.
	at java.xml/com.sun.org.apache.xerces.internal.parsers.DOMParser.parse(DOMParser.java:262)
	at java.xml/com.sun.org.apache.xerces.internal.jaxp.DocumentBuilderImpl.parse(DocumentBuilderImpl.java:342)
	at com.st.stm32cube.ide.mpu.remote.serial.internal.SerialPortProviderWindows.run(SerialPortProviderWindows.java:127)
	at java.base/java.util.TimerThread.mainLoop(Timer.java:566)
	at java.base/java.util.TimerThread.run(Timer.java:516)

!ENTRY com.st.stm32cube.ide.mpu.remote.serial 4 0 2026-04-03 17:39:58.086
!MESSAGE Failed to parse wmic output
!STACK 0
org.xml.sax.SAXParseException; lineNumber: 1; columnNumber: 1; Premature end of file.
	at java.xml/com.sun.org.apache.xerces.internal.parsers.DOMParser.parse(DOMParser.java:262)
	at java.xml/com.sun.org.apache.xerces.internal.jaxp.DocumentBuilderImpl.parse(DocumentBuilderImpl.java:342)
	at com.st.stm32cube.ide.mpu.remote.serial.internal.SerialPortProviderWindows.run(SerialPortProviderWindows.java:127)
	at java.base/java.util.TimerThread.mainLoop(Timer.java:566)
	at java.base/java.util.TimerThread.run(Timer.java:516)

!ENTRY com.st.stm32cube.ide.mpu.remote.serial 4 0 2026-04-03 17:39:59.090
!MESSAGE Failed to parse wmic output
!STACK 0
org.xml.sax.SAXParseException; lineNumber: 1; columnNumber: 1; Premature end of file.
	at java.xml/com.sun.org.apache.xerces.internal.parsers.DOMParser.parse(DOMParser.java:262)
	at java.xml/com.sun.org.apache.xerces.internal.jaxp.DocumentBuilderImpl.parse(DocumentBuilderImpl.java:342)
	at com.st.stm32cube.ide.mpu.remote.serial.internal.SerialPortProviderWindows.run(SerialPortProviderWindows.java:127)
	at java.base/java.util.TimerThread.mainLoop(Timer.java:566)
	at java.base/java.util.TimerThread.run(Timer.java:516)

!ENTRY com.st.stm32cube.ide.mpu.remote.serial 4 0 2026-04-03 17:40:00.066
!MESSAGE Failed to parse wmic output
!STACK 0
org.xml.sax.SAXParseException; lineNumber: 1; columnNumber: 1; Premature end of file.
	at java.xml/com.sun.org.apache.xerces.internal.parsers.DOMParser.parse(DOMParser.java:262)
	at java.xml/com.sun.org.apache.xerces.internal.jaxp.DocumentBuilderImpl.parse(DocumentBuilderImpl.java:342)
	at com.st.stm32cube.ide.mpu.remote.serial.internal.SerialPortProviderWindows.run(SerialPortProviderWindows.java:127)
	at java.base/java.util.TimerThread.mainLoop(Timer.java:566)
	at java.base/java.util.TimerThread.run(Timer.java:516)

!ENTRY com.st.stm32cube.ide.mpu.remote.serial 4 0 2026-04-03 17:40:01.087
!MESSAGE Failed to parse wmic output
!STACK 0
org.xml.sax.SAXParseException; lineNumber: 1; columnNumber: 1; Premature end of file.
	at java.xml/com.sun.org.apache.xerces.internal.parsers.DOMParser.parse(DOMParser.java:262)
	at java.xml/com.sun.org.apache.xerces.internal.jaxp.DocumentBuilderImpl.parse(DocumentBuilderImpl.java:342)
	at com.st.stm32cube.ide.mpu.remote.serial.internal.SerialPortProviderWindows.run(SerialPortProviderWindows.java:127)
	at java.base/java.util.TimerThread.mainLoop(Timer.java:566)
	at java.base/java.util.TimerThread.run(Timer.java:516)

!ENTRY com.st.stm32cube.ide.mpu.remote.serial 4 0 2026-04-03 17:40:02.061
!MESSAGE Failed to parse wmic output
!STACK 0
org.xml.sax.SAXParseException; lineNumber: 1; columnNumber: 1; Premature end of file.
	at java.xml/com.sun.org.apache.xerces.internal.parsers.DOMParser.parse(DOMParser.java:262)
	at java.xml/com.sun.org.apache.xerces.internal.jaxp.DocumentBuilderImpl.parse(DocumentBuilderImpl.java:342)
	at com.st.stm32cube.ide.mpu.remote.serial.internal.SerialPortProviderWindows.run(SerialPortProviderWindows.java:127)
	at java.base/java.util.TimerThread.mainLoop(Timer.java:566)
	at java.base/java.util.TimerThread.run(Timer.java:516)

!ENTRY com.st.stm32cube.ide.mpu.remote.serial 4 0 2026-04-03 17:40:03.081
!MESSAGE Failed to parse wmic output
!STACK 0
org.xml.sax.SAXParseException; lineNumber: 1; columnNumber: 1; Premature end of file.
	at java.xml/com.sun.org.apache.xerces.internal.parsers.DOMParser.parse(DOMParser.java:262)
	at java.xml/com.sun.org.apache.xerces.internal.jaxp.DocumentBuilderImpl.parse(DocumentBuilderImpl.java:342)
	at com.st.stm32cube.ide.mpu.remote.serial.internal.SerialPortProviderWindows.run(SerialPortProviderWindows.java:127)
	at java.base/java.util.TimerThread.mainLoop(Timer.java:566)
	at java.base/java.util.TimerThread.run(Timer.java:516)

!ENTRY com.st.stm32cube.ide.mpu.remote.serial 4 0 2026-04-03 17:40:04.083
!MESSAGE Failed to parse wmic output
!STACK 0
org.xml.sax.SAXParseException; lineNumber: 1; columnNumber: 1; Premature end of file.
	at java.xml/com.sun.org.apache.xerces.internal.parsers.DOMParser.parse(DOMParser.java:262)
	at java.xml/com.sun.org.apache.xerces.internal.jaxp.DocumentBuilderImpl.parse(DocumentBuilderImpl.java:342)
	at com.st.stm32cube.ide.mpu.remote.serial.internal.SerialPortProviderWindows.run(SerialPortProviderWindows.java:127)
	at java.base/java.util.TimerThread.mainLoop(Timer.java:566)
	at java.base/java.util.TimerThread.run(Timer.java:516)

!ENTRY com.st.stm32cube.ide.mpu.remote.serial 4 0 2026-04-03 17:40:05.094
!MESSAGE Failed to parse wmic output
!STACK 0
org.xml.sax.SAXParseException; lineNumber: 1; columnNumber: 1; Premature end of file.
	at java.xml/com.sun.org.apache.xerces.internal.parsers.DOMParser.parse(DOMParser.java:262)
	at java.xml/com.sun.org.apache.xerces.internal.jaxp.DocumentBuilderImpl.parse(DocumentBuilderImpl.java:342)
	at com.st.stm32cube.ide.mpu.remote.serial.internal.SerialPortProviderWindows.run(SerialPortProviderWindows.java:127)
	at java.base/java.util.TimerThread.mainLoop(Timer.java:566)
	at java.base/java.util.TimerThread.run(Timer.java:516)

!ENTRY com.st.stm32cube.ide.mpu.remote.serial 4 0 2026-04-03 17:40:06.107
!MESSAGE Failed to parse wmic output
!STACK 0
org.xml.sax.SAXParseException; lineNumber: 1; columnNumber: 1; Premature end of file.
	at java.xml/com.sun.org.apache.xerces.internal.parsers.DOMParser.parse(DOMParser.java:262)
	at java.xml/com.sun.org.apache.xerces.internal.jaxp.DocumentBuilderImpl.parse(DocumentBuilderImpl.java:342)
	at com.st.stm32cube.ide.mpu.remote.serial.internal.SerialPortProviderWindows.run(SerialPortProviderWindows.java:127)
	at java.base/java.util.TimerThread.mainLoop(Timer.java:566)
	at java.base/java.util.TimerThread.run(Timer.java:516)

!ENTRY com.st.stm32cube.ide.mpu.remote.serial 4 0 2026-04-03 17:40:07.064
!MESSAGE Failed to parse wmic output
!STACK 0
org.xml.sax.SAXParseException; lineNumber: 1; columnNumber: 1; Premature end of file.
	at java.xml/com.sun.org.apache.xerces.internal.parsers.DOMParser.parse(DOMParser.java:262)
	at java.xml/com.sun.org.apache.xerces.internal.jaxp.DocumentBuilderImpl.parse(DocumentBuilderImpl.java:342)
	at com.st.stm32cube.ide.mpu.remote.serial.internal.SerialPortProviderWindows.run(SerialPortProviderWindows.java:127)
	at java.base/java.util.TimerThread.mainLoop(Timer.java:566)
	at java.base/java.util.TimerThread.run(Timer.java:516)

!ENTRY com.st.stm32cube.ide.mpu.remote.serial 4 0 2026-04-03 17:40:08.065
!MESSAGE Failed to parse wmic output
!STACK 0
org.xml.sax.SAXParseException; lineNumber: 1; columnNumber: 1; Premature end of file.
	at java.xml/com.sun.org.apache.xerces.internal.parsers.DOMParser.parse(DOMParser.java:262)
	at java.xml/com.sun.org.apache.xerces.internal.jaxp.DocumentBuilderImpl.parse(DocumentBuilderImpl.java:342)
	at com.st.stm32cube.ide.mpu.remote.serial.internal.SerialPortProviderWindows.run(SerialPortProviderWindows.java:127)
	at java.base/java.util.TimerThread.mainLoop(Timer.java:566)
	at java.base/java.util.TimerThread.run(Timer.java:516)

!ENTRY com.st.stm32cube.ide.mpu.remote.serial 4 0 2026-04-03 17:40:09.057
!MESSAGE Failed to parse wmic output
!STACK 0
org.xml.sax.SAXParseException; lineNumber: 1; columnNumber: 1; Premature end of file.
	at java.xml/com.sun.org.apache.xerces.internal.parsers.DOMParser.parse(DOMParser.java:262)
	at java.xml/com.sun.org.apache.xerces.internal.jaxp.DocumentBuilderImpl.parse(DocumentBuilderImpl.java:342)
	at com.st.stm32cube.ide.mpu.remote.serial.internal.SerialPortProviderWindows.run(SerialPortProviderWindows.java:127)
	at java.base/java.util.TimerThread.mainLoop(Timer.java:566)
	at java.base/java.util.TimerThread.run(Timer.java:516)

!ENTRY com.st.stm32cube.ide.mpu.remote.serial 4 0 2026-04-03 17:40:10.054
!MESSAGE Failed to parse wmic output
!STACK 0
org.xml.sax.SAXParseException; lineNumber: 1; columnNumber: 1; Premature end of file.
	at java.xml/com.sun.org.apache.xerces.internal.parsers.DOMParser.parse(DOMParser.java:262)
	at java.xml/com.sun.org.apache.xerces.internal.jaxp.DocumentBuilderImpl.parse(DocumentBuilderImpl.java:342)
	at com.st.stm32cube.ide.mpu.remote.serial.internal.SerialPortProviderWindows.run(SerialPortProviderWindows.java:127)
	at java.base/java.util.TimerThread.mainLoop(Timer.java:566)
	at java.base/java.util.TimerThread.run(Timer.java:516)

!ENTRY com.st.stm32cube.ide.mpu.remote.serial 4 0 2026-04-03 17:40:11.066
!MESSAGE Failed to parse wmic output
!STACK 0
org.xml.sax.SAXParseException; lineNumber: 1; columnNumber: 1; Premature end of file.
	at java.xml/com.sun.org.apache.xerces.internal.parsers.DOMParser.parse(DOMParser.java:262)
	at java.xml/com.sun.org.apache.xerces.internal.jaxp.DocumentBuilderImpl.parse(DocumentBuilderImpl.java:342)
	at com.st.stm32cube.ide.mpu.remote.serial.internal.SerialPortProviderWindows.run(SerialPortProviderWindows.java:127)
	at java.base/java.util.TimerThread.mainLoop(Timer.java:566)
	at java.base/java.util.TimerThread.run(Timer.java:516)

!ENTRY com.st.stm32cube.ide.mpu.remote.serial 4 0 2026-04-03 17:40:12.057
!MESSAGE Failed to parse wmic output
!STACK 0
org.xml.sax.SAXParseException; lineNumber: 1; columnNumber: 1; Premature end of file.
	at java.xml/com.sun.org.apache.xerces.internal.parsers.DOMParser.parse(DOMParser.java:262)
	at java.xml/com.sun.org.apache.xerces.internal.jaxp.DocumentBuilderImpl.parse(DocumentBuilderImpl.java:342)
	at com.st.stm32cube.ide.mpu.remote.serial.internal.SerialPortProviderWindows.run(SerialPortProviderWindows.java:127)
	at java.base/java.util.TimerThread.mainLoop(Timer.java:566)
	at java.base/java.util.TimerThread.run(Timer.java:516)

!ENTRY com.st.stm32cube.ide.mpu.remote.serial 4 0 2026-04-03 17:40:13.056
!MESSAGE Failed to parse wmic output
!STACK 0
org.xml.sax.SAXParseException; lineNumber: 1; columnNumber: 1; Premature end of file.
	at java.xml/com.sun.org.apache.xerces.internal.parsers.DOMParser.parse(DOMParser.java:262)
	at java.xml/com.sun.org.apache.xerces.internal.jaxp.DocumentBuilderImpl.parse(DocumentBuilderImpl.java:342)
	at com.st.stm32cube.ide.mpu.remote.serial.internal.SerialPortProviderWindows.run(SerialPortProviderWindows.java:127)
	at java.base/java.util.TimerThread.mainLoop(Timer.java:566)
	at java.base/java.util.TimerThread.run(Timer.java:516)

!ENTRY com.st.stm32cube.ide.mpu.remote.serial 4 0 2026-04-03 17:40:14.060
!MESSAGE Failed to parse wmic output
!STACK 0
org.xml.sax.SAXParseException; lineNumber: 1; columnNumber: 1; Premature end of file.
	at java.xml/com.sun.org.apache.xerces.internal.parsers.DOMParser.parse(DOMParser.java:262)
	at java.xml/com.sun.org.apache.xerces.internal.jaxp.DocumentBuilderImpl.parse(DocumentBuilderImpl.java:342)
	at com.st.stm32cube.ide.mpu.remote.serial.internal.SerialPortProviderWindows.run(SerialPortProviderWindows.java:127)
	at java.base/java.util.TimerThread.mainLoop(Timer.java:566)
	at java.base/java.util.TimerThread.run(Timer.java:516)

!ENTRY com.st.stm32cube.ide.mpu.remote.serial 4 0 2026-04-03 17:40:15.058
!MESSAGE Failed to parse wmic output
!STACK 0
org.xml.sax.SAXParseException; lineNumber: 1; columnNumber: 1; Premature end of file.
	at java.xml/com.sun.org.apache.xerces.internal.parsers.DOMParser.parse(DOMParser.java:262)
	at java.xml/com.sun.org.apache.xerces.internal.jaxp.DocumentBuilderImpl.parse(DocumentBuilderImpl.java:342)
	at com.st.stm32cube.ide.mpu.remote.serial.internal.SerialPortProviderWindows.run(SerialPortProviderWindows.java:127)
	at java.base/java.util.TimerThread.mainLoop(Timer.java:566)
	at java.base/java.util.TimerThread.run(Timer.java:516)

!ENTRY com.st.stm32cube.ide.mpu.remote.serial 4 0 2026-04-03 17:40:16.065
!MESSAGE Failed to parse wmic output
!STACK 0
org.xml.sax.SAXParseException; lineNumber: 1; columnNumber: 1; Premature end of file.
	at java.xml/com.sun.org.apache.xerces.internal.parsers.DOMParser.parse(DOMParser.java:262)
	at java.xml/com.sun.org.apache.xerces.internal.jaxp.DocumentBuilderImpl.parse(DocumentBuilderImpl.java:342)
	at com.st.stm32cube.ide.mpu.remote.serial.internal.SerialPortProviderWindows.run(SerialPortProviderWindows.java:127)
	at java.base/java.util.TimerThread.mainLoop(Timer.java:566)
	at java.base/java.util.TimerThread.run(Timer.java:516)

!ENTRY com.st.stm32cube.ide.mpu.remote.serial 4 0 2026-04-03 17:40:17.055
!MESSAGE Failed to parse wmic output
!STACK 0
org.xml.sax.SAXParseException; lineNumber: 1; columnNumber: 1; Premature end of file.
	at java.xml/com.sun.org.apache.xerces.internal.parsers.DOMParser.parse(DOMParser.java:262)
	at java.xml/com.sun.org.apache.xerces.internal.jaxp.DocumentBuilderImpl.parse(DocumentBuilderImpl.java:342)
	at com.st.stm32cube.ide.mpu.remote.serial.internal.SerialPortProviderWindows.run(SerialPortProviderWindows.java:127)
	at java.base/java.util.TimerThread.mainLoop(Timer.java:566)
	at java.base/java.util.TimerThread.run(Timer.java:516)

!ENTRY com.st.stm32cube.ide.mpu.remote.serial 4 0 2026-04-03 17:40:18.068
!MESSAGE Failed to parse wmic output
!STACK 0
org.xml.sax.SAXParseException; lineNumber: 1; columnNumber: 1; Premature end of file.
	at java.xml/com.sun.org.apache.xerces.internal.parsers.DOMParser.parse(DOMParser.java:262)
	at java.xml/com.sun.org.apache.xerces.internal.jaxp.DocumentBuilderImpl.parse(DocumentBuilderImpl.java:342)
	at com.st.stm32cube.ide.mpu.remote.serial.internal.SerialPortProviderWindows.run(SerialPortProviderWindows.java:127)
	at java.base/java.util.TimerThread.mainLoop(Timer.java:566)
	at java.base/java.util.TimerThread.run(Timer.java:516)

!ENTRY com.st.stm32cube.ide.mpu.remote.serial 4 0 2026-04-03 17:40:19.056
!MESSAGE Failed to parse wmic output
!STACK 0
org.xml.sax.SAXParseException; lineNumber: 1; columnNumber: 1; Premature end of file.
	at java.xml/com.sun.org.apache.xerces.internal.parsers.DOMParser.parse(DOMParser.java:262)
	at java.xml/com.sun.org.apache.xerces.internal.jaxp.DocumentBuilderImpl.parse(DocumentBuilderImpl.java:342)
	at com.st.stm32cube.ide.mpu.remote.serial.internal.SerialPortProviderWindows.run(SerialPortProviderWindows.java:127)
	at java.base/java.util.TimerThread.mainLoop(Timer.java:566)
	at java.base/java.util.TimerThread.run(Timer.java:516)

!ENTRY com.st.stm32cube.ide.mpu.remote.serial 4 0 2026-04-03 17:40:20.070
!MESSAGE Failed to parse wmic output
!STACK 0
org.xml.sax.SAXParseException; lineNumber: 1; columnNumber: 1; Premature end of file.
	at java.xml/com.sun.org.apache.xerces.internal.parsers.DOMParser.parse(DOMParser.java:262)
	at java.xml/com.sun.org.apache.xerces.internal.jaxp.DocumentBuilderImpl.parse(DocumentBuilderImpl.java:342)
	at com.st.stm32cube.ide.mpu.remote.serial.internal.SerialPortProviderWindows.run(SerialPortProviderWindows.java:127)
	at java.base/java.util.TimerThread.mainLoop(Timer.java:566)
	at java.base/java.util.TimerThread.run(Timer.java:516)

!ENTRY com.st.stm32cube.ide.mpu.remote.serial 4 0 2026-04-03 17:40:21.055
!MESSAGE Failed to parse wmic output
!STACK 0
org.xml.sax.SAXParseException; lineNumber: 1; columnNumber: 1; Premature end of file.
	at java.xml/com.sun.org.apache.xerces.internal.parsers.DOMParser.parse(DOMParser.java:262)
	at java.xml/com.sun.org.apache.xerces.internal.jaxp.DocumentBuilderImpl.parse(DocumentBuilderImpl.java:342)
	at com.st.stm32cube.ide.mpu.remote.serial.internal.SerialPortProviderWindows.run(SerialPortProviderWindows.java:127)
	at java.base/java.util.TimerThread.mainLoop(Timer.java:566)
	at java.base/java.util.TimerThread.run(Timer.java:516)

!ENTRY com.st.stm32cube.ide.mpu.remote.serial 4 0 2026-04-03 17:40:22.077
!MESSAGE Failed to parse wmic output
!STACK 0
org.xml.sax.SAXParseException; lineNumber: 1; columnNumber: 1; Premature end of file.
	at java.xml/com.sun.org.apache.xerces.internal.parsers.DOMParser.parse(DOMParser.java:262)
	at java.xml/com.sun.org.apache.xerces.internal.jaxp.DocumentBuilderImpl.parse(DocumentBuilderImpl.java:342)
	at com.st.stm32cube.ide.mpu.remote.serial.internal.SerialPortProviderWindows.run(SerialPortProviderWindows.java:127)
	at java.base/java.util.TimerThread.mainLoop(Timer.java:566)
	at java.base/java.util.TimerThread.run(Timer.java:516)

!ENTRY com.st.stm32cube.ide.mpu.remote.serial 4 0 2026-04-03 17:40:23.075
!MESSAGE Failed to parse wmic output
!STACK 0
org.xml.sax.SAXParseException; lineNumber: 1; columnNumber: 1; Premature end of file.
	at java.xml/com.sun.org.apache.xerces.internal.parsers.DOMParser.parse(DOMParser.java:262)
	at java.xml/com.sun.org.apache.xerces.internal.jaxp.DocumentBuilderImpl.parse(DocumentBuilderImpl.java:342)
	at com.st.stm32cube.ide.mpu.remote.serial.internal.SerialPortProviderWindows.run(SerialPortProviderWindows.java:127)
	at java.base/java.util.TimerThread.mainLoop(Timer.java:566)
	at java.base/java.util.TimerThread.run(Timer.java:516)

!ENTRY com.st.stm32cube.ide.mpu.remote.serial 4 0 2026-04-03 17:40:24.082
!MESSAGE Failed to parse wmic output
!STACK 0
org.xml.sax.SAXParseException; lineNumber: 1; columnNumber: 1; Premature end of file.
	at java.xml/com.sun.org.apache.xerces.internal.parsers.DOMParser.parse(DOMParser.java:262)
	at java.xml/com.sun.org.apache.xerces.internal.jaxp.DocumentBuilderImpl.parse(DocumentBuilderImpl.java:342)
	at com.st.stm32cube.ide.mpu.remote.serial.internal.SerialPortProviderWindows.run(SerialPortProviderWindows.java:127)
	at java.base/java.util.TimerThread.mainLoop(Timer.java:566)
	at java.base/java.util.TimerThread.run(Timer.java:516)

!ENTRY com.st.stm32cube.ide.mpu.remote.serial 4 0 2026-04-03 17:40:25.087
!MESSAGE Failed to parse wmic output
!STACK 0
org.xml.sax.SAXParseException; lineNumber: 1; columnNumber: 1; Premature end of file.
	at java.xml/com.sun.org.apache.xerces.internal.parsers.DOMParser.parse(DOMParser.java:262)
	at java.xml/com.sun.org.apache.xerces.internal.jaxp.DocumentBuilderImpl.parse(DocumentBuilderImpl.java:342)
	at com.st.stm32cube.ide.mpu.remote.serial.internal.SerialPortProviderWindows.run(SerialPortProviderWindows.java:127)
	at java.base/java.util.TimerThread.mainLoop(Timer.java:566)
	at java.base/java.util.TimerThread.run(Timer.java:516)

!ENTRY com.st.stm32cube.ide.mpu.remote.serial 4 0 2026-04-03 17:40:26.082
!MESSAGE Failed to parse wmic output
!STACK 0
org.xml.sax.SAXParseException; lineNumber: 1; columnNumber: 1; Premature end of file.
	at java.xml/com.sun.org.apache.xerces.internal.parsers.DOMParser.parse(DOMParser.java:262)
	at java.xml/com.sun.org.apache.xerces.internal.jaxp.DocumentBuilderImpl.parse(DocumentBuilderImpl.java:342)
	at com.st.stm32cube.ide.mpu.remote.serial.internal.SerialPortProviderWindows.run(SerialPortProviderWindows.java:127)
	at java.base/java.util.TimerThread.mainLoop(Timer.java:566)
	at java.base/java.util.TimerThread.run(Timer.java:516)

!ENTRY com.st.stm32cube.ide.mpu.remote.serial 4 0 2026-04-03 17:40:27.082
!MESSAGE Failed to parse wmic output
!STACK 0
org.xml.sax.SAXParseException; lineNumber: 1; columnNumber: 1; Premature end of file.
	at java.xml/com.sun.org.apache.xerces.internal.parsers.DOMParser.parse(DOMParser.java:262)
	at java.xml/com.sun.org.apache.xerces.internal.jaxp.DocumentBuilderImpl.parse(DocumentBuilderImpl.java:342)
	at com.st.stm32cube.ide.mpu.remote.serial.internal.SerialPortProviderWindows.run(SerialPortProviderWindows.java:127)
	at java.base/java.util.TimerThread.mainLoop(Timer.java:566)
	at java.base/java.util.TimerThread.run(Timer.java:516)

!ENTRY com.st.stm32cube.ide.mpu.remote.serial 4 0 2026-04-03 17:40:28.074
!MESSAGE Failed to parse wmic output
!STACK 0
org.xml.sax.SAXParseException; lineNumber: 1; columnNumber: 1; Premature end of file.
	at java.xml/com.sun.org.apache.xerces.internal.parsers.DOMParser.parse(DOMParser.java:262)
	at java.xml/com.sun.org.apache.xerces.internal.jaxp.DocumentBuilderImpl.parse(DocumentBuilderImpl.java:342)
	at com.st.stm32cube.ide.mpu.remote.serial.internal.SerialPortProviderWindows.run(SerialPortProviderWindows.java:127)
	at java.base/java.util.TimerThread.mainLoop(Timer.java:566)
	at java.base/java.util.TimerThread.run(Timer.java:516)

!ENTRY com.st.stm32cube.ide.mpu.remote.serial 4 0 2026-04-03 17:40:29.088
!MESSAGE Failed to parse wmic output
!STACK 0
org.xml.sax.SAXParseException; lineNumber: 1; columnNumber: 1; Premature end of file.
	at java.xml/com.sun.org.apache.xerces.internal.parsers.DOMParser.parse(DOMParser.java:262)
	at java.xml/com.sun.org.apache.xerces.internal.jaxp.DocumentBuilderImpl.parse(DocumentBuilderImpl.java:342)
	at com.st.stm32cube.ide.mpu.remote.serial.internal.SerialPortProviderWindows.run(SerialPortProviderWindows.java:127)
	at java.base/java.util.TimerThread.mainLoop(Timer.java:566)
	at java.base/java.util.TimerThread.run(Timer.java:516)

!ENTRY com.st.stm32cube.ide.mpu.remote.serial 4 0 2026-04-03 17:40:30.081
!MESSAGE Failed to parse wmic output
!STACK 0
org.xml.sax.SAXParseException; lineNumber: 1; columnNumber: 1; Premature end of file.
	at java.xml/com.sun.org.apache.xerces.internal.parsers.DOMParser.parse(DOMParser.java:262)
	at java.xml/com.sun.org.apache.xerces.internal.jaxp.DocumentBuilderImpl.parse(DocumentBuilderImpl.java:342)
	at com.st.stm32cube.ide.mpu.remote.serial.internal.SerialPortProviderWindows.run(SerialPortProviderWindows.java:127)
	at java.base/java.util.TimerThread.mainLoop(Timer.java:566)
	at java.base/java.util.TimerThread.run(Timer.java:516)

!ENTRY com.st.stm32cube.ide.mpu.remote.serial 4 0 2026-04-03 17:40:31.071
!MESSAGE Failed to parse wmic output
!STACK 0
org.xml.sax.SAXParseException; lineNumber: 1; columnNumber: 1; Premature end of file.
	at java.xml/com.sun.org.apache.xerces.internal.parsers.DOMParser.parse(DOMParser.java:262)
	at java.xml/com.sun.org.apache.xerces.internal.jaxp.DocumentBuilderImpl.parse(DocumentBuilderImpl.java:342)
	at com.st.stm32cube.ide.mpu.remote.serial.internal.SerialPortProviderWindows.run(SerialPortProviderWindows.java:127)
	at java.base/java.util.TimerThread.mainLoop(Timer.java:566)
	at java.base/java.util.TimerThread.run(Timer.java:516)

!ENTRY com.st.stm32cube.ide.mpu.remote.serial 4 0 2026-04-03 17:40:32.088
!MESSAGE Failed to parse wmic output
!STACK 0
org.xml.sax.SAXParseException; lineNumber: 1; columnNumber: 1; Premature end of file.
	at java.xml/com.sun.org.apache.xerces.internal.parsers.DOMParser.parse(DOMParser.java:262)
	at java.xml/com.sun.org.apache.xerces.internal.jaxp.DocumentBuilderImpl.parse(DocumentBuilderImpl.java:342)
	at com.st.stm32cube.ide.mpu.remote.serial.internal.SerialPortProviderWindows.run(SerialPortProviderWindows.java:127)
	at java.base/java.util.TimerThread.mainLoop(Timer.java:566)
	at java.base/java.util.TimerThread.run(Timer.java:516)

!ENTRY com.st.stm32cube.ide.mpu.remote.serial 4 0 2026-04-03 17:40:33.058
!MESSAGE Failed to parse wmic output
!STACK 0
org.xml.sax.SAXParseException; lineNumber: 1; columnNumber: 1; Premature end of file.
	at java.xml/com.sun.org.apache.xerces.internal.parsers.DOMParser.parse(DOMParser.java:262)
	at java.xml/com.sun.org.apache.xerces.internal.jaxp.DocumentBuilderImpl.parse(DocumentBuilderImpl.java:342)
	at com.st.stm32cube.ide.mpu.remote.serial.internal.SerialPortProviderWindows.run(SerialPortProviderWindows.java:127)
	at java.base/java.util.TimerThread.mainLoop(Timer.java:566)
	at java.base/java.util.TimerThread.run(Timer.java:516)

!ENTRY com.st.stm32cube.ide.mpu.remote.serial 4 0 2026-04-03 17:40:34.082
!MESSAGE Failed to parse wmic output
!STACK 0
org.xml.sax.SAXParseException; lineNumber: 1; columnNumber: 1; Premature end of file.
	at java.xml/com.sun.org.apache.xerces.internal.parsers.DOMParser.parse(DOMParser.java:262)
	at java.xml/com.sun.org.apache.xerces.internal.jaxp.DocumentBuilderImpl.parse(DocumentBuilderImpl.java:342)
	at com.st.stm32cube.ide.mpu.remote.serial.internal.SerialPortProviderWindows.run(SerialPortProviderWindows.java:127)
	at java.base/java.util.TimerThread.mainLoop(Timer.java:566)
	at java.base/java.util.TimerThread.run(Timer.java:516)

!ENTRY com.st.stm32cube.ide.mpu.remote.serial 4 0 2026-04-03 17:40:35.067
!MESSAGE Failed to parse wmic output
!STACK 0
org.xml.sax.SAXParseException; lineNumber: 1; columnNumber: 1; Premature end of file.
	at java.xml/com.sun.org.apache.xerces.internal.parsers.DOMParser.parse(DOMParser.java:262)
	at java.xml/com.sun.org.apache.xerces.internal.jaxp.DocumentBuilderImpl.parse(DocumentBuilderImpl.java:342)
	at com.st.stm32cube.ide.mpu.remote.serial.internal.SerialPortProviderWindows.run(SerialPortProviderWindows.java:127)
	at java.base/java.util.TimerThread.mainLoop(Timer.java:566)
	at java.base/java.util.TimerThread.run(Timer.java:516)

!ENTRY com.st.stm32cube.ide.mpu.remote.serial 4 0 2026-04-03 17:40:36.077
!MESSAGE Failed to parse wmic output
!STACK 0
org.xml.sax.SAXParseException; lineNumber: 1; columnNumber: 1; Premature end of file.
	at java.xml/com.sun.org.apache.xerces.internal.parsers.DOMParser.parse(DOMParser.java:262)
	at java.xml/com.sun.org.apache.xerces.internal.jaxp.DocumentBuilderImpl.parse(DocumentBuilderImpl.java:342)
	at com.st.stm32cube.ide.mpu.remote.serial.internal.SerialPortProviderWindows.run(SerialPortProviderWindows.java:127)
	at java.base/java.util.TimerThread.mainLoop(Timer.java:566)
	at java.base/java.util.TimerThread.run(Timer.java:516)

!ENTRY com.st.stm32cube.ide.mpu.remote.serial 4 0 2026-04-03 17:40:37.067
!MESSAGE Failed to parse wmic output
!STACK 0
org.xml.sax.SAXParseException; lineNumber: 1; columnNumber: 1; Premature end of file.
	at java.xml/com.sun.org.apache.xerces.internal.parsers.DOMParser.parse(DOMParser.java:262)
	at java.xml/com.sun.org.apache.xerces.internal.jaxp.DocumentBuilderImpl.parse(DocumentBuilderImpl.java:342)
	at com.st.stm32cube.ide.mpu.remote.serial.internal.SerialPortProviderWindows.run(SerialPortProviderWindows.java:127)
	at java.base/java.util.TimerThread.mainLoop(Timer.java:566)
	at java.base/java.util.TimerThread.run(Timer.java:516)

!ENTRY com.st.stm32cube.ide.mpu.remote.serial 4 0 2026-04-03 17:40:38.082
!MESSAGE Failed to parse wmic output
!STACK 0
org.xml.sax.SAXParseException; lineNumber: 1; columnNumber: 1; Premature end of file.
	at java.xml/com.sun.org.apache.xerces.internal.parsers.DOMParser.parse(DOMParser.java:262)
	at java.xml/com.sun.org.apache.xerces.internal.jaxp.DocumentBuilderImpl.parse(DocumentBuilderImpl.java:342)
	at com.st.stm32cube.ide.mpu.remote.serial.internal.SerialPortProviderWindows.run(SerialPortProviderWindows.java:127)
	at java.base/java.util.TimerThread.mainLoop(Timer.java:566)
	at java.base/java.util.TimerThread.run(Timer.java:516)

!ENTRY com.st.stm32cube.ide.mpu.remote.serial 4 0 2026-04-03 17:40:39.076
!MESSAGE Failed to parse wmic output
!STACK 0
org.xml.sax.SAXParseException; lineNumber: 1; columnNumber: 1; Premature end of file.
	at java.xml/com.sun.org.apache.xerces.internal.parsers.DOMParser.parse(DOMParser.java:262)
	at java.xml/com.sun.org.apache.xerces.internal.jaxp.DocumentBuilderImpl.parse(DocumentBuilderImpl.java:342)
	at com.st.stm32cube.ide.mpu.remote.serial.internal.SerialPortProviderWindows.run(SerialPortProviderWindows.java:127)
	at java.base/java.util.TimerThread.mainLoop(Timer.java:566)
	at java.base/java.util.TimerThread.run(Timer.java:516)

!ENTRY com.st.stm32cube.ide.mpu.remote.serial 4 0 2026-04-03 17:40:40.057
!MESSAGE Failed to parse wmic output
!STACK 0
org.xml.sax.SAXParseException; lineNumber: 1; columnNumber: 1; Premature end of file.
	at java.xml/com.sun.org.apache.xerces.internal.parsers.DOMParser.parse(DOMParser.java:262)
	at java.xml/com.sun.org.apache.xerces.internal.jaxp.DocumentBuilderImpl.parse(DocumentBuilderImpl.java:342)
	at com.st.stm32cube.ide.mpu.remote.serial.internal.SerialPortProviderWindows.run(SerialPortProviderWindows.java:127)
	at java.base/java.util.TimerThread.mainLoop(Timer.java:566)
	at java.base/java.util.TimerThread.run(Timer.java:516)

!ENTRY com.st.stm32cube.ide.mpu.remote.serial 4 0 2026-04-03 17:40:41.057
!MESSAGE Failed to parse wmic output
!STACK 0
org.xml.sax.SAXParseException; lineNumber: 1; columnNumber: 1; Premature end of file.
	at java.xml/com.sun.org.apache.xerces.internal.parsers.DOMParser.parse(DOMParser.java:262)
	at java.xml/com.sun.org.apache.xerces.internal.jaxp.DocumentBuilderImpl.parse(DocumentBuilderImpl.java:342)
	at com.st.stm32cube.ide.mpu.remote.serial.internal.SerialPortProviderWindows.run(SerialPortProviderWindows.java:127)
	at java.base/java.util.TimerThread.mainLoop(Timer.java:566)
	at java.base/java.util.TimerThread.run(Timer.java:516)

!ENTRY com.st.stm32cube.ide.mpu.remote.serial 4 0 2026-04-03 17:40:42.058
!MESSAGE Failed to parse wmic output
!STACK 0
org.xml.sax.SAXParseException; lineNumber: 1; columnNumber: 1; Premature end of file.
	at java.xml/com.sun.org.apache.xerces.internal.parsers.DOMParser.parse(DOMParser.java:262)
	at java.xml/com.sun.org.apache.xerces.internal.jaxp.DocumentBuilderImpl.parse(DocumentBuilderImpl.java:342)
	at com.st.stm32cube.ide.mpu.remote.serial.internal.SerialPortProviderWindows.run(SerialPortProviderWindows.java:127)
	at java.base/java.util.TimerThread.mainLoop(Timer.java:566)
	at java.base/java.util.TimerThread.run(Timer.java:516)

!ENTRY com.st.stm32cube.ide.mpu.remote.serial 4 0 2026-04-03 17:40:43.057
!MESSAGE Failed to parse wmic output
!STACK 0
org.xml.sax.SAXParseException; lineNumber: 1; columnNumber: 1; Premature end of file.
	at java.xml/com.sun.org.apache.xerces.internal.parsers.DOMParser.parse(DOMParser.java:262)
	at java.xml/com.sun.org.apache.xerces.internal.jaxp.DocumentBuilderImpl.parse(DocumentBuilderImpl.java:342)
	at com.st.stm32cube.ide.mpu.remote.serial.internal.SerialPortProviderWindows.run(SerialPortProviderWindows.java:127)
	at java.base/java.util.TimerThread.mainLoop(Timer.java:566)
	at java.base/java.util.TimerThread.run(Timer.java:516)

!ENTRY com.st.stm32cube.ide.mpu.remote.serial 4 0 2026-04-03 17:40:44.054
!MESSAGE Failed to parse wmic output
!STACK 0
org.xml.sax.SAXParseException; lineNumber: 1; columnNumber: 1; Premature end of file.
	at java.xml/com.sun.org.apache.xerces.internal.parsers.DOMParser.parse(DOMParser.java:262)
	at java.xml/com.sun.org.apache.xerces.internal.jaxp.DocumentBuilderImpl.parse(DocumentBuilderImpl.java:342)
	at com.st.stm32cube.ide.mpu.remote.serial.internal.SerialPortProviderWindows.run(SerialPortProviderWindows.java:127)
	at java.base/java.util.TimerThread.mainLoop(Timer.java:566)
	at java.base/java.util.TimerThread.run(Timer.java:516)

!ENTRY com.st.stm32cube.ide.mpu.remote.serial 4 0 2026-04-03 17:40:45.062
!MESSAGE Failed to parse wmic output
!STACK 0
org.xml.sax.SAXParseException; lineNumber: 1; columnNumber: 1; Premature end of file.
	at java.xml/com.sun.org.apache.xerces.internal.parsers.DOMParser.parse(DOMParser.java:262)
	at java.xml/com.sun.org.apache.xerces.internal.jaxp.DocumentBuilderImpl.parse(DocumentBuilderImpl.java:342)
	at com.st.stm32cube.ide.mpu.remote.serial.internal.SerialPortProviderWindows.run(SerialPortProviderWindows.java:127)
	at java.base/java.util.TimerThread.mainLoop(Timer.java:566)
	at java.base/java.util.TimerThread.run(Timer.java:516)

!ENTRY com.st.stm32cube.ide.mpu.remote.serial 4 0 2026-04-03 17:40:46.061
!MESSAGE Failed to parse wmic output
!STACK 0
org.xml.sax.SAXParseException; lineNumber: 1; columnNumber: 1; Premature end of file.
	at java.xml/com.sun.org.apache.xerces.internal.parsers.DOMParser.parse(DOMParser.java:262)
	at java.xml/com.sun.org.apache.xerces.internal.jaxp.DocumentBuilderImpl.parse(DocumentBuilderImpl.java:342)
	at com.st.stm32cube.ide.mpu.remote.serial.internal.SerialPortProviderWindows.run(SerialPortProviderWindows.java:127)
	at java.base/java.util.TimerThread.mainLoop(Timer.java:566)
	at java.base/java.util.TimerThread.run(Timer.java:516)

!ENTRY com.st.stm32cube.ide.mpu.remote.serial 4 0 2026-04-03 17:40:47.055
!MESSAGE Failed to parse wmic output
!STACK 0
org.xml.sax.SAXParseException; lineNumber: 1; columnNumber: 1; Premature end of file.
	at java.xml/com.sun.org.apache.xerces.internal.parsers.DOMParser.parse(DOMParser.java:262)
	at java.xml/com.sun.org.apache.xerces.internal.jaxp.DocumentBuilderImpl.parse(DocumentBuilderImpl.java:342)
	at com.st.stm32cube.ide.mpu.remote.serial.internal.SerialPortProviderWindows.run(SerialPortProviderWindows.java:127)
	at java.base/java.util.TimerThread.mainLoop(Timer.java:566)
	at java.base/java.util.TimerThread.run(Timer.java:516)

!ENTRY com.st.stm32cube.ide.mpu.remote.serial 4 0 2026-04-03 17:40:48.072
!MESSAGE Failed to parse wmic output
!STACK 0
org.xml.sax.SAXParseException; lineNumber: 1; columnNumber: 1; Premature end of file.
	at java.xml/com.sun.org.apache.xerces.internal.parsers.DOMParser.parse(DOMParser.java:262)
	at java.xml/com.sun.org.apache.xerces.internal.jaxp.DocumentBuilderImpl.parse(DocumentBuilderImpl.java:342)
	at com.st.stm32cube.ide.mpu.remote.serial.internal.SerialPortProviderWindows.run(SerialPortProviderWindows.java:127)
	at java.base/java.util.TimerThread.mainLoop(Timer.java:566)
	at java.base/java.util.TimerThread.run(Timer.java:516)

!ENTRY com.st.stm32cube.ide.mpu.remote.serial 4 0 2026-04-03 17:40:49.065
!MESSAGE Failed to parse wmic output
!STACK 0
org.xml.sax.SAXParseException; lineNumber: 1; columnNumber: 1; Premature end of file.
	at java.xml/com.sun.org.apache.xerces.internal.parsers.DOMParser.parse(DOMParser.java:262)
	at java.xml/com.sun.org.apache.xerces.internal.jaxp.DocumentBuilderImpl.parse(DocumentBuilderImpl.java:342)
	at com.st.stm32cube.ide.mpu.remote.serial.internal.SerialPortProviderWindows.run(SerialPortProviderWindows.java:127)
	at java.base/java.util.TimerThread.mainLoop(Timer.java:566)
	at java.base/java.util.TimerThread.run(Timer.java:516)

!ENTRY com.st.stm32cube.ide.mpu.remote.serial 4 0 2026-04-03 17:40:50.055
!MESSAGE Failed to parse wmic output
!STACK 0
org.xml.sax.SAXParseException; lineNumber: 1; columnNumber: 1; Premature end of file.
	at java.xml/com.sun.org.apache.xerces.internal.parsers.DOMParser.parse(DOMParser.java:262)
	at java.xml/com.sun.org.apache.xerces.internal.jaxp.DocumentBuilderImpl.parse(DocumentBuilderImpl.java:342)
	at com.st.stm32cube.ide.mpu.remote.serial.internal.SerialPortProviderWindows.run(SerialPortProviderWindows.java:127)
	at java.base/java.util.TimerThread.mainLoop(Timer.java:566)
	at java.base/java.util.TimerThread.run(Timer.java:516)

!ENTRY com.st.stm32cube.ide.mpu.remote.serial 4 0 2026-04-03 17:40:51.083
!MESSAGE Failed to parse wmic output
!STACK 0
org.xml.sax.SAXParseException; lineNumber: 1; columnNumber: 1; Premature end of file.
	at java.xml/com.sun.org.apache.xerces.internal.parsers.DOMParser.parse(DOMParser.java:262)
	at java.xml/com.sun.org.apache.xerces.internal.jaxp.DocumentBuilderImpl.parse(DocumentBuilderImpl.java:342)
	at com.st.stm32cube.ide.mpu.remote.serial.internal.SerialPortProviderWindows.run(SerialPortProviderWindows.java:127)
	at java.base/java.util.TimerThread.mainLoop(Timer.java:566)
	at java.base/java.util.TimerThread.run(Timer.java:516)

!ENTRY com.st.stm32cube.ide.mpu.remote.serial 4 0 2026-04-03 17:40:52.062
!MESSAGE Failed to parse wmic output
!STACK 0
org.xml.sax.SAXParseException; lineNumber: 1; columnNumber: 1; Premature end of file.
	at java.xml/com.sun.org.apache.xerces.internal.parsers.DOMParser.parse(DOMParser.java:262)
	at java.xml/com.sun.org.apache.xerces.internal.jaxp.DocumentBuilderImpl.parse(DocumentBuilderImpl.java:342)
	at com.st.stm32cube.ide.mpu.remote.serial.internal.SerialPortProviderWindows.run(SerialPortProviderWindows.java:127)
	at java.base/java.util.TimerThread.mainLoop(Timer.java:566)
	at java.base/java.util.TimerThread.run(Timer.java:516)

!ENTRY com.st.stm32cube.ide.mpu.remote.serial 4 0 2026-04-03 17:40:53.069
!MESSAGE Failed to parse wmic output
!STACK 0
org.xml.sax.SAXParseException; lineNumber: 1; columnNumber: 1; Premature end of file.
	at java.xml/com.sun.org.apache.xerces.internal.parsers.DOMParser.parse(DOMParser.java:262)
	at java.xml/com.sun.org.apache.xerces.internal.jaxp.DocumentBuilderImpl.parse(DocumentBuilderImpl.java:342)
	at com.st.stm32cube.ide.mpu.remote.serial.internal.SerialPortProviderWindows.run(SerialPortProviderWindows.java:127)
	at java.base/java.util.TimerThread.mainLoop(Timer.java:566)
	at java.base/java.util.TimerThread.run(Timer.java:516)

!ENTRY com.st.stm32cube.ide.mpu.remote.serial 4 0 2026-04-03 17:40:54.101
!MESSAGE Failed to parse wmic output
!STACK 0
org.xml.sax.SAXParseException; lineNumber: 1; columnNumber: 1; Premature end of file.
	at java.xml/com.sun.org.apache.xerces.internal.parsers.DOMParser.parse(DOMParser.java:262)
	at java.xml/com.sun.org.apache.xerces.internal.jaxp.DocumentBuilderImpl.parse(DocumentBuilderImpl.java:342)
	at com.st.stm32cube.ide.mpu.remote.serial.internal.SerialPortProviderWindows.run(SerialPortProviderWindows.java:127)
	at java.base/java.util.TimerThread.mainLoop(Timer.java:566)
	at java.base/java.util.TimerThread.run(Timer.java:516)

!ENTRY com.st.stm32cube.ide.mpu.remote.serial 4 0 2026-04-03 17:40:55.063
!MESSAGE Failed to parse wmic output
!STACK 0
org.xml.sax.SAXParseException; lineNumber: 1; columnNumber: 1; Premature end of file.
	at java.xml/com.sun.org.apache.xerces.internal.parsers.DOMParser.parse(DOMParser.java:262)
	at java.xml/com.sun.org.apache.xerces.internal.jaxp.DocumentBuilderImpl.parse(DocumentBuilderImpl.java:342)
	at com.st.stm32cube.ide.mpu.remote.serial.internal.SerialPortProviderWindows.run(SerialPortProviderWindows.java:127)
	at java.base/java.util.TimerThread.mainLoop(Timer.java:566)
	at java.base/java.util.TimerThread.run(Timer.java:516)

!ENTRY com.st.stm32cube.ide.mpu.remote.serial 4 0 2026-04-03 17:40:56.058
!MESSAGE Failed to parse wmic output
!STACK 0
org.xml.sax.SAXParseException; lineNumber: 1; columnNumber: 1; Premature end of file.
	at java.xml/com.sun.org.apache.xerces.internal.parsers.DOMParser.parse(DOMParser.java:262)
	at java.xml/com.sun.org.apache.xerces.internal.jaxp.DocumentBuilderImpl.parse(DocumentBuilderImpl.java:342)
	at com.st.stm32cube.ide.mpu.remote.serial.internal.SerialPortProviderWindows.run(SerialPortProviderWindows.java:127)
	at java.base/java.util.TimerThread.mainLoop(Timer.java:566)
	at java.base/java.util.TimerThread.run(Timer.java:516)

!ENTRY com.st.stm32cube.ide.mpu.remote.serial 4 0 2026-04-03 17:40:57.058
!MESSAGE Failed to parse wmic output
!STACK 0
org.xml.sax.SAXParseException; lineNumber: 1; columnNumber: 1; Premature end of file.
	at java.xml/com.sun.org.apache.xerces.internal.parsers.DOMParser.parse(DOMParser.java:262)
	at java.xml/com.sun.org.apache.xerces.internal.jaxp.DocumentBuilderImpl.parse(DocumentBuilderImpl.java:342)
	at com.st.stm32cube.ide.mpu.remote.serial.internal.SerialPortProviderWindows.run(SerialPortProviderWindows.java:127)
	at java.base/java.util.TimerThread.mainLoop(Timer.java:566)
	at java.base/java.util.TimerThread.run(Timer.java:516)

!ENTRY com.st.stm32cube.ide.mpu.remote.serial 4 0 2026-04-03 17:40:58.055
!MESSAGE Failed to parse wmic output
!STACK 0
org.xml.sax.SAXParseException; lineNumber: 1; columnNumber: 1; Premature end of file.
	at java.xml/com.sun.org.apache.xerces.internal.parsers.DOMParser.parse(DOMParser.java:262)
	at java.xml/com.sun.org.apache.xerces.internal.jaxp.DocumentBuilderImpl.parse(DocumentBuilderImpl.java:342)
	at com.st.stm32cube.ide.mpu.remote.serial.internal.SerialPortProviderWindows.run(SerialPortProviderWindows.java:127)
	at java.base/java.util.TimerThread.mainLoop(Timer.java:566)
	at java.base/java.util.TimerThread.run(Timer.java:516)

!ENTRY com.st.stm32cube.ide.mpu.remote.serial 4 0 2026-04-03 17:40:59.053
!MESSAGE Failed to parse wmic output
!STACK 0
org.xml.sax.SAXParseException; lineNumber: 1; columnNumber: 1; Premature end of file.
	at java.xml/com.sun.org.apache.xerces.internal.parsers.DOMParser.parse(DOMParser.java:262)
	at java.xml/com.sun.org.apache.xerces.internal.jaxp.DocumentBuilderImpl.parse(DocumentBuilderImpl.java:342)
	at com.st.stm32cube.ide.mpu.remote.serial.internal.SerialPortProviderWindows.run(SerialPortProviderWindows.java:127)
	at java.base/java.util.TimerThread.mainLoop(Timer.java:566)
	at java.base/java.util.TimerThread.run(Timer.java:516)

!ENTRY com.st.stm32cube.ide.mpu.remote.serial 4 0 2026-04-03 17:41:00.058
!MESSAGE Failed to parse wmic output
!STACK 0
org.xml.sax.SAXParseException; lineNumber: 1; columnNumber: 1; Premature end of file.
	at java.xml/com.sun.org.apache.xerces.internal.parsers.DOMParser.parse(DOMParser.java:262)
	at java.xml/com.sun.org.apache.xerces.internal.jaxp.DocumentBuilderImpl.parse(DocumentBuilderImpl.java:342)
	at com.st.stm32cube.ide.mpu.remote.serial.internal.SerialPortProviderWindows.run(SerialPortProviderWindows.java:127)
	at java.base/java.util.TimerThread.mainLoop(Timer.java:566)
	at java.base/java.util.TimerThread.run(Timer.java:516)

!ENTRY com.st.stm32cube.ide.mpu.remote.serial 4 0 2026-04-03 17:41:01.066
!MESSAGE Failed to parse wmic output
!STACK 0
org.xml.sax.SAXParseException; lineNumber: 1; columnNumber: 1; Premature end of file.
	at java.xml/com.sun.org.apache.xerces.internal.parsers.DOMParser.parse(DOMParser.java:262)
	at java.xml/com.sun.org.apache.xerces.internal.jaxp.DocumentBuilderImpl.parse(DocumentBuilderImpl.java:342)
	at com.st.stm32cube.ide.mpu.remote.serial.internal.SerialPortProviderWindows.run(SerialPortProviderWindows.java:127)
	at java.base/java.util.TimerThread.mainLoop(Timer.java:566)
	at java.base/java.util.TimerThread.run(Timer.java:516)

!ENTRY com.st.stm32cube.ide.mpu.remote.serial 4 0 2026-04-03 17:41:02.054
!MESSAGE Failed to parse wmic output
!STACK 0
org.xml.sax.SAXParseException; lineNumber: 1; columnNumber: 1; Premature end of file.
	at java.xml/com.sun.org.apache.xerces.internal.parsers.DOMParser.parse(DOMParser.java:262)
	at java.xml/com.sun.org.apache.xerces.internal.jaxp.DocumentBuilderImpl.parse(DocumentBuilderImpl.java:342)
	at com.st.stm32cube.ide.mpu.remote.serial.internal.SerialPortProviderWindows.run(SerialPortProviderWindows.java:127)
	at java.base/java.util.TimerThread.mainLoop(Timer.java:566)
	at java.base/java.util.TimerThread.run(Timer.java:516)

!ENTRY com.st.stm32cube.ide.mpu.remote.serial 4 0 2026-04-03 17:41:03.055
!MESSAGE Failed to parse wmic output
!STACK 0
org.xml.sax.SAXParseException; lineNumber: 1; columnNumber: 1; Premature end of file.
	at java.xml/com.sun.org.apache.xerces.internal.parsers.DOMParser.parse(DOMParser.java:262)
	at java.xml/com.sun.org.apache.xerces.internal.jaxp.DocumentBuilderImpl.parse(DocumentBuilderImpl.java:342)
	at com.st.stm32cube.ide.mpu.remote.serial.internal.SerialPortProviderWindows.run(SerialPortProviderWindows.java:127)
	at java.base/java.util.TimerThread.mainLoop(Timer.java:566)
	at java.base/java.util.TimerThread.run(Timer.java:516)

!ENTRY com.st.stm32cube.ide.mpu.remote.serial 4 0 2026-04-03 17:41:04.058
!MESSAGE Failed to parse wmic output
!STACK 0
org.xml.sax.SAXParseException; lineNumber: 1; columnNumber: 1; Premature end of file.
	at java.xml/com.sun.org.apache.xerces.internal.parsers.DOMParser.parse(DOMParser.java:262)
	at java.xml/com.sun.org.apache.xerces.internal.jaxp.DocumentBuilderImpl.parse(DocumentBuilderImpl.java:342)
	at com.st.stm32cube.ide.mpu.remote.serial.internal.SerialPortProviderWindows.run(SerialPortProviderWindows.java:127)
	at java.base/java.util.TimerThread.mainLoop(Timer.java:566)
	at java.base/java.util.TimerThread.run(Timer.java:516)

!ENTRY com.st.stm32cube.ide.mpu.remote.serial 4 0 2026-04-03 17:41:05.068
!MESSAGE Failed to parse wmic output
!STACK 0
org.xml.sax.SAXParseException; lineNumber: 1; columnNumber: 1; Premature end of file.
	at java.xml/com.sun.org.apache.xerces.internal.parsers.DOMParser.parse(DOMParser.java:262)
	at java.xml/com.sun.org.apache.xerces.internal.jaxp.DocumentBuilderImpl.parse(DocumentBuilderImpl.java:342)
	at com.st.stm32cube.ide.mpu.remote.serial.internal.SerialPortProviderWindows.run(SerialPortProviderWindows.java:127)
	at java.base/java.util.TimerThread.mainLoop(Timer.java:566)
	at java.base/java.util.TimerThread.run(Timer.java:516)

!ENTRY com.st.stm32cube.ide.mpu.remote.serial 4 0 2026-04-03 17:41:06.063
!MESSAGE Failed to parse wmic output
!STACK 0
org.xml.sax.SAXParseException; lineNumber: 1; columnNumber: 1; Premature end of file.
	at java.xml/com.sun.org.apache.xerces.internal.parsers.DOMParser.parse(DOMParser.java:262)
	at java.xml/com.sun.org.apache.xerces.internal.jaxp.DocumentBuilderImpl.parse(DocumentBuilderImpl.java:342)
	at com.st.stm32cube.ide.mpu.remote.serial.internal.SerialPortProviderWindows.run(SerialPortProviderWindows.java:127)
	at java.base/java.util.TimerThread.mainLoop(Timer.java:566)
	at java.base/java.util.TimerThread.run(Timer.java:516)

!ENTRY com.st.stm32cube.ide.mpu.remote.serial 4 0 2026-04-03 17:41:07.072
!MESSAGE Failed to parse wmic output
!STACK 0
org.xml.sax.SAXParseException; lineNumber: 1; columnNumber: 1; Premature end of file.
	at java.xml/com.sun.org.apache.xerces.internal.parsers.DOMParser.parse(DOMParser.java:262)
	at java.xml/com.sun.org.apache.xerces.internal.jaxp.DocumentBuilderImpl.parse(DocumentBuilderImpl.java:342)
	at com.st.stm32cube.ide.mpu.remote.serial.internal.SerialPortProviderWindows.run(SerialPortProviderWindows.java:127)
	at java.base/java.util.TimerThread.mainLoop(Timer.java:566)
	at java.base/java.util.TimerThread.run(Timer.java:516)

!ENTRY com.st.stm32cube.ide.mpu.remote.serial 4 0 2026-04-03 17:41:08.057
!MESSAGE Failed to parse wmic output
!STACK 0
org.xml.sax.SAXParseException; lineNumber: 1; columnNumber: 1; Premature end of file.
	at java.xml/com.sun.org.apache.xerces.internal.parsers.DOMParser.parse(DOMParser.java:262)
	at java.xml/com.sun.org.apache.xerces.internal.jaxp.DocumentBuilderImpl.parse(DocumentBuilderImpl.java:342)
	at com.st.stm32cube.ide.mpu.remote.serial.internal.SerialPortProviderWindows.run(SerialPortProviderWindows.java:127)
	at java.base/java.util.TimerThread.mainLoop(Timer.java:566)
	at java.base/java.util.TimerThread.run(Timer.java:516)

!ENTRY com.st.stm32cube.ide.mpu.remote.serial 4 0 2026-04-03 17:41:09.057
!MESSAGE Failed to parse wmic output
!STACK 0
org.xml.sax.SAXParseException; lineNumber: 1; columnNumber: 1; Premature end of file.
	at java.xml/com.sun.org.apache.xerces.internal.parsers.DOMParser.parse(DOMParser.java:262)
	at java.xml/com.sun.org.apache.xerces.internal.jaxp.DocumentBuilderImpl.parse(DocumentBuilderImpl.java:342)
	at com.st.stm32cube.ide.mpu.remote.serial.internal.SerialPortProviderWindows.run(SerialPortProviderWindows.java:127)
	at java.base/java.util.TimerThread.mainLoop(Timer.java:566)
	at java.base/java.util.TimerThread.run(Timer.java:516)

!ENTRY com.st.stm32cube.ide.mpu.remote.serial 4 0 2026-04-03 17:41:10.089
!MESSAGE Failed to parse wmic output
!STACK 0
org.xml.sax.SAXParseException; lineNumber: 1; columnNumber: 1; Premature end of file.
	at java.xml/com.sun.org.apache.xerces.internal.parsers.DOMParser.parse(DOMParser.java:262)
	at java.xml/com.sun.org.apache.xerces.internal.jaxp.DocumentBuilderImpl.parse(DocumentBuilderImpl.java:342)
	at com.st.stm32cube.ide.mpu.remote.serial.internal.SerialPortProviderWindows.run(SerialPortProviderWindows.java:127)
	at java.base/java.util.TimerThread.mainLoop(Timer.java:566)
	at java.base/java.util.TimerThread.run(Timer.java:516)

!ENTRY com.st.stm32cube.ide.mpu.remote.serial 4 0 2026-04-03 17:41:11.085
!MESSAGE Failed to parse wmic output
!STACK 0
org.xml.sax.SAXParseException; lineNumber: 1; columnNumber: 1; Premature end of file.
	at java.xml/com.sun.org.apache.xerces.internal.parsers.DOMParser.parse(DOMParser.java:262)
	at java.xml/com.sun.org.apache.xerces.internal.jaxp.DocumentBuilderImpl.parse(DocumentBuilderImpl.java:342)
	at com.st.stm32cube.ide.mpu.remote.serial.internal.SerialPortProviderWindows.run(SerialPortProviderWindows.java:127)
	at java.base/java.util.TimerThread.mainLoop(Timer.java:566)
	at java.base/java.util.TimerThread.run(Timer.java:516)

!ENTRY com.st.stm32cube.ide.mpu.remote.serial 4 0 2026-04-03 17:41:12.082
!MESSAGE Failed to parse wmic output
!STACK 0
org.xml.sax.SAXParseException; lineNumber: 1; columnNumber: 1; Premature end of file.
	at java.xml/com.sun.org.apache.xerces.internal.parsers.DOMParser.parse(DOMParser.java:262)
	at java.xml/com.sun.org.apache.xerces.internal.jaxp.DocumentBuilderImpl.parse(DocumentBuilderImpl.java:342)
	at com.st.stm32cube.ide.mpu.remote.serial.internal.SerialPortProviderWindows.run(SerialPortProviderWindows.java:127)
	at java.base/java.util.TimerThread.mainLoop(Timer.java:566)
	at java.base/java.util.TimerThread.run(Timer.java:516)

!ENTRY com.st.stm32cube.ide.mpu.remote.serial 4 0 2026-04-03 17:41:13.078
!MESSAGE Failed to parse wmic output
!STACK 0
org.xml.sax.SAXParseException; lineNumber: 1; columnNumber: 1; Premature end of file.
	at java.xml/com.sun.org.apache.xerces.internal.parsers.DOMParser.parse(DOMParser.java:262)
	at java.xml/com.sun.org.apache.xerces.internal.jaxp.DocumentBuilderImpl.parse(DocumentBuilderImpl.java:342)
	at com.st.stm32cube.ide.mpu.remote.serial.internal.SerialPortProviderWindows.run(SerialPortProviderWindows.java:127)
	at java.base/java.util.TimerThread.mainLoop(Timer.java:566)
	at java.base/java.util.TimerThread.run(Timer.java:516)

!ENTRY com.st.stm32cube.ide.mpu.remote.serial 4 0 2026-04-03 17:41:14.086
!MESSAGE Failed to parse wmic output
!STACK 0
org.xml.sax.SAXParseException; lineNumber: 1; columnNumber: 1; Premature end of file.
	at java.xml/com.sun.org.apache.xerces.internal.parsers.DOMParser.parse(DOMParser.java:262)
	at java.xml/com.sun.org.apache.xerces.internal.jaxp.DocumentBuilderImpl.parse(DocumentBuilderImpl.java:342)
	at com.st.stm32cube.ide.mpu.remote.serial.internal.SerialPortProviderWindows.run(SerialPortProviderWindows.java:127)
	at java.base/java.util.TimerThread.mainLoop(Timer.java:566)
	at java.base/java.util.TimerThread.run(Timer.java:516)

!ENTRY com.st.stm32cube.ide.mpu.remote.serial 4 0 2026-04-03 17:41:15.083
!MESSAGE Failed to parse wmic output
!STACK 0
org.xml.sax.SAXParseException; lineNumber: 1; columnNumber: 1; Premature end of file.
	at java.xml/com.sun.org.apache.xerces.internal.parsers.DOMParser.parse(DOMParser.java:262)
	at java.xml/com.sun.org.apache.xerces.internal.jaxp.DocumentBuilderImpl.parse(DocumentBuilderImpl.java:342)
	at com.st.stm32cube.ide.mpu.remote.serial.internal.SerialPortProviderWindows.run(SerialPortProviderWindows.java:127)
	at java.base/java.util.TimerThread.mainLoop(Timer.java:566)
	at java.base/java.util.TimerThread.run(Timer.java:516)

!ENTRY com.st.stm32cube.ide.mpu.remote.serial 4 0 2026-04-03 17:41:16.076
!MESSAGE Failed to parse wmic output
!STACK 0
org.xml.sax.SAXParseException; lineNumber: 1; columnNumber: 1; Premature end of file.
	at java.xml/com.sun.org.apache.xerces.internal.parsers.DOMParser.parse(DOMParser.java:262)
	at java.xml/com.sun.org.apache.xerces.internal.jaxp.DocumentBuilderImpl.parse(DocumentBuilderImpl.java:342)
	at com.st.stm32cube.ide.mpu.remote.serial.internal.SerialPortProviderWindows.run(SerialPortProviderWindows.java:127)
	at java.base/java.util.TimerThread.mainLoop(Timer.java:566)
	at java.base/java.util.TimerThread.run(Timer.java:516)

!ENTRY com.st.stm32cube.ide.mpu.remote.serial 4 0 2026-04-03 17:41:17.058
!MESSAGE Failed to parse wmic output
!STACK 0
org.xml.sax.SAXParseException; lineNumber: 1; columnNumber: 1; Premature end of file.
	at java.xml/com.sun.org.apache.xerces.internal.parsers.DOMParser.parse(DOMParser.java:262)
	at java.xml/com.sun.org.apache.xerces.internal.jaxp.DocumentBuilderImpl.parse(DocumentBuilderImpl.java:342)
	at com.st.stm32cube.ide.mpu.remote.serial.internal.SerialPortProviderWindows.run(SerialPortProviderWindows.java:127)
	at java.base/java.util.TimerThread.mainLoop(Timer.java:566)
	at java.base/java.util.TimerThread.run(Timer.java:516)

!ENTRY com.st.stm32cube.ide.mpu.remote.serial 4 0 2026-04-03 17:41:18.087
!MESSAGE Failed to parse wmic output
!STACK 0
org.xml.sax.SAXParseException; lineNumber: 1; columnNumber: 1; Premature end of file.
	at java.xml/com.sun.org.apache.xerces.internal.parsers.DOMParser.parse(DOMParser.java:262)
	at java.xml/com.sun.org.apache.xerces.internal.jaxp.DocumentBuilderImpl.parse(DocumentBuilderImpl.java:342)
	at com.st.stm32cube.ide.mpu.remote.serial.internal.SerialPortProviderWindows.run(SerialPortProviderWindows.java:127)
	at java.base/java.util.TimerThread.mainLoop(Timer.java:566)
	at java.base/java.util.TimerThread.run(Timer.java:516)

!ENTRY com.st.stm32cube.ide.mpu.remote.serial 4 0 2026-04-03 17:41:19.081
!MESSAGE Failed to parse wmic output
!STACK 0
org.xml.sax.SAXParseException; lineNumber: 1; columnNumber: 1; Premature end of file.
	at java.xml/com.sun.org.apache.xerces.internal.parsers.DOMParser.parse(DOMParser.java:262)
	at java.xml/com.sun.org.apache.xerces.internal.jaxp.DocumentBuilderImpl.parse(DocumentBuilderImpl.java:342)
	at com.st.stm32cube.ide.mpu.remote.serial.internal.SerialPortProviderWindows.run(SerialPortProviderWindows.java:127)
	at java.base/java.util.TimerThread.mainLoop(Timer.java:566)
	at java.base/java.util.TimerThread.run(Timer.java:516)

!ENTRY com.st.stm32cube.ide.mpu.remote.serial 4 0 2026-04-03 17:41:20.060
!MESSAGE Failed to parse wmic output
!STACK 0
org.xml.sax.SAXParseException; lineNumber: 1; columnNumber: 1; Premature end of file.
	at java.xml/com.sun.org.apache.xerces.internal.parsers.DOMParser.parse(DOMParser.java:262)
	at java.xml/com.sun.org.apache.xerces.internal.jaxp.DocumentBuilderImpl.parse(DocumentBuilderImpl.java:342)
	at com.st.stm32cube.ide.mpu.remote.serial.internal.SerialPortProviderWindows.run(SerialPortProviderWindows.java:127)
	at java.base/java.util.TimerThread.mainLoop(Timer.java:566)
	at java.base/java.util.TimerThread.run(Timer.java:516)

!ENTRY com.st.stm32cube.ide.mpu.remote.serial 4 0 2026-04-03 17:41:21.083
!MESSAGE Failed to parse wmic output
!STACK 0
org.xml.sax.SAXParseException; lineNumber: 1; columnNumber: 1; Premature end of file.
	at java.xml/com.sun.org.apache.xerces.internal.parsers.DOMParser.parse(DOMParser.java:262)
	at java.xml/com.sun.org.apache.xerces.internal.jaxp.DocumentBuilderImpl.parse(DocumentBuilderImpl.java:342)
	at com.st.stm32cube.ide.mpu.remote.serial.internal.SerialPortProviderWindows.run(SerialPortProviderWindows.java:127)
	at java.base/java.util.TimerThread.mainLoop(Timer.java:566)
	at java.base/java.util.TimerThread.run(Timer.java:516)

!ENTRY com.st.stm32cube.ide.mpu.remote.serial 4 0 2026-04-03 17:41:22.077
!MESSAGE Failed to parse wmic output
!STACK 0
org.xml.sax.SAXParseException; lineNumber: 1; columnNumber: 1; Premature end of file.
	at java.xml/com.sun.org.apache.xerces.internal.parsers.DOMParser.parse(DOMParser.java:262)
	at java.xml/com.sun.org.apache.xerces.internal.jaxp.DocumentBuilderImpl.parse(DocumentBuilderImpl.java:342)
	at com.st.stm32cube.ide.mpu.remote.serial.internal.SerialPortProviderWindows.run(SerialPortProviderWindows.java:127)
	at java.base/java.util.TimerThread.mainLoop(Timer.java:566)
	at java.base/java.util.TimerThread.run(Timer.java:516)

!ENTRY com.st.stm32cube.ide.mpu.remote.serial 4 0 2026-04-03 17:41:23.056
!MESSAGE Failed to parse wmic output
!STACK 0
org.xml.sax.SAXParseException; lineNumber: 1; columnNumber: 1; Premature end of file.
	at java.xml/com.sun.org.apache.xerces.internal.parsers.DOMParser.parse(DOMParser.java:262)
	at java.xml/com.sun.org.apache.xerces.internal.jaxp.DocumentBuilderImpl.parse(DocumentBuilderImpl.java:342)
	at com.st.stm32cube.ide.mpu.remote.serial.internal.SerialPortProviderWindows.run(SerialPortProviderWindows.java:127)
	at java.base/java.util.TimerThread.mainLoop(Timer.java:566)
	at java.base/java.util.TimerThread.run(Timer.java:516)

!ENTRY com.st.stm32cube.ide.mpu.remote.serial 4 0 2026-04-03 17:41:24.058
!MESSAGE Failed to parse wmic output
!STACK 0
org.xml.sax.SAXParseException; lineNumber: 1; columnNumber: 1; Premature end of file.
	at java.xml/com.sun.org.apache.xerces.internal.parsers.DOMParser.parse(DOMParser.java:262)
	at java.xml/com.sun.org.apache.xerces.internal.jaxp.DocumentBuilderImpl.parse(DocumentBuilderImpl.java:342)
	at com.st.stm32cube.ide.mpu.remote.serial.internal.SerialPortProviderWindows.run(SerialPortProviderWindows.java:127)
	at java.base/java.util.TimerThread.mainLoop(Timer.java:566)
	at java.base/java.util.TimerThread.run(Timer.java:516)

!ENTRY com.st.stm32cube.ide.mpu.remote.serial 4 0 2026-04-03 17:41:25.080
!MESSAGE Failed to parse wmic output
!STACK 0
org.xml.sax.SAXParseException; lineNumber: 1; columnNumber: 1; Premature end of file.
	at java.xml/com.sun.org.apache.xerces.internal.parsers.DOMParser.parse(DOMParser.java:262)
	at java.xml/com.sun.org.apache.xerces.internal.jaxp.DocumentBuilderImpl.parse(DocumentBuilderImpl.java:342)
	at com.st.stm32cube.ide.mpu.remote.serial.internal.SerialPortProviderWindows.run(SerialPortProviderWindows.java:127)
	at java.base/java.util.TimerThread.mainLoop(Timer.java:566)
	at java.base/java.util.TimerThread.run(Timer.java:516)

!ENTRY com.st.stm32cube.ide.mpu.remote.serial 4 0 2026-04-03 17:41:26.079
!MESSAGE Failed to parse wmic output
!STACK 0
org.xml.sax.SAXParseException; lineNumber: 1; columnNumber: 1; Premature end of file.
	at java.xml/com.sun.org.apache.xerces.internal.parsers.DOMParser.parse(DOMParser.java:262)
	at java.xml/com.sun.org.apache.xerces.internal.jaxp.DocumentBuilderImpl.parse(DocumentBuilderImpl.java:342)
	at com.st.stm32cube.ide.mpu.remote.serial.internal.SerialPortProviderWindows.run(SerialPortProviderWindows.java:127)
	at java.base/java.util.TimerThread.mainLoop(Timer.java:566)
	at java.base/java.util.TimerThread.run(Timer.java:516)

!ENTRY com.st.stm32cube.ide.mpu.remote.serial 4 0 2026-04-03 17:41:27.080
!MESSAGE Failed to parse wmic output
!STACK 0
org.xml.sax.SAXParseException; lineNumber: 1; columnNumber: 1; Premature end of file.
	at java.xml/com.sun.org.apache.xerces.internal.parsers.DOMParser.parse(DOMParser.java:262)
	at java.xml/com.sun.org.apache.xerces.internal.jaxp.DocumentBuilderImpl.parse(DocumentBuilderImpl.java:342)
	at com.st.stm32cube.ide.mpu.remote.serial.internal.SerialPortProviderWindows.run(SerialPortProviderWindows.java:127)
	at java.base/java.util.TimerThread.mainLoop(Timer.java:566)
	at java.base/java.util.TimerThread.run(Timer.java:516)

!ENTRY com.st.stm32cube.ide.mpu.remote.serial 4 0 2026-04-03 17:41:28.079
!MESSAGE Failed to parse wmic output
!STACK 0
org.xml.sax.SAXParseException; lineNumber: 1; columnNumber: 1; Premature end of file.
	at java.xml/com.sun.org.apache.xerces.internal.parsers.DOMParser.parse(DOMParser.java:262)
	at java.xml/com.sun.org.apache.xerces.internal.jaxp.DocumentBuilderImpl.parse(DocumentBuilderImpl.java:342)
	at com.st.stm32cube.ide.mpu.remote.serial.internal.SerialPortProviderWindows.run(SerialPortProviderWindows.java:127)
	at java.base/java.util.TimerThread.mainLoop(Timer.java:566)
	at java.base/java.util.TimerThread.run(Timer.java:516)

!ENTRY com.st.stm32cube.ide.mpu.remote.serial 4 0 2026-04-03 17:41:29.071
!MESSAGE Failed to parse wmic output
!STACK 0
org.xml.sax.SAXParseException; lineNumber: 1; columnNumber: 1; Premature end of file.
	at java.xml/com.sun.org.apache.xerces.internal.parsers.DOMParser.parse(DOMParser.java:262)
	at java.xml/com.sun.org.apache.xerces.internal.jaxp.DocumentBuilderImpl.parse(DocumentBuilderImpl.java:342)
	at com.st.stm32cube.ide.mpu.remote.serial.internal.SerialPortProviderWindows.run(SerialPortProviderWindows.java:127)
	at java.base/java.util.TimerThread.mainLoop(Timer.java:566)
	at java.base/java.util.TimerThread.run(Timer.java:516)

!ENTRY com.st.stm32cube.ide.mpu.remote.serial 4 0 2026-04-03 17:41:30.086
!MESSAGE Failed to parse wmic output
!STACK 0
org.xml.sax.SAXParseException; lineNumber: 1; columnNumber: 1; Premature end of file.
	at java.xml/com.sun.org.apache.xerces.internal.parsers.DOMParser.parse(DOMParser.java:262)
	at java.xml/com.sun.org.apache.xerces.internal.jaxp.DocumentBuilderImpl.parse(DocumentBuilderImpl.java:342)
	at com.st.stm32cube.ide.mpu.remote.serial.internal.SerialPortProviderWindows.run(SerialPortProviderWindows.java:127)
	at java.base/java.util.TimerThread.mainLoop(Timer.java:566)
	at java.base/java.util.TimerThread.run(Timer.java:516)

!ENTRY com.st.stm32cube.ide.mpu.remote.serial 4 0 2026-04-03 17:41:31.072
!MESSAGE Failed to parse wmic output
!STACK 0
org.xml.sax.SAXParseException; lineNumber: 1; columnNumber: 1; Premature end of file.
	at java.xml/com.sun.org.apache.xerces.internal.parsers.DOMParser.parse(DOMParser.java:262)
	at java.xml/com.sun.org.apache.xerces.internal.jaxp.DocumentBuilderImpl.parse(DocumentBuilderImpl.java:342)
	at com.st.stm32cube.ide.mpu.remote.serial.internal.SerialPortProviderWindows.run(SerialPortProviderWindows.java:127)
	at java.base/java.util.TimerThread.mainLoop(Timer.java:566)
	at java.base/java.util.TimerThread.run(Timer.java:516)

!ENTRY com.st.stm32cube.ide.mpu.remote.serial 4 0 2026-04-03 17:41:32.087
!MESSAGE Failed to parse wmic output
!STACK 0
org.xml.sax.SAXParseException; lineNumber: 1; columnNumber: 1; Premature end of file.
	at java.xml/com.sun.org.apache.xerces.internal.parsers.DOMParser.parse(DOMParser.java:262)
	at java.xml/com.sun.org.apache.xerces.internal.jaxp.DocumentBuilderImpl.parse(DocumentBuilderImpl.java:342)
	at com.st.stm32cube.ide.mpu.remote.serial.internal.SerialPortProviderWindows.run(SerialPortProviderWindows.java:127)
	at java.base/java.util.TimerThread.mainLoop(Timer.java:566)
	at java.base/java.util.TimerThread.run(Timer.java:516)

!ENTRY com.st.stm32cube.ide.mpu.remote.serial 4 0 2026-04-03 17:41:33.088
!MESSAGE Failed to parse wmic output
!STACK 0
org.xml.sax.SAXParseException; lineNumber: 1; columnNumber: 1; Premature end of file.
	at java.xml/com.sun.org.apache.xerces.internal.parsers.DOMParser.parse(DOMParser.java:262)
	at java.xml/com.sun.org.apache.xerces.internal.jaxp.DocumentBuilderImpl.parse(DocumentBuilderImpl.java:342)
	at com.st.stm32cube.ide.mpu.remote.serial.internal.SerialPortProviderWindows.run(SerialPortProviderWindows.java:127)
	at java.base/java.util.TimerThread.mainLoop(Timer.java:566)
	at java.base/java.util.TimerThread.run(Timer.java:516)

!ENTRY com.st.stm32cube.ide.mpu.remote.serial 4 0 2026-04-03 17:41:34.090
!MESSAGE Failed to parse wmic output
!STACK 0
org.xml.sax.SAXParseException; lineNumber: 1; columnNumber: 1; Premature end of file.
	at java.xml/com.sun.org.apache.xerces.internal.parsers.DOMParser.parse(DOMParser.java:262)
	at java.xml/com.sun.org.apache.xerces.internal.jaxp.DocumentBuilderImpl.parse(DocumentBuilderImpl.java:342)
	at com.st.stm32cube.ide.mpu.remote.serial.internal.SerialPortProviderWindows.run(SerialPortProviderWindows.java:127)
	at java.base/java.util.TimerThread.mainLoop(Timer.java:566)
	at java.base/java.util.TimerThread.run(Timer.java:516)

!ENTRY com.st.stm32cube.ide.mpu.remote.serial 4 0 2026-04-03 17:41:35.081
!MESSAGE Failed to parse wmic output
!STACK 0
org.xml.sax.SAXParseException; lineNumber: 1; columnNumber: 1; Premature end of file.
	at java.xml/com.sun.org.apache.xerces.internal.parsers.DOMParser.parse(DOMParser.java:262)
	at java.xml/com.sun.org.apache.xerces.internal.jaxp.DocumentBuilderImpl.parse(DocumentBuilderImpl.java:342)
	at com.st.stm32cube.ide.mpu.remote.serial.internal.SerialPortProviderWindows.run(SerialPortProviderWindows.java:127)
	at java.base/java.util.TimerThread.mainLoop(Timer.java:566)
	at java.base/java.util.TimerThread.run(Timer.java:516)

!ENTRY com.st.stm32cube.ide.mpu.remote.serial 4 0 2026-04-03 17:41:36.057
!MESSAGE Failed to parse wmic output
!STACK 0
org.xml.sax.SAXParseException; lineNumber: 1; columnNumber: 1; Premature end of file.
	at java.xml/com.sun.org.apache.xerces.internal.parsers.DOMParser.parse(DOMParser.java:262)
	at java.xml/com.sun.org.apache.xerces.internal.jaxp.DocumentBuilderImpl.parse(DocumentBuilderImpl.java:342)
	at com.st.stm32cube.ide.mpu.remote.serial.internal.SerialPortProviderWindows.run(SerialPortProviderWindows.java:127)
	at java.base/java.util.TimerThread.mainLoop(Timer.java:566)
	at java.base/java.util.TimerThread.run(Timer.java:516)

!ENTRY com.st.stm32cube.ide.mpu.remote.serial 4 0 2026-04-03 17:41:37.064
!MESSAGE Failed to parse wmic output
!STACK 0
org.xml.sax.SAXParseException; lineNumber: 1; columnNumber: 1; Premature end of file.
	at java.xml/com.sun.org.apache.xerces.internal.parsers.DOMParser.parse(DOMParser.java:262)
	at java.xml/com.sun.org.apache.xerces.internal.jaxp.DocumentBuilderImpl.parse(DocumentBuilderImpl.java:342)
	at com.st.stm32cube.ide.mpu.remote.serial.internal.SerialPortProviderWindows.run(SerialPortProviderWindows.java:127)
	at java.base/java.util.TimerThread.mainLoop(Timer.java:566)
	at java.base/java.util.TimerThread.run(Timer.java:516)

!ENTRY com.st.stm32cube.ide.mpu.remote.serial 4 0 2026-04-03 17:41:38.061
!MESSAGE Failed to parse wmic output
!STACK 0
org.xml.sax.SAXParseException; lineNumber: 1; columnNumber: 1; Premature end of file.
	at java.xml/com.sun.org.apache.xerces.internal.parsers.DOMParser.parse(DOMParser.java:262)
	at java.xml/com.sun.org.apache.xerces.internal.jaxp.DocumentBuilderImpl.parse(DocumentBuilderImpl.java:342)
	at com.st.stm32cube.ide.mpu.remote.serial.internal.SerialPortProviderWindows.run(SerialPortProviderWindows.java:127)
	at java.base/java.util.TimerThread.mainLoop(Timer.java:566)
	at java.base/java.util.TimerThread.run(Timer.java:516)

!ENTRY com.st.stm32cube.ide.mpu.remote.serial 4 0 2026-04-03 17:41:39.060
!MESSAGE Failed to parse wmic output
!STACK 0
org.xml.sax.SAXParseException; lineNumber: 1; columnNumber: 1; Premature end of file.
	at java.xml/com.sun.org.apache.xerces.internal.parsers.DOMParser.parse(DOMParser.java:262)
	at java.xml/com.sun.org.apache.xerces.internal.jaxp.DocumentBuilderImpl.parse(DocumentBuilderImpl.java:342)
	at com.st.stm32cube.ide.mpu.remote.serial.internal.SerialPortProviderWindows.run(SerialPortProviderWindows.java:127)
	at java.base/java.util.TimerThread.mainLoop(Timer.java:566)
	at java.base/java.util.TimerThread.run(Timer.java:516)

!ENTRY com.st.stm32cube.ide.mpu.remote.serial 4 0 2026-04-03 17:41:40.069
!MESSAGE Failed to parse wmic output
!STACK 0
org.xml.sax.SAXParseException; lineNumber: 1; columnNumber: 1; Premature end of file.
	at java.xml/com.sun.org.apache.xerces.internal.parsers.DOMParser.parse(DOMParser.java:262)
	at java.xml/com.sun.org.apache.xerces.internal.jaxp.DocumentBuilderImpl.parse(DocumentBuilderImpl.java:342)
	at com.st.stm32cube.ide.mpu.remote.serial.internal.SerialPortProviderWindows.run(SerialPortProviderWindows.java:127)
	at java.base/java.util.TimerThread.mainLoop(Timer.java:566)
	at java.base/java.util.TimerThread.run(Timer.java:516)

!ENTRY com.st.stm32cube.ide.mpu.remote.serial 4 0 2026-04-03 17:41:41.071
!MESSAGE Failed to parse wmic output
!STACK 0
org.xml.sax.SAXParseException; lineNumber: 1; columnNumber: 1; Premature end of file.
	at java.xml/com.sun.org.apache.xerces.internal.parsers.DOMParser.parse(DOMParser.java:262)
	at java.xml/com.sun.org.apache.xerces.internal.jaxp.DocumentBuilderImpl.parse(DocumentBuilderImpl.java:342)
	at com.st.stm32cube.ide.mpu.remote.serial.internal.SerialPortProviderWindows.run(SerialPortProviderWindows.java:127)
	at java.base/java.util.TimerThread.mainLoop(Timer.java:566)
	at java.base/java.util.TimerThread.run(Timer.java:516)

!ENTRY com.st.stm32cube.ide.mpu.remote.serial 4 0 2026-04-03 17:41:42.069
!MESSAGE Failed to parse wmic output
!STACK 0
org.xml.sax.SAXParseException; lineNumber: 1; columnNumber: 1; Premature end of file.
	at java.xml/com.sun.org.apache.xerces.internal.parsers.DOMParser.parse(DOMParser.java:262)
	at java.xml/com.sun.org.apache.xerces.internal.jaxp.DocumentBuilderImpl.parse(DocumentBuilderImpl.java:342)
	at com.st.stm32cube.ide.mpu.remote.serial.internal.SerialPortProviderWindows.run(SerialPortProviderWindows.java:127)
	at java.base/java.util.TimerThread.mainLoop(Timer.java:566)
	at java.base/java.util.TimerThread.run(Timer.java:516)

!ENTRY com.st.stm32cube.ide.mpu.remote.serial 4 0 2026-04-03 17:41:43.074
!MESSAGE Failed to parse wmic output
!STACK 0
org.xml.sax.SAXParseException; lineNumber: 1; columnNumber: 1; Premature end of file.
	at java.xml/com.sun.org.apache.xerces.internal.parsers.DOMParser.parse(DOMParser.java:262)
	at java.xml/com.sun.org.apache.xerces.internal.jaxp.DocumentBuilderImpl.parse(DocumentBuilderImpl.java:342)
	at com.st.stm32cube.ide.mpu.remote.serial.internal.SerialPortProviderWindows.run(SerialPortProviderWindows.java:127)
	at java.base/java.util.TimerThread.mainLoop(Timer.java:566)
	at java.base/java.util.TimerThread.run(Timer.java:516)

!ENTRY com.st.stm32cube.ide.mpu.remote.serial 4 0 2026-04-03 17:41:44.059
!MESSAGE Failed to parse wmic output
!STACK 0
org.xml.sax.SAXParseException; lineNumber: 1; columnNumber: 1; Premature end of file.
	at java.xml/com.sun.org.apache.xerces.internal.parsers.DOMParser.parse(DOMParser.java:262)
	at java.xml/com.sun.org.apache.xerces.internal.jaxp.DocumentBuilderImpl.parse(DocumentBuilderImpl.java:342)
	at com.st.stm32cube.ide.mpu.remote.serial.internal.SerialPortProviderWindows.run(SerialPortProviderWindows.java:127)
	at java.base/java.util.TimerThread.mainLoop(Timer.java:566)
	at java.base/java.util.TimerThread.run(Timer.java:516)

!ENTRY com.st.stm32cube.ide.mpu.remote.serial 4 0 2026-04-03 17:41:45.054
!MESSAGE Failed to parse wmic output
!STACK 0
org.xml.sax.SAXParseException; lineNumber: 1; columnNumber: 1; Premature end of file.
	at java.xml/com.sun.org.apache.xerces.internal.parsers.DOMParser.parse(DOMParser.java:262)
	at java.xml/com.sun.org.apache.xerces.internal.jaxp.DocumentBuilderImpl.parse(DocumentBuilderImpl.java:342)
	at com.st.stm32cube.ide.mpu.remote.serial.internal.SerialPortProviderWindows.run(SerialPortProviderWindows.java:127)
	at java.base/java.util.TimerThread.mainLoop(Timer.java:566)
	at java.base/java.util.TimerThread.run(Timer.java:516)

!ENTRY com.st.stm32cube.ide.mpu.remote.serial 4 0 2026-04-03 17:41:46.074
!MESSAGE Failed to parse wmic output
!STACK 0
org.xml.sax.SAXParseException; lineNumber: 1; columnNumber: 1; Premature end of file.
	at java.xml/com.sun.org.apache.xerces.internal.parsers.DOMParser.parse(DOMParser.java:262)
	at java.xml/com.sun.org.apache.xerces.internal.jaxp.DocumentBuilderImpl.parse(DocumentBuilderImpl.java:342)
	at com.st.stm32cube.ide.mpu.remote.serial.internal.SerialPortProviderWindows.run(SerialPortProviderWindows.java:127)
	at java.base/java.util.TimerThread.mainLoop(Timer.java:566)
	at java.base/java.util.TimerThread.run(Timer.java:516)

!ENTRY com.st.stm32cube.ide.mpu.remote.serial 4 0 2026-04-03 17:41:47.083
!MESSAGE Failed to parse wmic output
!STACK 0
org.xml.sax.SAXParseException; lineNumber: 1; columnNumber: 1; Premature end of file.
	at java.xml/com.sun.org.apache.xerces.internal.parsers.DOMParser.parse(DOMParser.java:262)
	at java.xml/com.sun.org.apache.xerces.internal.jaxp.DocumentBuilderImpl.parse(DocumentBuilderImpl.java:342)
	at com.st.stm32cube.ide.mpu.remote.serial.internal.SerialPortProviderWindows.run(SerialPortProviderWindows.java:127)
	at java.base/java.util.TimerThread.mainLoop(Timer.java:566)
	at java.base/java.util.TimerThread.run(Timer.java:516)

!ENTRY com.st.stm32cube.ide.mpu.remote.serial 4 0 2026-04-03 17:41:48.064
!MESSAGE Failed to parse wmic output
!STACK 0
org.xml.sax.SAXParseException; lineNumber: 1; columnNumber: 1; Premature end of file.
	at java.xml/com.sun.org.apache.xerces.internal.parsers.DOMParser.parse(DOMParser.java:262)
	at java.xml/com.sun.org.apache.xerces.internal.jaxp.DocumentBuilderImpl.parse(DocumentBuilderImpl.java:342)
	at com.st.stm32cube.ide.mpu.remote.serial.internal.SerialPortProviderWindows.run(SerialPortProviderWindows.java:127)
	at java.base/java.util.TimerThread.mainLoop(Timer.java:566)
	at java.base/java.util.TimerThread.run(Timer.java:516)

!ENTRY com.st.stm32cube.ide.mpu.remote.serial 4 0 2026-04-03 17:41:49.081
!MESSAGE Failed to parse wmic output
!STACK 0
org.xml.sax.SAXParseException; lineNumber: 1; columnNumber: 1; Premature end of file.
	at java.xml/com.sun.org.apache.xerces.internal.parsers.DOMParser.parse(DOMParser.java:262)
	at java.xml/com.sun.org.apache.xerces.internal.jaxp.DocumentBuilderImpl.parse(DocumentBuilderImpl.java:342)
	at com.st.stm32cube.ide.mpu.remote.serial.internal.SerialPortProviderWindows.run(SerialPortProviderWindows.java:127)
	at java.base/java.util.TimerThread.mainLoop(Timer.java:566)
	at java.base/java.util.TimerThread.run(Timer.java:516)

!ENTRY com.st.stm32cube.ide.mpu.remote.serial 4 0 2026-04-03 17:41:50.072
!MESSAGE Failed to parse wmic output
!STACK 0
org.xml.sax.SAXParseException; lineNumber: 1; columnNumber: 1; Premature end of file.
	at java.xml/com.sun.org.apache.xerces.internal.parsers.DOMParser.parse(DOMParser.java:262)
	at java.xml/com.sun.org.apache.xerces.internal.jaxp.DocumentBuilderImpl.parse(DocumentBuilderImpl.java:342)
	at com.st.stm32cube.ide.mpu.remote.serial.internal.SerialPortProviderWindows.run(SerialPortProviderWindows.java:127)
	at java.base/java.util.TimerThread.mainLoop(Timer.java:566)
	at java.base/java.util.TimerThread.run(Timer.java:516)

!ENTRY com.st.stm32cube.ide.mpu.remote.serial 4 0 2026-04-03 17:41:51.084
!MESSAGE Failed to parse wmic output
!STACK 0
org.xml.sax.SAXParseException; lineNumber: 1; columnNumber: 1; Premature end of file.
	at java.xml/com.sun.org.apache.xerces.internal.parsers.DOMParser.parse(DOMParser.java:262)
	at java.xml/com.sun.org.apache.xerces.internal.jaxp.DocumentBuilderImpl.parse(DocumentBuilderImpl.java:342)
	at com.st.stm32cube.ide.mpu.remote.serial.internal.SerialPortProviderWindows.run(SerialPortProviderWindows.java:127)
	at java.base/java.util.TimerThread.mainLoop(Timer.java:566)
	at java.base/java.util.TimerThread.run(Timer.java:516)

!ENTRY com.st.stm32cube.ide.mpu.remote.serial 4 0 2026-04-03 17:41:52.083
!MESSAGE Failed to parse wmic output
!STACK 0
org.xml.sax.SAXParseException; lineNumber: 1; columnNumber: 1; Premature end of file.
	at java.xml/com.sun.org.apache.xerces.internal.parsers.DOMParser.parse(DOMParser.java:262)
	at java.xml/com.sun.org.apache.xerces.internal.jaxp.DocumentBuilderImpl.parse(DocumentBuilderImpl.java:342)
	at com.st.stm32cube.ide.mpu.remote.serial.internal.SerialPortProviderWindows.run(SerialPortProviderWindows.java:127)
	at java.base/java.util.TimerThread.mainLoop(Timer.java:566)
	at java.base/java.util.TimerThread.run(Timer.java:516)

!ENTRY com.st.stm32cube.ide.mpu.remote.serial 4 0 2026-04-03 17:41:53.087
!MESSAGE Failed to parse wmic output
!STACK 0
org.xml.sax.SAXParseException; lineNumber: 1; columnNumber: 1; Premature end of file.
	at java.xml/com.sun.org.apache.xerces.internal.parsers.DOMParser.parse(DOMParser.java:262)
	at java.xml/com.sun.org.apache.xerces.internal.jaxp.DocumentBuilderImpl.parse(DocumentBuilderImpl.java:342)
	at com.st.stm32cube.ide.mpu.remote.serial.internal.SerialPortProviderWindows.run(SerialPortProviderWindows.java:127)
	at java.base/java.util.TimerThread.mainLoop(Timer.java:566)
	at java.base/java.util.TimerThread.run(Timer.java:516)

!ENTRY com.st.stm32cube.ide.mpu.remote.serial 4 0 2026-04-03 17:41:54.081
!MESSAGE Failed to parse wmic output
!STACK 0
org.xml.sax.SAXParseException; lineNumber: 1; columnNumber: 1; Premature end of file.
	at java.xml/com.sun.org.apache.xerces.internal.parsers.DOMParser.parse(DOMParser.java:262)
	at java.xml/com.sun.org.apache.xerces.internal.jaxp.DocumentBuilderImpl.parse(DocumentBuilderImpl.java:342)
	at com.st.stm32cube.ide.mpu.remote.serial.internal.SerialPortProviderWindows.run(SerialPortProviderWindows.java:127)
	at java.base/java.util.TimerThread.mainLoop(Timer.java:566)
	at java.base/java.util.TimerThread.run(Timer.java:516)

!ENTRY com.st.stm32cube.ide.mpu.remote.serial 4 0 2026-04-03 17:41:55.082
!MESSAGE Failed to parse wmic output
!STACK 0
org.xml.sax.SAXParseException; lineNumber: 1; columnNumber: 1; Premature end of file.
	at java.xml/com.sun.org.apache.xerces.internal.parsers.DOMParser.parse(DOMParser.java:262)
	at java.xml/com.sun.org.apache.xerces.internal.jaxp.DocumentBuilderImpl.parse(DocumentBuilderImpl.java:342)
	at com.st.stm32cube.ide.mpu.remote.serial.internal.SerialPortProviderWindows.run(SerialPortProviderWindows.java:127)
	at java.base/java.util.TimerThread.mainLoop(Timer.java:566)
	at java.base/java.util.TimerThread.run(Timer.java:516)

!ENTRY com.st.stm32cube.ide.mpu.remote.serial 4 0 2026-04-03 17:41:56.062
!MESSAGE Failed to parse wmic output
!STACK 0
org.xml.sax.SAXParseException; lineNumber: 1; columnNumber: 1; Premature end of file.
	at java.xml/com.sun.org.apache.xerces.internal.parsers.DOMParser.parse(DOMParser.java:262)
	at java.xml/com.sun.org.apache.xerces.internal.jaxp.DocumentBuilderImpl.parse(DocumentBuilderImpl.java:342)
	at com.st.stm32cube.ide.mpu.remote.serial.internal.SerialPortProviderWindows.run(SerialPortProviderWindows.java:127)
	at java.base/java.util.TimerThread.mainLoop(Timer.java:566)
	at java.base/java.util.TimerThread.run(Timer.java:516)

!ENTRY com.st.stm32cube.ide.mpu.remote.serial 4 0 2026-04-03 17:41:57.078
!MESSAGE Failed to parse wmic output
!STACK 0
org.xml.sax.SAXParseException; lineNumber: 1; columnNumber: 1; Premature end of file.
	at java.xml/com.sun.org.apache.xerces.internal.parsers.DOMParser.parse(DOMParser.java:262)
	at java.xml/com.sun.org.apache.xerces.internal.jaxp.DocumentBuilderImpl.parse(DocumentBuilderImpl.java:342)
	at com.st.stm32cube.ide.mpu.remote.serial.internal.SerialPortProviderWindows.run(SerialPortProviderWindows.java:127)
	at java.base/java.util.TimerThread.mainLoop(Timer.java:566)
	at java.base/java.util.TimerThread.run(Timer.java:516)

!ENTRY com.st.stm32cube.ide.mpu.remote.serial 4 0 2026-04-03 17:41:58.077
!MESSAGE Failed to parse wmic output
!STACK 0
org.xml.sax.SAXParseException; lineNumber: 1; columnNumber: 1; Premature end of file.
	at java.xml/com.sun.org.apache.xerces.internal.parsers.DOMParser.parse(DOMParser.java:262)
	at java.xml/com.sun.org.apache.xerces.internal.jaxp.DocumentBuilderImpl.parse(DocumentBuilderImpl.java:342)
	at com.st.stm32cube.ide.mpu.remote.serial.internal.SerialPortProviderWindows.run(SerialPortProviderWindows.java:127)
	at java.base/java.util.TimerThread.mainLoop(Timer.java:566)
	at java.base/java.util.TimerThread.run(Timer.java:516)

!ENTRY com.st.stm32cube.ide.mpu.remote.serial 4 0 2026-04-03 17:41:59.087
!MESSAGE Failed to parse wmic output
!STACK 0
org.xml.sax.SAXParseException; lineNumber: 1; columnNumber: 1; Premature end of file.
	at java.xml/com.sun.org.apache.xerces.internal.parsers.DOMParser.parse(DOMParser.java:262)
	at java.xml/com.sun.org.apache.xerces.internal.jaxp.DocumentBuilderImpl.parse(DocumentBuilderImpl.java:342)
	at com.st.stm32cube.ide.mpu.remote.serial.internal.SerialPortProviderWindows.run(SerialPortProviderWindows.java:127)
	at java.base/java.util.TimerThread.mainLoop(Timer.java:566)
	at java.base/java.util.TimerThread.run(Timer.java:516)

!ENTRY com.st.stm32cube.ide.mpu.remote.serial 4 0 2026-04-03 17:42:00.057
!MESSAGE Failed to parse wmic output
!STACK 0
org.xml.sax.SAXParseException; lineNumber: 1; columnNumber: 1; Premature end of file.
	at java.xml/com.sun.org.apache.xerces.internal.parsers.DOMParser.parse(DOMParser.java:262)
	at java.xml/com.sun.org.apache.xerces.internal.jaxp.DocumentBuilderImpl.parse(DocumentBuilderImpl.java:342)
	at com.st.stm32cube.ide.mpu.remote.serial.internal.SerialPortProviderWindows.run(SerialPortProviderWindows.java:127)
	at java.base/java.util.TimerThread.mainLoop(Timer.java:566)
	at java.base/java.util.TimerThread.run(Timer.java:516)

!ENTRY com.st.stm32cube.ide.mpu.remote.serial 4 0 2026-04-03 17:42:01.059
!MESSAGE Failed to parse wmic output
!STACK 0
org.xml.sax.SAXParseException; lineNumber: 1; columnNumber: 1; Premature end of file.
	at java.xml/com.sun.org.apache.xerces.internal.parsers.DOMParser.parse(DOMParser.java:262)
	at java.xml/com.sun.org.apache.xerces.internal.jaxp.DocumentBuilderImpl.parse(DocumentBuilderImpl.java:342)
	at com.st.stm32cube.ide.mpu.remote.serial.internal.SerialPortProviderWindows.run(SerialPortProviderWindows.java:127)
	at java.base/java.util.TimerThread.mainLoop(Timer.java:566)
	at java.base/java.util.TimerThread.run(Timer.java:516)

!ENTRY com.st.stm32cube.ide.mpu.remote.serial 4 0 2026-04-03 17:42:02.057
!MESSAGE Failed to parse wmic output
!STACK 0
org.xml.sax.SAXParseException; lineNumber: 1; columnNumber: 1; Premature end of file.
	at java.xml/com.sun.org.apache.xerces.internal.parsers.DOMParser.parse(DOMParser.java:262)
	at java.xml/com.sun.org.apache.xerces.internal.jaxp.DocumentBuilderImpl.parse(DocumentBuilderImpl.java:342)
	at com.st.stm32cube.ide.mpu.remote.serial.internal.SerialPortProviderWindows.run(SerialPortProviderWindows.java:127)
	at java.base/java.util.TimerThread.mainLoop(Timer.java:566)
	at java.base/java.util.TimerThread.run(Timer.java:516)

!ENTRY com.st.stm32cube.ide.mpu.remote.serial 4 0 2026-04-03 17:42:03.059
!MESSAGE Failed to parse wmic output
!STACK 0
org.xml.sax.SAXParseException; lineNumber: 1; columnNumber: 1; Premature end of file.
	at java.xml/com.sun.org.apache.xerces.internal.parsers.DOMParser.parse(DOMParser.java:262)
	at java.xml/com.sun.org.apache.xerces.internal.jaxp.DocumentBuilderImpl.parse(DocumentBuilderImpl.java:342)
	at com.st.stm32cube.ide.mpu.remote.serial.internal.SerialPortProviderWindows.run(SerialPortProviderWindows.java:127)
	at java.base/java.util.TimerThread.mainLoop(Timer.java:566)
	at java.base/java.util.TimerThread.run(Timer.java:516)

!ENTRY com.st.stm32cube.ide.mpu.remote.serial 4 0 2026-04-03 17:42:04.055
!MESSAGE Failed to parse wmic output
!STACK 0
org.xml.sax.SAXParseException; lineNumber: 1; columnNumber: 1; Premature end of file.
	at java.xml/com.sun.org.apache.xerces.internal.parsers.DOMParser.parse(DOMParser.java:262)
	at java.xml/com.sun.org.apache.xerces.internal.jaxp.DocumentBuilderImpl.parse(DocumentBuilderImpl.java:342)
	at com.st.stm32cube.ide.mpu.remote.serial.internal.SerialPortProviderWindows.run(SerialPortProviderWindows.java:127)
	at java.base/java.util.TimerThread.mainLoop(Timer.java:566)
	at java.base/java.util.TimerThread.run(Timer.java:516)

!ENTRY com.st.stm32cube.ide.mpu.remote.serial 4 0 2026-04-03 17:42:05.059
!MESSAGE Failed to parse wmic output
!STACK 0
org.xml.sax.SAXParseException; lineNumber: 1; columnNumber: 1; Premature end of file.
	at java.xml/com.sun.org.apache.xerces.internal.parsers.DOMParser.parse(DOMParser.java:262)
	at java.xml/com.sun.org.apache.xerces.internal.jaxp.DocumentBuilderImpl.parse(DocumentBuilderImpl.java:342)
	at com.st.stm32cube.ide.mpu.remote.serial.internal.SerialPortProviderWindows.run(SerialPortProviderWindows.java:127)
	at java.base/java.util.TimerThread.mainLoop(Timer.java:566)
	at java.base/java.util.TimerThread.run(Timer.java:516)

!ENTRY com.st.stm32cube.ide.mpu.remote.serial 4 0 2026-04-03 17:42:06.056
!MESSAGE Failed to parse wmic output
!STACK 0
org.xml.sax.SAXParseException; lineNumber: 1; columnNumber: 1; Premature end of file.
	at java.xml/com.sun.org.apache.xerces.internal.parsers.DOMParser.parse(DOMParser.java:262)
	at java.xml/com.sun.org.apache.xerces.internal.jaxp.DocumentBuilderImpl.parse(DocumentBuilderImpl.java:342)
	at com.st.stm32cube.ide.mpu.remote.serial.internal.SerialPortProviderWindows.run(SerialPortProviderWindows.java:127)
	at java.base/java.util.TimerThread.mainLoop(Timer.java:566)
	at java.base/java.util.TimerThread.run(Timer.java:516)

!ENTRY com.st.stm32cube.ide.mpu.remote.serial 4 0 2026-04-03 17:42:07.058
!MESSAGE Failed to parse wmic output
!STACK 0
org.xml.sax.SAXParseException; lineNumber: 1; columnNumber: 1; Premature end of file.
	at java.xml/com.sun.org.apache.xerces.internal.parsers.DOMParser.parse(DOMParser.java:262)
	at java.xml/com.sun.org.apache.xerces.internal.jaxp.DocumentBuilderImpl.parse(DocumentBuilderImpl.java:342)
	at com.st.stm32cube.ide.mpu.remote.serial.internal.SerialPortProviderWindows.run(SerialPortProviderWindows.java:127)
	at java.base/java.util.TimerThread.mainLoop(Timer.java:566)
	at java.base/java.util.TimerThread.run(Timer.java:516)

!ENTRY com.st.stm32cube.ide.mpu.remote.serial 4 0 2026-04-03 17:42:08.065
!MESSAGE Failed to parse wmic output
!STACK 0
org.xml.sax.SAXParseException; lineNumber: 1; columnNumber: 1; Premature end of file.
	at java.xml/com.sun.org.apache.xerces.internal.parsers.DOMParser.parse(DOMParser.java:262)
	at java.xml/com.sun.org.apache.xerces.internal.jaxp.DocumentBuilderImpl.parse(DocumentBuilderImpl.java:342)
	at com.st.stm32cube.ide.mpu.remote.serial.internal.SerialPortProviderWindows.run(SerialPortProviderWindows.java:127)
	at java.base/java.util.TimerThread.mainLoop(Timer.java:566)
	at java.base/java.util.TimerThread.run(Timer.java:516)

!ENTRY com.st.stm32cube.ide.mpu.remote.serial 4 0 2026-04-03 17:42:09.056
!MESSAGE Failed to parse wmic output
!STACK 0
org.xml.sax.SAXParseException; lineNumber: 1; columnNumber: 1; Premature end of file.
	at java.xml/com.sun.org.apache.xerces.internal.parsers.DOMParser.parse(DOMParser.java:262)
	at java.xml/com.sun.org.apache.xerces.internal.jaxp.DocumentBuilderImpl.parse(DocumentBuilderImpl.java:342)
	at com.st.stm32cube.ide.mpu.remote.serial.internal.SerialPortProviderWindows.run(SerialPortProviderWindows.java:127)
	at java.base/java.util.TimerThread.mainLoop(Timer.java:566)
	at java.base/java.util.TimerThread.run(Timer.java:516)

!ENTRY com.st.stm32cube.ide.mpu.remote.serial 4 0 2026-04-03 17:42:10.072
!MESSAGE Failed to parse wmic output
!STACK 0
org.xml.sax.SAXParseException; lineNumber: 1; columnNumber: 1; Premature end of file.
	at java.xml/com.sun.org.apache.xerces.internal.parsers.DOMParser.parse(DOMParser.java:262)
	at java.xml/com.sun.org.apache.xerces.internal.jaxp.DocumentBuilderImpl.parse(DocumentBuilderImpl.java:342)
	at com.st.stm32cube.ide.mpu.remote.serial.internal.SerialPortProviderWindows.run(SerialPortProviderWindows.java:127)
	at java.base/java.util.TimerThread.mainLoop(Timer.java:566)
	at java.base/java.util.TimerThread.run(Timer.java:516)

!ENTRY com.st.stm32cube.ide.mpu.remote.serial 4 0 2026-04-03 17:42:11.063
!MESSAGE Failed to parse wmic output
!STACK 0
org.xml.sax.SAXParseException; lineNumber: 1; columnNumber: 1; Premature end of file.
	at java.xml/com.sun.org.apache.xerces.internal.parsers.DOMParser.parse(DOMParser.java:262)
	at java.xml/com.sun.org.apache.xerces.internal.jaxp.DocumentBuilderImpl.parse(DocumentBuilderImpl.java:342)
	at com.st.stm32cube.ide.mpu.remote.serial.internal.SerialPortProviderWindows.run(SerialPortProviderWindows.java:127)
	at java.base/java.util.TimerThread.mainLoop(Timer.java:566)
	at java.base/java.util.TimerThread.run(Timer.java:516)

!ENTRY com.st.stm32cube.ide.mpu.remote.serial 4 0 2026-04-03 17:42:12.057
!MESSAGE Failed to parse wmic output
!STACK 0
org.xml.sax.SAXParseException; lineNumber: 1; columnNumber: 1; Premature end of file.
	at java.xml/com.sun.org.apache.xerces.internal.parsers.DOMParser.parse(DOMParser.java:262)
	at java.xml/com.sun.org.apache.xerces.internal.jaxp.DocumentBuilderImpl.parse(DocumentBuilderImpl.java:342)
	at com.st.stm32cube.ide.mpu.remote.serial.internal.SerialPortProviderWindows.run(SerialPortProviderWindows.java:127)
	at java.base/java.util.TimerThread.mainLoop(Timer.java:566)
	at java.base/java.util.TimerThread.run(Timer.java:516)

!ENTRY com.st.stm32cube.ide.mpu.remote.serial 4 0 2026-04-03 17:42:13.055
!MESSAGE Failed to parse wmic output
!STACK 0
org.xml.sax.SAXParseException; lineNumber: 1; columnNumber: 1; Premature end of file.
	at java.xml/com.sun.org.apache.xerces.internal.parsers.DOMParser.parse(DOMParser.java:262)
	at java.xml/com.sun.org.apache.xerces.internal.jaxp.DocumentBuilderImpl.parse(DocumentBuilderImpl.java:342)
	at com.st.stm32cube.ide.mpu.remote.serial.internal.SerialPortProviderWindows.run(SerialPortProviderWindows.java:127)
	at java.base/java.util.TimerThread.mainLoop(Timer.java:566)
	at java.base/java.util.TimerThread.run(Timer.java:516)

!ENTRY com.st.stm32cube.ide.mpu.remote.serial 4 0 2026-04-03 17:42:14.055
!MESSAGE Failed to parse wmic output
!STACK 0
org.xml.sax.SAXParseException; lineNumber: 1; columnNumber: 1; Premature end of file.
	at java.xml/com.sun.org.apache.xerces.internal.parsers.DOMParser.parse(DOMParser.java:262)
	at java.xml/com.sun.org.apache.xerces.internal.jaxp.DocumentBuilderImpl.parse(DocumentBuilderImpl.java:342)
	at com.st.stm32cube.ide.mpu.remote.serial.internal.SerialPortProviderWindows.run(SerialPortProviderWindows.java:127)
	at java.base/java.util.TimerThread.mainLoop(Timer.java:566)
	at java.base/java.util.TimerThread.run(Timer.java:516)

!ENTRY com.st.stm32cube.ide.mpu.remote.serial 4 0 2026-04-03 17:42:15.057
!MESSAGE Failed to parse wmic output
!STACK 0
org.xml.sax.SAXParseException; lineNumber: 1; columnNumber: 1; Premature end of file.
	at java.xml/com.sun.org.apache.xerces.internal.parsers.DOMParser.parse(DOMParser.java:262)
	at java.xml/com.sun.org.apache.xerces.internal.jaxp.DocumentBuilderImpl.parse(DocumentBuilderImpl.java:342)
	at com.st.stm32cube.ide.mpu.remote.serial.internal.SerialPortProviderWindows.run(SerialPortProviderWindows.java:127)
	at java.base/java.util.TimerThread.mainLoop(Timer.java:566)
	at java.base/java.util.TimerThread.run(Timer.java:516)

!ENTRY com.st.stm32cube.ide.mpu.remote.serial 4 0 2026-04-03 17:42:16.057
!MESSAGE Failed to parse wmic output
!STACK 0
org.xml.sax.SAXParseException; lineNumber: 1; columnNumber: 1; Premature end of file.
	at java.xml/com.sun.org.apache.xerces.internal.parsers.DOMParser.parse(DOMParser.java:262)
	at java.xml/com.sun.org.apache.xerces.internal.jaxp.DocumentBuilderImpl.parse(DocumentBuilderImpl.java:342)
	at com.st.stm32cube.ide.mpu.remote.serial.internal.SerialPortProviderWindows.run(SerialPortProviderWindows.java:127)
	at java.base/java.util.TimerThread.mainLoop(Timer.java:566)
	at java.base/java.util.TimerThread.run(Timer.java:516)

!ENTRY com.st.stm32cube.ide.mpu.remote.serial 4 0 2026-04-03 17:42:17.075
!MESSAGE Failed to parse wmic output
!STACK 0
org.xml.sax.SAXParseException; lineNumber: 1; columnNumber: 1; Premature end of file.
	at java.xml/com.sun.org.apache.xerces.internal.parsers.DOMParser.parse(DOMParser.java:262)
	at java.xml/com.sun.org.apache.xerces.internal.jaxp.DocumentBuilderImpl.parse(DocumentBuilderImpl.java:342)
	at com.st.stm32cube.ide.mpu.remote.serial.internal.SerialPortProviderWindows.run(SerialPortProviderWindows.java:127)
	at java.base/java.util.TimerThread.mainLoop(Timer.java:566)
	at java.base/java.util.TimerThread.run(Timer.java:516)

!ENTRY com.st.stm32cube.ide.mpu.remote.serial 4 0 2026-04-03 17:42:18.056
!MESSAGE Failed to parse wmic output
!STACK 0
org.xml.sax.SAXParseException; lineNumber: 1; columnNumber: 1; Premature end of file.
	at java.xml/com.sun.org.apache.xerces.internal.parsers.DOMParser.parse(DOMParser.java:262)
	at java.xml/com.sun.org.apache.xerces.internal.jaxp.DocumentBuilderImpl.parse(DocumentBuilderImpl.java:342)
	at com.st.stm32cube.ide.mpu.remote.serial.internal.SerialPortProviderWindows.run(SerialPortProviderWindows.java:127)
	at java.base/java.util.TimerThread.mainLoop(Timer.java:566)
	at java.base/java.util.TimerThread.run(Timer.java:516)

!ENTRY com.st.stm32cube.ide.mpu.remote.serial 4 0 2026-04-03 17:42:19.056
!MESSAGE Failed to parse wmic output
!STACK 0
org.xml.sax.SAXParseException; lineNumber: 1; columnNumber: 1; Premature end of file.
	at java.xml/com.sun.org.apache.xerces.internal.parsers.DOMParser.parse(DOMParser.java:262)
	at java.xml/com.sun.org.apache.xerces.internal.jaxp.DocumentBuilderImpl.parse(DocumentBuilderImpl.java:342)
	at com.st.stm32cube.ide.mpu.remote.serial.internal.SerialPortProviderWindows.run(SerialPortProviderWindows.java:127)
	at java.base/java.util.TimerThread.mainLoop(Timer.java:566)
	at java.base/java.util.TimerThread.run(Timer.java:516)

!ENTRY com.st.stm32cube.ide.mpu.remote.serial 4 0 2026-04-03 17:42:20.083
!MESSAGE Failed to parse wmic output
!STACK 0
org.xml.sax.SAXParseException; lineNumber: 1; columnNumber: 1; Premature end of file.
	at java.xml/com.sun.org.apache.xerces.internal.parsers.DOMParser.parse(DOMParser.java:262)
	at java.xml/com.sun.org.apache.xerces.internal.jaxp.DocumentBuilderImpl.parse(DocumentBuilderImpl.java:342)
	at com.st.stm32cube.ide.mpu.remote.serial.internal.SerialPortProviderWindows.run(SerialPortProviderWindows.java:127)
	at java.base/java.util.TimerThread.mainLoop(Timer.java:566)
	at java.base/java.util.TimerThread.run(Timer.java:516)

!ENTRY com.st.stm32cube.ide.mpu.remote.serial 4 0 2026-04-03 17:42:21.087
!MESSAGE Failed to parse wmic output
!STACK 0
org.xml.sax.SAXParseException; lineNumber: 1; columnNumber: 1; Premature end of file.
	at java.xml/com.sun.org.apache.xerces.internal.parsers.DOMParser.parse(DOMParser.java:262)
	at java.xml/com.sun.org.apache.xerces.internal.jaxp.DocumentBuilderImpl.parse(DocumentBuilderImpl.java:342)
	at com.st.stm32cube.ide.mpu.remote.serial.internal.SerialPortProviderWindows.run(SerialPortProviderWindows.java:127)
	at java.base/java.util.TimerThread.mainLoop(Timer.java:566)
	at java.base/java.util.TimerThread.run(Timer.java:516)

!ENTRY com.st.stm32cube.ide.mpu.remote.serial 4 0 2026-04-03 17:42:22.054
!MESSAGE Failed to parse wmic output
!STACK 0
org.xml.sax.SAXParseException; lineNumber: 1; columnNumber: 1; Premature end of file.
	at java.xml/com.sun.org.apache.xerces.internal.parsers.DOMParser.parse(DOMParser.java:262)
	at java.xml/com.sun.org.apache.xerces.internal.jaxp.DocumentBuilderImpl.parse(DocumentBuilderImpl.java:342)
	at com.st.stm32cube.ide.mpu.remote.serial.internal.SerialPortProviderWindows.run(SerialPortProviderWindows.java:127)
	at java.base/java.util.TimerThread.mainLoop(Timer.java:566)
	at java.base/java.util.TimerThread.run(Timer.java:516)

!ENTRY com.st.stm32cube.ide.mpu.remote.serial 4 0 2026-04-03 17:42:23.061
!MESSAGE Failed to parse wmic output
!STACK 0
org.xml.sax.SAXParseException; lineNumber: 1; columnNumber: 1; Premature end of file.
	at java.xml/com.sun.org.apache.xerces.internal.parsers.DOMParser.parse(DOMParser.java:262)
	at java.xml/com.sun.org.apache.xerces.internal.jaxp.DocumentBuilderImpl.parse(DocumentBuilderImpl.java:342)
	at com.st.stm32cube.ide.mpu.remote.serial.internal.SerialPortProviderWindows.run(SerialPortProviderWindows.java:127)
	at java.base/java.util.TimerThread.mainLoop(Timer.java:566)
	at java.base/java.util.TimerThread.run(Timer.java:516)

!ENTRY com.st.stm32cube.ide.mpu.remote.serial 4 0 2026-04-03 17:42:24.057
!MESSAGE Failed to parse wmic output
!STACK 0
org.xml.sax.SAXParseException; lineNumber: 1; columnNumber: 1; Premature end of file.
	at java.xml/com.sun.org.apache.xerces.internal.parsers.DOMParser.parse(DOMParser.java:262)
	at java.xml/com.sun.org.apache.xerces.internal.jaxp.DocumentBuilderImpl.parse(DocumentBuilderImpl.java:342)
	at com.st.stm32cube.ide.mpu.remote.serial.internal.SerialPortProviderWindows.run(SerialPortProviderWindows.java:127)
	at java.base/java.util.TimerThread.mainLoop(Timer.java:566)
	at java.base/java.util.TimerThread.run(Timer.java:516)

!ENTRY com.st.stm32cube.ide.mpu.remote.serial 4 0 2026-04-03 17:42:25.058
!MESSAGE Failed to parse wmic output
!STACK 0
org.xml.sax.SAXParseException; lineNumber: 1; columnNumber: 1; Premature end of file.
	at java.xml/com.sun.org.apache.xerces.internal.parsers.DOMParser.parse(DOMParser.java:262)
	at java.xml/com.sun.org.apache.xerces.internal.jaxp.DocumentBuilderImpl.parse(DocumentBuilderImpl.java:342)
	at com.st.stm32cube.ide.mpu.remote.serial.internal.SerialPortProviderWindows.run(SerialPortProviderWindows.java:127)
	at java.base/java.util.TimerThread.mainLoop(Timer.java:566)
	at java.base/java.util.TimerThread.run(Timer.java:516)

!ENTRY com.st.stm32cube.ide.mpu.remote.serial 4 0 2026-04-03 17:42:26.063
!MESSAGE Failed to parse wmic output
!STACK 0
org.xml.sax.SAXParseException; lineNumber: 1; columnNumber: 1; Premature end of file.
	at java.xml/com.sun.org.apache.xerces.internal.parsers.DOMParser.parse(DOMParser.java:262)
	at java.xml/com.sun.org.apache.xerces.internal.jaxp.DocumentBuilderImpl.parse(DocumentBuilderImpl.java:342)
	at com.st.stm32cube.ide.mpu.remote.serial.internal.SerialPortProviderWindows.run(SerialPortProviderWindows.java:127)
	at java.base/java.util.TimerThread.mainLoop(Timer.java:566)
	at java.base/java.util.TimerThread.run(Timer.java:516)

!ENTRY com.st.stm32cube.ide.mpu.remote.serial 4 0 2026-04-03 17:42:27.056
!MESSAGE Failed to parse wmic output
!STACK 0
org.xml.sax.SAXParseException; lineNumber: 1; columnNumber: 1; Premature end of file.
	at java.xml/com.sun.org.apache.xerces.internal.parsers.DOMParser.parse(DOMParser.java:262)
	at java.xml/com.sun.org.apache.xerces.internal.jaxp.DocumentBuilderImpl.parse(DocumentBuilderImpl.java:342)
	at com.st.stm32cube.ide.mpu.remote.serial.internal.SerialPortProviderWindows.run(SerialPortProviderWindows.java:127)
	at java.base/java.util.TimerThread.mainLoop(Timer.java:566)
	at java.base/java.util.TimerThread.run(Timer.java:516)

!ENTRY com.st.stm32cube.ide.mpu.remote.serial 4 0 2026-04-03 17:42:28.056
!MESSAGE Failed to parse wmic output
!STACK 0
org.xml.sax.SAXParseException; lineNumber: 1; columnNumber: 1; Premature end of file.
	at java.xml/com.sun.org.apache.xerces.internal.parsers.DOMParser.parse(DOMParser.java:262)
	at java.xml/com.sun.org.apache.xerces.internal.jaxp.DocumentBuilderImpl.parse(DocumentBuilderImpl.java:342)
	at com.st.stm32cube.ide.mpu.remote.serial.internal.SerialPortProviderWindows.run(SerialPortProviderWindows.java:127)
	at java.base/java.util.TimerThread.mainLoop(Timer.java:566)
	at java.base/java.util.TimerThread.run(Timer.java:516)

!ENTRY com.st.stm32cube.ide.mpu.remote.serial 4 0 2026-04-03 17:42:29.053
!MESSAGE Failed to parse wmic output
!STACK 0
org.xml.sax.SAXParseException; lineNumber: 1; columnNumber: 1; Premature end of file.
	at java.xml/com.sun.org.apache.xerces.internal.parsers.DOMParser.parse(DOMParser.java:262)
	at java.xml/com.sun.org.apache.xerces.internal.jaxp.DocumentBuilderImpl.parse(DocumentBuilderImpl.java:342)
	at com.st.stm32cube.ide.mpu.remote.serial.internal.SerialPortProviderWindows.run(SerialPortProviderWindows.java:127)
	at java.base/java.util.TimerThread.mainLoop(Timer.java:566)
	at java.base/java.util.TimerThread.run(Timer.java:516)

!ENTRY com.st.stm32cube.ide.mpu.remote.serial 4 0 2026-04-03 17:42:30.056
!MESSAGE Failed to parse wmic output
!STACK 0
org.xml.sax.SAXParseException; lineNumber: 1; columnNumber: 1; Premature end of file.
	at java.xml/com.sun.org.apache.xerces.internal.parsers.DOMParser.parse(DOMParser.java:262)
	at java.xml/com.sun.org.apache.xerces.internal.jaxp.DocumentBuilderImpl.parse(DocumentBuilderImpl.java:342)
	at com.st.stm32cube.ide.mpu.remote.serial.internal.SerialPortProviderWindows.run(SerialPortProviderWindows.java:127)
	at java.base/java.util.TimerThread.mainLoop(Timer.java:566)
	at java.base/java.util.TimerThread.run(Timer.java:516)

!ENTRY com.st.stm32cube.ide.mpu.remote.serial 4 0 2026-04-03 17:42:31.056
!MESSAGE Failed to parse wmic output
!STACK 0
org.xml.sax.SAXParseException; lineNumber: 1; columnNumber: 1; Premature end of file.
	at java.xml/com.sun.org.apache.xerces.internal.parsers.DOMParser.parse(DOMParser.java:262)
	at java.xml/com.sun.org.apache.xerces.internal.jaxp.DocumentBuilderImpl.parse(DocumentBuilderImpl.java:342)
	at com.st.stm32cube.ide.mpu.remote.serial.internal.SerialPortProviderWindows.run(SerialPortProviderWindows.java:127)
	at java.base/java.util.TimerThread.mainLoop(Timer.java:566)
	at java.base/java.util.TimerThread.run(Timer.java:516)

!ENTRY com.st.stm32cube.ide.mpu.remote.serial 4 0 2026-04-03 17:42:32.055
!MESSAGE Failed to parse wmic output
!STACK 0
org.xml.sax.SAXParseException; lineNumber: 1; columnNumber: 1; Premature end of file.
	at java.xml/com.sun.org.apache.xerces.internal.parsers.DOMParser.parse(DOMParser.java:262)
	at java.xml/com.sun.org.apache.xerces.internal.jaxp.DocumentBuilderImpl.parse(DocumentBuilderImpl.java:342)
	at com.st.stm32cube.ide.mpu.remote.serial.internal.SerialPortProviderWindows.run(SerialPortProviderWindows.java:127)
	at java.base/java.util.TimerThread.mainLoop(Timer.java:566)
	at java.base/java.util.TimerThread.run(Timer.java:516)

!ENTRY com.st.stm32cube.ide.mpu.remote.serial 4 0 2026-04-03 17:42:33.055
!MESSAGE Failed to parse wmic output
!STACK 0
org.xml.sax.SAXParseException; lineNumber: 1; columnNumber: 1; Premature end of file.
	at java.xml/com.sun.org.apache.xerces.internal.parsers.DOMParser.parse(DOMParser.java:262)
	at java.xml/com.sun.org.apache.xerces.internal.jaxp.DocumentBuilderImpl.parse(DocumentBuilderImpl.java:342)
	at com.st.stm32cube.ide.mpu.remote.serial.internal.SerialPortProviderWindows.run(SerialPortProviderWindows.java:127)
	at java.base/java.util.TimerThread.mainLoop(Timer.java:566)
	at java.base/java.util.TimerThread.run(Timer.java:516)

!ENTRY com.st.stm32cube.ide.mpu.remote.serial 4 0 2026-04-03 17:42:34.055
!MESSAGE Failed to parse wmic output
!STACK 0
org.xml.sax.SAXParseException; lineNumber: 1; columnNumber: 1; Premature end of file.
	at java.xml/com.sun.org.apache.xerces.internal.parsers.DOMParser.parse(DOMParser.java:262)
	at java.xml/com.sun.org.apache.xerces.internal.jaxp.DocumentBuilderImpl.parse(DocumentBuilderImpl.java:342)
	at com.st.stm32cube.ide.mpu.remote.serial.internal.SerialPortProviderWindows.run(SerialPortProviderWindows.java:127)
	at java.base/java.util.TimerThread.mainLoop(Timer.java:566)
	at java.base/java.util.TimerThread.run(Timer.java:516)

!ENTRY com.st.stm32cube.ide.mpu.remote.serial 4 0 2026-04-03 17:42:35.055
!MESSAGE Failed to parse wmic output
!STACK 0
org.xml.sax.SAXParseException; lineNumber: 1; columnNumber: 1; Premature end of file.
	at java.xml/com.sun.org.apache.xerces.internal.parsers.DOMParser.parse(DOMParser.java:262)
	at java.xml/com.sun.org.apache.xerces.internal.jaxp.DocumentBuilderImpl.parse(DocumentBuilderImpl.java:342)
	at com.st.stm32cube.ide.mpu.remote.serial.internal.SerialPortProviderWindows.run(SerialPortProviderWindows.java:127)
	at java.base/java.util.TimerThread.mainLoop(Timer.java:566)
	at java.base/java.util.TimerThread.run(Timer.java:516)

!ENTRY com.st.stm32cube.ide.mpu.remote.serial 4 0 2026-04-03 17:42:36.057
!MESSAGE Failed to parse wmic output
!STACK 0
org.xml.sax.SAXParseException; lineNumber: 1; columnNumber: 1; Premature end of file.
	at java.xml/com.sun.org.apache.xerces.internal.parsers.DOMParser.parse(DOMParser.java:262)
	at java.xml/com.sun.org.apache.xerces.internal.jaxp.DocumentBuilderImpl.parse(DocumentBuilderImpl.java:342)
	at com.st.stm32cube.ide.mpu.remote.serial.internal.SerialPortProviderWindows.run(SerialPortProviderWindows.java:127)
	at java.base/java.util.TimerThread.mainLoop(Timer.java:566)
	at java.base/java.util.TimerThread.run(Timer.java:516)

!ENTRY com.st.stm32cube.ide.mpu.remote.serial 4 0 2026-04-03 17:42:37.082
!MESSAGE Failed to parse wmic output
!STACK 0
org.xml.sax.SAXParseException; lineNumber: 1; columnNumber: 1; Premature end of file.
	at java.xml/com.sun.org.apache.xerces.internal.parsers.DOMParser.parse(DOMParser.java:262)
	at java.xml/com.sun.org.apache.xerces.internal.jaxp.DocumentBuilderImpl.parse(DocumentBuilderImpl.java:342)
	at com.st.stm32cube.ide.mpu.remote.serial.internal.SerialPortProviderWindows.run(SerialPortProviderWindows.java:127)
	at java.base/java.util.TimerThread.mainLoop(Timer.java:566)
	at java.base/java.util.TimerThread.run(Timer.java:516)

!ENTRY com.st.stm32cube.ide.mpu.remote.serial 4 0 2026-04-03 17:42:38.053
!MESSAGE Failed to parse wmic output
!STACK 0
org.xml.sax.SAXParseException; lineNumber: 1; columnNumber: 1; Premature end of file.
	at java.xml/com.sun.org.apache.xerces.internal.parsers.DOMParser.parse(DOMParser.java:262)
	at java.xml/com.sun.org.apache.xerces.internal.jaxp.DocumentBuilderImpl.parse(DocumentBuilderImpl.java:342)
	at com.st.stm32cube.ide.mpu.remote.serial.internal.SerialPortProviderWindows.run(SerialPortProviderWindows.java:127)
	at java.base/java.util.TimerThread.mainLoop(Timer.java:566)
	at java.base/java.util.TimerThread.run(Timer.java:516)

!ENTRY com.st.stm32cube.ide.mpu.remote.serial 4 0 2026-04-03 17:42:39.061
!MESSAGE Failed to parse wmic output
!STACK 0
org.xml.sax.SAXParseException; lineNumber: 1; columnNumber: 1; Premature end of file.
	at java.xml/com.sun.org.apache.xerces.internal.parsers.DOMParser.parse(DOMParser.java:262)
	at java.xml/com.sun.org.apache.xerces.internal.jaxp.DocumentBuilderImpl.parse(DocumentBuilderImpl.java:342)
	at com.st.stm32cube.ide.mpu.remote.serial.internal.SerialPortProviderWindows.run(SerialPortProviderWindows.java:127)
	at java.base/java.util.TimerThread.mainLoop(Timer.java:566)
	at java.base/java.util.TimerThread.run(Timer.java:516)

!ENTRY com.st.stm32cube.ide.mpu.remote.serial 4 0 2026-04-03 17:42:40.057
!MESSAGE Failed to parse wmic output
!STACK 0
org.xml.sax.SAXParseException; lineNumber: 1; columnNumber: 1; Premature end of file.
	at java.xml/com.sun.org.apache.xerces.internal.parsers.DOMParser.parse(DOMParser.java:262)
	at java.xml/com.sun.org.apache.xerces.internal.jaxp.DocumentBuilderImpl.parse(DocumentBuilderImpl.java:342)
	at com.st.stm32cube.ide.mpu.remote.serial.internal.SerialPortProviderWindows.run(SerialPortProviderWindows.java:127)
	at java.base/java.util.TimerThread.mainLoop(Timer.java:566)
	at java.base/java.util.TimerThread.run(Timer.java:516)

!ENTRY com.st.stm32cube.ide.mpu.remote.serial 4 0 2026-04-03 17:42:41.060
!MESSAGE Failed to parse wmic output
!STACK 0
org.xml.sax.SAXParseException; lineNumber: 1; columnNumber: 1; Premature end of file.
	at java.xml/com.sun.org.apache.xerces.internal.parsers.DOMParser.parse(DOMParser.java:262)
	at java.xml/com.sun.org.apache.xerces.internal.jaxp.DocumentBuilderImpl.parse(DocumentBuilderImpl.java:342)
	at com.st.stm32cube.ide.mpu.remote.serial.internal.SerialPortProviderWindows.run(SerialPortProviderWindows.java:127)
	at java.base/java.util.TimerThread.mainLoop(Timer.java:566)
	at java.base/java.util.TimerThread.run(Timer.java:516)

!ENTRY com.st.stm32cube.ide.mpu.remote.serial 4 0 2026-04-03 17:42:42.053
!MESSAGE Failed to parse wmic output
!STACK 0
org.xml.sax.SAXParseException; lineNumber: 1; columnNumber: 1; Premature end of file.
	at java.xml/com.sun.org.apache.xerces.internal.parsers.DOMParser.parse(DOMParser.java:262)
	at java.xml/com.sun.org.apache.xerces.internal.jaxp.DocumentBuilderImpl.parse(DocumentBuilderImpl.java:342)
	at com.st.stm32cube.ide.mpu.remote.serial.internal.SerialPortProviderWindows.run(SerialPortProviderWindows.java:127)
	at java.base/java.util.TimerThread.mainLoop(Timer.java:566)
	at java.base/java.util.TimerThread.run(Timer.java:516)

!ENTRY com.st.stm32cube.ide.mpu.remote.serial 4 0 2026-04-03 17:42:43.055
!MESSAGE Failed to parse wmic output
!STACK 0
org.xml.sax.SAXParseException; lineNumber: 1; columnNumber: 1; Premature end of file.
	at java.xml/com.sun.org.apache.xerces.internal.parsers.DOMParser.parse(DOMParser.java:262)
	at java.xml/com.sun.org.apache.xerces.internal.jaxp.DocumentBuilderImpl.parse(DocumentBuilderImpl.java:342)
	at com.st.stm32cube.ide.mpu.remote.serial.internal.SerialPortProviderWindows.run(SerialPortProviderWindows.java:127)
	at java.base/java.util.TimerThread.mainLoop(Timer.java:566)
	at java.base/java.util.TimerThread.run(Timer.java:516)

!ENTRY com.st.stm32cube.ide.mpu.remote.serial 4 0 2026-04-03 17:42:44.060
!MESSAGE Failed to parse wmic output
!STACK 0
org.xml.sax.SAXParseException; lineNumber: 1; columnNumber: 1; Premature end of file.
	at java.xml/com.sun.org.apache.xerces.internal.parsers.DOMParser.parse(DOMParser.java:262)
	at java.xml/com.sun.org.apache.xerces.internal.jaxp.DocumentBuilderImpl.parse(DocumentBuilderImpl.java:342)
	at com.st.stm32cube.ide.mpu.remote.serial.internal.SerialPortProviderWindows.run(SerialPortProviderWindows.java:127)
	at java.base/java.util.TimerThread.mainLoop(Timer.java:566)
	at java.base/java.util.TimerThread.run(Timer.java:516)

!ENTRY com.st.stm32cube.ide.mpu.remote.serial 4 0 2026-04-03 17:42:45.059
!MESSAGE Failed to parse wmic output
!STACK 0
org.xml.sax.SAXParseException; lineNumber: 1; columnNumber: 1; Premature end of file.
	at java.xml/com.sun.org.apache.xerces.internal.parsers.DOMParser.parse(DOMParser.java:262)
	at java.xml/com.sun.org.apache.xerces.internal.jaxp.DocumentBuilderImpl.parse(DocumentBuilderImpl.java:342)
	at com.st.stm32cube.ide.mpu.remote.serial.internal.SerialPortProviderWindows.run(SerialPortProviderWindows.java:127)
	at java.base/java.util.TimerThread.mainLoop(Timer.java:566)
	at java.base/java.util.TimerThread.run(Timer.java:516)

!ENTRY com.st.stm32cube.ide.mpu.remote.serial 4 0 2026-04-03 17:42:46.066
!MESSAGE Failed to parse wmic output
!STACK 0
org.xml.sax.SAXParseException; lineNumber: 1; columnNumber: 1; Premature end of file.
	at java.xml/com.sun.org.apache.xerces.internal.parsers.DOMParser.parse(DOMParser.java:262)
	at java.xml/com.sun.org.apache.xerces.internal.jaxp.DocumentBuilderImpl.parse(DocumentBuilderImpl.java:342)
	at com.st.stm32cube.ide.mpu.remote.serial.internal.SerialPortProviderWindows.run(SerialPortProviderWindows.java:127)
	at java.base/java.util.TimerThread.mainLoop(Timer.java:566)
	at java.base/java.util.TimerThread.run(Timer.java:516)

!ENTRY com.st.stm32cube.ide.mpu.remote.serial 4 0 2026-04-03 17:42:47.066
!MESSAGE Failed to parse wmic output
!STACK 0
org.xml.sax.SAXParseException; lineNumber: 1; columnNumber: 1; Premature end of file.
	at java.xml/com.sun.org.apache.xerces.internal.parsers.DOMParser.parse(DOMParser.java:262)
	at java.xml/com.sun.org.apache.xerces.internal.jaxp.DocumentBuilderImpl.parse(DocumentBuilderImpl.java:342)
	at com.st.stm32cube.ide.mpu.remote.serial.internal.SerialPortProviderWindows.run(SerialPortProviderWindows.java:127)
	at java.base/java.util.TimerThread.mainLoop(Timer.java:566)
	at java.base/java.util.TimerThread.run(Timer.java:516)

!ENTRY com.st.stm32cube.ide.mpu.remote.serial 4 0 2026-04-03 17:42:48.064
!MESSAGE Failed to parse wmic output
!STACK 0
org.xml.sax.SAXParseException; lineNumber: 1; columnNumber: 1; Premature end of file.
	at java.xml/com.sun.org.apache.xerces.internal.parsers.DOMParser.parse(DOMParser.java:262)
	at java.xml/com.sun.org.apache.xerces.internal.jaxp.DocumentBuilderImpl.parse(DocumentBuilderImpl.java:342)
	at com.st.stm32cube.ide.mpu.remote.serial.internal.SerialPortProviderWindows.run(SerialPortProviderWindows.java:127)
	at java.base/java.util.TimerThread.mainLoop(Timer.java:566)
	at java.base/java.util.TimerThread.run(Timer.java:516)

!ENTRY com.st.stm32cube.ide.mpu.remote.serial 4 0 2026-04-03 17:42:49.060
!MESSAGE Failed to parse wmic output
!STACK 0
org.xml.sax.SAXParseException; lineNumber: 1; columnNumber: 1; Premature end of file.
	at java.xml/com.sun.org.apache.xerces.internal.parsers.DOMParser.parse(DOMParser.java:262)
	at java.xml/com.sun.org.apache.xerces.internal.jaxp.DocumentBuilderImpl.parse(DocumentBuilderImpl.java:342)
	at com.st.stm32cube.ide.mpu.remote.serial.internal.SerialPortProviderWindows.run(SerialPortProviderWindows.java:127)
	at java.base/java.util.TimerThread.mainLoop(Timer.java:566)
	at java.base/java.util.TimerThread.run(Timer.java:516)

!ENTRY com.st.stm32cube.ide.mpu.remote.serial 4 0 2026-04-03 17:42:50.056
!MESSAGE Failed to parse wmic output
!STACK 0
org.xml.sax.SAXParseException; lineNumber: 1; columnNumber: 1; Premature end of file.
	at java.xml/com.sun.org.apache.xerces.internal.parsers.DOMParser.parse(DOMParser.java:262)
	at java.xml/com.sun.org.apache.xerces.internal.jaxp.DocumentBuilderImpl.parse(DocumentBuilderImpl.java:342)
	at com.st.stm32cube.ide.mpu.remote.serial.internal.SerialPortProviderWindows.run(SerialPortProviderWindows.java:127)
	at java.base/java.util.TimerThread.mainLoop(Timer.java:566)
	at java.base/java.util.TimerThread.run(Timer.java:516)

!ENTRY com.st.stm32cube.ide.mpu.remote.serial 4 0 2026-04-03 17:42:51.062
!MESSAGE Failed to parse wmic output
!STACK 0
org.xml.sax.SAXParseException; lineNumber: 1; columnNumber: 1; Premature end of file.
	at java.xml/com.sun.org.apache.xerces.internal.parsers.DOMParser.parse(DOMParser.java:262)
	at java.xml/com.sun.org.apache.xerces.internal.jaxp.DocumentBuilderImpl.parse(DocumentBuilderImpl.java:342)
	at com.st.stm32cube.ide.mpu.remote.serial.internal.SerialPortProviderWindows.run(SerialPortProviderWindows.java:127)
	at java.base/java.util.TimerThread.mainLoop(Timer.java:566)
	at java.base/java.util.TimerThread.run(Timer.java:516)

!ENTRY com.st.stm32cube.ide.mpu.remote.serial 4 0 2026-04-03 17:42:52.055
!MESSAGE Failed to parse wmic output
!STACK 0
org.xml.sax.SAXParseException; lineNumber: 1; columnNumber: 1; Premature end of file.
	at java.xml/com.sun.org.apache.xerces.internal.parsers.DOMParser.parse(DOMParser.java:262)
	at java.xml/com.sun.org.apache.xerces.internal.jaxp.DocumentBuilderImpl.parse(DocumentBuilderImpl.java:342)
	at com.st.stm32cube.ide.mpu.remote.serial.internal.SerialPortProviderWindows.run(SerialPortProviderWindows.java:127)
	at java.base/java.util.TimerThread.mainLoop(Timer.java:566)
	at java.base/java.util.TimerThread.run(Timer.java:516)

!ENTRY com.st.stm32cube.ide.mpu.remote.serial 4 0 2026-04-03 17:42:53.081
!MESSAGE Failed to parse wmic output
!STACK 0
org.xml.sax.SAXParseException; lineNumber: 1; columnNumber: 1; Premature end of file.
	at java.xml/com.sun.org.apache.xerces.internal.parsers.DOMParser.parse(DOMParser.java:262)
	at java.xml/com.sun.org.apache.xerces.internal.jaxp.DocumentBuilderImpl.parse(DocumentBuilderImpl.java:342)
	at com.st.stm32cube.ide.mpu.remote.serial.internal.SerialPortProviderWindows.run(SerialPortProviderWindows.java:127)
	at java.base/java.util.TimerThread.mainLoop(Timer.java:566)
	at java.base/java.util.TimerThread.run(Timer.java:516)

!ENTRY com.st.stm32cube.ide.mpu.remote.serial 4 0 2026-04-03 17:42:54.059
!MESSAGE Failed to parse wmic output
!STACK 0
org.xml.sax.SAXParseException; lineNumber: 1; columnNumber: 1; Premature end of file.
	at java.xml/com.sun.org.apache.xerces.internal.parsers.DOMParser.parse(DOMParser.java:262)
	at java.xml/com.sun.org.apache.xerces.internal.jaxp.DocumentBuilderImpl.parse(DocumentBuilderImpl.java:342)
	at com.st.stm32cube.ide.mpu.remote.serial.internal.SerialPortProviderWindows.run(SerialPortProviderWindows.java:127)
	at java.base/java.util.TimerThread.mainLoop(Timer.java:566)
	at java.base/java.util.TimerThread.run(Timer.java:516)

!ENTRY com.st.stm32cube.ide.mpu.remote.serial 4 0 2026-04-03 17:42:55.066
!MESSAGE Failed to parse wmic output
!STACK 0
org.xml.sax.SAXParseException; lineNumber: 1; columnNumber: 1; Premature end of file.
	at java.xml/com.sun.org.apache.xerces.internal.parsers.DOMParser.parse(DOMParser.java:262)
	at java.xml/com.sun.org.apache.xerces.internal.jaxp.DocumentBuilderImpl.parse(DocumentBuilderImpl.java:342)
	at com.st.stm32cube.ide.mpu.remote.serial.internal.SerialPortProviderWindows.run(SerialPortProviderWindows.java:127)
	at java.base/java.util.TimerThread.mainLoop(Timer.java:566)
	at java.base/java.util.TimerThread.run(Timer.java:516)

!ENTRY com.st.stm32cube.ide.mpu.remote.serial 4 0 2026-04-03 17:42:56.055
!MESSAGE Failed to parse wmic output
!STACK 0
org.xml.sax.SAXParseException; lineNumber: 1; columnNumber: 1; Premature end of file.
	at java.xml/com.sun.org.apache.xerces.internal.parsers.DOMParser.parse(DOMParser.java:262)
	at java.xml/com.sun.org.apache.xerces.internal.jaxp.DocumentBuilderImpl.parse(DocumentBuilderImpl.java:342)
	at com.st.stm32cube.ide.mpu.remote.serial.internal.SerialPortProviderWindows.run(SerialPortProviderWindows.java:127)
	at java.base/java.util.TimerThread.mainLoop(Timer.java:566)
	at java.base/java.util.TimerThread.run(Timer.java:516)

!ENTRY com.st.stm32cube.ide.mpu.remote.serial 4 0 2026-04-03 17:42:57.079
!MESSAGE Failed to parse wmic output
!STACK 0
org.xml.sax.SAXParseException; lineNumber: 1; columnNumber: 1; Premature end of file.
	at java.xml/com.sun.org.apache.xerces.internal.parsers.DOMParser.parse(DOMParser.java:262)
	at java.xml/com.sun.org.apache.xerces.internal.jaxp.DocumentBuilderImpl.parse(DocumentBuilderImpl.java:342)
	at com.st.stm32cube.ide.mpu.remote.serial.internal.SerialPortProviderWindows.run(SerialPortProviderWindows.java:127)
	at java.base/java.util.TimerThread.mainLoop(Timer.java:566)
	at java.base/java.util.TimerThread.run(Timer.java:516)

!ENTRY com.st.stm32cube.ide.mpu.remote.serial 4 0 2026-04-03 17:42:58.118
!MESSAGE Failed to parse wmic output
!STACK 0
org.xml.sax.SAXParseException; lineNumber: 1; columnNumber: 1; Premature end of file.
	at java.xml/com.sun.org.apache.xerces.internal.parsers.DOMParser.parse(DOMParser.java:262)
	at java.xml/com.sun.org.apache.xerces.internal.jaxp.DocumentBuilderImpl.parse(DocumentBuilderImpl.java:342)
	at com.st.stm32cube.ide.mpu.remote.serial.internal.SerialPortProviderWindows.run(SerialPortProviderWindows.java:127)
	at java.base/java.util.TimerThread.mainLoop(Timer.java:566)
	at java.base/java.util.TimerThread.run(Timer.java:516)

!ENTRY com.st.stm32cube.ide.mpu.remote.serial 4 0 2026-04-03 17:42:59.067
!MESSAGE Failed to parse wmic output
!STACK 0
org.xml.sax.SAXParseException; lineNumber: 1; columnNumber: 1; Premature end of file.
	at java.xml/com.sun.org.apache.xerces.internal.parsers.DOMParser.parse(DOMParser.java:262)
	at java.xml/com.sun.org.apache.xerces.internal.jaxp.DocumentBuilderImpl.parse(DocumentBuilderImpl.java:342)
	at com.st.stm32cube.ide.mpu.remote.serial.internal.SerialPortProviderWindows.run(SerialPortProviderWindows.java:127)
	at java.base/java.util.TimerThread.mainLoop(Timer.java:566)
	at java.base/java.util.TimerThread.run(Timer.java:516)

!ENTRY com.st.stm32cube.ide.mpu.remote.serial 4 0 2026-04-03 17:43:00.073
!MESSAGE Failed to parse wmic output
!STACK 0
org.xml.sax.SAXParseException; lineNumber: 1; columnNumber: 1; Premature end of file.
	at java.xml/com.sun.org.apache.xerces.internal.parsers.DOMParser.parse(DOMParser.java:262)
	at java.xml/com.sun.org.apache.xerces.internal.jaxp.DocumentBuilderImpl.parse(DocumentBuilderImpl.java:342)
	at com.st.stm32cube.ide.mpu.remote.serial.internal.SerialPortProviderWindows.run(SerialPortProviderWindows.java:127)
	at java.base/java.util.TimerThread.mainLoop(Timer.java:566)
	at java.base/java.util.TimerThread.run(Timer.java:516)

!ENTRY com.st.stm32cube.ide.mpu.remote.serial 4 0 2026-04-03 17:43:01.059
!MESSAGE Failed to parse wmic output
!STACK 0
org.xml.sax.SAXParseException; lineNumber: 1; columnNumber: 1; Premature end of file.
	at java.xml/com.sun.org.apache.xerces.internal.parsers.DOMParser.parse(DOMParser.java:262)
	at java.xml/com.sun.org.apache.xerces.internal.jaxp.DocumentBuilderImpl.parse(DocumentBuilderImpl.java:342)
	at com.st.stm32cube.ide.mpu.remote.serial.internal.SerialPortProviderWindows.run(SerialPortProviderWindows.java:127)
	at java.base/java.util.TimerThread.mainLoop(Timer.java:566)
	at java.base/java.util.TimerThread.run(Timer.java:516)

!ENTRY com.st.stm32cube.ide.mpu.remote.serial 4 0 2026-04-03 17:43:02.060
!MESSAGE Failed to parse wmic output
!STACK 0
org.xml.sax.SAXParseException; lineNumber: 1; columnNumber: 1; Premature end of file.
	at java.xml/com.sun.org.apache.xerces.internal.parsers.DOMParser.parse(DOMParser.java:262)
	at java.xml/com.sun.org.apache.xerces.internal.jaxp.DocumentBuilderImpl.parse(DocumentBuilderImpl.java:342)
	at com.st.stm32cube.ide.mpu.remote.serial.internal.SerialPortProviderWindows.run(SerialPortProviderWindows.java:127)
	at java.base/java.util.TimerThread.mainLoop(Timer.java:566)
	at java.base/java.util.TimerThread.run(Timer.java:516)

!ENTRY com.st.stm32cube.ide.mpu.remote.serial 4 0 2026-04-03 17:43:03.055
!MESSAGE Failed to parse wmic output
!STACK 0
org.xml.sax.SAXParseException; lineNumber: 1; columnNumber: 1; Premature end of file.
	at java.xml/com.sun.org.apache.xerces.internal.parsers.DOMParser.parse(DOMParser.java:262)
	at java.xml/com.sun.org.apache.xerces.internal.jaxp.DocumentBuilderImpl.parse(DocumentBuilderImpl.java:342)
	at com.st.stm32cube.ide.mpu.remote.serial.internal.SerialPortProviderWindows.run(SerialPortProviderWindows.java:127)
	at java.base/java.util.TimerThread.mainLoop(Timer.java:566)
	at java.base/java.util.TimerThread.run(Timer.java:516)

!ENTRY com.st.stm32cube.ide.mpu.remote.serial 4 0 2026-04-03 17:43:04.059
!MESSAGE Failed to parse wmic output
!STACK 0
org.xml.sax.SAXParseException; lineNumber: 1; columnNumber: 1; Premature end of file.
	at java.xml/com.sun.org.apache.xerces.internal.parsers.DOMParser.parse(DOMParser.java:262)
	at java.xml/com.sun.org.apache.xerces.internal.jaxp.DocumentBuilderImpl.parse(DocumentBuilderImpl.java:342)
	at com.st.stm32cube.ide.mpu.remote.serial.internal.SerialPortProviderWindows.run(SerialPortProviderWindows.java:127)
	at java.base/java.util.TimerThread.mainLoop(Timer.java:566)
	at java.base/java.util.TimerThread.run(Timer.java:516)

!ENTRY com.st.stm32cube.ide.mpu.remote.serial 4 0 2026-04-03 17:43:05.055
!MESSAGE Failed to parse wmic output
!STACK 0
org.xml.sax.SAXParseException; lineNumber: 1; columnNumber: 1; Premature end of file.
	at java.xml/com.sun.org.apache.xerces.internal.parsers.DOMParser.parse(DOMParser.java:262)
	at java.xml/com.sun.org.apache.xerces.internal.jaxp.DocumentBuilderImpl.parse(DocumentBuilderImpl.java:342)
	at com.st.stm32cube.ide.mpu.remote.serial.internal.SerialPortProviderWindows.run(SerialPortProviderWindows.java:127)
	at java.base/java.util.TimerThread.mainLoop(Timer.java:566)
	at java.base/java.util.TimerThread.run(Timer.java:516)

!ENTRY com.st.stm32cube.ide.mpu.remote.serial 4 0 2026-04-03 17:43:06.055
!MESSAGE Failed to parse wmic output
!STACK 0
org.xml.sax.SAXParseException; lineNumber: 1; columnNumber: 1; Premature end of file.
	at java.xml/com.sun.org.apache.xerces.internal.parsers.DOMParser.parse(DOMParser.java:262)
	at java.xml/com.sun.org.apache.xerces.internal.jaxp.DocumentBuilderImpl.parse(DocumentBuilderImpl.java:342)
	at com.st.stm32cube.ide.mpu.remote.serial.internal.SerialPortProviderWindows.run(SerialPortProviderWindows.java:127)
	at java.base/java.util.TimerThread.mainLoop(Timer.java:566)
	at java.base/java.util.TimerThread.run(Timer.java:516)

!ENTRY com.st.stm32cube.ide.mpu.remote.serial 4 0 2026-04-03 17:43:07.056
!MESSAGE Failed to parse wmic output
!STACK 0
org.xml.sax.SAXParseException; lineNumber: 1; columnNumber: 1; Premature end of file.
	at java.xml/com.sun.org.apache.xerces.internal.parsers.DOMParser.parse(DOMParser.java:262)
	at java.xml/com.sun.org.apache.xerces.internal.jaxp.DocumentBuilderImpl.parse(DocumentBuilderImpl.java:342)
	at com.st.stm32cube.ide.mpu.remote.serial.internal.SerialPortProviderWindows.run(SerialPortProviderWindows.java:127)
	at java.base/java.util.TimerThread.mainLoop(Timer.java:566)
	at java.base/java.util.TimerThread.run(Timer.java:516)

!ENTRY com.st.stm32cube.ide.mpu.remote.serial 4 0 2026-04-03 17:43:08.059
!MESSAGE Failed to parse wmic output
!STACK 0
org.xml.sax.SAXParseException; lineNumber: 1; columnNumber: 1; Premature end of file.
	at java.xml/com.sun.org.apache.xerces.internal.parsers.DOMParser.parse(DOMParser.java:262)
	at java.xml/com.sun.org.apache.xerces.internal.jaxp.DocumentBuilderImpl.parse(DocumentBuilderImpl.java:342)
	at com.st.stm32cube.ide.mpu.remote.serial.internal.SerialPortProviderWindows.run(SerialPortProviderWindows.java:127)
	at java.base/java.util.TimerThread.mainLoop(Timer.java:566)
	at java.base/java.util.TimerThread.run(Timer.java:516)

!ENTRY com.st.stm32cube.ide.mpu.remote.serial 4 0 2026-04-03 17:43:09.055
!MESSAGE Failed to parse wmic output
!STACK 0
org.xml.sax.SAXParseException; lineNumber: 1; columnNumber: 1; Premature end of file.
	at java.xml/com.sun.org.apache.xerces.internal.parsers.DOMParser.parse(DOMParser.java:262)
	at java.xml/com.sun.org.apache.xerces.internal.jaxp.DocumentBuilderImpl.parse(DocumentBuilderImpl.java:342)
	at com.st.stm32cube.ide.mpu.remote.serial.internal.SerialPortProviderWindows.run(SerialPortProviderWindows.java:127)
	at java.base/java.util.TimerThread.mainLoop(Timer.java:566)
	at java.base/java.util.TimerThread.run(Timer.java:516)

!ENTRY com.st.stm32cube.ide.mpu.remote.serial 4 0 2026-04-03 17:43:10.056
!MESSAGE Failed to parse wmic output
!STACK 0
org.xml.sax.SAXParseException; lineNumber: 1; columnNumber: 1; Premature end of file.
	at java.xml/com.sun.org.apache.xerces.internal.parsers.DOMParser.parse(DOMParser.java:262)
	at java.xml/com.sun.org.apache.xerces.internal.jaxp.DocumentBuilderImpl.parse(DocumentBuilderImpl.java:342)
	at com.st.stm32cube.ide.mpu.remote.serial.internal.SerialPortProviderWindows.run(SerialPortProviderWindows.java:127)
	at java.base/java.util.TimerThread.mainLoop(Timer.java:566)
	at java.base/java.util.TimerThread.run(Timer.java:516)

!ENTRY com.st.stm32cube.ide.mpu.remote.serial 4 0 2026-04-03 17:43:11.056
!MESSAGE Failed to parse wmic output
!STACK 0
org.xml.sax.SAXParseException; lineNumber: 1; columnNumber: 1; Premature end of file.
	at java.xml/com.sun.org.apache.xerces.internal.parsers.DOMParser.parse(DOMParser.java:262)
	at java.xml/com.sun.org.apache.xerces.internal.jaxp.DocumentBuilderImpl.parse(DocumentBuilderImpl.java:342)
	at com.st.stm32cube.ide.mpu.remote.serial.internal.SerialPortProviderWindows.run(SerialPortProviderWindows.java:127)
	at java.base/java.util.TimerThread.mainLoop(Timer.java:566)
	at java.base/java.util.TimerThread.run(Timer.java:516)

!ENTRY com.st.stm32cube.ide.mpu.remote.serial 4 0 2026-04-03 17:43:12.077
!MESSAGE Failed to parse wmic output
!STACK 0
org.xml.sax.SAXParseException; lineNumber: 1; columnNumber: 1; Premature end of file.
	at java.xml/com.sun.org.apache.xerces.internal.parsers.DOMParser.parse(DOMParser.java:262)
	at java.xml/com.sun.org.apache.xerces.internal.jaxp.DocumentBuilderImpl.parse(DocumentBuilderImpl.java:342)
	at com.st.stm32cube.ide.mpu.remote.serial.internal.SerialPortProviderWindows.run(SerialPortProviderWindows.java:127)
	at java.base/java.util.TimerThread.mainLoop(Timer.java:566)
	at java.base/java.util.TimerThread.run(Timer.java:516)

!ENTRY com.st.stm32cube.ide.mpu.remote.serial 4 0 2026-04-03 17:43:13.083
!MESSAGE Failed to parse wmic output
!STACK 0
org.xml.sax.SAXParseException; lineNumber: 1; columnNumber: 1; Premature end of file.
	at java.xml/com.sun.org.apache.xerces.internal.parsers.DOMParser.parse(DOMParser.java:262)
	at java.xml/com.sun.org.apache.xerces.internal.jaxp.DocumentBuilderImpl.parse(DocumentBuilderImpl.java:342)
	at com.st.stm32cube.ide.mpu.remote.serial.internal.SerialPortProviderWindows.run(SerialPortProviderWindows.java:127)
	at java.base/java.util.TimerThread.mainLoop(Timer.java:566)
	at java.base/java.util.TimerThread.run(Timer.java:516)

!ENTRY com.st.stm32cube.ide.mpu.remote.serial 4 0 2026-04-03 17:43:14.055
!MESSAGE Failed to parse wmic output
!STACK 0
org.xml.sax.SAXParseException; lineNumber: 1; columnNumber: 1; Premature end of file.
	at java.xml/com.sun.org.apache.xerces.internal.parsers.DOMParser.parse(DOMParser.java:262)
	at java.xml/com.sun.org.apache.xerces.internal.jaxp.DocumentBuilderImpl.parse(DocumentBuilderImpl.java:342)
	at com.st.stm32cube.ide.mpu.remote.serial.internal.SerialPortProviderWindows.run(SerialPortProviderWindows.java:127)
	at java.base/java.util.TimerThread.mainLoop(Timer.java:566)
	at java.base/java.util.TimerThread.run(Timer.java:516)

!ENTRY com.st.stm32cube.ide.mpu.remote.serial 4 0 2026-04-03 17:43:15.056
!MESSAGE Failed to parse wmic output
!STACK 0
org.xml.sax.SAXParseException; lineNumber: 1; columnNumber: 1; Premature end of file.
	at java.xml/com.sun.org.apache.xerces.internal.parsers.DOMParser.parse(DOMParser.java:262)
	at java.xml/com.sun.org.apache.xerces.internal.jaxp.DocumentBuilderImpl.parse(DocumentBuilderImpl.java:342)
	at com.st.stm32cube.ide.mpu.remote.serial.internal.SerialPortProviderWindows.run(SerialPortProviderWindows.java:127)
	at java.base/java.util.TimerThread.mainLoop(Timer.java:566)
	at java.base/java.util.TimerThread.run(Timer.java:516)

!ENTRY com.st.stm32cube.ide.mpu.remote.serial 4 0 2026-04-03 17:43:16.059
!MESSAGE Failed to parse wmic output
!STACK 0
org.xml.sax.SAXParseException; lineNumber: 1; columnNumber: 1; Premature end of file.
	at java.xml/com.sun.org.apache.xerces.internal.parsers.DOMParser.parse(DOMParser.java:262)
	at java.xml/com.sun.org.apache.xerces.internal.jaxp.DocumentBuilderImpl.parse(DocumentBuilderImpl.java:342)
	at com.st.stm32cube.ide.mpu.remote.serial.internal.SerialPortProviderWindows.run(SerialPortProviderWindows.java:127)
	at java.base/java.util.TimerThread.mainLoop(Timer.java:566)
	at java.base/java.util.TimerThread.run(Timer.java:516)

!ENTRY com.st.stm32cube.ide.mpu.remote.serial 4 0 2026-04-03 17:43:17.059
!MESSAGE Failed to parse wmic output
!STACK 0
org.xml.sax.SAXParseException; lineNumber: 1; columnNumber: 1; Premature end of file.
	at java.xml/com.sun.org.apache.xerces.internal.parsers.DOMParser.parse(DOMParser.java:262)
	at java.xml/com.sun.org.apache.xerces.internal.jaxp.DocumentBuilderImpl.parse(DocumentBuilderImpl.java:342)
	at com.st.stm32cube.ide.mpu.remote.serial.internal.SerialPortProviderWindows.run(SerialPortProviderWindows.java:127)
	at java.base/java.util.TimerThread.mainLoop(Timer.java:566)
	at java.base/java.util.TimerThread.run(Timer.java:516)

!ENTRY com.st.stm32cube.ide.mpu.remote.serial 4 0 2026-04-03 17:43:18.065
!MESSAGE Failed to parse wmic output
!STACK 0
org.xml.sax.SAXParseException; lineNumber: 1; columnNumber: 1; Premature end of file.
	at java.xml/com.sun.org.apache.xerces.internal.parsers.DOMParser.parse(DOMParser.java:262)
	at java.xml/com.sun.org.apache.xerces.internal.jaxp.DocumentBuilderImpl.parse(DocumentBuilderImpl.java:342)
	at com.st.stm32cube.ide.mpu.remote.serial.internal.SerialPortProviderWindows.run(SerialPortProviderWindows.java:127)
	at java.base/java.util.TimerThread.mainLoop(Timer.java:566)
	at java.base/java.util.TimerThread.run(Timer.java:516)

!ENTRY com.st.stm32cube.ide.mpu.remote.serial 4 0 2026-04-03 17:43:19.060
!MESSAGE Failed to parse wmic output
!STACK 0
org.xml.sax.SAXParseException; lineNumber: 1; columnNumber: 1; Premature end of file.
	at java.xml/com.sun.org.apache.xerces.internal.parsers.DOMParser.parse(DOMParser.java:262)
	at java.xml/com.sun.org.apache.xerces.internal.jaxp.DocumentBuilderImpl.parse(DocumentBuilderImpl.java:342)
	at com.st.stm32cube.ide.mpu.remote.serial.internal.SerialPortProviderWindows.run(SerialPortProviderWindows.java:127)
	at java.base/java.util.TimerThread.mainLoop(Timer.java:566)
	at java.base/java.util.TimerThread.run(Timer.java:516)

!ENTRY com.st.stm32cube.ide.mpu.remote.serial 4 0 2026-04-03 17:43:20.062
!MESSAGE Failed to parse wmic output
!STACK 0
org.xml.sax.SAXParseException; lineNumber: 1; columnNumber: 1; Premature end of file.
	at java.xml/com.sun.org.apache.xerces.internal.parsers.DOMParser.parse(DOMParser.java:262)
	at java.xml/com.sun.org.apache.xerces.internal.jaxp.DocumentBuilderImpl.parse(DocumentBuilderImpl.java:342)
	at com.st.stm32cube.ide.mpu.remote.serial.internal.SerialPortProviderWindows.run(SerialPortProviderWindows.java:127)
	at java.base/java.util.TimerThread.mainLoop(Timer.java:566)
	at java.base/java.util.TimerThread.run(Timer.java:516)

!ENTRY com.st.stm32cube.ide.mpu.remote.serial 4 0 2026-04-03 17:43:21.064
!MESSAGE Failed to parse wmic output
!STACK 0
org.xml.sax.SAXParseException; lineNumber: 1; columnNumber: 1; Premature end of file.
	at java.xml/com.sun.org.apache.xerces.internal.parsers.DOMParser.parse(DOMParser.java:262)
	at java.xml/com.sun.org.apache.xerces.internal.jaxp.DocumentBuilderImpl.parse(DocumentBuilderImpl.java:342)
	at com.st.stm32cube.ide.mpu.remote.serial.internal.SerialPortProviderWindows.run(SerialPortProviderWindows.java:127)
	at java.base/java.util.TimerThread.mainLoop(Timer.java:566)
	at java.base/java.util.TimerThread.run(Timer.java:516)

!ENTRY com.st.stm32cube.ide.mpu.remote.serial 4 0 2026-04-03 17:43:22.063
!MESSAGE Failed to parse wmic output
!STACK 0
org.xml.sax.SAXParseException; lineNumber: 1; columnNumber: 1; Premature end of file.
	at java.xml/com.sun.org.apache.xerces.internal.parsers.DOMParser.parse(DOMParser.java:262)
	at java.xml/com.sun.org.apache.xerces.internal.jaxp.DocumentBuilderImpl.parse(DocumentBuilderImpl.java:342)
	at com.st.stm32cube.ide.mpu.remote.serial.internal.SerialPortProviderWindows.run(SerialPortProviderWindows.java:127)
	at java.base/java.util.TimerThread.mainLoop(Timer.java:566)
	at java.base/java.util.TimerThread.run(Timer.java:516)

!ENTRY com.st.stm32cube.ide.mpu.remote.serial 4 0 2026-04-03 17:43:23.057
!MESSAGE Failed to parse wmic output
!STACK 0
org.xml.sax.SAXParseException; lineNumber: 1; columnNumber: 1; Premature end of file.
	at java.xml/com.sun.org.apache.xerces.internal.parsers.DOMParser.parse(DOMParser.java:262)
	at java.xml/com.sun.org.apache.xerces.internal.jaxp.DocumentBuilderImpl.parse(DocumentBuilderImpl.java:342)
	at com.st.stm32cube.ide.mpu.remote.serial.internal.SerialPortProviderWindows.run(SerialPortProviderWindows.java:127)
	at java.base/java.util.TimerThread.mainLoop(Timer.java:566)
	at java.base/java.util.TimerThread.run(Timer.java:516)

!ENTRY com.st.stm32cube.ide.mpu.remote.serial 4 0 2026-04-03 17:43:24.057
!MESSAGE Failed to parse wmic output
!STACK 0
org.xml.sax.SAXParseException; lineNumber: 1; columnNumber: 1; Premature end of file.
	at java.xml/com.sun.org.apache.xerces.internal.parsers.DOMParser.parse(DOMParser.java:262)
	at java.xml/com.sun.org.apache.xerces.internal.jaxp.DocumentBuilderImpl.parse(DocumentBuilderImpl.java:342)
	at com.st.stm32cube.ide.mpu.remote.serial.internal.SerialPortProviderWindows.run(SerialPortProviderWindows.java:127)
	at java.base/java.util.TimerThread.mainLoop(Timer.java:566)
	at java.base/java.util.TimerThread.run(Timer.java:516)

!ENTRY com.st.stm32cube.ide.mpu.remote.serial 4 0 2026-04-03 17:43:25.061
!MESSAGE Failed to parse wmic output
!STACK 0
org.xml.sax.SAXParseException; lineNumber: 1; columnNumber: 1; Premature end of file.
	at java.xml/com.sun.org.apache.xerces.internal.parsers.DOMParser.parse(DOMParser.java:262)
	at java.xml/com.sun.org.apache.xerces.internal.jaxp.DocumentBuilderImpl.parse(DocumentBuilderImpl.java:342)
	at com.st.stm32cube.ide.mpu.remote.serial.internal.SerialPortProviderWindows.run(SerialPortProviderWindows.java:127)
	at java.base/java.util.TimerThread.mainLoop(Timer.java:566)
	at java.base/java.util.TimerThread.run(Timer.java:516)

!ENTRY com.st.stm32cube.ide.mpu.remote.serial 4 0 2026-04-03 17:43:26.054
!MESSAGE Failed to parse wmic output
!STACK 0
org.xml.sax.SAXParseException; lineNumber: 1; columnNumber: 1; Premature end of file.
	at java.xml/com.sun.org.apache.xerces.internal.parsers.DOMParser.parse(DOMParser.java:262)
	at java.xml/com.sun.org.apache.xerces.internal.jaxp.DocumentBuilderImpl.parse(DocumentBuilderImpl.java:342)
	at com.st.stm32cube.ide.mpu.remote.serial.internal.SerialPortProviderWindows.run(SerialPortProviderWindows.java:127)
	at java.base/java.util.TimerThread.mainLoop(Timer.java:566)
	at java.base/java.util.TimerThread.run(Timer.java:516)

!ENTRY com.st.stm32cube.ide.mpu.remote.serial 4 0 2026-04-03 17:43:27.059
!MESSAGE Failed to parse wmic output
!STACK 0
org.xml.sax.SAXParseException; lineNumber: 1; columnNumber: 1; Premature end of file.
	at java.xml/com.sun.org.apache.xerces.internal.parsers.DOMParser.parse(DOMParser.java:262)
	at java.xml/com.sun.org.apache.xerces.internal.jaxp.DocumentBuilderImpl.parse(DocumentBuilderImpl.java:342)
	at com.st.stm32cube.ide.mpu.remote.serial.internal.SerialPortProviderWindows.run(SerialPortProviderWindows.java:127)
	at java.base/java.util.TimerThread.mainLoop(Timer.java:566)
	at java.base/java.util.TimerThread.run(Timer.java:516)

!ENTRY com.st.stm32cube.ide.mpu.remote.serial 4 0 2026-04-03 17:43:28.057
!MESSAGE Failed to parse wmic output
!STACK 0
org.xml.sax.SAXParseException; lineNumber: 1; columnNumber: 1; Premature end of file.
	at java.xml/com.sun.org.apache.xerces.internal.parsers.DOMParser.parse(DOMParser.java:262)
	at java.xml/com.sun.org.apache.xerces.internal.jaxp.DocumentBuilderImpl.parse(DocumentBuilderImpl.java:342)
	at com.st.stm32cube.ide.mpu.remote.serial.internal.SerialPortProviderWindows.run(SerialPortProviderWindows.java:127)
	at java.base/java.util.TimerThread.mainLoop(Timer.java:566)
	at java.base/java.util.TimerThread.run(Timer.java:516)

!ENTRY com.st.stm32cube.ide.mpu.remote.serial 4 0 2026-04-03 17:43:29.058
!MESSAGE Failed to parse wmic output
!STACK 0
org.xml.sax.SAXParseException; lineNumber: 1; columnNumber: 1; Premature end of file.
	at java.xml/com.sun.org.apache.xerces.internal.parsers.DOMParser.parse(DOMParser.java:262)
	at java.xml/com.sun.org.apache.xerces.internal.jaxp.DocumentBuilderImpl.parse(DocumentBuilderImpl.java:342)
	at com.st.stm32cube.ide.mpu.remote.serial.internal.SerialPortProviderWindows.run(SerialPortProviderWindows.java:127)
	at java.base/java.util.TimerThread.mainLoop(Timer.java:566)
	at java.base/java.util.TimerThread.run(Timer.java:516)

!ENTRY com.st.stm32cube.ide.mpu.remote.serial 4 0 2026-04-03 17:43:30.060
!MESSAGE Failed to parse wmic output
!STACK 0
org.xml.sax.SAXParseException; lineNumber: 1; columnNumber: 1; Premature end of file.
	at java.xml/com.sun.org.apache.xerces.internal.parsers.DOMParser.parse(DOMParser.java:262)
	at java.xml/com.sun.org.apache.xerces.internal.jaxp.DocumentBuilderImpl.parse(DocumentBuilderImpl.java:342)
	at com.st.stm32cube.ide.mpu.remote.serial.internal.SerialPortProviderWindows.run(SerialPortProviderWindows.java:127)
	at java.base/java.util.TimerThread.mainLoop(Timer.java:566)
	at java.base/java.util.TimerThread.run(Timer.java:516)

!ENTRY com.st.stm32cube.ide.mpu.remote.serial 4 0 2026-04-03 17:43:31.053
!MESSAGE Failed to parse wmic output
!STACK 0
org.xml.sax.SAXParseException; lineNumber: 1; columnNumber: 1; Premature end of file.
	at java.xml/com.sun.org.apache.xerces.internal.parsers.DOMParser.parse(DOMParser.java:262)
	at java.xml/com.sun.org.apache.xerces.internal.jaxp.DocumentBuilderImpl.parse(DocumentBuilderImpl.java:342)
	at com.st.stm32cube.ide.mpu.remote.serial.internal.SerialPortProviderWindows.run(SerialPortProviderWindows.java:127)
	at java.base/java.util.TimerThread.mainLoop(Timer.java:566)
	at java.base/java.util.TimerThread.run(Timer.java:516)

!ENTRY com.st.stm32cube.ide.mpu.remote.serial 4 0 2026-04-03 17:43:32.055
!MESSAGE Failed to parse wmic output
!STACK 0
org.xml.sax.SAXParseException; lineNumber: 1; columnNumber: 1; Premature end of file.
	at java.xml/com.sun.org.apache.xerces.internal.parsers.DOMParser.parse(DOMParser.java:262)
	at java.xml/com.sun.org.apache.xerces.internal.jaxp.DocumentBuilderImpl.parse(DocumentBuilderImpl.java:342)
	at com.st.stm32cube.ide.mpu.remote.serial.internal.SerialPortProviderWindows.run(SerialPortProviderWindows.java:127)
	at java.base/java.util.TimerThread.mainLoop(Timer.java:566)
	at java.base/java.util.TimerThread.run(Timer.java:516)

!ENTRY com.st.stm32cube.ide.mpu.remote.serial 4 0 2026-04-03 17:43:33.056
!MESSAGE Failed to parse wmic output
!STACK 0
org.xml.sax.SAXParseException; lineNumber: 1; columnNumber: 1; Premature end of file.
	at java.xml/com.sun.org.apache.xerces.internal.parsers.DOMParser.parse(DOMParser.java:262)
	at java.xml/com.sun.org.apache.xerces.internal.jaxp.DocumentBuilderImpl.parse(DocumentBuilderImpl.java:342)
	at com.st.stm32cube.ide.mpu.remote.serial.internal.SerialPortProviderWindows.run(SerialPortProviderWindows.java:127)
	at java.base/java.util.TimerThread.mainLoop(Timer.java:566)
	at java.base/java.util.TimerThread.run(Timer.java:516)

!ENTRY com.st.stm32cube.ide.mpu.remote.serial 4 0 2026-04-03 17:43:34.055
!MESSAGE Failed to parse wmic output
!STACK 0
org.xml.sax.SAXParseException; lineNumber: 1; columnNumber: 1; Premature end of file.
	at java.xml/com.sun.org.apache.xerces.internal.parsers.DOMParser.parse(DOMParser.java:262)
	at java.xml/com.sun.org.apache.xerces.internal.jaxp.DocumentBuilderImpl.parse(DocumentBuilderImpl.java:342)
	at com.st.stm32cube.ide.mpu.remote.serial.internal.SerialPortProviderWindows.run(SerialPortProviderWindows.java:127)
	at java.base/java.util.TimerThread.mainLoop(Timer.java:566)
	at java.base/java.util.TimerThread.run(Timer.java:516)

!ENTRY com.st.stm32cube.ide.mpu.remote.serial 4 0 2026-04-03 17:43:35.056
!MESSAGE Failed to parse wmic output
!STACK 0
org.xml.sax.SAXParseException; lineNumber: 1; columnNumber: 1; Premature end of file.
	at java.xml/com.sun.org.apache.xerces.internal.parsers.DOMParser.parse(DOMParser.java:262)
	at java.xml/com.sun.org.apache.xerces.internal.jaxp.DocumentBuilderImpl.parse(DocumentBuilderImpl.java:342)
	at com.st.stm32cube.ide.mpu.remote.serial.internal.SerialPortProviderWindows.run(SerialPortProviderWindows.java:127)
	at java.base/java.util.TimerThread.mainLoop(Timer.java:566)
	at java.base/java.util.TimerThread.run(Timer.java:516)

!ENTRY com.st.stm32cube.ide.mpu.remote.serial 4 0 2026-04-03 17:43:36.053
!MESSAGE Failed to parse wmic output
!STACK 0
org.xml.sax.SAXParseException; lineNumber: 1; columnNumber: 1; Premature end of file.
	at java.xml/com.sun.org.apache.xerces.internal.parsers.DOMParser.parse(DOMParser.java:262)
	at java.xml/com.sun.org.apache.xerces.internal.jaxp.DocumentBuilderImpl.parse(DocumentBuilderImpl.java:342)
	at com.st.stm32cube.ide.mpu.remote.serial.internal.SerialPortProviderWindows.run(SerialPortProviderWindows.java:127)
	at java.base/java.util.TimerThread.mainLoop(Timer.java:566)
	at java.base/java.util.TimerThread.run(Timer.java:516)

!ENTRY com.st.stm32cube.ide.mpu.remote.serial 4 0 2026-04-03 17:43:37.053
!MESSAGE Failed to parse wmic output
!STACK 0
org.xml.sax.SAXParseException; lineNumber: 1; columnNumber: 1; Premature end of file.
	at java.xml/com.sun.org.apache.xerces.internal.parsers.DOMParser.parse(DOMParser.java:262)
	at java.xml/com.sun.org.apache.xerces.internal.jaxp.DocumentBuilderImpl.parse(DocumentBuilderImpl.java:342)
	at com.st.stm32cube.ide.mpu.remote.serial.internal.SerialPortProviderWindows.run(SerialPortProviderWindows.java:127)
	at java.base/java.util.TimerThread.mainLoop(Timer.java:566)
	at java.base/java.util.TimerThread.run(Timer.java:516)

!ENTRY com.st.stm32cube.ide.mpu.remote.serial 4 0 2026-04-03 17:43:38.063
!MESSAGE Failed to parse wmic output
!STACK 0
org.xml.sax.SAXParseException; lineNumber: 1; columnNumber: 1; Premature end of file.
	at java.xml/com.sun.org.apache.xerces.internal.parsers.DOMParser.parse(DOMParser.java:262)
	at java.xml/com.sun.org.apache.xerces.internal.jaxp.DocumentBuilderImpl.parse(DocumentBuilderImpl.java:342)
	at com.st.stm32cube.ide.mpu.remote.serial.internal.SerialPortProviderWindows.run(SerialPortProviderWindows.java:127)
	at java.base/java.util.TimerThread.mainLoop(Timer.java:566)
	at java.base/java.util.TimerThread.run(Timer.java:516)

!ENTRY com.st.stm32cube.ide.mpu.remote.serial 4 0 2026-04-03 17:43:39.063
!MESSAGE Failed to parse wmic output
!STACK 0
org.xml.sax.SAXParseException; lineNumber: 1; columnNumber: 1; Premature end of file.
	at java.xml/com.sun.org.apache.xerces.internal.parsers.DOMParser.parse(DOMParser.java:262)
	at java.xml/com.sun.org.apache.xerces.internal.jaxp.DocumentBuilderImpl.parse(DocumentBuilderImpl.java:342)
	at com.st.stm32cube.ide.mpu.remote.serial.internal.SerialPortProviderWindows.run(SerialPortProviderWindows.java:127)
	at java.base/java.util.TimerThread.mainLoop(Timer.java:566)
	at java.base/java.util.TimerThread.run(Timer.java:516)

!ENTRY com.st.stm32cube.ide.mpu.remote.serial 4 0 2026-04-03 17:43:40.059
!MESSAGE Failed to parse wmic output
!STACK 0
org.xml.sax.SAXParseException; lineNumber: 1; columnNumber: 1; Premature end of file.
	at java.xml/com.sun.org.apache.xerces.internal.parsers.DOMParser.parse(DOMParser.java:262)
	at java.xml/com.sun.org.apache.xerces.internal.jaxp.DocumentBuilderImpl.parse(DocumentBuilderImpl.java:342)
	at com.st.stm32cube.ide.mpu.remote.serial.internal.SerialPortProviderWindows.run(SerialPortProviderWindows.java:127)
	at java.base/java.util.TimerThread.mainLoop(Timer.java:566)
	at java.base/java.util.TimerThread.run(Timer.java:516)

!ENTRY com.st.stm32cube.ide.mpu.remote.serial 4 0 2026-04-03 17:43:41.058
!MESSAGE Failed to parse wmic output
!STACK 0
org.xml.sax.SAXParseException; lineNumber: 1; columnNumber: 1; Premature end of file.
	at java.xml/com.sun.org.apache.xerces.internal.parsers.DOMParser.parse(DOMParser.java:262)
	at java.xml/com.sun.org.apache.xerces.internal.jaxp.DocumentBuilderImpl.parse(DocumentBuilderImpl.java:342)
	at com.st.stm32cube.ide.mpu.remote.serial.internal.SerialPortProviderWindows.run(SerialPortProviderWindows.java:127)
	at java.base/java.util.TimerThread.mainLoop(Timer.java:566)
	at java.base/java.util.TimerThread.run(Timer.java:516)

!ENTRY com.st.stm32cube.ide.mpu.remote.serial 4 0 2026-04-03 17:43:42.054
!MESSAGE Failed to parse wmic output
!STACK 0
org.xml.sax.SAXParseException; lineNumber: 1; columnNumber: 1; Premature end of file.
	at java.xml/com.sun.org.apache.xerces.internal.parsers.DOMParser.parse(DOMParser.java:262)
	at java.xml/com.sun.org.apache.xerces.internal.jaxp.DocumentBuilderImpl.parse(DocumentBuilderImpl.java:342)
	at com.st.stm32cube.ide.mpu.remote.serial.internal.SerialPortProviderWindows.run(SerialPortProviderWindows.java:127)
	at java.base/java.util.TimerThread.mainLoop(Timer.java:566)
	at java.base/java.util.TimerThread.run(Timer.java:516)

!ENTRY com.st.stm32cube.ide.mpu.remote.serial 4 0 2026-04-03 17:43:43.057
!MESSAGE Failed to parse wmic output
!STACK 0
org.xml.sax.SAXParseException; lineNumber: 1; columnNumber: 1; Premature end of file.
	at java.xml/com.sun.org.apache.xerces.internal.parsers.DOMParser.parse(DOMParser.java:262)
	at java.xml/com.sun.org.apache.xerces.internal.jaxp.DocumentBuilderImpl.parse(DocumentBuilderImpl.java:342)
	at com.st.stm32cube.ide.mpu.remote.serial.internal.SerialPortProviderWindows.run(SerialPortProviderWindows.java:127)
	at java.base/java.util.TimerThread.mainLoop(Timer.java:566)
	at java.base/java.util.TimerThread.run(Timer.java:516)

!ENTRY com.st.stm32cube.ide.mpu.remote.serial 4 0 2026-04-03 17:43:44.063
!MESSAGE Failed to parse wmic output
!STACK 0
org.xml.sax.SAXParseException; lineNumber: 1; columnNumber: 1; Premature end of file.
	at java.xml/com.sun.org.apache.xerces.internal.parsers.DOMParser.parse(DOMParser.java:262)
	at java.xml/com.sun.org.apache.xerces.internal.jaxp.DocumentBuilderImpl.parse(DocumentBuilderImpl.java:342)
	at com.st.stm32cube.ide.mpu.remote.serial.internal.SerialPortProviderWindows.run(SerialPortProviderWindows.java:127)
	at java.base/java.util.TimerThread.mainLoop(Timer.java:566)
	at java.base/java.util.TimerThread.run(Timer.java:516)

!ENTRY com.st.stm32cube.ide.mpu.remote.serial 4 0 2026-04-03 17:43:45.084
!MESSAGE Failed to parse wmic output
!STACK 0
org.xml.sax.SAXParseException; lineNumber: 1; columnNumber: 1; Premature end of file.
	at java.xml/com.sun.org.apache.xerces.internal.parsers.DOMParser.parse(DOMParser.java:262)
	at java.xml/com.sun.org.apache.xerces.internal.jaxp.DocumentBuilderImpl.parse(DocumentBuilderImpl.java:342)
	at com.st.stm32cube.ide.mpu.remote.serial.internal.SerialPortProviderWindows.run(SerialPortProviderWindows.java:127)
	at java.base/java.util.TimerThread.mainLoop(Timer.java:566)
	at java.base/java.util.TimerThread.run(Timer.java:516)

!ENTRY com.st.stm32cube.ide.mpu.remote.serial 4 0 2026-04-03 17:43:46.066
!MESSAGE Failed to parse wmic output
!STACK 0
org.xml.sax.SAXParseException; lineNumber: 1; columnNumber: 1; Premature end of file.
	at java.xml/com.sun.org.apache.xerces.internal.parsers.DOMParser.parse(DOMParser.java:262)
	at java.xml/com.sun.org.apache.xerces.internal.jaxp.DocumentBuilderImpl.parse(DocumentBuilderImpl.java:342)
	at com.st.stm32cube.ide.mpu.remote.serial.internal.SerialPortProviderWindows.run(SerialPortProviderWindows.java:127)
	at java.base/java.util.TimerThread.mainLoop(Timer.java:566)
	at java.base/java.util.TimerThread.run(Timer.java:516)

!ENTRY com.st.stm32cube.ide.mpu.remote.serial 4 0 2026-04-03 17:43:47.074
!MESSAGE Failed to parse wmic output
!STACK 0
org.xml.sax.SAXParseException; lineNumber: 1; columnNumber: 1; Premature end of file.
	at java.xml/com.sun.org.apache.xerces.internal.parsers.DOMParser.parse(DOMParser.java:262)
	at java.xml/com.sun.org.apache.xerces.internal.jaxp.DocumentBuilderImpl.parse(DocumentBuilderImpl.java:342)
	at com.st.stm32cube.ide.mpu.remote.serial.internal.SerialPortProviderWindows.run(SerialPortProviderWindows.java:127)
	at java.base/java.util.TimerThread.mainLoop(Timer.java:566)
	at java.base/java.util.TimerThread.run(Timer.java:516)

!ENTRY com.st.stm32cube.ide.mpu.remote.serial 4 0 2026-04-03 17:43:48.065
!MESSAGE Failed to parse wmic output
!STACK 0
org.xml.sax.SAXParseException; lineNumber: 1; columnNumber: 1; Premature end of file.
	at java.xml/com.sun.org.apache.xerces.internal.parsers.DOMParser.parse(DOMParser.java:262)
	at java.xml/com.sun.org.apache.xerces.internal.jaxp.DocumentBuilderImpl.parse(DocumentBuilderImpl.java:342)
	at com.st.stm32cube.ide.mpu.remote.serial.internal.SerialPortProviderWindows.run(SerialPortProviderWindows.java:127)
	at java.base/java.util.TimerThread.mainLoop(Timer.java:566)
	at java.base/java.util.TimerThread.run(Timer.java:516)

!ENTRY com.st.stm32cube.ide.mpu.remote.serial 4 0 2026-04-03 17:43:49.061
!MESSAGE Failed to parse wmic output
!STACK 0
org.xml.sax.SAXParseException; lineNumber: 1; columnNumber: 1; Premature end of file.
	at java.xml/com.sun.org.apache.xerces.internal.parsers.DOMParser.parse(DOMParser.java:262)
	at java.xml/com.sun.org.apache.xerces.internal.jaxp.DocumentBuilderImpl.parse(DocumentBuilderImpl.java:342)
	at com.st.stm32cube.ide.mpu.remote.serial.internal.SerialPortProviderWindows.run(SerialPortProviderWindows.java:127)
	at java.base/java.util.TimerThread.mainLoop(Timer.java:566)
	at java.base/java.util.TimerThread.run(Timer.java:516)

!ENTRY com.st.stm32cube.ide.mpu.remote.serial 4 0 2026-04-03 17:43:50.062
!MESSAGE Failed to parse wmic output
!STACK 0
org.xml.sax.SAXParseException; lineNumber: 1; columnNumber: 1; Premature end of file.
	at java.xml/com.sun.org.apache.xerces.internal.parsers.DOMParser.parse(DOMParser.java:262)
	at java.xml/com.sun.org.apache.xerces.internal.jaxp.DocumentBuilderImpl.parse(DocumentBuilderImpl.java:342)
	at com.st.stm32cube.ide.mpu.remote.serial.internal.SerialPortProviderWindows.run(SerialPortProviderWindows.java:127)
	at java.base/java.util.TimerThread.mainLoop(Timer.java:566)
	at java.base/java.util.TimerThread.run(Timer.java:516)

!ENTRY com.st.stm32cube.ide.mpu.remote.serial 4 0 2026-04-03 17:43:51.060
!MESSAGE Failed to parse wmic output
!STACK 0
org.xml.sax.SAXParseException; lineNumber: 1; columnNumber: 1; Premature end of file.
	at java.xml/com.sun.org.apache.xerces.internal.parsers.DOMParser.parse(DOMParser.java:262)
	at java.xml/com.sun.org.apache.xerces.internal.jaxp.DocumentBuilderImpl.parse(DocumentBuilderImpl.java:342)
	at com.st.stm32cube.ide.mpu.remote.serial.internal.SerialPortProviderWindows.run(SerialPortProviderWindows.java:127)
	at java.base/java.util.TimerThread.mainLoop(Timer.java:566)
	at java.base/java.util.TimerThread.run(Timer.java:516)

!ENTRY com.st.stm32cube.ide.mpu.remote.serial 4 0 2026-04-03 17:43:52.057
!MESSAGE Failed to parse wmic output
!STACK 0
org.xml.sax.SAXParseException; lineNumber: 1; columnNumber: 1; Premature end of file.
	at java.xml/com.sun.org.apache.xerces.internal.parsers.DOMParser.parse(DOMParser.java:262)
	at java.xml/com.sun.org.apache.xerces.internal.jaxp.DocumentBuilderImpl.parse(DocumentBuilderImpl.java:342)
	at com.st.stm32cube.ide.mpu.remote.serial.internal.SerialPortProviderWindows.run(SerialPortProviderWindows.java:127)
	at java.base/java.util.TimerThread.mainLoop(Timer.java:566)
	at java.base/java.util.TimerThread.run(Timer.java:516)

!ENTRY com.st.stm32cube.ide.mpu.remote.serial 4 0 2026-04-03 17:43:53.055
!MESSAGE Failed to parse wmic output
!STACK 0
org.xml.sax.SAXParseException; lineNumber: 1; columnNumber: 1; Premature end of file.
	at java.xml/com.sun.org.apache.xerces.internal.parsers.DOMParser.parse(DOMParser.java:262)
	at java.xml/com.sun.org.apache.xerces.internal.jaxp.DocumentBuilderImpl.parse(DocumentBuilderImpl.java:342)
	at com.st.stm32cube.ide.mpu.remote.serial.internal.SerialPortProviderWindows.run(SerialPortProviderWindows.java:127)
	at java.base/java.util.TimerThread.mainLoop(Timer.java:566)
	at java.base/java.util.TimerThread.run(Timer.java:516)

!ENTRY com.st.stm32cube.ide.mpu.remote.serial 4 0 2026-04-03 17:43:54.055
!MESSAGE Failed to parse wmic output
!STACK 0
org.xml.sax.SAXParseException; lineNumber: 1; columnNumber: 1; Premature end of file.
	at java.xml/com.sun.org.apache.xerces.internal.parsers.DOMParser.parse(DOMParser.java:262)
	at java.xml/com.sun.org.apache.xerces.internal.jaxp.DocumentBuilderImpl.parse(DocumentBuilderImpl.java:342)
	at com.st.stm32cube.ide.mpu.remote.serial.internal.SerialPortProviderWindows.run(SerialPortProviderWindows.java:127)
	at java.base/java.util.TimerThread.mainLoop(Timer.java:566)
	at java.base/java.util.TimerThread.run(Timer.java:516)

!ENTRY com.st.stm32cube.ide.mpu.remote.serial 4 0 2026-04-03 17:43:55.056
!MESSAGE Failed to parse wmic output
!STACK 0
org.xml.sax.SAXParseException; lineNumber: 1; columnNumber: 1; Premature end of file.
	at java.xml/com.sun.org.apache.xerces.internal.parsers.DOMParser.parse(DOMParser.java:262)
	at java.xml/com.sun.org.apache.xerces.internal.jaxp.DocumentBuilderImpl.parse(DocumentBuilderImpl.java:342)
	at com.st.stm32cube.ide.mpu.remote.serial.internal.SerialPortProviderWindows.run(SerialPortProviderWindows.java:127)
	at java.base/java.util.TimerThread.mainLoop(Timer.java:566)
	at java.base/java.util.TimerThread.run(Timer.java:516)

!ENTRY com.st.stm32cube.ide.mpu.remote.serial 4 0 2026-04-03 17:43:56.059
!MESSAGE Failed to parse wmic output
!STACK 0
org.xml.sax.SAXParseException; lineNumber: 1; columnNumber: 1; Premature end of file.
	at java.xml/com.sun.org.apache.xerces.internal.parsers.DOMParser.parse(DOMParser.java:262)
	at java.xml/com.sun.org.apache.xerces.internal.jaxp.DocumentBuilderImpl.parse(DocumentBuilderImpl.java:342)
	at com.st.stm32cube.ide.mpu.remote.serial.internal.SerialPortProviderWindows.run(SerialPortProviderWindows.java:127)
	at java.base/java.util.TimerThread.mainLoop(Timer.java:566)
	at java.base/java.util.TimerThread.run(Timer.java:516)

!ENTRY com.st.stm32cube.ide.mpu.remote.serial 4 0 2026-04-03 17:43:57.054
!MESSAGE Failed to parse wmic output
!STACK 0
org.xml.sax.SAXParseException; lineNumber: 1; columnNumber: 1; Premature end of file.
	at java.xml/com.sun.org.apache.xerces.internal.parsers.DOMParser.parse(DOMParser.java:262)
	at java.xml/com.sun.org.apache.xerces.internal.jaxp.DocumentBuilderImpl.parse(DocumentBuilderImpl.java:342)
	at com.st.stm32cube.ide.mpu.remote.serial.internal.SerialPortProviderWindows.run(SerialPortProviderWindows.java:127)
	at java.base/java.util.TimerThread.mainLoop(Timer.java:566)
	at java.base/java.util.TimerThread.run(Timer.java:516)

!ENTRY com.st.stm32cube.ide.mpu.remote.serial 4 0 2026-04-03 17:43:58.067
!MESSAGE Failed to parse wmic output
!STACK 0
org.xml.sax.SAXParseException; lineNumber: 1; columnNumber: 1; Premature end of file.
	at java.xml/com.sun.org.apache.xerces.internal.parsers.DOMParser.parse(DOMParser.java:262)
	at java.xml/com.sun.org.apache.xerces.internal.jaxp.DocumentBuilderImpl.parse(DocumentBuilderImpl.java:342)
	at com.st.stm32cube.ide.mpu.remote.serial.internal.SerialPortProviderWindows.run(SerialPortProviderWindows.java:127)
	at java.base/java.util.TimerThread.mainLoop(Timer.java:566)
	at java.base/java.util.TimerThread.run(Timer.java:516)

!ENTRY com.st.stm32cube.ide.mpu.remote.serial 4 0 2026-04-03 17:43:59.074
!MESSAGE Failed to parse wmic output
!STACK 0
org.xml.sax.SAXParseException; lineNumber: 1; columnNumber: 1; Premature end of file.
	at java.xml/com.sun.org.apache.xerces.internal.parsers.DOMParser.parse(DOMParser.java:262)
	at java.xml/com.sun.org.apache.xerces.internal.jaxp.DocumentBuilderImpl.parse(DocumentBuilderImpl.java:342)
	at com.st.stm32cube.ide.mpu.remote.serial.internal.SerialPortProviderWindows.run(SerialPortProviderWindows.java:127)
	at java.base/java.util.TimerThread.mainLoop(Timer.java:566)
	at java.base/java.util.TimerThread.run(Timer.java:516)

!ENTRY com.st.stm32cube.ide.mpu.remote.serial 4 0 2026-04-03 17:44:00.058
!MESSAGE Failed to parse wmic output
!STACK 0
org.xml.sax.SAXParseException; lineNumber: 1; columnNumber: 1; Premature end of file.
	at java.xml/com.sun.org.apache.xerces.internal.parsers.DOMParser.parse(DOMParser.java:262)
	at java.xml/com.sun.org.apache.xerces.internal.jaxp.DocumentBuilderImpl.parse(DocumentBuilderImpl.java:342)
	at com.st.stm32cube.ide.mpu.remote.serial.internal.SerialPortProviderWindows.run(SerialPortProviderWindows.java:127)
	at java.base/java.util.TimerThread.mainLoop(Timer.java:566)
	at java.base/java.util.TimerThread.run(Timer.java:516)

!ENTRY com.st.stm32cube.ide.mpu.remote.serial 4 0 2026-04-03 17:44:01.058
!MESSAGE Failed to parse wmic output
!STACK 0
org.xml.sax.SAXParseException; lineNumber: 1; columnNumber: 1; Premature end of file.
	at java.xml/com.sun.org.apache.xerces.internal.parsers.DOMParser.parse(DOMParser.java:262)
	at java.xml/com.sun.org.apache.xerces.internal.jaxp.DocumentBuilderImpl.parse(DocumentBuilderImpl.java:342)
	at com.st.stm32cube.ide.mpu.remote.serial.internal.SerialPortProviderWindows.run(SerialPortProviderWindows.java:127)
	at java.base/java.util.TimerThread.mainLoop(Timer.java:566)
	at java.base/java.util.TimerThread.run(Timer.java:516)

!ENTRY com.st.stm32cube.ide.mpu.remote.serial 4 0 2026-04-03 17:44:02.054
!MESSAGE Failed to parse wmic output
!STACK 0
org.xml.sax.SAXParseException; lineNumber: 1; columnNumber: 1; Premature end of file.
	at java.xml/com.sun.org.apache.xerces.internal.parsers.DOMParser.parse(DOMParser.java:262)
	at java.xml/com.sun.org.apache.xerces.internal.jaxp.DocumentBuilderImpl.parse(DocumentBuilderImpl.java:342)
	at com.st.stm32cube.ide.mpu.remote.serial.internal.SerialPortProviderWindows.run(SerialPortProviderWindows.java:127)
	at java.base/java.util.TimerThread.mainLoop(Timer.java:566)
	at java.base/java.util.TimerThread.run(Timer.java:516)

!ENTRY com.st.stm32cube.ide.mpu.remote.serial 4 0 2026-04-03 17:44:03.055
!MESSAGE Failed to parse wmic output
!STACK 0
org.xml.sax.SAXParseException; lineNumber: 1; columnNumber: 1; Premature end of file.
	at java.xml/com.sun.org.apache.xerces.internal.parsers.DOMParser.parse(DOMParser.java:262)
	at java.xml/com.sun.org.apache.xerces.internal.jaxp.DocumentBuilderImpl.parse(DocumentBuilderImpl.java:342)
	at com.st.stm32cube.ide.mpu.remote.serial.internal.SerialPortProviderWindows.run(SerialPortProviderWindows.java:127)
	at java.base/java.util.TimerThread.mainLoop(Timer.java:566)
	at java.base/java.util.TimerThread.run(Timer.java:516)

!ENTRY com.st.stm32cube.ide.mpu.remote.serial 4 0 2026-04-03 17:44:04.075
!MESSAGE Failed to parse wmic output
!STACK 0
org.xml.sax.SAXParseException; lineNumber: 1; columnNumber: 1; Premature end of file.
	at java.xml/com.sun.org.apache.xerces.internal.parsers.DOMParser.parse(DOMParser.java:262)
	at java.xml/com.sun.org.apache.xerces.internal.jaxp.DocumentBuilderImpl.parse(DocumentBuilderImpl.java:342)
	at com.st.stm32cube.ide.mpu.remote.serial.internal.SerialPortProviderWindows.run(SerialPortProviderWindows.java:127)
	at java.base/java.util.TimerThread.mainLoop(Timer.java:566)
	at java.base/java.util.TimerThread.run(Timer.java:516)

!ENTRY com.st.stm32cube.ide.mpu.remote.serial 4 0 2026-04-03 17:44:05.053
!MESSAGE Failed to parse wmic output
!STACK 0
org.xml.sax.SAXParseException; lineNumber: 1; columnNumber: 1; Premature end of file.
	at java.xml/com.sun.org.apache.xerces.internal.parsers.DOMParser.parse(DOMParser.java:262)
	at java.xml/com.sun.org.apache.xerces.internal.jaxp.DocumentBuilderImpl.parse(DocumentBuilderImpl.java:342)
	at com.st.stm32cube.ide.mpu.remote.serial.internal.SerialPortProviderWindows.run(SerialPortProviderWindows.java:127)
	at java.base/java.util.TimerThread.mainLoop(Timer.java:566)
	at java.base/java.util.TimerThread.run(Timer.java:516)

!ENTRY com.st.stm32cube.ide.mpu.remote.serial 4 0 2026-04-03 17:44:06.056
!MESSAGE Failed to parse wmic output
!STACK 0
org.xml.sax.SAXParseException; lineNumber: 1; columnNumber: 1; Premature end of file.
	at java.xml/com.sun.org.apache.xerces.internal.parsers.DOMParser.parse(DOMParser.java:262)
	at java.xml/com.sun.org.apache.xerces.internal.jaxp.DocumentBuilderImpl.parse(DocumentBuilderImpl.java:342)
	at com.st.stm32cube.ide.mpu.remote.serial.internal.SerialPortProviderWindows.run(SerialPortProviderWindows.java:127)
	at java.base/java.util.TimerThread.mainLoop(Timer.java:566)
	at java.base/java.util.TimerThread.run(Timer.java:516)

!ENTRY com.st.stm32cube.ide.mpu.remote.serial 4 0 2026-04-03 17:44:07.054
!MESSAGE Failed to parse wmic output
!STACK 0
org.xml.sax.SAXParseException; lineNumber: 1; columnNumber: 1; Premature end of file.
	at java.xml/com.sun.org.apache.xerces.internal.parsers.DOMParser.parse(DOMParser.java:262)
	at java.xml/com.sun.org.apache.xerces.internal.jaxp.DocumentBuilderImpl.parse(DocumentBuilderImpl.java:342)
	at com.st.stm32cube.ide.mpu.remote.serial.internal.SerialPortProviderWindows.run(SerialPortProviderWindows.java:127)
	at java.base/java.util.TimerThread.mainLoop(Timer.java:566)
	at java.base/java.util.TimerThread.run(Timer.java:516)

!ENTRY com.st.stm32cube.ide.mpu.remote.serial 4 0 2026-04-03 17:44:08.063
!MESSAGE Failed to parse wmic output
!STACK 0
org.xml.sax.SAXParseException; lineNumber: 1; columnNumber: 1; Premature end of file.
	at java.xml/com.sun.org.apache.xerces.internal.parsers.DOMParser.parse(DOMParser.java:262)
	at java.xml/com.sun.org.apache.xerces.internal.jaxp.DocumentBuilderImpl.parse(DocumentBuilderImpl.java:342)
	at com.st.stm32cube.ide.mpu.remote.serial.internal.SerialPortProviderWindows.run(SerialPortProviderWindows.java:127)
	at java.base/java.util.TimerThread.mainLoop(Timer.java:566)
	at java.base/java.util.TimerThread.run(Timer.java:516)

!ENTRY com.st.stm32cube.ide.mpu.remote.serial 4 0 2026-04-03 17:44:09.054
!MESSAGE Failed to parse wmic output
!STACK 0
org.xml.sax.SAXParseException; lineNumber: 1; columnNumber: 1; Premature end of file.
	at java.xml/com.sun.org.apache.xerces.internal.parsers.DOMParser.parse(DOMParser.java:262)
	at java.xml/com.sun.org.apache.xerces.internal.jaxp.DocumentBuilderImpl.parse(DocumentBuilderImpl.java:342)
	at com.st.stm32cube.ide.mpu.remote.serial.internal.SerialPortProviderWindows.run(SerialPortProviderWindows.java:127)
	at java.base/java.util.TimerThread.mainLoop(Timer.java:566)
	at java.base/java.util.TimerThread.run(Timer.java:516)

!ENTRY com.st.stm32cube.ide.mpu.remote.serial 4 0 2026-04-03 17:44:10.062
!MESSAGE Failed to parse wmic output
!STACK 0
org.xml.sax.SAXParseException; lineNumber: 1; columnNumber: 1; Premature end of file.
	at java.xml/com.sun.org.apache.xerces.internal.parsers.DOMParser.parse(DOMParser.java:262)
	at java.xml/com.sun.org.apache.xerces.internal.jaxp.DocumentBuilderImpl.parse(DocumentBuilderImpl.java:342)
	at com.st.stm32cube.ide.mpu.remote.serial.internal.SerialPortProviderWindows.run(SerialPortProviderWindows.java:127)
	at java.base/java.util.TimerThread.mainLoop(Timer.java:566)
	at java.base/java.util.TimerThread.run(Timer.java:516)

!ENTRY com.st.stm32cube.ide.mpu.remote.serial 4 0 2026-04-03 17:44:11.055
!MESSAGE Failed to parse wmic output
!STACK 0
org.xml.sax.SAXParseException; lineNumber: 1; columnNumber: 1; Premature end of file.
	at java.xml/com.sun.org.apache.xerces.internal.parsers.DOMParser.parse(DOMParser.java:262)
	at java.xml/com.sun.org.apache.xerces.internal.jaxp.DocumentBuilderImpl.parse(DocumentBuilderImpl.java:342)
	at com.st.stm32cube.ide.mpu.remote.serial.internal.SerialPortProviderWindows.run(SerialPortProviderWindows.java:127)
	at java.base/java.util.TimerThread.mainLoop(Timer.java:566)
	at java.base/java.util.TimerThread.run(Timer.java:516)

!ENTRY com.st.stm32cube.ide.mpu.remote.serial 4 0 2026-04-03 17:44:12.056
!MESSAGE Failed to parse wmic output
!STACK 0
org.xml.sax.SAXParseException; lineNumber: 1; columnNumber: 1; Premature end of file.
	at java.xml/com.sun.org.apache.xerces.internal.parsers.DOMParser.parse(DOMParser.java:262)
	at java.xml/com.sun.org.apache.xerces.internal.jaxp.DocumentBuilderImpl.parse(DocumentBuilderImpl.java:342)
	at com.st.stm32cube.ide.mpu.remote.serial.internal.SerialPortProviderWindows.run(SerialPortProviderWindows.java:127)
	at java.base/java.util.TimerThread.mainLoop(Timer.java:566)
	at java.base/java.util.TimerThread.run(Timer.java:516)

!ENTRY com.st.stm32cube.ide.mpu.remote.serial 4 0 2026-04-03 17:44:13.056
!MESSAGE Failed to parse wmic output
!STACK 0
org.xml.sax.SAXParseException; lineNumber: 1; columnNumber: 1; Premature end of file.
	at java.xml/com.sun.org.apache.xerces.internal.parsers.DOMParser.parse(DOMParser.java:262)
	at java.xml/com.sun.org.apache.xerces.internal.jaxp.DocumentBuilderImpl.parse(DocumentBuilderImpl.java:342)
	at com.st.stm32cube.ide.mpu.remote.serial.internal.SerialPortProviderWindows.run(SerialPortProviderWindows.java:127)
	at java.base/java.util.TimerThread.mainLoop(Timer.java:566)
	at java.base/java.util.TimerThread.run(Timer.java:516)

!ENTRY com.st.stm32cube.ide.mpu.remote.serial 4 0 2026-04-03 17:44:14.056
!MESSAGE Failed to parse wmic output
!STACK 0
org.xml.sax.SAXParseException; lineNumber: 1; columnNumber: 1; Premature end of file.
	at java.xml/com.sun.org.apache.xerces.internal.parsers.DOMParser.parse(DOMParser.java:262)
	at java.xml/com.sun.org.apache.xerces.internal.jaxp.DocumentBuilderImpl.parse(DocumentBuilderImpl.java:342)
	at com.st.stm32cube.ide.mpu.remote.serial.internal.SerialPortProviderWindows.run(SerialPortProviderWindows.java:127)
	at java.base/java.util.TimerThread.mainLoop(Timer.java:566)
	at java.base/java.util.TimerThread.run(Timer.java:516)

!ENTRY com.st.stm32cube.ide.mpu.remote.serial 4 0 2026-04-03 17:44:15.057
!MESSAGE Failed to parse wmic output
!STACK 0
org.xml.sax.SAXParseException; lineNumber: 1; columnNumber: 1; Premature end of file.
	at java.xml/com.sun.org.apache.xerces.internal.parsers.DOMParser.parse(DOMParser.java:262)
	at java.xml/com.sun.org.apache.xerces.internal.jaxp.DocumentBuilderImpl.parse(DocumentBuilderImpl.java:342)
	at com.st.stm32cube.ide.mpu.remote.serial.internal.SerialPortProviderWindows.run(SerialPortProviderWindows.java:127)
	at java.base/java.util.TimerThread.mainLoop(Timer.java:566)
	at java.base/java.util.TimerThread.run(Timer.java:516)

!ENTRY com.st.stm32cube.ide.mpu.remote.serial 4 0 2026-04-03 17:44:16.057
!MESSAGE Failed to parse wmic output
!STACK 0
org.xml.sax.SAXParseException; lineNumber: 1; columnNumber: 1; Premature end of file.
	at java.xml/com.sun.org.apache.xerces.internal.parsers.DOMParser.parse(DOMParser.java:262)
	at java.xml/com.sun.org.apache.xerces.internal.jaxp.DocumentBuilderImpl.parse(DocumentBuilderImpl.java:342)
	at com.st.stm32cube.ide.mpu.remote.serial.internal.SerialPortProviderWindows.run(SerialPortProviderWindows.java:127)
	at java.base/java.util.TimerThread.mainLoop(Timer.java:566)
	at java.base/java.util.TimerThread.run(Timer.java:516)

!ENTRY com.st.stm32cube.ide.mpu.remote.serial 4 0 2026-04-03 17:44:17.059
!MESSAGE Failed to parse wmic output
!STACK 0
org.xml.sax.SAXParseException; lineNumber: 1; columnNumber: 1; Premature end of file.
	at java.xml/com.sun.org.apache.xerces.internal.parsers.DOMParser.parse(DOMParser.java:262)
	at java.xml/com.sun.org.apache.xerces.internal.jaxp.DocumentBuilderImpl.parse(DocumentBuilderImpl.java:342)
	at com.st.stm32cube.ide.mpu.remote.serial.internal.SerialPortProviderWindows.run(SerialPortProviderWindows.java:127)
	at java.base/java.util.TimerThread.mainLoop(Timer.java:566)
	at java.base/java.util.TimerThread.run(Timer.java:516)

!ENTRY com.st.stm32cube.ide.mpu.remote.serial 4 0 2026-04-03 17:44:18.057
!MESSAGE Failed to parse wmic output
!STACK 0
org.xml.sax.SAXParseException; lineNumber: 1; columnNumber: 1; Premature end of file.
	at java.xml/com.sun.org.apache.xerces.internal.parsers.DOMParser.parse(DOMParser.java:262)
	at java.xml/com.sun.org.apache.xerces.internal.jaxp.DocumentBuilderImpl.parse(DocumentBuilderImpl.java:342)
	at com.st.stm32cube.ide.mpu.remote.serial.internal.SerialPortProviderWindows.run(SerialPortProviderWindows.java:127)
	at java.base/java.util.TimerThread.mainLoop(Timer.java:566)
	at java.base/java.util.TimerThread.run(Timer.java:516)

!ENTRY com.st.stm32cube.ide.mpu.remote.serial 4 0 2026-04-03 17:44:19.065
!MESSAGE Failed to parse wmic output
!STACK 0
org.xml.sax.SAXParseException; lineNumber: 1; columnNumber: 1; Premature end of file.
	at java.xml/com.sun.org.apache.xerces.internal.parsers.DOMParser.parse(DOMParser.java:262)
	at java.xml/com.sun.org.apache.xerces.internal.jaxp.DocumentBuilderImpl.parse(DocumentBuilderImpl.java:342)
	at com.st.stm32cube.ide.mpu.remote.serial.internal.SerialPortProviderWindows.run(SerialPortProviderWindows.java:127)
	at java.base/java.util.TimerThread.mainLoop(Timer.java:566)
	at java.base/java.util.TimerThread.run(Timer.java:516)

!ENTRY com.st.stm32cube.ide.mpu.remote.serial 4 0 2026-04-03 17:44:20.058
!MESSAGE Failed to parse wmic output
!STACK 0
org.xml.sax.SAXParseException; lineNumber: 1; columnNumber: 1; Premature end of file.
	at java.xml/com.sun.org.apache.xerces.internal.parsers.DOMParser.parse(DOMParser.java:262)
	at java.xml/com.sun.org.apache.xerces.internal.jaxp.DocumentBuilderImpl.parse(DocumentBuilderImpl.java:342)
	at com.st.stm32cube.ide.mpu.remote.serial.internal.SerialPortProviderWindows.run(SerialPortProviderWindows.java:127)
	at java.base/java.util.TimerThread.mainLoop(Timer.java:566)
	at java.base/java.util.TimerThread.run(Timer.java:516)

!ENTRY com.st.stm32cube.ide.mpu.remote.serial 4 0 2026-04-03 17:44:21.166
!MESSAGE Failed to parse wmic output
!STACK 0
org.xml.sax.SAXParseException; lineNumber: 1; columnNumber: 1; Premature end of file.
	at java.xml/com.sun.org.apache.xerces.internal.parsers.DOMParser.parse(DOMParser.java:262)
	at java.xml/com.sun.org.apache.xerces.internal.jaxp.DocumentBuilderImpl.parse(DocumentBuilderImpl.java:342)
	at com.st.stm32cube.ide.mpu.remote.serial.internal.SerialPortProviderWindows.run(SerialPortProviderWindows.java:127)
	at java.base/java.util.TimerThread.mainLoop(Timer.java:566)
	at java.base/java.util.TimerThread.run(Timer.java:516)

!ENTRY com.st.stm32cube.ide.mpu.remote.serial 4 0 2026-04-03 17:44:22.117
!MESSAGE Failed to parse wmic output
!STACK 0
org.xml.sax.SAXParseException; lineNumber: 1; columnNumber: 1; Premature end of file.
	at java.xml/com.sun.org.apache.xerces.internal.parsers.DOMParser.parse(DOMParser.java:262)
	at java.xml/com.sun.org.apache.xerces.internal.jaxp.DocumentBuilderImpl.parse(DocumentBuilderImpl.java:342)
	at com.st.stm32cube.ide.mpu.remote.serial.internal.SerialPortProviderWindows.run(SerialPortProviderWindows.java:127)
	at java.base/java.util.TimerThread.mainLoop(Timer.java:566)
	at java.base/java.util.TimerThread.run(Timer.java:516)

!ENTRY com.st.stm32cube.ide.mpu.remote.serial 4 0 2026-04-03 17:44:23.072
!MESSAGE Failed to parse wmic output
!STACK 0
org.xml.sax.SAXParseException; lineNumber: 1; columnNumber: 1; Premature end of file.
	at java.xml/com.sun.org.apache.xerces.internal.parsers.DOMParser.parse(DOMParser.java:262)
	at java.xml/com.sun.org.apache.xerces.internal.jaxp.DocumentBuilderImpl.parse(DocumentBuilderImpl.java:342)
	at com.st.stm32cube.ide.mpu.remote.serial.internal.SerialPortProviderWindows.run(SerialPortProviderWindows.java:127)
	at java.base/java.util.TimerThread.mainLoop(Timer.java:566)
	at java.base/java.util.TimerThread.run(Timer.java:516)

!ENTRY com.st.stm32cube.ide.mpu.remote.serial 4 0 2026-04-03 17:44:24.094
!MESSAGE Failed to parse wmic output
!STACK 0
org.xml.sax.SAXParseException; lineNumber: 1; columnNumber: 1; Premature end of file.
	at java.xml/com.sun.org.apache.xerces.internal.parsers.DOMParser.parse(DOMParser.java:262)
	at java.xml/com.sun.org.apache.xerces.internal.jaxp.DocumentBuilderImpl.parse(DocumentBuilderImpl.java:342)
	at com.st.stm32cube.ide.mpu.remote.serial.internal.SerialPortProviderWindows.run(SerialPortProviderWindows.java:127)
	at java.base/java.util.TimerThread.mainLoop(Timer.java:566)
	at java.base/java.util.TimerThread.run(Timer.java:516)

!ENTRY com.st.stm32cube.ide.mpu.remote.serial 4 0 2026-04-03 17:44:25.121
!MESSAGE Failed to parse wmic output
!STACK 0
org.xml.sax.SAXParseException; lineNumber: 1; columnNumber: 1; Premature end of file.
	at java.xml/com.sun.org.apache.xerces.internal.parsers.DOMParser.parse(DOMParser.java:262)
	at java.xml/com.sun.org.apache.xerces.internal.jaxp.DocumentBuilderImpl.parse(DocumentBuilderImpl.java:342)
	at com.st.stm32cube.ide.mpu.remote.serial.internal.SerialPortProviderWindows.run(SerialPortProviderWindows.java:127)
	at java.base/java.util.TimerThread.mainLoop(Timer.java:566)
	at java.base/java.util.TimerThread.run(Timer.java:516)

!ENTRY com.st.stm32cube.ide.mpu.remote.serial 4 0 2026-04-03 17:44:26.092
!MESSAGE Failed to parse wmic output
!STACK 0
org.xml.sax.SAXParseException; lineNumber: 1; columnNumber: 1; Premature end of file.
	at java.xml/com.sun.org.apache.xerces.internal.parsers.DOMParser.parse(DOMParser.java:262)
	at java.xml/com.sun.org.apache.xerces.internal.jaxp.DocumentBuilderImpl.parse(DocumentBuilderImpl.java:342)
	at com.st.stm32cube.ide.mpu.remote.serial.internal.SerialPortProviderWindows.run(SerialPortProviderWindows.java:127)
	at java.base/java.util.TimerThread.mainLoop(Timer.java:566)
	at java.base/java.util.TimerThread.run(Timer.java:516)

!ENTRY com.st.stm32cube.ide.mpu.remote.serial 4 0 2026-04-03 17:44:27.112
!MESSAGE Failed to parse wmic output
!STACK 0
org.xml.sax.SAXParseException; lineNumber: 1; columnNumber: 1; Premature end of file.
	at java.xml/com.sun.org.apache.xerces.internal.parsers.DOMParser.parse(DOMParser.java:262)
	at java.xml/com.sun.org.apache.xerces.internal.jaxp.DocumentBuilderImpl.parse(DocumentBuilderImpl.java:342)
	at com.st.stm32cube.ide.mpu.remote.serial.internal.SerialPortProviderWindows.run(SerialPortProviderWindows.java:127)
	at java.base/java.util.TimerThread.mainLoop(Timer.java:566)
	at java.base/java.util.TimerThread.run(Timer.java:516)

!ENTRY com.st.stm32cube.ide.mpu.remote.serial 4 0 2026-04-03 17:44:28.117
!MESSAGE Failed to parse wmic output
!STACK 0
org.xml.sax.SAXParseException; lineNumber: 1; columnNumber: 1; Premature end of file.
	at java.xml/com.sun.org.apache.xerces.internal.parsers.DOMParser.parse(DOMParser.java:262)
	at java.xml/com.sun.org.apache.xerces.internal.jaxp.DocumentBuilderImpl.parse(DocumentBuilderImpl.java:342)
	at com.st.stm32cube.ide.mpu.remote.serial.internal.SerialPortProviderWindows.run(SerialPortProviderWindows.java:127)
	at java.base/java.util.TimerThread.mainLoop(Timer.java:566)
	at java.base/java.util.TimerThread.run(Timer.java:516)

!ENTRY com.st.stm32cube.ide.mpu.remote.serial 4 0 2026-04-03 17:44:29.173
!MESSAGE Failed to parse wmic output
!STACK 0
org.xml.sax.SAXParseException; lineNumber: 1; columnNumber: 1; Premature end of file.
	at java.xml/com.sun.org.apache.xerces.internal.parsers.DOMParser.parse(DOMParser.java:262)
	at java.xml/com.sun.org.apache.xerces.internal.jaxp.DocumentBuilderImpl.parse(DocumentBuilderImpl.java:342)
	at com.st.stm32cube.ide.mpu.remote.serial.internal.SerialPortProviderWindows.run(SerialPortProviderWindows.java:127)
	at java.base/java.util.TimerThread.mainLoop(Timer.java:566)
	at java.base/java.util.TimerThread.run(Timer.java:516)

!ENTRY com.st.stm32cube.ide.mpu.remote.serial 4 0 2026-04-03 17:44:30.107
!MESSAGE Failed to parse wmic output
!STACK 0
org.xml.sax.SAXParseException; lineNumber: 1; columnNumber: 1; Premature end of file.
	at java.xml/com.sun.org.apache.xerces.internal.parsers.DOMParser.parse(DOMParser.java:262)
	at java.xml/com.sun.org.apache.xerces.internal.jaxp.DocumentBuilderImpl.parse(DocumentBuilderImpl.java:342)
	at com.st.stm32cube.ide.mpu.remote.serial.internal.SerialPortProviderWindows.run(SerialPortProviderWindows.java:127)
	at java.base/java.util.TimerThread.mainLoop(Timer.java:566)
	at java.base/java.util.TimerThread.run(Timer.java:516)

!ENTRY com.st.stm32cube.ide.mpu.remote.serial 4 0 2026-04-03 17:44:31.062
!MESSAGE Failed to parse wmic output
!STACK 0
org.xml.sax.SAXParseException; lineNumber: 1; columnNumber: 1; Premature end of file.
	at java.xml/com.sun.org.apache.xerces.internal.parsers.DOMParser.parse(DOMParser.java:262)
	at java.xml/com.sun.org.apache.xerces.internal.jaxp.DocumentBuilderImpl.parse(DocumentBuilderImpl.java:342)
	at com.st.stm32cube.ide.mpu.remote.serial.internal.SerialPortProviderWindows.run(SerialPortProviderWindows.java:127)
	at java.base/java.util.TimerThread.mainLoop(Timer.java:566)
	at java.base/java.util.TimerThread.run(Timer.java:516)

!ENTRY com.st.stm32cube.ide.mpu.remote.serial 4 0 2026-04-03 17:44:32.077
!MESSAGE Failed to parse wmic output
!STACK 0
org.xml.sax.SAXParseException; lineNumber: 1; columnNumber: 1; Premature end of file.
	at java.xml/com.sun.org.apache.xerces.internal.parsers.DOMParser.parse(DOMParser.java:262)
	at java.xml/com.sun.org.apache.xerces.internal.jaxp.DocumentBuilderImpl.parse(DocumentBuilderImpl.java:342)
	at com.st.stm32cube.ide.mpu.remote.serial.internal.SerialPortProviderWindows.run(SerialPortProviderWindows.java:127)
	at java.base/java.util.TimerThread.mainLoop(Timer.java:566)
	at java.base/java.util.TimerThread.run(Timer.java:516)

!ENTRY com.st.stm32cube.ide.mpu.remote.serial 4 0 2026-04-03 17:44:33.082
!MESSAGE Failed to parse wmic output
!STACK 0
org.xml.sax.SAXParseException; lineNumber: 1; columnNumber: 1; Premature end of file.
	at java.xml/com.sun.org.apache.xerces.internal.parsers.DOMParser.parse(DOMParser.java:262)
	at java.xml/com.sun.org.apache.xerces.internal.jaxp.DocumentBuilderImpl.parse(DocumentBuilderImpl.java:342)
	at com.st.stm32cube.ide.mpu.remote.serial.internal.SerialPortProviderWindows.run(SerialPortProviderWindows.java:127)
	at java.base/java.util.TimerThread.mainLoop(Timer.java:566)
	at java.base/java.util.TimerThread.run(Timer.java:516)

!ENTRY com.st.stm32cube.ide.mpu.remote.serial 4 0 2026-04-03 17:44:34.095
!MESSAGE Failed to parse wmic output
!STACK 0
org.xml.sax.SAXParseException; lineNumber: 1; columnNumber: 1; Premature end of file.
	at java.xml/com.sun.org.apache.xerces.internal.parsers.DOMParser.parse(DOMParser.java:262)
	at java.xml/com.sun.org.apache.xerces.internal.jaxp.DocumentBuilderImpl.parse(DocumentBuilderImpl.java:342)
	at com.st.stm32cube.ide.mpu.remote.serial.internal.SerialPortProviderWindows.run(SerialPortProviderWindows.java:127)
	at java.base/java.util.TimerThread.mainLoop(Timer.java:566)
	at java.base/java.util.TimerThread.run(Timer.java:516)

!ENTRY com.st.stm32cube.ide.mpu.remote.serial 4 0 2026-04-03 17:44:35.085
!MESSAGE Failed to parse wmic output
!STACK 0
org.xml.sax.SAXParseException; lineNumber: 1; columnNumber: 1; Premature end of file.
	at java.xml/com.sun.org.apache.xerces.internal.parsers.DOMParser.parse(DOMParser.java:262)
	at java.xml/com.sun.org.apache.xerces.internal.jaxp.DocumentBuilderImpl.parse(DocumentBuilderImpl.java:342)
	at com.st.stm32cube.ide.mpu.remote.serial.internal.SerialPortProviderWindows.run(SerialPortProviderWindows.java:127)
	at java.base/java.util.TimerThread.mainLoop(Timer.java:566)
	at java.base/java.util.TimerThread.run(Timer.java:516)

!ENTRY com.st.stm32cube.ide.mpu.remote.serial 4 0 2026-04-03 17:44:36.068
!MESSAGE Failed to parse wmic output
!STACK 0
org.xml.sax.SAXParseException; lineNumber: 1; columnNumber: 1; Premature end of file.
	at java.xml/com.sun.org.apache.xerces.internal.parsers.DOMParser.parse(DOMParser.java:262)
	at java.xml/com.sun.org.apache.xerces.internal.jaxp.DocumentBuilderImpl.parse(DocumentBuilderImpl.java:342)
	at com.st.stm32cube.ide.mpu.remote.serial.internal.SerialPortProviderWindows.run(SerialPortProviderWindows.java:127)
	at java.base/java.util.TimerThread.mainLoop(Timer.java:566)
	at java.base/java.util.TimerThread.run(Timer.java:516)

!ENTRY com.st.stm32cube.ide.mpu.remote.serial 4 0 2026-04-03 17:44:37.062
!MESSAGE Failed to parse wmic output
!STACK 0
org.xml.sax.SAXParseException; lineNumber: 1; columnNumber: 1; Premature end of file.
	at java.xml/com.sun.org.apache.xerces.internal.parsers.DOMParser.parse(DOMParser.java:262)
	at java.xml/com.sun.org.apache.xerces.internal.jaxp.DocumentBuilderImpl.parse(DocumentBuilderImpl.java:342)
	at com.st.stm32cube.ide.mpu.remote.serial.internal.SerialPortProviderWindows.run(SerialPortProviderWindows.java:127)
	at java.base/java.util.TimerThread.mainLoop(Timer.java:566)
	at java.base/java.util.TimerThread.run(Timer.java:516)

!ENTRY com.st.stm32cube.ide.mpu.remote.serial 4 0 2026-04-03 17:44:38.086
!MESSAGE Failed to parse wmic output
!STACK 0
org.xml.sax.SAXParseException; lineNumber: 1; columnNumber: 1; Premature end of file.
	at java.xml/com.sun.org.apache.xerces.internal.parsers.DOMParser.parse(DOMParser.java:262)
	at java.xml/com.sun.org.apache.xerces.internal.jaxp.DocumentBuilderImpl.parse(DocumentBuilderImpl.java:342)
	at com.st.stm32cube.ide.mpu.remote.serial.internal.SerialPortProviderWindows.run(SerialPortProviderWindows.java:127)
	at java.base/java.util.TimerThread.mainLoop(Timer.java:566)
	at java.base/java.util.TimerThread.run(Timer.java:516)

!ENTRY com.st.stm32cube.ide.mpu.remote.serial 4 0 2026-04-03 17:44:39.084
!MESSAGE Failed to parse wmic output
!STACK 0
org.xml.sax.SAXParseException; lineNumber: 1; columnNumber: 1; Premature end of file.
	at java.xml/com.sun.org.apache.xerces.internal.parsers.DOMParser.parse(DOMParser.java:262)
	at java.xml/com.sun.org.apache.xerces.internal.jaxp.DocumentBuilderImpl.parse(DocumentBuilderImpl.java:342)
	at com.st.stm32cube.ide.mpu.remote.serial.internal.SerialPortProviderWindows.run(SerialPortProviderWindows.java:127)
	at java.base/java.util.TimerThread.mainLoop(Timer.java:566)
	at java.base/java.util.TimerThread.run(Timer.java:516)

!ENTRY com.st.stm32cube.ide.mpu.remote.serial 4 0 2026-04-03 17:44:40.073
!MESSAGE Failed to parse wmic output
!STACK 0
org.xml.sax.SAXParseException; lineNumber: 1; columnNumber: 1; Premature end of file.
	at java.xml/com.sun.org.apache.xerces.internal.parsers.DOMParser.parse(DOMParser.java:262)
	at java.xml/com.sun.org.apache.xerces.internal.jaxp.DocumentBuilderImpl.parse(DocumentBuilderImpl.java:342)
	at com.st.stm32cube.ide.mpu.remote.serial.internal.SerialPortProviderWindows.run(SerialPortProviderWindows.java:127)
	at java.base/java.util.TimerThread.mainLoop(Timer.java:566)
	at java.base/java.util.TimerThread.run(Timer.java:516)

!ENTRY com.st.stm32cube.ide.mpu.remote.serial 4 0 2026-04-03 17:44:41.081
!MESSAGE Failed to parse wmic output
!STACK 0
org.xml.sax.SAXParseException; lineNumber: 1; columnNumber: 1; Premature end of file.
	at java.xml/com.sun.org.apache.xerces.internal.parsers.DOMParser.parse(DOMParser.java:262)
	at java.xml/com.sun.org.apache.xerces.internal.jaxp.DocumentBuilderImpl.parse(DocumentBuilderImpl.java:342)
	at com.st.stm32cube.ide.mpu.remote.serial.internal.SerialPortProviderWindows.run(SerialPortProviderWindows.java:127)
	at java.base/java.util.TimerThread.mainLoop(Timer.java:566)
	at java.base/java.util.TimerThread.run(Timer.java:516)

!ENTRY com.st.stm32cube.ide.mpu.remote.serial 4 0 2026-04-03 17:44:42.062
!MESSAGE Failed to parse wmic output
!STACK 0
org.xml.sax.SAXParseException; lineNumber: 1; columnNumber: 1; Premature end of file.
	at java.xml/com.sun.org.apache.xerces.internal.parsers.DOMParser.parse(DOMParser.java:262)
	at java.xml/com.sun.org.apache.xerces.internal.jaxp.DocumentBuilderImpl.parse(DocumentBuilderImpl.java:342)
	at com.st.stm32cube.ide.mpu.remote.serial.internal.SerialPortProviderWindows.run(SerialPortProviderWindows.java:127)
	at java.base/java.util.TimerThread.mainLoop(Timer.java:566)
	at java.base/java.util.TimerThread.run(Timer.java:516)

!ENTRY com.st.stm32cube.ide.mpu.remote.serial 4 0 2026-04-03 17:44:43.073
!MESSAGE Failed to parse wmic output
!STACK 0
org.xml.sax.SAXParseException; lineNumber: 1; columnNumber: 1; Premature end of file.
	at java.xml/com.sun.org.apache.xerces.internal.parsers.DOMParser.parse(DOMParser.java:262)
	at java.xml/com.sun.org.apache.xerces.internal.jaxp.DocumentBuilderImpl.parse(DocumentBuilderImpl.java:342)
	at com.st.stm32cube.ide.mpu.remote.serial.internal.SerialPortProviderWindows.run(SerialPortProviderWindows.java:127)
	at java.base/java.util.TimerThread.mainLoop(Timer.java:566)
	at java.base/java.util.TimerThread.run(Timer.java:516)

!ENTRY com.st.stm32cube.ide.mpu.remote.serial 4 0 2026-04-03 17:44:44.075
!MESSAGE Failed to parse wmic output
!STACK 0
org.xml.sax.SAXParseException; lineNumber: 1; columnNumber: 1; Premature end of file.
	at java.xml/com.sun.org.apache.xerces.internal.parsers.DOMParser.parse(DOMParser.java:262)
	at java.xml/com.sun.org.apache.xerces.internal.jaxp.DocumentBuilderImpl.parse(DocumentBuilderImpl.java:342)
	at com.st.stm32cube.ide.mpu.remote.serial.internal.SerialPortProviderWindows.run(SerialPortProviderWindows.java:127)
	at java.base/java.util.TimerThread.mainLoop(Timer.java:566)
	at java.base/java.util.TimerThread.run(Timer.java:516)

!ENTRY com.st.stm32cube.ide.mpu.remote.serial 4 0 2026-04-03 17:44:45.079
!MESSAGE Failed to parse wmic output
!STACK 0
org.xml.sax.SAXParseException; lineNumber: 1; columnNumber: 1; Premature end of file.
	at java.xml/com.sun.org.apache.xerces.internal.parsers.DOMParser.parse(DOMParser.java:262)
	at java.xml/com.sun.org.apache.xerces.internal.jaxp.DocumentBuilderImpl.parse(DocumentBuilderImpl.java:342)
	at com.st.stm32cube.ide.mpu.remote.serial.internal.SerialPortProviderWindows.run(SerialPortProviderWindows.java:127)
	at java.base/java.util.TimerThread.mainLoop(Timer.java:566)
	at java.base/java.util.TimerThread.run(Timer.java:516)

!ENTRY com.st.stm32cube.ide.mpu.remote.serial 4 0 2026-04-03 17:44:46.062
!MESSAGE Failed to parse wmic output
!STACK 0
org.xml.sax.SAXParseException; lineNumber: 1; columnNumber: 1; Premature end of file.
	at java.xml/com.sun.org.apache.xerces.internal.parsers.DOMParser.parse(DOMParser.java:262)
	at java.xml/com.sun.org.apache.xerces.internal.jaxp.DocumentBuilderImpl.parse(DocumentBuilderImpl.java:342)
	at com.st.stm32cube.ide.mpu.remote.serial.internal.SerialPortProviderWindows.run(SerialPortProviderWindows.java:127)
	at java.base/java.util.TimerThread.mainLoop(Timer.java:566)
	at java.base/java.util.TimerThread.run(Timer.java:516)

!ENTRY com.st.stm32cube.ide.mpu.remote.serial 4 0 2026-04-03 17:44:47.059
!MESSAGE Failed to parse wmic output
!STACK 0
org.xml.sax.SAXParseException; lineNumber: 1; columnNumber: 1; Premature end of file.
	at java.xml/com.sun.org.apache.xerces.internal.parsers.DOMParser.parse(DOMParser.java:262)
	at java.xml/com.sun.org.apache.xerces.internal.jaxp.DocumentBuilderImpl.parse(DocumentBuilderImpl.java:342)
	at com.st.stm32cube.ide.mpu.remote.serial.internal.SerialPortProviderWindows.run(SerialPortProviderWindows.java:127)
	at java.base/java.util.TimerThread.mainLoop(Timer.java:566)
	at java.base/java.util.TimerThread.run(Timer.java:516)

!ENTRY com.st.stm32cube.ide.mpu.remote.serial 4 0 2026-04-03 17:44:48.069
!MESSAGE Failed to parse wmic output
!STACK 0
org.xml.sax.SAXParseException; lineNumber: 1; columnNumber: 1; Premature end of file.
	at java.xml/com.sun.org.apache.xerces.internal.parsers.DOMParser.parse(DOMParser.java:262)
	at java.xml/com.sun.org.apache.xerces.internal.jaxp.DocumentBuilderImpl.parse(DocumentBuilderImpl.java:342)
	at com.st.stm32cube.ide.mpu.remote.serial.internal.SerialPortProviderWindows.run(SerialPortProviderWindows.java:127)
	at java.base/java.util.TimerThread.mainLoop(Timer.java:566)
	at java.base/java.util.TimerThread.run(Timer.java:516)

!ENTRY com.st.stm32cube.ide.mpu.remote.serial 4 0 2026-04-03 17:44:49.088
!MESSAGE Failed to parse wmic output
!STACK 0
org.xml.sax.SAXParseException; lineNumber: 1; columnNumber: 1; Premature end of file.
	at java.xml/com.sun.org.apache.xerces.internal.parsers.DOMParser.parse(DOMParser.java:262)
	at java.xml/com.sun.org.apache.xerces.internal.jaxp.DocumentBuilderImpl.parse(DocumentBuilderImpl.java:342)
	at com.st.stm32cube.ide.mpu.remote.serial.internal.SerialPortProviderWindows.run(SerialPortProviderWindows.java:127)
	at java.base/java.util.TimerThread.mainLoop(Timer.java:566)
	at java.base/java.util.TimerThread.run(Timer.java:516)

!ENTRY com.st.stm32cube.ide.mpu.remote.serial 4 0 2026-04-03 17:44:50.070
!MESSAGE Failed to parse wmic output
!STACK 0
org.xml.sax.SAXParseException; lineNumber: 1; columnNumber: 1; Premature end of file.
	at java.xml/com.sun.org.apache.xerces.internal.parsers.DOMParser.parse(DOMParser.java:262)
	at java.xml/com.sun.org.apache.xerces.internal.jaxp.DocumentBuilderImpl.parse(DocumentBuilderImpl.java:342)
	at com.st.stm32cube.ide.mpu.remote.serial.internal.SerialPortProviderWindows.run(SerialPortProviderWindows.java:127)
	at java.base/java.util.TimerThread.mainLoop(Timer.java:566)
	at java.base/java.util.TimerThread.run(Timer.java:516)

!ENTRY com.st.stm32cube.ide.mpu.remote.serial 4 0 2026-04-03 17:44:51.099
!MESSAGE Failed to parse wmic output
!STACK 0
org.xml.sax.SAXParseException; lineNumber: 1; columnNumber: 1; Premature end of file.
	at java.xml/com.sun.org.apache.xerces.internal.parsers.DOMParser.parse(DOMParser.java:262)
	at java.xml/com.sun.org.apache.xerces.internal.jaxp.DocumentBuilderImpl.parse(DocumentBuilderImpl.java:342)
	at com.st.stm32cube.ide.mpu.remote.serial.internal.SerialPortProviderWindows.run(SerialPortProviderWindows.java:127)
	at java.base/java.util.TimerThread.mainLoop(Timer.java:566)
	at java.base/java.util.TimerThread.run(Timer.java:516)

!ENTRY com.st.stm32cube.ide.mpu.remote.serial 4 0 2026-04-03 17:44:52.100
!MESSAGE Failed to parse wmic output
!STACK 0
org.xml.sax.SAXParseException; lineNumber: 1; columnNumber: 1; Premature end of file.
	at java.xml/com.sun.org.apache.xerces.internal.parsers.DOMParser.parse(DOMParser.java:262)
	at java.xml/com.sun.org.apache.xerces.internal.jaxp.DocumentBuilderImpl.parse(DocumentBuilderImpl.java:342)
	at com.st.stm32cube.ide.mpu.remote.serial.internal.SerialPortProviderWindows.run(SerialPortProviderWindows.java:127)
	at java.base/java.util.TimerThread.mainLoop(Timer.java:566)
	at java.base/java.util.TimerThread.run(Timer.java:516)

!ENTRY com.st.stm32cube.ide.mpu.remote.serial 4 0 2026-04-03 17:44:53.100
!MESSAGE Failed to parse wmic output
!STACK 0
org.xml.sax.SAXParseException; lineNumber: 1; columnNumber: 1; Premature end of file.
	at java.xml/com.sun.org.apache.xerces.internal.parsers.DOMParser.parse(DOMParser.java:262)
	at java.xml/com.sun.org.apache.xerces.internal.jaxp.DocumentBuilderImpl.parse(DocumentBuilderImpl.java:342)
	at com.st.stm32cube.ide.mpu.remote.serial.internal.SerialPortProviderWindows.run(SerialPortProviderWindows.java:127)
	at java.base/java.util.TimerThread.mainLoop(Timer.java:566)
	at java.base/java.util.TimerThread.run(Timer.java:516)

!ENTRY com.st.stm32cube.ide.mpu.remote.serial 4 0 2026-04-03 17:44:54.064
!MESSAGE Failed to parse wmic output
!STACK 0
org.xml.sax.SAXParseException; lineNumber: 1; columnNumber: 1; Premature end of file.
	at java.xml/com.sun.org.apache.xerces.internal.parsers.DOMParser.parse(DOMParser.java:262)
	at java.xml/com.sun.org.apache.xerces.internal.jaxp.DocumentBuilderImpl.parse(DocumentBuilderImpl.java:342)
	at com.st.stm32cube.ide.mpu.remote.serial.internal.SerialPortProviderWindows.run(SerialPortProviderWindows.java:127)
	at java.base/java.util.TimerThread.mainLoop(Timer.java:566)
	at java.base/java.util.TimerThread.run(Timer.java:516)

!ENTRY com.st.stm32cube.ide.mpu.remote.serial 4 0 2026-04-03 17:44:55.071
!MESSAGE Failed to parse wmic output
!STACK 0
org.xml.sax.SAXParseException; lineNumber: 1; columnNumber: 1; Premature end of file.
	at java.xml/com.sun.org.apache.xerces.internal.parsers.DOMParser.parse(DOMParser.java:262)
	at java.xml/com.sun.org.apache.xerces.internal.jaxp.DocumentBuilderImpl.parse(DocumentBuilderImpl.java:342)
	at com.st.stm32cube.ide.mpu.remote.serial.internal.SerialPortProviderWindows.run(SerialPortProviderWindows.java:127)
	at java.base/java.util.TimerThread.mainLoop(Timer.java:566)
	at java.base/java.util.TimerThread.run(Timer.java:516)

!ENTRY com.st.stm32cube.ide.mpu.remote.serial 4 0 2026-04-03 17:44:56.080
!MESSAGE Failed to parse wmic output
!STACK 0
org.xml.sax.SAXParseException; lineNumber: 1; columnNumber: 1; Premature end of file.
	at java.xml/com.sun.org.apache.xerces.internal.parsers.DOMParser.parse(DOMParser.java:262)
	at java.xml/com.sun.org.apache.xerces.internal.jaxp.DocumentBuilderImpl.parse(DocumentBuilderImpl.java:342)
	at com.st.stm32cube.ide.mpu.remote.serial.internal.SerialPortProviderWindows.run(SerialPortProviderWindows.java:127)
	at java.base/java.util.TimerThread.mainLoop(Timer.java:566)
	at java.base/java.util.TimerThread.run(Timer.java:516)

!ENTRY com.st.stm32cube.ide.mpu.remote.serial 4 0 2026-04-03 17:44:57.083
!MESSAGE Failed to parse wmic output
!STACK 0
org.xml.sax.SAXParseException; lineNumber: 1; columnNumber: 1; Premature end of file.
	at java.xml/com.sun.org.apache.xerces.internal.parsers.DOMParser.parse(DOMParser.java:262)
	at java.xml/com.sun.org.apache.xerces.internal.jaxp.DocumentBuilderImpl.parse(DocumentBuilderImpl.java:342)
	at com.st.stm32cube.ide.mpu.remote.serial.internal.SerialPortProviderWindows.run(SerialPortProviderWindows.java:127)
	at java.base/java.util.TimerThread.mainLoop(Timer.java:566)
	at java.base/java.util.TimerThread.run(Timer.java:516)

!ENTRY com.st.stm32cube.ide.mpu.remote.serial 4 0 2026-04-03 17:44:58.070
!MESSAGE Failed to parse wmic output
!STACK 0
org.xml.sax.SAXParseException; lineNumber: 1; columnNumber: 1; Premature end of file.
	at java.xml/com.sun.org.apache.xerces.internal.parsers.DOMParser.parse(DOMParser.java:262)
	at java.xml/com.sun.org.apache.xerces.internal.jaxp.DocumentBuilderImpl.parse(DocumentBuilderImpl.java:342)
	at com.st.stm32cube.ide.mpu.remote.serial.internal.SerialPortProviderWindows.run(SerialPortProviderWindows.java:127)
	at java.base/java.util.TimerThread.mainLoop(Timer.java:566)
	at java.base/java.util.TimerThread.run(Timer.java:516)

!ENTRY com.st.stm32cube.ide.mpu.remote.serial 4 0 2026-04-03 17:44:59.058
!MESSAGE Failed to parse wmic output
!STACK 0
org.xml.sax.SAXParseException; lineNumber: 1; columnNumber: 1; Premature end of file.
	at java.xml/com.sun.org.apache.xerces.internal.parsers.DOMParser.parse(DOMParser.java:262)
	at java.xml/com.sun.org.apache.xerces.internal.jaxp.DocumentBuilderImpl.parse(DocumentBuilderImpl.java:342)
	at com.st.stm32cube.ide.mpu.remote.serial.internal.SerialPortProviderWindows.run(SerialPortProviderWindows.java:127)
	at java.base/java.util.TimerThread.mainLoop(Timer.java:566)
	at java.base/java.util.TimerThread.run(Timer.java:516)

!ENTRY com.st.stm32cube.ide.mpu.remote.serial 4 0 2026-04-03 17:45:00.061
!MESSAGE Failed to parse wmic output
!STACK 0
org.xml.sax.SAXParseException; lineNumber: 1; columnNumber: 1; Premature end of file.
	at java.xml/com.sun.org.apache.xerces.internal.parsers.DOMParser.parse(DOMParser.java:262)
	at java.xml/com.sun.org.apache.xerces.internal.jaxp.DocumentBuilderImpl.parse(DocumentBuilderImpl.java:342)
	at com.st.stm32cube.ide.mpu.remote.serial.internal.SerialPortProviderWindows.run(SerialPortProviderWindows.java:127)
	at java.base/java.util.TimerThread.mainLoop(Timer.java:566)
	at java.base/java.util.TimerThread.run(Timer.java:516)

!ENTRY com.st.stm32cube.ide.mpu.remote.serial 4 0 2026-04-03 17:45:01.070
!MESSAGE Failed to parse wmic output
!STACK 0
org.xml.sax.SAXParseException; lineNumber: 1; columnNumber: 1; Premature end of file.
	at java.xml/com.sun.org.apache.xerces.internal.parsers.DOMParser.parse(DOMParser.java:262)
	at java.xml/com.sun.org.apache.xerces.internal.jaxp.DocumentBuilderImpl.parse(DocumentBuilderImpl.java:342)
	at com.st.stm32cube.ide.mpu.remote.serial.internal.SerialPortProviderWindows.run(SerialPortProviderWindows.java:127)
	at java.base/java.util.TimerThread.mainLoop(Timer.java:566)
	at java.base/java.util.TimerThread.run(Timer.java:516)

!ENTRY com.st.stm32cube.ide.mpu.remote.serial 4 0 2026-04-03 17:45:02.070
!MESSAGE Failed to parse wmic output
!STACK 0
org.xml.sax.SAXParseException; lineNumber: 1; columnNumber: 1; Premature end of file.
	at java.xml/com.sun.org.apache.xerces.internal.parsers.DOMParser.parse(DOMParser.java:262)
	at java.xml/com.sun.org.apache.xerces.internal.jaxp.DocumentBuilderImpl.parse(DocumentBuilderImpl.java:342)
	at com.st.stm32cube.ide.mpu.remote.serial.internal.SerialPortProviderWindows.run(SerialPortProviderWindows.java:127)
	at java.base/java.util.TimerThread.mainLoop(Timer.java:566)
	at java.base/java.util.TimerThread.run(Timer.java:516)

!ENTRY com.st.stm32cube.ide.mpu.remote.serial 4 0 2026-04-03 17:45:03.074
!MESSAGE Failed to parse wmic output
!STACK 0
org.xml.sax.SAXParseException; lineNumber: 1; columnNumber: 1; Premature end of file.
	at java.xml/com.sun.org.apache.xerces.internal.parsers.DOMParser.parse(DOMParser.java:262)
	at java.xml/com.sun.org.apache.xerces.internal.jaxp.DocumentBuilderImpl.parse(DocumentBuilderImpl.java:342)
	at com.st.stm32cube.ide.mpu.remote.serial.internal.SerialPortProviderWindows.run(SerialPortProviderWindows.java:127)
	at java.base/java.util.TimerThread.mainLoop(Timer.java:566)
	at java.base/java.util.TimerThread.run(Timer.java:516)

!ENTRY com.st.stm32cube.ide.mpu.remote.serial 4 0 2026-04-03 17:45:04.080
!MESSAGE Failed to parse wmic output
!STACK 0
org.xml.sax.SAXParseException; lineNumber: 1; columnNumber: 1; Premature end of file.
	at java.xml/com.sun.org.apache.xerces.internal.parsers.DOMParser.parse(DOMParser.java:262)
	at java.xml/com.sun.org.apache.xerces.internal.jaxp.DocumentBuilderImpl.parse(DocumentBuilderImpl.java:342)
	at com.st.stm32cube.ide.mpu.remote.serial.internal.SerialPortProviderWindows.run(SerialPortProviderWindows.java:127)
	at java.base/java.util.TimerThread.mainLoop(Timer.java:566)
	at java.base/java.util.TimerThread.run(Timer.java:516)

!ENTRY com.st.stm32cube.ide.mpu.remote.serial 4 0 2026-04-03 17:45:05.075
!MESSAGE Failed to parse wmic output
!STACK 0
org.xml.sax.SAXParseException; lineNumber: 1; columnNumber: 1; Premature end of file.
	at java.xml/com.sun.org.apache.xerces.internal.parsers.DOMParser.parse(DOMParser.java:262)
	at java.xml/com.sun.org.apache.xerces.internal.jaxp.DocumentBuilderImpl.parse(DocumentBuilderImpl.java:342)
	at com.st.stm32cube.ide.mpu.remote.serial.internal.SerialPortProviderWindows.run(SerialPortProviderWindows.java:127)
	at java.base/java.util.TimerThread.mainLoop(Timer.java:566)
	at java.base/java.util.TimerThread.run(Timer.java:516)

!ENTRY com.st.stm32cube.ide.mpu.remote.serial 4 0 2026-04-03 17:45:06.086
!MESSAGE Failed to parse wmic output
!STACK 0
org.xml.sax.SAXParseException; lineNumber: 1; columnNumber: 1; Premature end of file.
	at java.xml/com.sun.org.apache.xerces.internal.parsers.DOMParser.parse(DOMParser.java:262)
	at java.xml/com.sun.org.apache.xerces.internal.jaxp.DocumentBuilderImpl.parse(DocumentBuilderImpl.java:342)
	at com.st.stm32cube.ide.mpu.remote.serial.internal.SerialPortProviderWindows.run(SerialPortProviderWindows.java:127)
	at java.base/java.util.TimerThread.mainLoop(Timer.java:566)
	at java.base/java.util.TimerThread.run(Timer.java:516)

!ENTRY com.st.stm32cube.ide.mpu.remote.serial 4 0 2026-04-03 17:45:07.076
!MESSAGE Failed to parse wmic output
!STACK 0
org.xml.sax.SAXParseException; lineNumber: 1; columnNumber: 1; Premature end of file.
	at java.xml/com.sun.org.apache.xerces.internal.parsers.DOMParser.parse(DOMParser.java:262)
	at java.xml/com.sun.org.apache.xerces.internal.jaxp.DocumentBuilderImpl.parse(DocumentBuilderImpl.java:342)
	at com.st.stm32cube.ide.mpu.remote.serial.internal.SerialPortProviderWindows.run(SerialPortProviderWindows.java:127)
	at java.base/java.util.TimerThread.mainLoop(Timer.java:566)
	at java.base/java.util.TimerThread.run(Timer.java:516)

!ENTRY com.st.stm32cube.ide.mpu.remote.serial 4 0 2026-04-03 17:45:08.063
!MESSAGE Failed to parse wmic output
!STACK 0
org.xml.sax.SAXParseException; lineNumber: 1; columnNumber: 1; Premature end of file.
	at java.xml/com.sun.org.apache.xerces.internal.parsers.DOMParser.parse(DOMParser.java:262)
	at java.xml/com.sun.org.apache.xerces.internal.jaxp.DocumentBuilderImpl.parse(DocumentBuilderImpl.java:342)
	at com.st.stm32cube.ide.mpu.remote.serial.internal.SerialPortProviderWindows.run(SerialPortProviderWindows.java:127)
	at java.base/java.util.TimerThread.mainLoop(Timer.java:566)
	at java.base/java.util.TimerThread.run(Timer.java:516)

!ENTRY com.st.stm32cube.ide.mpu.remote.serial 4 0 2026-04-03 17:45:09.063
!MESSAGE Failed to parse wmic output
!STACK 0
org.xml.sax.SAXParseException; lineNumber: 1; columnNumber: 1; Premature end of file.
	at java.xml/com.sun.org.apache.xerces.internal.parsers.DOMParser.parse(DOMParser.java:262)
	at java.xml/com.sun.org.apache.xerces.internal.jaxp.DocumentBuilderImpl.parse(DocumentBuilderImpl.java:342)
	at com.st.stm32cube.ide.mpu.remote.serial.internal.SerialPortProviderWindows.run(SerialPortProviderWindows.java:127)
	at java.base/java.util.TimerThread.mainLoop(Timer.java:566)
	at java.base/java.util.TimerThread.run(Timer.java:516)

!ENTRY com.st.stm32cube.ide.mpu.remote.serial 4 0 2026-04-03 17:45:10.094
!MESSAGE Failed to parse wmic output
!STACK 0
org.xml.sax.SAXParseException; lineNumber: 1; columnNumber: 1; Premature end of file.
	at java.xml/com.sun.org.apache.xerces.internal.parsers.DOMParser.parse(DOMParser.java:262)
	at java.xml/com.sun.org.apache.xerces.internal.jaxp.DocumentBuilderImpl.parse(DocumentBuilderImpl.java:342)
	at com.st.stm32cube.ide.mpu.remote.serial.internal.SerialPortProviderWindows.run(SerialPortProviderWindows.java:127)
	at java.base/java.util.TimerThread.mainLoop(Timer.java:566)
	at java.base/java.util.TimerThread.run(Timer.java:516)

!ENTRY com.st.stm32cube.ide.mpu.remote.serial 4 0 2026-04-03 17:45:11.077
!MESSAGE Failed to parse wmic output
!STACK 0
org.xml.sax.SAXParseException; lineNumber: 1; columnNumber: 1; Premature end of file.
	at java.xml/com.sun.org.apache.xerces.internal.parsers.DOMParser.parse(DOMParser.java:262)
	at java.xml/com.sun.org.apache.xerces.internal.jaxp.DocumentBuilderImpl.parse(DocumentBuilderImpl.java:342)
	at com.st.stm32cube.ide.mpu.remote.serial.internal.SerialPortProviderWindows.run(SerialPortProviderWindows.java:127)
	at java.base/java.util.TimerThread.mainLoop(Timer.java:566)
	at java.base/java.util.TimerThread.run(Timer.java:516)

!ENTRY com.st.stm32cube.ide.mpu.remote.serial 4 0 2026-04-03 17:45:12.067
!MESSAGE Failed to parse wmic output
!STACK 0
org.xml.sax.SAXParseException; lineNumber: 1; columnNumber: 1; Premature end of file.
	at java.xml/com.sun.org.apache.xerces.internal.parsers.DOMParser.parse(DOMParser.java:262)
	at java.xml/com.sun.org.apache.xerces.internal.jaxp.DocumentBuilderImpl.parse(DocumentBuilderImpl.java:342)
	at com.st.stm32cube.ide.mpu.remote.serial.internal.SerialPortProviderWindows.run(SerialPortProviderWindows.java:127)
	at java.base/java.util.TimerThread.mainLoop(Timer.java:566)
	at java.base/java.util.TimerThread.run(Timer.java:516)

!ENTRY com.st.stm32cube.ide.mpu.remote.serial 4 0 2026-04-03 17:45:13.066
!MESSAGE Failed to parse wmic output
!STACK 0
org.xml.sax.SAXParseException; lineNumber: 1; columnNumber: 1; Premature end of file.
	at java.xml/com.sun.org.apache.xerces.internal.parsers.DOMParser.parse(DOMParser.java:262)
	at java.xml/com.sun.org.apache.xerces.internal.jaxp.DocumentBuilderImpl.parse(DocumentBuilderImpl.java:342)
	at com.st.stm32cube.ide.mpu.remote.serial.internal.SerialPortProviderWindows.run(SerialPortProviderWindows.java:127)
	at java.base/java.util.TimerThread.mainLoop(Timer.java:566)
	at java.base/java.util.TimerThread.run(Timer.java:516)

!ENTRY com.st.stm32cube.ide.mpu.remote.serial 4 0 2026-04-03 17:45:14.055
!MESSAGE Failed to parse wmic output
!STACK 0
org.xml.sax.SAXParseException; lineNumber: 1; columnNumber: 1; Premature end of file.
	at java.xml/com.sun.org.apache.xerces.internal.parsers.DOMParser.parse(DOMParser.java:262)
	at java.xml/com.sun.org.apache.xerces.internal.jaxp.DocumentBuilderImpl.parse(DocumentBuilderImpl.java:342)
	at com.st.stm32cube.ide.mpu.remote.serial.internal.SerialPortProviderWindows.run(SerialPortProviderWindows.java:127)
	at java.base/java.util.TimerThread.mainLoop(Timer.java:566)
	at java.base/java.util.TimerThread.run(Timer.java:516)

!ENTRY com.st.stm32cube.ide.mpu.remote.serial 4 0 2026-04-03 17:45:15.083
!MESSAGE Failed to parse wmic output
!STACK 0
org.xml.sax.SAXParseException; lineNumber: 1; columnNumber: 1; Premature end of file.
	at java.xml/com.sun.org.apache.xerces.internal.parsers.DOMParser.parse(DOMParser.java:262)
	at java.xml/com.sun.org.apache.xerces.internal.jaxp.DocumentBuilderImpl.parse(DocumentBuilderImpl.java:342)
	at com.st.stm32cube.ide.mpu.remote.serial.internal.SerialPortProviderWindows.run(SerialPortProviderWindows.java:127)
	at java.base/java.util.TimerThread.mainLoop(Timer.java:566)
	at java.base/java.util.TimerThread.run(Timer.java:516)

!ENTRY com.st.stm32cube.ide.mpu.remote.serial 4 0 2026-04-03 17:45:16.073
!MESSAGE Failed to parse wmic output
!STACK 0
org.xml.sax.SAXParseException; lineNumber: 1; columnNumber: 1; Premature end of file.
	at java.xml/com.sun.org.apache.xerces.internal.parsers.DOMParser.parse(DOMParser.java:262)
	at java.xml/com.sun.org.apache.xerces.internal.jaxp.DocumentBuilderImpl.parse(DocumentBuilderImpl.java:342)
	at com.st.stm32cube.ide.mpu.remote.serial.internal.SerialPortProviderWindows.run(SerialPortProviderWindows.java:127)
	at java.base/java.util.TimerThread.mainLoop(Timer.java:566)
	at java.base/java.util.TimerThread.run(Timer.java:516)

!ENTRY com.st.stm32cube.ide.mpu.remote.serial 4 0 2026-04-03 17:45:17.075
!MESSAGE Failed to parse wmic output
!STACK 0
org.xml.sax.SAXParseException; lineNumber: 1; columnNumber: 1; Premature end of file.
	at java.xml/com.sun.org.apache.xerces.internal.parsers.DOMParser.parse(DOMParser.java:262)
	at java.xml/com.sun.org.apache.xerces.internal.jaxp.DocumentBuilderImpl.parse(DocumentBuilderImpl.java:342)
	at com.st.stm32cube.ide.mpu.remote.serial.internal.SerialPortProviderWindows.run(SerialPortProviderWindows.java:127)
	at java.base/java.util.TimerThread.mainLoop(Timer.java:566)
	at java.base/java.util.TimerThread.run(Timer.java:516)

!ENTRY com.st.stm32cube.ide.mpu.remote.serial 4 0 2026-04-03 17:45:18.086
!MESSAGE Failed to parse wmic output
!STACK 0
org.xml.sax.SAXParseException; lineNumber: 1; columnNumber: 1; Premature end of file.
	at java.xml/com.sun.org.apache.xerces.internal.parsers.DOMParser.parse(DOMParser.java:262)
	at java.xml/com.sun.org.apache.xerces.internal.jaxp.DocumentBuilderImpl.parse(DocumentBuilderImpl.java:342)
	at com.st.stm32cube.ide.mpu.remote.serial.internal.SerialPortProviderWindows.run(SerialPortProviderWindows.java:127)
	at java.base/java.util.TimerThread.mainLoop(Timer.java:566)
	at java.base/java.util.TimerThread.run(Timer.java:516)

!ENTRY com.st.stm32cube.ide.mpu.remote.serial 4 0 2026-04-03 17:45:19.076
!MESSAGE Failed to parse wmic output
!STACK 0
org.xml.sax.SAXParseException; lineNumber: 1; columnNumber: 1; Premature end of file.
	at java.xml/com.sun.org.apache.xerces.internal.parsers.DOMParser.parse(DOMParser.java:262)
	at java.xml/com.sun.org.apache.xerces.internal.jaxp.DocumentBuilderImpl.parse(DocumentBuilderImpl.java:342)
	at com.st.stm32cube.ide.mpu.remote.serial.internal.SerialPortProviderWindows.run(SerialPortProviderWindows.java:127)
	at java.base/java.util.TimerThread.mainLoop(Timer.java:566)
	at java.base/java.util.TimerThread.run(Timer.java:516)

!ENTRY com.st.stm32cube.ide.mpu.remote.serial 4 0 2026-04-03 17:45:20.095
!MESSAGE Failed to parse wmic output
!STACK 0
org.xml.sax.SAXParseException; lineNumber: 1; columnNumber: 1; Premature end of file.
	at java.xml/com.sun.org.apache.xerces.internal.parsers.DOMParser.parse(DOMParser.java:262)
	at java.xml/com.sun.org.apache.xerces.internal.jaxp.DocumentBuilderImpl.parse(DocumentBuilderImpl.java:342)
	at com.st.stm32cube.ide.mpu.remote.serial.internal.SerialPortProviderWindows.run(SerialPortProviderWindows.java:127)
	at java.base/java.util.TimerThread.mainLoop(Timer.java:566)
	at java.base/java.util.TimerThread.run(Timer.java:516)

!ENTRY com.st.stm32cube.ide.mpu.remote.serial 4 0 2026-04-03 17:45:21.079
!MESSAGE Failed to parse wmic output
!STACK 0
org.xml.sax.SAXParseException; lineNumber: 1; columnNumber: 1; Premature end of file.
	at java.xml/com.sun.org.apache.xerces.internal.parsers.DOMParser.parse(DOMParser.java:262)
	at java.xml/com.sun.org.apache.xerces.internal.jaxp.DocumentBuilderImpl.parse(DocumentBuilderImpl.java:342)
	at com.st.stm32cube.ide.mpu.remote.serial.internal.SerialPortProviderWindows.run(SerialPortProviderWindows.java:127)
	at java.base/java.util.TimerThread.mainLoop(Timer.java:566)
	at java.base/java.util.TimerThread.run(Timer.java:516)

!ENTRY com.st.stm32cube.ide.mpu.remote.serial 4 0 2026-04-03 17:45:22.089
!MESSAGE Failed to parse wmic output
!STACK 0
org.xml.sax.SAXParseException; lineNumber: 1; columnNumber: 1; Premature end of file.
	at java.xml/com.sun.org.apache.xerces.internal.parsers.DOMParser.parse(DOMParser.java:262)
	at java.xml/com.sun.org.apache.xerces.internal.jaxp.DocumentBuilderImpl.parse(DocumentBuilderImpl.java:342)
	at com.st.stm32cube.ide.mpu.remote.serial.internal.SerialPortProviderWindows.run(SerialPortProviderWindows.java:127)
	at java.base/java.util.TimerThread.mainLoop(Timer.java:566)
	at java.base/java.util.TimerThread.run(Timer.java:516)

!ENTRY com.st.stm32cube.ide.mpu.remote.serial 4 0 2026-04-03 17:45:23.083
!MESSAGE Failed to parse wmic output
!STACK 0
org.xml.sax.SAXParseException; lineNumber: 1; columnNumber: 1; Premature end of file.
	at java.xml/com.sun.org.apache.xerces.internal.parsers.DOMParser.parse(DOMParser.java:262)
	at java.xml/com.sun.org.apache.xerces.internal.jaxp.DocumentBuilderImpl.parse(DocumentBuilderImpl.java:342)
	at com.st.stm32cube.ide.mpu.remote.serial.internal.SerialPortProviderWindows.run(SerialPortProviderWindows.java:127)
	at java.base/java.util.TimerThread.mainLoop(Timer.java:566)
	at java.base/java.util.TimerThread.run(Timer.java:516)

!ENTRY com.st.stm32cube.ide.mpu.remote.serial 4 0 2026-04-03 17:45:24.093
!MESSAGE Failed to parse wmic output
!STACK 0
org.xml.sax.SAXParseException; lineNumber: 1; columnNumber: 1; Premature end of file.
	at java.xml/com.sun.org.apache.xerces.internal.parsers.DOMParser.parse(DOMParser.java:262)
	at java.xml/com.sun.org.apache.xerces.internal.jaxp.DocumentBuilderImpl.parse(DocumentBuilderImpl.java:342)
	at com.st.stm32cube.ide.mpu.remote.serial.internal.SerialPortProviderWindows.run(SerialPortProviderWindows.java:127)
	at java.base/java.util.TimerThread.mainLoop(Timer.java:566)
	at java.base/java.util.TimerThread.run(Timer.java:516)

!ENTRY com.st.stm32cube.ide.mpu.remote.serial 4 0 2026-04-03 17:45:25.105
!MESSAGE Failed to parse wmic output
!STACK 0
org.xml.sax.SAXParseException; lineNumber: 1; columnNumber: 1; Premature end of file.
	at java.xml/com.sun.org.apache.xerces.internal.parsers.DOMParser.parse(DOMParser.java:262)
	at java.xml/com.sun.org.apache.xerces.internal.jaxp.DocumentBuilderImpl.parse(DocumentBuilderImpl.java:342)
	at com.st.stm32cube.ide.mpu.remote.serial.internal.SerialPortProviderWindows.run(SerialPortProviderWindows.java:127)
	at java.base/java.util.TimerThread.mainLoop(Timer.java:566)
	at java.base/java.util.TimerThread.run(Timer.java:516)

!ENTRY com.st.stm32cube.ide.mpu.remote.serial 4 0 2026-04-03 17:45:26.103
!MESSAGE Failed to parse wmic output
!STACK 0
org.xml.sax.SAXParseException; lineNumber: 1; columnNumber: 1; Premature end of file.
	at java.xml/com.sun.org.apache.xerces.internal.parsers.DOMParser.parse(DOMParser.java:262)
	at java.xml/com.sun.org.apache.xerces.internal.jaxp.DocumentBuilderImpl.parse(DocumentBuilderImpl.java:342)
	at com.st.stm32cube.ide.mpu.remote.serial.internal.SerialPortProviderWindows.run(SerialPortProviderWindows.java:127)
	at java.base/java.util.TimerThread.mainLoop(Timer.java:566)
	at java.base/java.util.TimerThread.run(Timer.java:516)

!ENTRY com.st.stm32cube.ide.mpu.remote.serial 4 0 2026-04-03 17:45:27.094
!MESSAGE Failed to parse wmic output
!STACK 0
org.xml.sax.SAXParseException; lineNumber: 1; columnNumber: 1; Premature end of file.
	at java.xml/com.sun.org.apache.xerces.internal.parsers.DOMParser.parse(DOMParser.java:262)
	at java.xml/com.sun.org.apache.xerces.internal.jaxp.DocumentBuilderImpl.parse(DocumentBuilderImpl.java:342)
	at com.st.stm32cube.ide.mpu.remote.serial.internal.SerialPortProviderWindows.run(SerialPortProviderWindows.java:127)
	at java.base/java.util.TimerThread.mainLoop(Timer.java:566)
	at java.base/java.util.TimerThread.run(Timer.java:516)

!ENTRY com.st.stm32cube.ide.mpu.remote.serial 4 0 2026-04-03 17:45:28.108
!MESSAGE Failed to parse wmic output
!STACK 0
org.xml.sax.SAXParseException; lineNumber: 1; columnNumber: 1; Premature end of file.
	at java.xml/com.sun.org.apache.xerces.internal.parsers.DOMParser.parse(DOMParser.java:262)
	at java.xml/com.sun.org.apache.xerces.internal.jaxp.DocumentBuilderImpl.parse(DocumentBuilderImpl.java:342)
	at com.st.stm32cube.ide.mpu.remote.serial.internal.SerialPortProviderWindows.run(SerialPortProviderWindows.java:127)
	at java.base/java.util.TimerThread.mainLoop(Timer.java:566)
	at java.base/java.util.TimerThread.run(Timer.java:516)

!ENTRY com.st.stm32cube.ide.mpu.remote.serial 4 0 2026-04-03 17:45:29.098
!MESSAGE Failed to parse wmic output
!STACK 0
org.xml.sax.SAXParseException; lineNumber: 1; columnNumber: 1; Premature end of file.
	at java.xml/com.sun.org.apache.xerces.internal.parsers.DOMParser.parse(DOMParser.java:262)
	at java.xml/com.sun.org.apache.xerces.internal.jaxp.DocumentBuilderImpl.parse(DocumentBuilderImpl.java:342)
	at com.st.stm32cube.ide.mpu.remote.serial.internal.SerialPortProviderWindows.run(SerialPortProviderWindows.java:127)
	at java.base/java.util.TimerThread.mainLoop(Timer.java:566)
	at java.base/java.util.TimerThread.run(Timer.java:516)

!ENTRY com.st.stm32cube.ide.mpu.remote.serial 4 0 2026-04-03 17:45:30.104
!MESSAGE Failed to parse wmic output
!STACK 0
org.xml.sax.SAXParseException; lineNumber: 1; columnNumber: 1; Premature end of file.
	at java.xml/com.sun.org.apache.xerces.internal.parsers.DOMParser.parse(DOMParser.java:262)
	at java.xml/com.sun.org.apache.xerces.internal.jaxp.DocumentBuilderImpl.parse(DocumentBuilderImpl.java:342)
	at com.st.stm32cube.ide.mpu.remote.serial.internal.SerialPortProviderWindows.run(SerialPortProviderWindows.java:127)
	at java.base/java.util.TimerThread.mainLoop(Timer.java:566)
	at java.base/java.util.TimerThread.run(Timer.java:516)

!ENTRY com.st.stm32cube.ide.mpu.remote.serial 4 0 2026-04-03 17:45:31.100
!MESSAGE Failed to parse wmic output
!STACK 0
org.xml.sax.SAXParseException; lineNumber: 1; columnNumber: 1; Premature end of file.
	at java.xml/com.sun.org.apache.xerces.internal.parsers.DOMParser.parse(DOMParser.java:262)
	at java.xml/com.sun.org.apache.xerces.internal.jaxp.DocumentBuilderImpl.parse(DocumentBuilderImpl.java:342)
	at com.st.stm32cube.ide.mpu.remote.serial.internal.SerialPortProviderWindows.run(SerialPortProviderWindows.java:127)
	at java.base/java.util.TimerThread.mainLoop(Timer.java:566)
	at java.base/java.util.TimerThread.run(Timer.java:516)

!ENTRY com.st.stm32cube.ide.mpu.remote.serial 4 0 2026-04-03 17:45:32.091
!MESSAGE Failed to parse wmic output
!STACK 0
org.xml.sax.SAXParseException; lineNumber: 1; columnNumber: 1; Premature end of file.
	at java.xml/com.sun.org.apache.xerces.internal.parsers.DOMParser.parse(DOMParser.java:262)
	at java.xml/com.sun.org.apache.xerces.internal.jaxp.DocumentBuilderImpl.parse(DocumentBuilderImpl.java:342)
	at com.st.stm32cube.ide.mpu.remote.serial.internal.SerialPortProviderWindows.run(SerialPortProviderWindows.java:127)
	at java.base/java.util.TimerThread.mainLoop(Timer.java:566)
	at java.base/java.util.TimerThread.run(Timer.java:516)

!ENTRY com.st.stm32cube.ide.mpu.remote.serial 4 0 2026-04-03 17:45:33.090
!MESSAGE Failed to parse wmic output
!STACK 0
org.xml.sax.SAXParseException; lineNumber: 1; columnNumber: 1; Premature end of file.
	at java.xml/com.sun.org.apache.xerces.internal.parsers.DOMParser.parse(DOMParser.java:262)
	at java.xml/com.sun.org.apache.xerces.internal.jaxp.DocumentBuilderImpl.parse(DocumentBuilderImpl.java:342)
	at com.st.stm32cube.ide.mpu.remote.serial.internal.SerialPortProviderWindows.run(SerialPortProviderWindows.java:127)
	at java.base/java.util.TimerThread.mainLoop(Timer.java:566)
	at java.base/java.util.TimerThread.run(Timer.java:516)

!ENTRY com.st.stm32cube.ide.mpu.remote.serial 4 0 2026-04-03 17:45:34.096
!MESSAGE Failed to parse wmic output
!STACK 0
org.xml.sax.SAXParseException; lineNumber: 1; columnNumber: 1; Premature end of file.
	at java.xml/com.sun.org.apache.xerces.internal.parsers.DOMParser.parse(DOMParser.java:262)
	at java.xml/com.sun.org.apache.xerces.internal.jaxp.DocumentBuilderImpl.parse(DocumentBuilderImpl.java:342)
	at com.st.stm32cube.ide.mpu.remote.serial.internal.SerialPortProviderWindows.run(SerialPortProviderWindows.java:127)
	at java.base/java.util.TimerThread.mainLoop(Timer.java:566)
	at java.base/java.util.TimerThread.run(Timer.java:516)

!ENTRY com.st.stm32cube.ide.mpu.remote.serial 4 0 2026-04-03 17:45:35.096
!MESSAGE Failed to parse wmic output
!STACK 0
org.xml.sax.SAXParseException; lineNumber: 1; columnNumber: 1; Premature end of file.
	at java.xml/com.sun.org.apache.xerces.internal.parsers.DOMParser.parse(DOMParser.java:262)
	at java.xml/com.sun.org.apache.xerces.internal.jaxp.DocumentBuilderImpl.parse(DocumentBuilderImpl.java:342)
	at com.st.stm32cube.ide.mpu.remote.serial.internal.SerialPortProviderWindows.run(SerialPortProviderWindows.java:127)
	at java.base/java.util.TimerThread.mainLoop(Timer.java:566)
	at java.base/java.util.TimerThread.run(Timer.java:516)

!ENTRY com.st.stm32cube.ide.mpu.remote.serial 4 0 2026-04-03 17:45:36.096
!MESSAGE Failed to parse wmic output
!STACK 0
org.xml.sax.SAXParseException; lineNumber: 1; columnNumber: 1; Premature end of file.
	at java.xml/com.sun.org.apache.xerces.internal.parsers.DOMParser.parse(DOMParser.java:262)
	at java.xml/com.sun.org.apache.xerces.internal.jaxp.DocumentBuilderImpl.parse(DocumentBuilderImpl.java:342)
	at com.st.stm32cube.ide.mpu.remote.serial.internal.SerialPortProviderWindows.run(SerialPortProviderWindows.java:127)
	at java.base/java.util.TimerThread.mainLoop(Timer.java:566)
	at java.base/java.util.TimerThread.run(Timer.java:516)

!ENTRY com.st.stm32cube.ide.mpu.remote.serial 4 0 2026-04-03 17:45:37.099
!MESSAGE Failed to parse wmic output
!STACK 0
org.xml.sax.SAXParseException; lineNumber: 1; columnNumber: 1; Premature end of file.
	at java.xml/com.sun.org.apache.xerces.internal.parsers.DOMParser.parse(DOMParser.java:262)
	at java.xml/com.sun.org.apache.xerces.internal.jaxp.DocumentBuilderImpl.parse(DocumentBuilderImpl.java:342)
	at com.st.stm32cube.ide.mpu.remote.serial.internal.SerialPortProviderWindows.run(SerialPortProviderWindows.java:127)
	at java.base/java.util.TimerThread.mainLoop(Timer.java:566)
	at java.base/java.util.TimerThread.run(Timer.java:516)

!ENTRY com.st.stm32cube.ide.mpu.remote.serial 4 0 2026-04-03 17:45:38.085
!MESSAGE Failed to parse wmic output
!STACK 0
org.xml.sax.SAXParseException; lineNumber: 1; columnNumber: 1; Premature end of file.
	at java.xml/com.sun.org.apache.xerces.internal.parsers.DOMParser.parse(DOMParser.java:262)
	at java.xml/com.sun.org.apache.xerces.internal.jaxp.DocumentBuilderImpl.parse(DocumentBuilderImpl.java:342)
	at com.st.stm32cube.ide.mpu.remote.serial.internal.SerialPortProviderWindows.run(SerialPortProviderWindows.java:127)
	at java.base/java.util.TimerThread.mainLoop(Timer.java:566)
	at java.base/java.util.TimerThread.run(Timer.java:516)

!ENTRY com.st.stm32cube.ide.mpu.remote.serial 4 0 2026-04-03 17:45:39.100
!MESSAGE Failed to parse wmic output
!STACK 0
org.xml.sax.SAXParseException; lineNumber: 1; columnNumber: 1; Premature end of file.
	at java.xml/com.sun.org.apache.xerces.internal.parsers.DOMParser.parse(DOMParser.java:262)
	at java.xml/com.sun.org.apache.xerces.internal.jaxp.DocumentBuilderImpl.parse(DocumentBuilderImpl.java:342)
	at com.st.stm32cube.ide.mpu.remote.serial.internal.SerialPortProviderWindows.run(SerialPortProviderWindows.java:127)
	at java.base/java.util.TimerThread.mainLoop(Timer.java:566)
	at java.base/java.util.TimerThread.run(Timer.java:516)

!ENTRY com.st.stm32cube.ide.mpu.remote.serial 4 0 2026-04-03 17:45:40.084
!MESSAGE Failed to parse wmic output
!STACK 0
org.xml.sax.SAXParseException; lineNumber: 1; columnNumber: 1; Premature end of file.
	at java.xml/com.sun.org.apache.xerces.internal.parsers.DOMParser.parse(DOMParser.java:262)
	at java.xml/com.sun.org.apache.xerces.internal.jaxp.DocumentBuilderImpl.parse(DocumentBuilderImpl.java:342)
	at com.st.stm32cube.ide.mpu.remote.serial.internal.SerialPortProviderWindows.run(SerialPortProviderWindows.java:127)
	at java.base/java.util.TimerThread.mainLoop(Timer.java:566)
	at java.base/java.util.TimerThread.run(Timer.java:516)

!ENTRY com.st.stm32cube.ide.mpu.remote.serial 4 0 2026-04-03 17:45:41.085
!MESSAGE Failed to parse wmic output
!STACK 0
org.xml.sax.SAXParseException; lineNumber: 1; columnNumber: 1; Premature end of file.
	at java.xml/com.sun.org.apache.xerces.internal.parsers.DOMParser.parse(DOMParser.java:262)
	at java.xml/com.sun.org.apache.xerces.internal.jaxp.DocumentBuilderImpl.parse(DocumentBuilderImpl.java:342)
	at com.st.stm32cube.ide.mpu.remote.serial.internal.SerialPortProviderWindows.run(SerialPortProviderWindows.java:127)
	at java.base/java.util.TimerThread.mainLoop(Timer.java:566)
	at java.base/java.util.TimerThread.run(Timer.java:516)

!ENTRY com.st.stm32cube.ide.mpu.remote.serial 4 0 2026-04-03 17:45:42.093
!MESSAGE Failed to parse wmic output
!STACK 0
org.xml.sax.SAXParseException; lineNumber: 1; columnNumber: 1; Premature end of file.
	at java.xml/com.sun.org.apache.xerces.internal.parsers.DOMParser.parse(DOMParser.java:262)
	at java.xml/com.sun.org.apache.xerces.internal.jaxp.DocumentBuilderImpl.parse(DocumentBuilderImpl.java:342)
	at com.st.stm32cube.ide.mpu.remote.serial.internal.SerialPortProviderWindows.run(SerialPortProviderWindows.java:127)
	at java.base/java.util.TimerThread.mainLoop(Timer.java:566)
	at java.base/java.util.TimerThread.run(Timer.java:516)

!ENTRY com.st.stm32cube.ide.mpu.remote.serial 4 0 2026-04-03 17:45:43.087
!MESSAGE Failed to parse wmic output
!STACK 0
org.xml.sax.SAXParseException; lineNumber: 1; columnNumber: 1; Premature end of file.
	at java.xml/com.sun.org.apache.xerces.internal.parsers.DOMParser.parse(DOMParser.java:262)
	at java.xml/com.sun.org.apache.xerces.internal.jaxp.DocumentBuilderImpl.parse(DocumentBuilderImpl.java:342)
	at com.st.stm32cube.ide.mpu.remote.serial.internal.SerialPortProviderWindows.run(SerialPortProviderWindows.java:127)
	at java.base/java.util.TimerThread.mainLoop(Timer.java:566)
	at java.base/java.util.TimerThread.run(Timer.java:516)

!ENTRY com.st.stm32cube.ide.mpu.remote.serial 4 0 2026-04-03 17:45:44.094
!MESSAGE Failed to parse wmic output
!STACK 0
org.xml.sax.SAXParseException; lineNumber: 1; columnNumber: 1; Premature end of file.
	at java.xml/com.sun.org.apache.xerces.internal.parsers.DOMParser.parse(DOMParser.java:262)
	at java.xml/com.sun.org.apache.xerces.internal.jaxp.DocumentBuilderImpl.parse(DocumentBuilderImpl.java:342)
	at com.st.stm32cube.ide.mpu.remote.serial.internal.SerialPortProviderWindows.run(SerialPortProviderWindows.java:127)
	at java.base/java.util.TimerThread.mainLoop(Timer.java:566)
	at java.base/java.util.TimerThread.run(Timer.java:516)

!ENTRY com.st.stm32cube.ide.mpu.remote.serial 4 0 2026-04-03 17:45:45.091
!MESSAGE Failed to parse wmic output
!STACK 0
org.xml.sax.SAXParseException; lineNumber: 1; columnNumber: 1; Premature end of file.
	at java.xml/com.sun.org.apache.xerces.internal.parsers.DOMParser.parse(DOMParser.java:262)
	at java.xml/com.sun.org.apache.xerces.internal.jaxp.DocumentBuilderImpl.parse(DocumentBuilderImpl.java:342)
	at com.st.stm32cube.ide.mpu.remote.serial.internal.SerialPortProviderWindows.run(SerialPortProviderWindows.java:127)
	at java.base/java.util.TimerThread.mainLoop(Timer.java:566)
	at java.base/java.util.TimerThread.run(Timer.java:516)

!ENTRY com.st.stm32cube.ide.mpu.remote.serial 4 0 2026-04-03 17:45:46.085
!MESSAGE Failed to parse wmic output
!STACK 0
org.xml.sax.SAXParseException; lineNumber: 1; columnNumber: 1; Premature end of file.
	at java.xml/com.sun.org.apache.xerces.internal.parsers.DOMParser.parse(DOMParser.java:262)
	at java.xml/com.sun.org.apache.xerces.internal.jaxp.DocumentBuilderImpl.parse(DocumentBuilderImpl.java:342)
	at com.st.stm32cube.ide.mpu.remote.serial.internal.SerialPortProviderWindows.run(SerialPortProviderWindows.java:127)
	at java.base/java.util.TimerThread.mainLoop(Timer.java:566)
	at java.base/java.util.TimerThread.run(Timer.java:516)

!ENTRY com.st.stm32cube.ide.mpu.remote.serial 4 0 2026-04-03 17:45:47.089
!MESSAGE Failed to parse wmic output
!STACK 0
org.xml.sax.SAXParseException; lineNumber: 1; columnNumber: 1; Premature end of file.
	at java.xml/com.sun.org.apache.xerces.internal.parsers.DOMParser.parse(DOMParser.java:262)
	at java.xml/com.sun.org.apache.xerces.internal.jaxp.DocumentBuilderImpl.parse(DocumentBuilderImpl.java:342)
	at com.st.stm32cube.ide.mpu.remote.serial.internal.SerialPortProviderWindows.run(SerialPortProviderWindows.java:127)
	at java.base/java.util.TimerThread.mainLoop(Timer.java:566)
	at java.base/java.util.TimerThread.run(Timer.java:516)

!ENTRY com.st.stm32cube.ide.mpu.remote.serial 4 0 2026-04-03 17:45:48.095
!MESSAGE Failed to parse wmic output
!STACK 0
org.xml.sax.SAXParseException; lineNumber: 1; columnNumber: 1; Premature end of file.
	at java.xml/com.sun.org.apache.xerces.internal.parsers.DOMParser.parse(DOMParser.java:262)
	at java.xml/com.sun.org.apache.xerces.internal.jaxp.DocumentBuilderImpl.parse(DocumentBuilderImpl.java:342)
	at com.st.stm32cube.ide.mpu.remote.serial.internal.SerialPortProviderWindows.run(SerialPortProviderWindows.java:127)
	at java.base/java.util.TimerThread.mainLoop(Timer.java:566)
	at java.base/java.util.TimerThread.run(Timer.java:516)

!ENTRY com.st.stm32cube.ide.mpu.remote.serial 4 0 2026-04-03 17:45:49.084
!MESSAGE Failed to parse wmic output
!STACK 0
org.xml.sax.SAXParseException; lineNumber: 1; columnNumber: 1; Premature end of file.
	at java.xml/com.sun.org.apache.xerces.internal.parsers.DOMParser.parse(DOMParser.java:262)
	at java.xml/com.sun.org.apache.xerces.internal.jaxp.DocumentBuilderImpl.parse(DocumentBuilderImpl.java:342)
	at com.st.stm32cube.ide.mpu.remote.serial.internal.SerialPortProviderWindows.run(SerialPortProviderWindows.java:127)
	at java.base/java.util.TimerThread.mainLoop(Timer.java:566)
	at java.base/java.util.TimerThread.run(Timer.java:516)

!ENTRY com.st.stm32cube.ide.mpu.remote.serial 4 0 2026-04-03 17:45:50.071
!MESSAGE Failed to parse wmic output
!STACK 0
org.xml.sax.SAXParseException; lineNumber: 1; columnNumber: 1; Premature end of file.
	at java.xml/com.sun.org.apache.xerces.internal.parsers.DOMParser.parse(DOMParser.java:262)
	at java.xml/com.sun.org.apache.xerces.internal.jaxp.DocumentBuilderImpl.parse(DocumentBuilderImpl.java:342)
	at com.st.stm32cube.ide.mpu.remote.serial.internal.SerialPortProviderWindows.run(SerialPortProviderWindows.java:127)
	at java.base/java.util.TimerThread.mainLoop(Timer.java:566)
	at java.base/java.util.TimerThread.run(Timer.java:516)

!ENTRY com.st.stm32cube.ide.mpu.remote.serial 4 0 2026-04-03 17:45:51.088
!MESSAGE Failed to parse wmic output
!STACK 0
org.xml.sax.SAXParseException; lineNumber: 1; columnNumber: 1; Premature end of file.
	at java.xml/com.sun.org.apache.xerces.internal.parsers.DOMParser.parse(DOMParser.java:262)
	at java.xml/com.sun.org.apache.xerces.internal.jaxp.DocumentBuilderImpl.parse(DocumentBuilderImpl.java:342)
	at com.st.stm32cube.ide.mpu.remote.serial.internal.SerialPortProviderWindows.run(SerialPortProviderWindows.java:127)
	at java.base/java.util.TimerThread.mainLoop(Timer.java:566)
	at java.base/java.util.TimerThread.run(Timer.java:516)

!ENTRY com.st.stm32cube.ide.mpu.remote.serial 4 0 2026-04-03 17:45:52.102
!MESSAGE Failed to parse wmic output
!STACK 0
org.xml.sax.SAXParseException; lineNumber: 1; columnNumber: 1; Premature end of file.
	at java.xml/com.sun.org.apache.xerces.internal.parsers.DOMParser.parse(DOMParser.java:262)
	at java.xml/com.sun.org.apache.xerces.internal.jaxp.DocumentBuilderImpl.parse(DocumentBuilderImpl.java:342)
	at com.st.stm32cube.ide.mpu.remote.serial.internal.SerialPortProviderWindows.run(SerialPortProviderWindows.java:127)
	at java.base/java.util.TimerThread.mainLoop(Timer.java:566)
	at java.base/java.util.TimerThread.run(Timer.java:516)

!ENTRY com.st.stm32cube.ide.mpu.remote.serial 4 0 2026-04-03 17:45:53.095
!MESSAGE Failed to parse wmic output
!STACK 0
org.xml.sax.SAXParseException; lineNumber: 1; columnNumber: 1; Premature end of file.
	at java.xml/com.sun.org.apache.xerces.internal.parsers.DOMParser.parse(DOMParser.java:262)
	at java.xml/com.sun.org.apache.xerces.internal.jaxp.DocumentBuilderImpl.parse(DocumentBuilderImpl.java:342)
	at com.st.stm32cube.ide.mpu.remote.serial.internal.SerialPortProviderWindows.run(SerialPortProviderWindows.java:127)
	at java.base/java.util.TimerThread.mainLoop(Timer.java:566)
	at java.base/java.util.TimerThread.run(Timer.java:516)

!ENTRY com.st.stm32cube.ide.mpu.remote.serial 4 0 2026-04-03 17:45:54.098
!MESSAGE Failed to parse wmic output
!STACK 0
org.xml.sax.SAXParseException; lineNumber: 1; columnNumber: 1; Premature end of file.
	at java.xml/com.sun.org.apache.xerces.internal.parsers.DOMParser.parse(DOMParser.java:262)
	at java.xml/com.sun.org.apache.xerces.internal.jaxp.DocumentBuilderImpl.parse(DocumentBuilderImpl.java:342)
	at com.st.stm32cube.ide.mpu.remote.serial.internal.SerialPortProviderWindows.run(SerialPortProviderWindows.java:127)
	at java.base/java.util.TimerThread.mainLoop(Timer.java:566)
	at java.base/java.util.TimerThread.run(Timer.java:516)

!ENTRY com.st.stm32cube.ide.mpu.remote.serial 4 0 2026-04-03 17:45:55.101
!MESSAGE Failed to parse wmic output
!STACK 0
org.xml.sax.SAXParseException; lineNumber: 1; columnNumber: 1; Premature end of file.
	at java.xml/com.sun.org.apache.xerces.internal.parsers.DOMParser.parse(DOMParser.java:262)
	at java.xml/com.sun.org.apache.xerces.internal.jaxp.DocumentBuilderImpl.parse(DocumentBuilderImpl.java:342)
	at com.st.stm32cube.ide.mpu.remote.serial.internal.SerialPortProviderWindows.run(SerialPortProviderWindows.java:127)
	at java.base/java.util.TimerThread.mainLoop(Timer.java:566)
	at java.base/java.util.TimerThread.run(Timer.java:516)

!ENTRY com.st.stm32cube.ide.mpu.remote.serial 4 0 2026-04-03 17:45:56.100
!MESSAGE Failed to parse wmic output
!STACK 0
org.xml.sax.SAXParseException; lineNumber: 1; columnNumber: 1; Premature end of file.
	at java.xml/com.sun.org.apache.xerces.internal.parsers.DOMParser.parse(DOMParser.java:262)
	at java.xml/com.sun.org.apache.xerces.internal.jaxp.DocumentBuilderImpl.parse(DocumentBuilderImpl.java:342)
	at com.st.stm32cube.ide.mpu.remote.serial.internal.SerialPortProviderWindows.run(SerialPortProviderWindows.java:127)
	at java.base/java.util.TimerThread.mainLoop(Timer.java:566)
	at java.base/java.util.TimerThread.run(Timer.java:516)

!ENTRY com.st.stm32cube.ide.mpu.remote.serial 4 0 2026-04-03 17:45:57.098
!MESSAGE Failed to parse wmic output
!STACK 0
org.xml.sax.SAXParseException; lineNumber: 1; columnNumber: 1; Premature end of file.
	at java.xml/com.sun.org.apache.xerces.internal.parsers.DOMParser.parse(DOMParser.java:262)
	at java.xml/com.sun.org.apache.xerces.internal.jaxp.DocumentBuilderImpl.parse(DocumentBuilderImpl.java:342)
	at com.st.stm32cube.ide.mpu.remote.serial.internal.SerialPortProviderWindows.run(SerialPortProviderWindows.java:127)
	at java.base/java.util.TimerThread.mainLoop(Timer.java:566)
	at java.base/java.util.TimerThread.run(Timer.java:516)

!ENTRY com.st.stm32cube.ide.mpu.remote.serial 4 0 2026-04-03 17:45:58.109
!MESSAGE Failed to parse wmic output
!STACK 0
org.xml.sax.SAXParseException; lineNumber: 1; columnNumber: 1; Premature end of file.
	at java.xml/com.sun.org.apache.xerces.internal.parsers.DOMParser.parse(DOMParser.java:262)
	at java.xml/com.sun.org.apache.xerces.internal.jaxp.DocumentBuilderImpl.parse(DocumentBuilderImpl.java:342)
	at com.st.stm32cube.ide.mpu.remote.serial.internal.SerialPortProviderWindows.run(SerialPortProviderWindows.java:127)
	at java.base/java.util.TimerThread.mainLoop(Timer.java:566)
	at java.base/java.util.TimerThread.run(Timer.java:516)

!ENTRY com.st.stm32cube.ide.mpu.remote.serial 4 0 2026-04-03 17:45:59.103
!MESSAGE Failed to parse wmic output
!STACK 0
org.xml.sax.SAXParseException; lineNumber: 1; columnNumber: 1; Premature end of file.
	at java.xml/com.sun.org.apache.xerces.internal.parsers.DOMParser.parse(DOMParser.java:262)
	at java.xml/com.sun.org.apache.xerces.internal.jaxp.DocumentBuilderImpl.parse(DocumentBuilderImpl.java:342)
	at com.st.stm32cube.ide.mpu.remote.serial.internal.SerialPortProviderWindows.run(SerialPortProviderWindows.java:127)
	at java.base/java.util.TimerThread.mainLoop(Timer.java:566)
	at java.base/java.util.TimerThread.run(Timer.java:516)

!ENTRY com.st.stm32cube.ide.mpu.remote.serial 4 0 2026-04-03 17:46:00.070
!MESSAGE Failed to parse wmic output
!STACK 0
org.xml.sax.SAXParseException; lineNumber: 1; columnNumber: 1; Premature end of file.
	at java.xml/com.sun.org.apache.xerces.internal.parsers.DOMParser.parse(DOMParser.java:262)
	at java.xml/com.sun.org.apache.xerces.internal.jaxp.DocumentBuilderImpl.parse(DocumentBuilderImpl.java:342)
	at com.st.stm32cube.ide.mpu.remote.serial.internal.SerialPortProviderWindows.run(SerialPortProviderWindows.java:127)
	at java.base/java.util.TimerThread.mainLoop(Timer.java:566)
	at java.base/java.util.TimerThread.run(Timer.java:516)

!ENTRY com.st.stm32cube.ide.mpu.remote.serial 4 0 2026-04-03 17:46:01.096
!MESSAGE Failed to parse wmic output
!STACK 0
org.xml.sax.SAXParseException; lineNumber: 1; columnNumber: 1; Premature end of file.
	at java.xml/com.sun.org.apache.xerces.internal.parsers.DOMParser.parse(DOMParser.java:262)
	at java.xml/com.sun.org.apache.xerces.internal.jaxp.DocumentBuilderImpl.parse(DocumentBuilderImpl.java:342)
	at com.st.stm32cube.ide.mpu.remote.serial.internal.SerialPortProviderWindows.run(SerialPortProviderWindows.java:127)
	at java.base/java.util.TimerThread.mainLoop(Timer.java:566)
	at java.base/java.util.TimerThread.run(Timer.java:516)

!ENTRY com.st.stm32cube.ide.mpu.remote.serial 4 0 2026-04-03 17:46:02.092
!MESSAGE Failed to parse wmic output
!STACK 0
org.xml.sax.SAXParseException; lineNumber: 1; columnNumber: 1; Premature end of file.
	at java.xml/com.sun.org.apache.xerces.internal.parsers.DOMParser.parse(DOMParser.java:262)
	at java.xml/com.sun.org.apache.xerces.internal.jaxp.DocumentBuilderImpl.parse(DocumentBuilderImpl.java:342)
	at com.st.stm32cube.ide.mpu.remote.serial.internal.SerialPortProviderWindows.run(SerialPortProviderWindows.java:127)
	at java.base/java.util.TimerThread.mainLoop(Timer.java:566)
	at java.base/java.util.TimerThread.run(Timer.java:516)

!ENTRY com.st.stm32cube.ide.mpu.remote.serial 4 0 2026-04-03 17:46:03.094
!MESSAGE Failed to parse wmic output
!STACK 0
org.xml.sax.SAXParseException; lineNumber: 1; columnNumber: 1; Premature end of file.
	at java.xml/com.sun.org.apache.xerces.internal.parsers.DOMParser.parse(DOMParser.java:262)
	at java.xml/com.sun.org.apache.xerces.internal.jaxp.DocumentBuilderImpl.parse(DocumentBuilderImpl.java:342)
	at com.st.stm32cube.ide.mpu.remote.serial.internal.SerialPortProviderWindows.run(SerialPortProviderWindows.java:127)
	at java.base/java.util.TimerThread.mainLoop(Timer.java:566)
	at java.base/java.util.TimerThread.run(Timer.java:516)

!ENTRY com.st.stm32cube.ide.mpu.remote.serial 4 0 2026-04-03 17:46:04.086
!MESSAGE Failed to parse wmic output
!STACK 0
org.xml.sax.SAXParseException; lineNumber: 1; columnNumber: 1; Premature end of file.
	at java.xml/com.sun.org.apache.xerces.internal.parsers.DOMParser.parse(DOMParser.java:262)
	at java.xml/com.sun.org.apache.xerces.internal.jaxp.DocumentBuilderImpl.parse(DocumentBuilderImpl.java:342)
	at com.st.stm32cube.ide.mpu.remote.serial.internal.SerialPortProviderWindows.run(SerialPortProviderWindows.java:127)
	at java.base/java.util.TimerThread.mainLoop(Timer.java:566)
	at java.base/java.util.TimerThread.run(Timer.java:516)

!ENTRY com.st.stm32cube.ide.mpu.remote.serial 4 0 2026-04-03 17:46:05.094
!MESSAGE Failed to parse wmic output
!STACK 0
org.xml.sax.SAXParseException; lineNumber: 1; columnNumber: 1; Premature end of file.
	at java.xml/com.sun.org.apache.xerces.internal.parsers.DOMParser.parse(DOMParser.java:262)
	at java.xml/com.sun.org.apache.xerces.internal.jaxp.DocumentBuilderImpl.parse(DocumentBuilderImpl.java:342)
	at com.st.stm32cube.ide.mpu.remote.serial.internal.SerialPortProviderWindows.run(SerialPortProviderWindows.java:127)
	at java.base/java.util.TimerThread.mainLoop(Timer.java:566)
	at java.base/java.util.TimerThread.run(Timer.java:516)

!ENTRY com.st.stm32cube.ide.mpu.remote.serial 4 0 2026-04-03 17:46:06.097
!MESSAGE Failed to parse wmic output
!STACK 0
org.xml.sax.SAXParseException; lineNumber: 1; columnNumber: 1; Premature end of file.
	at java.xml/com.sun.org.apache.xerces.internal.parsers.DOMParser.parse(DOMParser.java:262)
	at java.xml/com.sun.org.apache.xerces.internal.jaxp.DocumentBuilderImpl.parse(DocumentBuilderImpl.java:342)
	at com.st.stm32cube.ide.mpu.remote.serial.internal.SerialPortProviderWindows.run(SerialPortProviderWindows.java:127)
	at java.base/java.util.TimerThread.mainLoop(Timer.java:566)
	at java.base/java.util.TimerThread.run(Timer.java:516)

!ENTRY com.st.stm32cube.ide.mpu.remote.serial 4 0 2026-04-03 17:46:07.096
!MESSAGE Failed to parse wmic output
!STACK 0
org.xml.sax.SAXParseException; lineNumber: 1; columnNumber: 1; Premature end of file.
	at java.xml/com.sun.org.apache.xerces.internal.parsers.DOMParser.parse(DOMParser.java:262)
	at java.xml/com.sun.org.apache.xerces.internal.jaxp.DocumentBuilderImpl.parse(DocumentBuilderImpl.java:342)
	at com.st.stm32cube.ide.mpu.remote.serial.internal.SerialPortProviderWindows.run(SerialPortProviderWindows.java:127)
	at java.base/java.util.TimerThread.mainLoop(Timer.java:566)
	at java.base/java.util.TimerThread.run(Timer.java:516)

!ENTRY com.st.stm32cube.ide.mpu.remote.serial 4 0 2026-04-03 17:46:08.066
!MESSAGE Failed to parse wmic output
!STACK 0
org.xml.sax.SAXParseException; lineNumber: 1; columnNumber: 1; Premature end of file.
	at java.xml/com.sun.org.apache.xerces.internal.parsers.DOMParser.parse(DOMParser.java:262)
	at java.xml/com.sun.org.apache.xerces.internal.jaxp.DocumentBuilderImpl.parse(DocumentBuilderImpl.java:342)
	at com.st.stm32cube.ide.mpu.remote.serial.internal.SerialPortProviderWindows.run(SerialPortProviderWindows.java:127)
	at java.base/java.util.TimerThread.mainLoop(Timer.java:566)
	at java.base/java.util.TimerThread.run(Timer.java:516)

!ENTRY com.st.stm32cube.ide.mpu.remote.serial 4 0 2026-04-03 17:46:09.073
!MESSAGE Failed to parse wmic output
!STACK 0
org.xml.sax.SAXParseException; lineNumber: 1; columnNumber: 1; Premature end of file.
	at java.xml/com.sun.org.apache.xerces.internal.parsers.DOMParser.parse(DOMParser.java:262)
	at java.xml/com.sun.org.apache.xerces.internal.jaxp.DocumentBuilderImpl.parse(DocumentBuilderImpl.java:342)
	at com.st.stm32cube.ide.mpu.remote.serial.internal.SerialPortProviderWindows.run(SerialPortProviderWindows.java:127)
	at java.base/java.util.TimerThread.mainLoop(Timer.java:566)
	at java.base/java.util.TimerThread.run(Timer.java:516)

!ENTRY com.st.stm32cube.ide.mpu.remote.serial 4 0 2026-04-03 17:46:10.084
!MESSAGE Failed to parse wmic output
!STACK 0
org.xml.sax.SAXParseException; lineNumber: 1; columnNumber: 1; Premature end of file.
	at java.xml/com.sun.org.apache.xerces.internal.parsers.DOMParser.parse(DOMParser.java:262)
	at java.xml/com.sun.org.apache.xerces.internal.jaxp.DocumentBuilderImpl.parse(DocumentBuilderImpl.java:342)
	at com.st.stm32cube.ide.mpu.remote.serial.internal.SerialPortProviderWindows.run(SerialPortProviderWindows.java:127)
	at java.base/java.util.TimerThread.mainLoop(Timer.java:566)
	at java.base/java.util.TimerThread.run(Timer.java:516)

!ENTRY com.st.stm32cube.ide.mpu.remote.serial 4 0 2026-04-03 17:46:11.063
!MESSAGE Failed to parse wmic output
!STACK 0
org.xml.sax.SAXParseException; lineNumber: 1; columnNumber: 1; Premature end of file.
	at java.xml/com.sun.org.apache.xerces.internal.parsers.DOMParser.parse(DOMParser.java:262)
	at java.xml/com.sun.org.apache.xerces.internal.jaxp.DocumentBuilderImpl.parse(DocumentBuilderImpl.java:342)
	at com.st.stm32cube.ide.mpu.remote.serial.internal.SerialPortProviderWindows.run(SerialPortProviderWindows.java:127)
	at java.base/java.util.TimerThread.mainLoop(Timer.java:566)
	at java.base/java.util.TimerThread.run(Timer.java:516)

!ENTRY com.st.stm32cube.ide.mpu.remote.serial 4 0 2026-04-03 17:46:12.101
!MESSAGE Failed to parse wmic output
!STACK 0
org.xml.sax.SAXParseException; lineNumber: 1; columnNumber: 1; Premature end of file.
	at java.xml/com.sun.org.apache.xerces.internal.parsers.DOMParser.parse(DOMParser.java:262)
	at java.xml/com.sun.org.apache.xerces.internal.jaxp.DocumentBuilderImpl.parse(DocumentBuilderImpl.java:342)
	at com.st.stm32cube.ide.mpu.remote.serial.internal.SerialPortProviderWindows.run(SerialPortProviderWindows.java:127)
	at java.base/java.util.TimerThread.mainLoop(Timer.java:566)
	at java.base/java.util.TimerThread.run(Timer.java:516)

!ENTRY com.st.stm32cube.ide.mpu.remote.serial 4 0 2026-04-03 17:46:13.086
!MESSAGE Failed to parse wmic output
!STACK 0
org.xml.sax.SAXParseException; lineNumber: 1; columnNumber: 1; Premature end of file.
	at java.xml/com.sun.org.apache.xerces.internal.parsers.DOMParser.parse(DOMParser.java:262)
	at java.xml/com.sun.org.apache.xerces.internal.jaxp.DocumentBuilderImpl.parse(DocumentBuilderImpl.java:342)
	at com.st.stm32cube.ide.mpu.remote.serial.internal.SerialPortProviderWindows.run(SerialPortProviderWindows.java:127)
	at java.base/java.util.TimerThread.mainLoop(Timer.java:566)
	at java.base/java.util.TimerThread.run(Timer.java:516)

!ENTRY com.st.stm32cube.ide.mpu.remote.serial 4 0 2026-04-03 17:46:14.073
!MESSAGE Failed to parse wmic output
!STACK 0
org.xml.sax.SAXParseException; lineNumber: 1; columnNumber: 1; Premature end of file.
	at java.xml/com.sun.org.apache.xerces.internal.parsers.DOMParser.parse(DOMParser.java:262)
	at java.xml/com.sun.org.apache.xerces.internal.jaxp.DocumentBuilderImpl.parse(DocumentBuilderImpl.java:342)
	at com.st.stm32cube.ide.mpu.remote.serial.internal.SerialPortProviderWindows.run(SerialPortProviderWindows.java:127)
	at java.base/java.util.TimerThread.mainLoop(Timer.java:566)
	at java.base/java.util.TimerThread.run(Timer.java:516)

!ENTRY com.st.stm32cube.ide.mpu.remote.serial 4 0 2026-04-03 17:46:15.071
!MESSAGE Failed to parse wmic output
!STACK 0
org.xml.sax.SAXParseException; lineNumber: 1; columnNumber: 1; Premature end of file.
	at java.xml/com.sun.org.apache.xerces.internal.parsers.DOMParser.parse(DOMParser.java:262)
	at java.xml/com.sun.org.apache.xerces.internal.jaxp.DocumentBuilderImpl.parse(DocumentBuilderImpl.java:342)
	at com.st.stm32cube.ide.mpu.remote.serial.internal.SerialPortProviderWindows.run(SerialPortProviderWindows.java:127)
	at java.base/java.util.TimerThread.mainLoop(Timer.java:566)
	at java.base/java.util.TimerThread.run(Timer.java:516)

!ENTRY com.st.stm32cube.ide.mpu.remote.serial 4 0 2026-04-03 17:46:16.091
!MESSAGE Failed to parse wmic output
!STACK 0
org.xml.sax.SAXParseException; lineNumber: 1; columnNumber: 1; Premature end of file.
	at java.xml/com.sun.org.apache.xerces.internal.parsers.DOMParser.parse(DOMParser.java:262)
	at java.xml/com.sun.org.apache.xerces.internal.jaxp.DocumentBuilderImpl.parse(DocumentBuilderImpl.java:342)
	at com.st.stm32cube.ide.mpu.remote.serial.internal.SerialPortProviderWindows.run(SerialPortProviderWindows.java:127)
	at java.base/java.util.TimerThread.mainLoop(Timer.java:566)
	at java.base/java.util.TimerThread.run(Timer.java:516)

!ENTRY com.st.stm32cube.ide.mpu.remote.serial 4 0 2026-04-03 17:46:17.082
!MESSAGE Failed to parse wmic output
!STACK 0
org.xml.sax.SAXParseException; lineNumber: 1; columnNumber: 1; Premature end of file.
	at java.xml/com.sun.org.apache.xerces.internal.parsers.DOMParser.parse(DOMParser.java:262)
	at java.xml/com.sun.org.apache.xerces.internal.jaxp.DocumentBuilderImpl.parse(DocumentBuilderImpl.java:342)
	at com.st.stm32cube.ide.mpu.remote.serial.internal.SerialPortProviderWindows.run(SerialPortProviderWindows.java:127)
	at java.base/java.util.TimerThread.mainLoop(Timer.java:566)
	at java.base/java.util.TimerThread.run(Timer.java:516)

!ENTRY com.st.stm32cube.ide.mpu.remote.serial 4 0 2026-04-03 17:46:18.078
!MESSAGE Failed to parse wmic output
!STACK 0
org.xml.sax.SAXParseException; lineNumber: 1; columnNumber: 1; Premature end of file.
	at java.xml/com.sun.org.apache.xerces.internal.parsers.DOMParser.parse(DOMParser.java:262)
	at java.xml/com.sun.org.apache.xerces.internal.jaxp.DocumentBuilderImpl.parse(DocumentBuilderImpl.java:342)
	at com.st.stm32cube.ide.mpu.remote.serial.internal.SerialPortProviderWindows.run(SerialPortProviderWindows.java:127)
	at java.base/java.util.TimerThread.mainLoop(Timer.java:566)
	at java.base/java.util.TimerThread.run(Timer.java:516)

!ENTRY com.st.stm32cube.ide.mpu.remote.serial 4 0 2026-04-03 17:46:19.067
!MESSAGE Failed to parse wmic output
!STACK 0
org.xml.sax.SAXParseException; lineNumber: 1; columnNumber: 1; Premature end of file.
	at java.xml/com.sun.org.apache.xerces.internal.parsers.DOMParser.parse(DOMParser.java:262)
	at java.xml/com.sun.org.apache.xerces.internal.jaxp.DocumentBuilderImpl.parse(DocumentBuilderImpl.java:342)
	at com.st.stm32cube.ide.mpu.remote.serial.internal.SerialPortProviderWindows.run(SerialPortProviderWindows.java:127)
	at java.base/java.util.TimerThread.mainLoop(Timer.java:566)
	at java.base/java.util.TimerThread.run(Timer.java:516)

!ENTRY com.st.stm32cube.ide.mpu.remote.serial 4 0 2026-04-03 17:46:20.063
!MESSAGE Failed to parse wmic output
!STACK 0
org.xml.sax.SAXParseException; lineNumber: 1; columnNumber: 1; Premature end of file.
	at java.xml/com.sun.org.apache.xerces.internal.parsers.DOMParser.parse(DOMParser.java:262)
	at java.xml/com.sun.org.apache.xerces.internal.jaxp.DocumentBuilderImpl.parse(DocumentBuilderImpl.java:342)
	at com.st.stm32cube.ide.mpu.remote.serial.internal.SerialPortProviderWindows.run(SerialPortProviderWindows.java:127)
	at java.base/java.util.TimerThread.mainLoop(Timer.java:566)
	at java.base/java.util.TimerThread.run(Timer.java:516)

!ENTRY com.st.stm32cube.ide.mpu.remote.serial 4 0 2026-04-03 17:46:21.056
!MESSAGE Failed to parse wmic output
!STACK 0
org.xml.sax.SAXParseException; lineNumber: 1; columnNumber: 1; Premature end of file.
	at java.xml/com.sun.org.apache.xerces.internal.parsers.DOMParser.parse(DOMParser.java:262)
	at java.xml/com.sun.org.apache.xerces.internal.jaxp.DocumentBuilderImpl.parse(DocumentBuilderImpl.java:342)
	at com.st.stm32cube.ide.mpu.remote.serial.internal.SerialPortProviderWindows.run(SerialPortProviderWindows.java:127)
	at java.base/java.util.TimerThread.mainLoop(Timer.java:566)
	at java.base/java.util.TimerThread.run(Timer.java:516)

!ENTRY com.st.stm32cube.ide.mpu.remote.serial 4 0 2026-04-03 17:46:22.055
!MESSAGE Failed to parse wmic output
!STACK 0
org.xml.sax.SAXParseException; lineNumber: 1; columnNumber: 1; Premature end of file.
	at java.xml/com.sun.org.apache.xerces.internal.parsers.DOMParser.parse(DOMParser.java:262)
	at java.xml/com.sun.org.apache.xerces.internal.jaxp.DocumentBuilderImpl.parse(DocumentBuilderImpl.java:342)
	at com.st.stm32cube.ide.mpu.remote.serial.internal.SerialPortProviderWindows.run(SerialPortProviderWindows.java:127)
	at java.base/java.util.TimerThread.mainLoop(Timer.java:566)
	at java.base/java.util.TimerThread.run(Timer.java:516)

!ENTRY com.st.stm32cube.ide.mpu.remote.serial 4 0 2026-04-03 17:46:23.055
!MESSAGE Failed to parse wmic output
!STACK 0
org.xml.sax.SAXParseException; lineNumber: 1; columnNumber: 1; Premature end of file.
	at java.xml/com.sun.org.apache.xerces.internal.parsers.DOMParser.parse(DOMParser.java:262)
	at java.xml/com.sun.org.apache.xerces.internal.jaxp.DocumentBuilderImpl.parse(DocumentBuilderImpl.java:342)
	at com.st.stm32cube.ide.mpu.remote.serial.internal.SerialPortProviderWindows.run(SerialPortProviderWindows.java:127)
	at java.base/java.util.TimerThread.mainLoop(Timer.java:566)
	at java.base/java.util.TimerThread.run(Timer.java:516)

!ENTRY com.st.stm32cube.ide.mpu.remote.serial 4 0 2026-04-03 17:46:24.057
!MESSAGE Failed to parse wmic output
!STACK 0
org.xml.sax.SAXParseException; lineNumber: 1; columnNumber: 1; Premature end of file.
	at java.xml/com.sun.org.apache.xerces.internal.parsers.DOMParser.parse(DOMParser.java:262)
	at java.xml/com.sun.org.apache.xerces.internal.jaxp.DocumentBuilderImpl.parse(DocumentBuilderImpl.java:342)
	at com.st.stm32cube.ide.mpu.remote.serial.internal.SerialPortProviderWindows.run(SerialPortProviderWindows.java:127)
	at java.base/java.util.TimerThread.mainLoop(Timer.java:566)
	at java.base/java.util.TimerThread.run(Timer.java:516)

!ENTRY com.st.stm32cube.ide.mpu.remote.serial 4 0 2026-04-03 17:46:25.056
!MESSAGE Failed to parse wmic output
!STACK 0
org.xml.sax.SAXParseException; lineNumber: 1; columnNumber: 1; Premature end of file.
	at java.xml/com.sun.org.apache.xerces.internal.parsers.DOMParser.parse(DOMParser.java:262)
	at java.xml/com.sun.org.apache.xerces.internal.jaxp.DocumentBuilderImpl.parse(DocumentBuilderImpl.java:342)
	at com.st.stm32cube.ide.mpu.remote.serial.internal.SerialPortProviderWindows.run(SerialPortProviderWindows.java:127)
	at java.base/java.util.TimerThread.mainLoop(Timer.java:566)
	at java.base/java.util.TimerThread.run(Timer.java:516)

!ENTRY com.st.stm32cube.ide.mpu.remote.serial 4 0 2026-04-03 17:46:26.056
!MESSAGE Failed to parse wmic output
!STACK 0
org.xml.sax.SAXParseException; lineNumber: 1; columnNumber: 1; Premature end of file.
	at java.xml/com.sun.org.apache.xerces.internal.parsers.DOMParser.parse(DOMParser.java:262)
	at java.xml/com.sun.org.apache.xerces.internal.jaxp.DocumentBuilderImpl.parse(DocumentBuilderImpl.java:342)
	at com.st.stm32cube.ide.mpu.remote.serial.internal.SerialPortProviderWindows.run(SerialPortProviderWindows.java:127)
	at java.base/java.util.TimerThread.mainLoop(Timer.java:566)
	at java.base/java.util.TimerThread.run(Timer.java:516)

!ENTRY com.st.stm32cube.ide.mpu.remote.serial 4 0 2026-04-03 17:46:27.062
!MESSAGE Failed to parse wmic output
!STACK 0
org.xml.sax.SAXParseException; lineNumber: 1; columnNumber: 1; Premature end of file.
	at java.xml/com.sun.org.apache.xerces.internal.parsers.DOMParser.parse(DOMParser.java:262)
	at java.xml/com.sun.org.apache.xerces.internal.jaxp.DocumentBuilderImpl.parse(DocumentBuilderImpl.java:342)
	at com.st.stm32cube.ide.mpu.remote.serial.internal.SerialPortProviderWindows.run(SerialPortProviderWindows.java:127)
	at java.base/java.util.TimerThread.mainLoop(Timer.java:566)
	at java.base/java.util.TimerThread.run(Timer.java:516)

!ENTRY com.st.stm32cube.ide.mpu.remote.serial 4 0 2026-04-03 17:46:28.057
!MESSAGE Failed to parse wmic output
!STACK 0
org.xml.sax.SAXParseException; lineNumber: 1; columnNumber: 1; Premature end of file.
	at java.xml/com.sun.org.apache.xerces.internal.parsers.DOMParser.parse(DOMParser.java:262)
	at java.xml/com.sun.org.apache.xerces.internal.jaxp.DocumentBuilderImpl.parse(DocumentBuilderImpl.java:342)
	at com.st.stm32cube.ide.mpu.remote.serial.internal.SerialPortProviderWindows.run(SerialPortProviderWindows.java:127)
	at java.base/java.util.TimerThread.mainLoop(Timer.java:566)
	at java.base/java.util.TimerThread.run(Timer.java:516)

!ENTRY com.st.stm32cube.ide.mpu.remote.serial 4 0 2026-04-03 17:46:29.184
!MESSAGE Failed to parse wmic output
!STACK 0
org.xml.sax.SAXParseException; lineNumber: 1; columnNumber: 1; Premature end of file.
	at java.xml/com.sun.org.apache.xerces.internal.parsers.DOMParser.parse(DOMParser.java:262)
	at java.xml/com.sun.org.apache.xerces.internal.jaxp.DocumentBuilderImpl.parse(DocumentBuilderImpl.java:342)
	at com.st.stm32cube.ide.mpu.remote.serial.internal.SerialPortProviderWindows.run(SerialPortProviderWindows.java:127)
	at java.base/java.util.TimerThread.mainLoop(Timer.java:566)
	at java.base/java.util.TimerThread.run(Timer.java:516)
!SESSION 2026-04-04 14:11:56.121 -----------------------------------------------
eclipse.buildId=Version 1.19.0
java.version=21.0.3
java.vendor=Eclipse Adoptium
BootLoader constants: OS=win32, ARCH=x86_64, WS=win32, NL=en_IN
Command-line arguments:  -os win32 -ws win32 -arch x86_64

!ENTRY com.st.stm32cube.ide.mcu.informationcenter 4 4 2026-04-04 14:12:30.583
!MESSAGE CubeMX plugin appears to be active, Log4j initialization might be too late.

!ENTRY com.st.stm32cube.ide.mcu.informationcenter 1 1 2026-04-04 14:12:30.586
!MESSAGE Log4j2 initialized with config file C:\Users\Dr. S Chakraborty\OneDrive\Desktop\STM32_Dispenser\.metadata\.log4j2.xml

!ENTRY com.st.stm32cube.ide.mcu.ide 1 1 2026-04-04 14:12:47.678
!MESSAGE Started RMI Server, listening on port 41337

!ENTRY com.st.stm32cube.ide.mpu.remote.serial 4 0 2026-04-04 14:13:11.121
!MESSAGE Failed to parse wmic output
!STACK 0
org.xml.sax.SAXParseException; lineNumber: 1; columnNumber: 1; Premature end of file.
	at java.xml/com.sun.org.apache.xerces.internal.parsers.DOMParser.parse(DOMParser.java:262)
	at java.xml/com.sun.org.apache.xerces.internal.jaxp.DocumentBuilderImpl.parse(DocumentBuilderImpl.java:342)
	at com.st.stm32cube.ide.mpu.remote.serial.internal.SerialPortProviderWindows.run(SerialPortProviderWindows.java:127)
	at java.base/java.util.TimerThread.mainLoop(Timer.java:566)
	at java.base/java.util.TimerThread.run(Timer.java:516)

!ENTRY com.st.stm32cube.ide.mpu.remote.serial 4 0 2026-04-04 14:13:11.711
!MESSAGE Failed to parse wmic output
!STACK 0
org.xml.sax.SAXParseException; lineNumber: 1; columnNumber: 1; Premature end of file.
	at java.xml/com.sun.org.apache.xerces.internal.parsers.DOMParser.parse(DOMParser.java:262)
	at java.xml/com.sun.org.apache.xerces.internal.jaxp.DocumentBuilderImpl.parse(DocumentBuilderImpl.java:342)
	at com.st.stm32cube.ide.mpu.remote.serial.internal.SerialPortProviderWindows.run(SerialPortProviderWindows.java:127)
	at java.base/java.util.TimerThread.mainLoop(Timer.java:566)
	at java.base/java.util.TimerThread.run(Timer.java:516)

!ENTRY com.st.stm32cube.ide.mpu.remote.serial 4 0 2026-04-04 14:13:12.712
!MESSAGE Failed to parse wmic output
!STACK 0
org.xml.sax.SAXParseException; lineNumber: 1; columnNumber: 1; Premature end of file.
	at java.xml/com.sun.org.apache.xerces.internal.parsers.DOMParser.parse(DOMParser.java:262)
	at java.xml/com.sun.org.apache.xerces.internal.jaxp.DocumentBuilderImpl.parse(DocumentBuilderImpl.java:342)
	at com.st.stm32cube.ide.mpu.remote.serial.internal.SerialPortProviderWindows.run(SerialPortProviderWindows.java:127)
	at java.base/java.util.TimerThread.mainLoop(Timer.java:566)
	at java.base/java.util.TimerThread.run(Timer.java:516)

!ENTRY com.st.stm32cube.ide.mpu.remote.serial 4 0 2026-04-04 14:13:13.710
!MESSAGE Failed to parse wmic output
!STACK 0
org.xml.sax.SAXParseException; lineNumber: 1; columnNumber: 1; Premature end of file.
	at java.xml/com.sun.org.apache.xerces.internal.parsers.DOMParser.parse(DOMParser.java:262)
	at java.xml/com.sun.org.apache.xerces.internal.jaxp.DocumentBuilderImpl.parse(DocumentBuilderImpl.java:342)
	at com.st.stm32cube.ide.mpu.remote.serial.internal.SerialPortProviderWindows.run(SerialPortProviderWindows.java:127)
	at java.base/java.util.TimerThread.mainLoop(Timer.java:566)
	at java.base/java.util.TimerThread.run(Timer.java:516)

!ENTRY com.st.stm32cube.ide.mpu.remote.serial 4 0 2026-04-04 14:13:14.735
!MESSAGE Failed to parse wmic output
!STACK 0
org.xml.sax.SAXParseException; lineNumber: 1; columnNumber: 1; Premature end of file.
	at java.xml/com.sun.org.apache.xerces.internal.parsers.DOMParser.parse(DOMParser.java:262)
	at java.xml/com.sun.org.apache.xerces.internal.jaxp.DocumentBuilderImpl.parse(DocumentBuilderImpl.java:342)
	at com.st.stm32cube.ide.mpu.remote.serial.internal.SerialPortProviderWindows.run(SerialPortProviderWindows.java:127)
	at java.base/java.util.TimerThread.mainLoop(Timer.java:566)
	at java.base/java.util.TimerThread.run(Timer.java:516)

!ENTRY com.st.stm32cube.ide.mpu.remote.serial 4 0 2026-04-04 14:13:15.722
!MESSAGE Failed to parse wmic output
!STACK 0
org.xml.sax.SAXParseException; lineNumber: 1; columnNumber: 1; Premature end of file.
	at java.xml/com.sun.org.apache.xerces.internal.parsers.DOMParser.parse(DOMParser.java:262)
	at java.xml/com.sun.org.apache.xerces.internal.jaxp.DocumentBuilderImpl.parse(DocumentBuilderImpl.java:342)
	at com.st.stm32cube.ide.mpu.remote.serial.internal.SerialPortProviderWindows.run(SerialPortProviderWindows.java:127)
	at java.base/java.util.TimerThread.mainLoop(Timer.java:566)
	at java.base/java.util.TimerThread.run(Timer.java:516)

!ENTRY com.st.stm32cube.ide.mpu.remote.serial 4 0 2026-04-04 14:13:16.704
!MESSAGE Failed to parse wmic output
!STACK 0
org.xml.sax.SAXParseException; lineNumber: 1; columnNumber: 1; Premature end of file.
	at java.xml/com.sun.org.apache.xerces.internal.parsers.DOMParser.parse(DOMParser.java:262)
	at java.xml/com.sun.org.apache.xerces.internal.jaxp.DocumentBuilderImpl.parse(DocumentBuilderImpl.java:342)
	at com.st.stm32cube.ide.mpu.remote.serial.internal.SerialPortProviderWindows.run(SerialPortProviderWindows.java:127)
	at java.base/java.util.TimerThread.mainLoop(Timer.java:566)
	at java.base/java.util.TimerThread.run(Timer.java:516)

!ENTRY com.st.stm32cube.ide.mpu.remote.serial 4 0 2026-04-04 14:13:17.700
!MESSAGE Failed to parse wmic output
!STACK 0
org.xml.sax.SAXParseException; lineNumber: 1; columnNumber: 1; Premature end of file.
	at java.xml/com.sun.org.apache.xerces.internal.parsers.DOMParser.parse(DOMParser.java:262)
	at java.xml/com.sun.org.apache.xerces.internal.jaxp.DocumentBuilderImpl.parse(DocumentBuilderImpl.java:342)
	at com.st.stm32cube.ide.mpu.remote.serial.internal.SerialPortProviderWindows.run(SerialPortProviderWindows.java:127)
	at java.base/java.util.TimerThread.mainLoop(Timer.java:566)
	at java.base/java.util.TimerThread.run(Timer.java:516)

!ENTRY com.st.stm32cube.ide.mpu.remote.serial 4 0 2026-04-04 14:13:18.709
!MESSAGE Failed to parse wmic output
!STACK 0
org.xml.sax.SAXParseException; lineNumber: 1; columnNumber: 1; Premature end of file.
	at java.xml/com.sun.org.apache.xerces.internal.parsers.DOMParser.parse(DOMParser.java:262)
	at java.xml/com.sun.org.apache.xerces.internal.jaxp.DocumentBuilderImpl.parse(DocumentBuilderImpl.java:342)
	at com.st.stm32cube.ide.mpu.remote.serial.internal.SerialPortProviderWindows.run(SerialPortProviderWindows.java:127)
	at java.base/java.util.TimerThread.mainLoop(Timer.java:566)
	at java.base/java.util.TimerThread.run(Timer.java:516)

!ENTRY com.st.stm32cube.ide.mpu.remote.serial 4 0 2026-04-04 14:13:19.704
!MESSAGE Failed to parse wmic output
!STACK 0
org.xml.sax.SAXParseException; lineNumber: 1; columnNumber: 1; Premature end of file.
	at java.xml/com.sun.org.apache.xerces.internal.parsers.DOMParser.parse(DOMParser.java:262)
	at java.xml/com.sun.org.apache.xerces.internal.jaxp.DocumentBuilderImpl.parse(DocumentBuilderImpl.java:342)
	at com.st.stm32cube.ide.mpu.remote.serial.internal.SerialPortProviderWindows.run(SerialPortProviderWindows.java:127)
	at java.base/java.util.TimerThread.mainLoop(Timer.java:566)
	at java.base/java.util.TimerThread.run(Timer.java:516)

!ENTRY com.st.stm32cube.ide.mpu.remote.serial 4 0 2026-04-04 14:13:20.724
!MESSAGE Failed to parse wmic output
!STACK 0
org.xml.sax.SAXParseException; lineNumber: 1; columnNumber: 1; Premature end of file.
	at java.xml/com.sun.org.apache.xerces.internal.parsers.DOMParser.parse(DOMParser.java:262)
	at java.xml/com.sun.org.apache.xerces.internal.jaxp.DocumentBuilderImpl.parse(DocumentBuilderImpl.java:342)
	at com.st.stm32cube.ide.mpu.remote.serial.internal.SerialPortProviderWindows.run(SerialPortProviderWindows.java:127)
	at java.base/java.util.TimerThread.mainLoop(Timer.java:566)
	at java.base/java.util.TimerThread.run(Timer.java:516)

!ENTRY com.st.stm32cube.ide.mpu.remote.serial 4 0 2026-04-04 14:13:21.716
!MESSAGE Failed to parse wmic output
!STACK 0
org.xml.sax.SAXParseException; lineNumber: 1; columnNumber: 1; Premature end of file.
	at java.xml/com.sun.org.apache.xerces.internal.parsers.DOMParser.parse(DOMParser.java:262)
	at java.xml/com.sun.org.apache.xerces.internal.jaxp.DocumentBuilderImpl.parse(DocumentBuilderImpl.java:342)
	at com.st.stm32cube.ide.mpu.remote.serial.internal.SerialPortProviderWindows.run(SerialPortProviderWindows.java:127)
	at java.base/java.util.TimerThread.mainLoop(Timer.java:566)
	at java.base/java.util.TimerThread.run(Timer.java:516)

!ENTRY com.st.stm32cube.ide.mpu.remote.serial 4 0 2026-04-04 14:13:22.716
!MESSAGE Failed to parse wmic output
!STACK 0
org.xml.sax.SAXParseException; lineNumber: 1; columnNumber: 1; Premature end of file.
	at java.xml/com.sun.org.apache.xerces.internal.parsers.DOMParser.parse(DOMParser.java:262)
	at java.xml/com.sun.org.apache.xerces.internal.jaxp.DocumentBuilderImpl.parse(DocumentBuilderImpl.java:342)
	at com.st.stm32cube.ide.mpu.remote.serial.internal.SerialPortProviderWindows.run(SerialPortProviderWindows.java:127)
	at java.base/java.util.TimerThread.mainLoop(Timer.java:566)
	at java.base/java.util.TimerThread.run(Timer.java:516)

!ENTRY com.st.stm32cube.ide.mpu.remote.serial 4 0 2026-04-04 14:13:23.705
!MESSAGE Failed to parse wmic output
!STACK 0
org.xml.sax.SAXParseException; lineNumber: 1; columnNumber: 1; Premature end of file.
	at java.xml/com.sun.org.apache.xerces.internal.parsers.DOMParser.parse(DOMParser.java:262)
	at java.xml/com.sun.org.apache.xerces.internal.jaxp.DocumentBuilderImpl.parse(DocumentBuilderImpl.java:342)
	at com.st.stm32cube.ide.mpu.remote.serial.internal.SerialPortProviderWindows.run(SerialPortProviderWindows.java:127)
	at java.base/java.util.TimerThread.mainLoop(Timer.java:566)
	at java.base/java.util.TimerThread.run(Timer.java:516)

!ENTRY com.st.stm32cube.ide.mpu.remote.serial 4 0 2026-04-04 14:13:24.715
!MESSAGE Failed to parse wmic output
!STACK 0
org.xml.sax.SAXParseException; lineNumber: 1; columnNumber: 1; Premature end of file.
	at java.xml/com.sun.org.apache.xerces.internal.parsers.DOMParser.parse(DOMParser.java:262)
	at java.xml/com.sun.org.apache.xerces.internal.jaxp.DocumentBuilderImpl.parse(DocumentBuilderImpl.java:342)
	at com.st.stm32cube.ide.mpu.remote.serial.internal.SerialPortProviderWindows.run(SerialPortProviderWindows.java:127)
	at java.base/java.util.TimerThread.mainLoop(Timer.java:566)
	at java.base/java.util.TimerThread.run(Timer.java:516)

!ENTRY com.st.stm32cube.ide.mpu.remote.serial 4 0 2026-04-04 14:13:25.707
!MESSAGE Failed to parse wmic output
!STACK 0
org.xml.sax.SAXParseException; lineNumber: 1; columnNumber: 1; Premature end of file.
	at java.xml/com.sun.org.apache.xerces.internal.parsers.DOMParser.parse(DOMParser.java:262)
	at java.xml/com.sun.org.apache.xerces.internal.jaxp.DocumentBuilderImpl.parse(DocumentBuilderImpl.java:342)
	at com.st.stm32cube.ide.mpu.remote.serial.internal.SerialPortProviderWindows.run(SerialPortProviderWindows.java:127)
	at java.base/java.util.TimerThread.mainLoop(Timer.java:566)
	at java.base/java.util.TimerThread.run(Timer.java:516)

!ENTRY com.st.stm32cube.ide.mpu.remote.serial 4 0 2026-04-04 14:13:26.721
!MESSAGE Failed to parse wmic output
!STACK 0
org.xml.sax.SAXParseException; lineNumber: 1; columnNumber: 1; Premature end of file.
	at java.xml/com.sun.org.apache.xerces.internal.parsers.DOMParser.parse(DOMParser.java:262)
	at java.xml/com.sun.org.apache.xerces.internal.jaxp.DocumentBuilderImpl.parse(DocumentBuilderImpl.java:342)
	at com.st.stm32cube.ide.mpu.remote.serial.internal.SerialPortProviderWindows.run(SerialPortProviderWindows.java:127)
	at java.base/java.util.TimerThread.mainLoop(Timer.java:566)
	at java.base/java.util.TimerThread.run(Timer.java:516)

!ENTRY com.st.stm32cube.ide.mpu.remote.serial 4 0 2026-04-04 14:13:27.705
!MESSAGE Failed to parse wmic output
!STACK 0
org.xml.sax.SAXParseException; lineNumber: 1; columnNumber: 1; Premature end of file.
	at java.xml/com.sun.org.apache.xerces.internal.parsers.DOMParser.parse(DOMParser.java:262)
	at java.xml/com.sun.org.apache.xerces.internal.jaxp.DocumentBuilderImpl.parse(DocumentBuilderImpl.java:342)
	at com.st.stm32cube.ide.mpu.remote.serial.internal.SerialPortProviderWindows.run(SerialPortProviderWindows.java:127)
	at java.base/java.util.TimerThread.mainLoop(Timer.java:566)
	at java.base/java.util.TimerThread.run(Timer.java:516)

!ENTRY com.st.stm32cube.ide.mpu.remote.serial 4 0 2026-04-04 14:13:28.703
!MESSAGE Failed to parse wmic output
!STACK 0
org.xml.sax.SAXParseException; lineNumber: 1; columnNumber: 1; Premature end of file.
	at java.xml/com.sun.org.apache.xerces.internal.parsers.DOMParser.parse(DOMParser.java:262)
	at java.xml/com.sun.org.apache.xerces.internal.jaxp.DocumentBuilderImpl.parse(DocumentBuilderImpl.java:342)
	at com.st.stm32cube.ide.mpu.remote.serial.internal.SerialPortProviderWindows.run(SerialPortProviderWindows.java:127)
	at java.base/java.util.TimerThread.mainLoop(Timer.java:566)
	at java.base/java.util.TimerThread.run(Timer.java:516)

!ENTRY com.st.stm32cube.ide.mpu.remote.serial 4 0 2026-04-04 14:13:29.700
!MESSAGE Failed to parse wmic output
!STACK 0
org.xml.sax.SAXParseException; lineNumber: 1; columnNumber: 1; Premature end of file.
	at java.xml/com.sun.org.apache.xerces.internal.parsers.DOMParser.parse(DOMParser.java:262)
	at java.xml/com.sun.org.apache.xerces.internal.jaxp.DocumentBuilderImpl.parse(DocumentBuilderImpl.java:342)
	at com.st.stm32cube.ide.mpu.remote.serial.internal.SerialPortProviderWindows.run(SerialPortProviderWindows.java:127)
	at java.base/java.util.TimerThread.mainLoop(Timer.java:566)
	at java.base/java.util.TimerThread.run(Timer.java:516)

!ENTRY com.st.stm32cube.ide.mpu.remote.serial 4 0 2026-04-04 14:13:30.704
!MESSAGE Failed to parse wmic output
!STACK 0
org.xml.sax.SAXParseException; lineNumber: 1; columnNumber: 1; Premature end of file.
	at java.xml/com.sun.org.apache.xerces.internal.parsers.DOMParser.parse(DOMParser.java:262)
	at java.xml/com.sun.org.apache.xerces.internal.jaxp.DocumentBuilderImpl.parse(DocumentBuilderImpl.java:342)
	at com.st.stm32cube.ide.mpu.remote.serial.internal.SerialPortProviderWindows.run(SerialPortProviderWindows.java:127)
	at java.base/java.util.TimerThread.mainLoop(Timer.java:566)
	at java.base/java.util.TimerThread.run(Timer.java:516)

!ENTRY com.st.stm32cube.ide.mpu.remote.serial 4 0 2026-04-04 14:13:31.712
!MESSAGE Failed to parse wmic output
!STACK 0
org.xml.sax.SAXParseException; lineNumber: 1; columnNumber: 1; Premature end of file.
	at java.xml/com.sun.org.apache.xerces.internal.parsers.DOMParser.parse(DOMParser.java:262)
	at java.xml/com.sun.org.apache.xerces.internal.jaxp.DocumentBuilderImpl.parse(DocumentBuilderImpl.java:342)
	at com.st.stm32cube.ide.mpu.remote.serial.internal.SerialPortProviderWindows.run(SerialPortProviderWindows.java:127)
	at java.base/java.util.TimerThread.mainLoop(Timer.java:566)
	at java.base/java.util.TimerThread.run(Timer.java:516)

!ENTRY com.st.stm32cube.ide.mpu.remote.serial 4 0 2026-04-04 14:13:32.704
!MESSAGE Failed to parse wmic output
!STACK 0
org.xml.sax.SAXParseException; lineNumber: 1; columnNumber: 1; Premature end of file.
	at java.xml/com.sun.org.apache.xerces.internal.parsers.DOMParser.parse(DOMParser.java:262)
	at java.xml/com.sun.org.apache.xerces.internal.jaxp.DocumentBuilderImpl.parse(DocumentBuilderImpl.java:342)
	at com.st.stm32cube.ide.mpu.remote.serial.internal.SerialPortProviderWindows.run(SerialPortProviderWindows.java:127)
	at java.base/java.util.TimerThread.mainLoop(Timer.java:566)
	at java.base/java.util.TimerThread.run(Timer.java:516)

!ENTRY com.st.stm32cube.ide.mpu.remote.serial 4 0 2026-04-04 14:13:33.705
!MESSAGE Failed to parse wmic output
!STACK 0
org.xml.sax.SAXParseException; lineNumber: 1; columnNumber: 1; Premature end of file.
	at java.xml/com.sun.org.apache.xerces.internal.parsers.DOMParser.parse(DOMParser.java:262)
	at java.xml/com.sun.org.apache.xerces.internal.jaxp.DocumentBuilderImpl.parse(DocumentBuilderImpl.java:342)
	at com.st.stm32cube.ide.mpu.remote.serial.internal.SerialPortProviderWindows.run(SerialPortProviderWindows.java:127)
	at java.base/java.util.TimerThread.mainLoop(Timer.java:566)
	at java.base/java.util.TimerThread.run(Timer.java:516)

!ENTRY com.st.stm32cube.ide.mpu.remote.serial 4 0 2026-04-04 14:13:34.709
!MESSAGE Failed to parse wmic output
!STACK 0
org.xml.sax.SAXParseException; lineNumber: 1; columnNumber: 1; Premature end of file.
	at java.xml/com.sun.org.apache.xerces.internal.parsers.DOMParser.parse(DOMParser.java:262)
	at java.xml/com.sun.org.apache.xerces.internal.jaxp.DocumentBuilderImpl.parse(DocumentBuilderImpl.java:342)
	at com.st.stm32cube.ide.mpu.remote.serial.internal.SerialPortProviderWindows.run(SerialPortProviderWindows.java:127)
	at java.base/java.util.TimerThread.mainLoop(Timer.java:566)
	at java.base/java.util.TimerThread.run(Timer.java:516)

!ENTRY com.st.stm32cube.ide.mpu.remote.serial 4 0 2026-04-04 14:13:35.715
!MESSAGE Failed to parse wmic output
!STACK 0
org.xml.sax.SAXParseException; lineNumber: 1; columnNumber: 1; Premature end of file.
	at java.xml/com.sun.org.apache.xerces.internal.parsers.DOMParser.parse(DOMParser.java:262)
	at java.xml/com.sun.org.apache.xerces.internal.jaxp.DocumentBuilderImpl.parse(DocumentBuilderImpl.java:342)
	at com.st.stm32cube.ide.mpu.remote.serial.internal.SerialPortProviderWindows.run(SerialPortProviderWindows.java:127)
	at java.base/java.util.TimerThread.mainLoop(Timer.java:566)
	at java.base/java.util.TimerThread.run(Timer.java:516)

!ENTRY com.st.stm32cube.ide.mpu.remote.serial 4 0 2026-04-04 14:13:36.705
!MESSAGE Failed to parse wmic output
!STACK 0
org.xml.sax.SAXParseException; lineNumber: 1; columnNumber: 1; Premature end of file.
	at java.xml/com.sun.org.apache.xerces.internal.parsers.DOMParser.parse(DOMParser.java:262)
	at java.xml/com.sun.org.apache.xerces.internal.jaxp.DocumentBuilderImpl.parse(DocumentBuilderImpl.java:342)
	at com.st.stm32cube.ide.mpu.remote.serial.internal.SerialPortProviderWindows.run(SerialPortProviderWindows.java:127)
	at java.base/java.util.TimerThread.mainLoop(Timer.java:566)
	at java.base/java.util.TimerThread.run(Timer.java:516)

!ENTRY com.st.stm32cube.ide.mpu.remote.serial 4 0 2026-04-04 14:13:37.702
!MESSAGE Failed to parse wmic output
!STACK 0
org.xml.sax.SAXParseException; lineNumber: 1; columnNumber: 1; Premature end of file.
	at java.xml/com.sun.org.apache.xerces.internal.parsers.DOMParser.parse(DOMParser.java:262)
	at java.xml/com.sun.org.apache.xerces.internal.jaxp.DocumentBuilderImpl.parse(DocumentBuilderImpl.java:342)
	at com.st.stm32cube.ide.mpu.remote.serial.internal.SerialPortProviderWindows.run(SerialPortProviderWindows.java:127)
	at java.base/java.util.TimerThread.mainLoop(Timer.java:566)
	at java.base/java.util.TimerThread.run(Timer.java:516)

!ENTRY com.st.stm32cube.ide.mpu.remote.serial 4 0 2026-04-04 14:13:38.701
!MESSAGE Failed to parse wmic output
!STACK 0
org.xml.sax.SAXParseException; lineNumber: 1; columnNumber: 1; Premature end of file.
	at java.xml/com.sun.org.apache.xerces.internal.parsers.DOMParser.parse(DOMParser.java:262)
	at java.xml/com.sun.org.apache.xerces.internal.jaxp.DocumentBuilderImpl.parse(DocumentBuilderImpl.java:342)
	at com.st.stm32cube.ide.mpu.remote.serial.internal.SerialPortProviderWindows.run(SerialPortProviderWindows.java:127)
	at java.base/java.util.TimerThread.mainLoop(Timer.java:566)
	at java.base/java.util.TimerThread.run(Timer.java:516)

!ENTRY com.st.stm32cube.ide.mpu.remote.serial 4 0 2026-04-04 14:13:39.702
!MESSAGE Failed to parse wmic output
!STACK 0
org.xml.sax.SAXParseException; lineNumber: 1; columnNumber: 1; Premature end of file.
	at java.xml/com.sun.org.apache.xerces.internal.parsers.DOMParser.parse(DOMParser.java:262)
	at java.xml/com.sun.org.apache.xerces.internal.jaxp.DocumentBuilderImpl.parse(DocumentBuilderImpl.java:342)
	at com.st.stm32cube.ide.mpu.remote.serial.internal.SerialPortProviderWindows.run(SerialPortProviderWindows.java:127)
	at java.base/java.util.TimerThread.mainLoop(Timer.java:566)
	at java.base/java.util.TimerThread.run(Timer.java:516)

!ENTRY com.st.stm32cube.ide.mpu.remote.serial 4 0 2026-04-04 14:13:40.702
!MESSAGE Failed to parse wmic output
!STACK 0
org.xml.sax.SAXParseException; lineNumber: 1; columnNumber: 1; Premature end of file.
	at java.xml/com.sun.org.apache.xerces.internal.parsers.DOMParser.parse(DOMParser.java:262)
	at java.xml/com.sun.org.apache.xerces.internal.jaxp.DocumentBuilderImpl.parse(DocumentBuilderImpl.java:342)
	at com.st.stm32cube.ide.mpu.remote.serial.internal.SerialPortProviderWindows.run(SerialPortProviderWindows.java:127)
	at java.base/java.util.TimerThread.mainLoop(Timer.java:566)
	at java.base/java.util.TimerThread.run(Timer.java:516)

!ENTRY com.st.stm32cube.ide.mpu.remote.serial 4 0 2026-04-04 14:13:41.705
!MESSAGE Failed to parse wmic output
!STACK 0
org.xml.sax.SAXParseException; lineNumber: 1; columnNumber: 1; Premature end of file.
	at java.xml/com.sun.org.apache.xerces.internal.parsers.DOMParser.parse(DOMParser.java:262)
	at java.xml/com.sun.org.apache.xerces.internal.jaxp.DocumentBuilderImpl.parse(DocumentBuilderImpl.java:342)
	at com.st.stm32cube.ide.mpu.remote.serial.internal.SerialPortProviderWindows.run(SerialPortProviderWindows.java:127)
	at java.base/java.util.TimerThread.mainLoop(Timer.java:566)
	at java.base/java.util.TimerThread.run(Timer.java:516)

!ENTRY com.st.stm32cube.ide.mpu.remote.serial 4 0 2026-04-04 14:13:42.708
!MESSAGE Failed to parse wmic output
!STACK 0
org.xml.sax.SAXParseException; lineNumber: 1; columnNumber: 1; Premature end of file.
	at java.xml/com.sun.org.apache.xerces.internal.parsers.DOMParser.parse(DOMParser.java:262)
	at java.xml/com.sun.org.apache.xerces.internal.jaxp.DocumentBuilderImpl.parse(DocumentBuilderImpl.java:342)
	at com.st.stm32cube.ide.mpu.remote.serial.internal.SerialPortProviderWindows.run(SerialPortProviderWindows.java:127)
	at java.base/java.util.TimerThread.mainLoop(Timer.java:566)
	at java.base/java.util.TimerThread.run(Timer.java:516)

!ENTRY com.st.stm32cube.ide.mpu.remote.serial 4 0 2026-04-04 14:13:43.704
!MESSAGE Failed to parse wmic output
!STACK 0
org.xml.sax.SAXParseException; lineNumber: 1; columnNumber: 1; Premature end of file.
	at java.xml/com.sun.org.apache.xerces.internal.parsers.DOMParser.parse(DOMParser.java:262)
	at java.xml/com.sun.org.apache.xerces.internal.jaxp.DocumentBuilderImpl.parse(DocumentBuilderImpl.java:342)
	at com.st.stm32cube.ide.mpu.remote.serial.internal.SerialPortProviderWindows.run(SerialPortProviderWindows.java:127)
	at java.base/java.util.TimerThread.mainLoop(Timer.java:566)
	at java.base/java.util.TimerThread.run(Timer.java:516)

!ENTRY com.st.stm32cube.ide.mpu.remote.serial 4 0 2026-04-04 14:13:44.702
!MESSAGE Failed to parse wmic output
!STACK 0
org.xml.sax.SAXParseException; lineNumber: 1; columnNumber: 1; Premature end of file.
	at java.xml/com.sun.org.apache.xerces.internal.parsers.DOMParser.parse(DOMParser.java:262)
	at java.xml/com.sun.org.apache.xerces.internal.jaxp.DocumentBuilderImpl.parse(DocumentBuilderImpl.java:342)
	at com.st.stm32cube.ide.mpu.remote.serial.internal.SerialPortProviderWindows.run(SerialPortProviderWindows.java:127)
	at java.base/java.util.TimerThread.mainLoop(Timer.java:566)
	at java.base/java.util.TimerThread.run(Timer.java:516)

!ENTRY com.st.stm32cube.ide.mpu.remote.serial 4 0 2026-04-04 14:13:45.705
!MESSAGE Failed to parse wmic output
!STACK 0
org.xml.sax.SAXParseException; lineNumber: 1; columnNumber: 1; Premature end of file.
	at java.xml/com.sun.org.apache.xerces.internal.parsers.DOMParser.parse(DOMParser.java:262)
	at java.xml/com.sun.org.apache.xerces.internal.jaxp.DocumentBuilderImpl.parse(DocumentBuilderImpl.java:342)
	at com.st.stm32cube.ide.mpu.remote.serial.internal.SerialPortProviderWindows.run(SerialPortProviderWindows.java:127)
	at java.base/java.util.TimerThread.mainLoop(Timer.java:566)
	at java.base/java.util.TimerThread.run(Timer.java:516)

!ENTRY com.st.stm32cube.ide.mpu.remote.serial 4 0 2026-04-04 14:13:46.705
!MESSAGE Failed to parse wmic output
!STACK 0
org.xml.sax.SAXParseException; lineNumber: 1; columnNumber: 1; Premature end of file.
	at java.xml/com.sun.org.apache.xerces.internal.parsers.DOMParser.parse(DOMParser.java:262)
	at java.xml/com.sun.org.apache.xerces.internal.jaxp.DocumentBuilderImpl.parse(DocumentBuilderImpl.java:342)
	at com.st.stm32cube.ide.mpu.remote.serial.internal.SerialPortProviderWindows.run(SerialPortProviderWindows.java:127)
	at java.base/java.util.TimerThread.mainLoop(Timer.java:566)
	at java.base/java.util.TimerThread.run(Timer.java:516)

!ENTRY com.st.stm32cube.ide.mpu.remote.serial 4 0 2026-04-04 14:13:47.702
!MESSAGE Failed to parse wmic output
!STACK 0
org.xml.sax.SAXParseException; lineNumber: 1; columnNumber: 1; Premature end of file.
	at java.xml/com.sun.org.apache.xerces.internal.parsers.DOMParser.parse(DOMParser.java:262)
	at java.xml/com.sun.org.apache.xerces.internal.jaxp.DocumentBuilderImpl.parse(DocumentBuilderImpl.java:342)
	at com.st.stm32cube.ide.mpu.remote.serial.internal.SerialPortProviderWindows.run(SerialPortProviderWindows.java:127)
	at java.base/java.util.TimerThread.mainLoop(Timer.java:566)
	at java.base/java.util.TimerThread.run(Timer.java:516)

!ENTRY com.st.stm32cube.ide.mpu.remote.serial 4 0 2026-04-04 14:13:48.703
!MESSAGE Failed to parse wmic output
!STACK 0
org.xml.sax.SAXParseException; lineNumber: 1; columnNumber: 1; Premature end of file.
	at java.xml/com.sun.org.apache.xerces.internal.parsers.DOMParser.parse(DOMParser.java:262)
	at java.xml/com.sun.org.apache.xerces.internal.jaxp.DocumentBuilderImpl.parse(DocumentBuilderImpl.java:342)
	at com.st.stm32cube.ide.mpu.remote.serial.internal.SerialPortProviderWindows.run(SerialPortProviderWindows.java:127)
	at java.base/java.util.TimerThread.mainLoop(Timer.java:566)
	at java.base/java.util.TimerThread.run(Timer.java:516)

!ENTRY com.st.stm32cube.ide.mpu.remote.serial 4 0 2026-04-04 14:13:49.737
!MESSAGE Failed to parse wmic output
!STACK 0
org.xml.sax.SAXParseException; lineNumber: 1; columnNumber: 1; Premature end of file.
	at java.xml/com.sun.org.apache.xerces.internal.parsers.DOMParser.parse(DOMParser.java:262)
	at java.xml/com.sun.org.apache.xerces.internal.jaxp.DocumentBuilderImpl.parse(DocumentBuilderImpl.java:342)
	at com.st.stm32cube.ide.mpu.remote.serial.internal.SerialPortProviderWindows.run(SerialPortProviderWindows.java:127)
	at java.base/java.util.TimerThread.mainLoop(Timer.java:566)
	at java.base/java.util.TimerThread.run(Timer.java:516)

!ENTRY com.st.stm32cube.ide.mpu.remote.serial 4 0 2026-04-04 14:13:50.764
!MESSAGE Failed to parse wmic output
!STACK 0
org.xml.sax.SAXParseException; lineNumber: 1; columnNumber: 1; Premature end of file.
	at java.xml/com.sun.org.apache.xerces.internal.parsers.DOMParser.parse(DOMParser.java:262)
	at java.xml/com.sun.org.apache.xerces.internal.jaxp.DocumentBuilderImpl.parse(DocumentBuilderImpl.java:342)
	at com.st.stm32cube.ide.mpu.remote.serial.internal.SerialPortProviderWindows.run(SerialPortProviderWindows.java:127)
	at java.base/java.util.TimerThread.mainLoop(Timer.java:566)
	at java.base/java.util.TimerThread.run(Timer.java:516)
