16:31:15 **** Clean-only build of configuration Debug for project Test ****
make -j8 clean 
rm -rf ./lib/Servo/Servo.cyclo ./lib/Servo/Servo.d ./lib/Servo/Servo.o ./lib/Servo/Servo.su
rm -rf ./lib/LED/LED.cyclo ./lib/LED/LED.d ./lib/LED/LED.o ./lib/LED/LED.su
rm -rf ./lib/Helper/Helper.cyclo ./lib/Helper/Helper.d ./lib/Helper/Helper.o ./lib/Helper/Helper.su
rm -rf ./lib/HX711/HX711.cyclo ./lib/HX711/HX711.d ./lib/HX711/HX711.o ./lib/HX711/HX711.su
rm -rf ./lib/Debug/Debug.cyclo ./lib/Debug/Debug.d ./lib/Debug/Debug.o ./lib/Debug/Debug.su
rm -rf ./lib/CAN_UART/CanUart.cyclo ./lib/CAN_UART/CanUart.d ./lib/CAN_UART/CanUart.o ./lib/CAN_UART/CanUart.su ./lib/CAN_UART/CanUartPolling.cyclo ./lib/CAN_UART/CanUartPolling.d ./lib/CAN_UART/CanUartPolling.o ./lib/CAN_UART/CanUartPolling.su
rm -rf ./lib/CAN/can.cyclo ./lib/CAN/can.d ./lib/CAN/can.o ./lib/CAN/can.su
rm -rf ./Drivers/STM32F0xx_HAL_Driver/Src/stm32f0xx_hal.cyclo ./Drivers/STM32F0xx_HAL_Driver/Src/stm32f0xx_hal.d ./Drivers/STM32F0xx_HAL_Driver/Src/stm32f0xx_hal.o ./Drivers/STM32F0xx_HAL_Driver/Src/stm32f0xx_hal.su ./Drivers/STM32F0xx_HAL_Driver/Src/stm32f0xx_hal_cortex.cyclo ./Drivers/STM32F0xx_HAL_Driver/Src/stm32f0xx_hal_cortex.d ./Drivers/STM32F0xx_HAL_Driver/Src/stm32f0xx_hal_cortex.o ./Drivers/STM32F0xx_HAL_Driver/Src/stm32f0xx_hal_cortex.su ./Drivers/STM32F0xx_HAL_Driver/Src/stm32f0xx_hal_dma.cyclo ./Drivers/STM32F0xx_HAL_Driver/Src/stm32f0xx_hal_dma.d ./Drivers/STM32F0xx_HAL_Driver/Src/stm32f0xx_hal_dma.o ./Drivers/STM32F0xx_HAL_Driver/Src/stm32f0xx_hal_dma.su ./Drivers/STM32F0xx_HAL_Driver/Src/stm32f0xx_hal_exti.cyclo ./Drivers/STM32F0xx_HAL_Driver/Src/stm32f0xx_hal_exti.d ./Drivers/STM32F0xx_HAL_Driver/Src/stm32f0xx_hal_exti.o ./Drivers/STM32F0xx_HAL_Driver/Src/stm32f0xx_hal_exti.su ./Drivers/STM32F0xx_HAL_Driver/Src/stm32f0xx_hal_flash.cyclo ./Drivers/STM32F0xx_HAL_Driver/Src/stm32f0xx_hal_flash.d ./Drivers/STM32F0xx_HAL_Driver/Src/stm32f0xx_hal_flash.o ./Drivers/STM32F0xx_HAL_Driver/Src/stm32f0xx_hal_flash.su ./Drivers/STM32F0xx_HAL_Driver/Src/stm32f0xx_hal_flash_ex.cyclo ./Drivers/STM32F0xx_HAL_Driver/Src/stm32f0xx_hal_flash_ex.d ./Drivers/STM32F0xx_HAL_Driver/Src/stm32f0xx_hal_flash_ex.o ./Drivers/STM32F0xx_HAL_Driver/Src/stm32f0xx_hal_flash_ex.su ./Drivers/STM32F0xx_HAL_Driver/Src/stm32f0xx_hal_gpio.cyclo ./Drivers/STM32F0xx_HAL_Driver/Src/stm32f0xx_hal_gpio.d ./Drivers/STM32F0xx_HAL_Driver/Src/stm32f0xx_hal_gpio.o ./Drivers/STM32F0xx_HAL_Driver/Src/stm32f0xx_hal_gpio.su ./Drivers/STM32F0xx_HAL_Driver/Src/stm32f0xx_hal_i2c.cyclo ./Drivers/STM32F0xx_HAL_Driver/Src/stm32f0xx_hal_i2c.d ./Drivers/STM32F0xx_HAL_Driver/Src/stm32f0xx_hal_i2c.o ./Drivers/STM32F0xx_HAL_Driver/Src/stm32f0xx_hal_i2c.su ./Drivers/STM32F0xx_HAL_Driver/Src/stm32f0xx_hal_i2c_ex.cyclo ./Drivers/STM32F0xx_HAL_Driver/Src/stm32f0xx_hal_i2c_ex.d ./Drivers/STM32F0xx_HAL_Driver/Src/stm32f0xx_hal_i2c_ex.o ./Drivers/STM32F0xx_HAL_Driver/Src/stm32f0xx_hal_i2c_ex.su ./Drivers/STM32F0xx_HAL_Driver/Src/stm32f0xx_hal_pwr.cyclo ./Drivers/STM32F0xx_HAL_Driver/Src/stm32f0xx_hal_pwr.d ./Drivers/STM32F0xx_HAL_Driver/Src/stm32f0xx_hal_pwr.o ./Drivers/STM32F0xx_HAL_Driver/Src/stm32f0xx_hal_pwr.su ./Drivers/STM32F0xx_HAL_Driver/Src/stm32f0xx_hal_pwr_ex.cyclo ./Drivers/STM32F0xx_HAL_Driver/Src/stm32f0xx_hal_pwr_ex.d ./Drivers/STM32F0xx_HAL_Driver/Src/stm32f0xx_hal_pwr_ex.o ./Drivers/STM32F0xx_HAL_Driver/Src/stm32f0xx_hal_pwr_ex.su ./Drivers/STM32F0xx_HAL_Driver/Src/stm32f0xx_hal_rcc.cyclo ./Drivers/STM32F0xx_HAL_Driver/Src/stm32f0xx_hal_rcc.d ./Drivers/STM32F0xx_HAL_Driver/Src/stm32f0xx_hal_rcc.o ./Drivers/STM32F0xx_HAL_Driver/Src/stm32f0xx_hal_rcc.su ./Drivers/STM32F0xx_HAL_Driver/Src/stm32f0xx_hal_rcc_ex.cyclo ./Drivers/STM32F0xx_HAL_Driver/Src/stm32f0xx_hal_rcc_ex.d ./Drivers/STM32F0xx_HAL_Driver/Src/stm32f0xx_hal_rcc_ex.o ./Drivers/STM32F0xx_HAL_Driver/Src/stm32f0xx_hal_rcc_ex.su ./Drivers/STM32F0xx_HAL_Driver/Src/stm32f0xx_hal_tim.cyclo ./Drivers/STM32F0xx_HAL_Driver/Src/stm32f0xx_hal_tim.d ./Drivers/STM32F0xx_HAL_Driver/Src/stm32f0xx_hal_tim.o ./Drivers/STM32F0xx_HAL_Driver/Src/stm32f0xx_hal_tim.su ./Drivers/STM32F0xx_HAL_Driver/Src/stm32f0xx_hal_tim_ex.cyclo ./Drivers/STM32F0xx_HAL_Driver/Src/stm32f0xx_hal_tim_ex.d ./Drivers/STM32F0xx_HAL_Driver/Src/stm32f0xx_hal_tim_ex.o ./Drivers/STM32F0xx_HAL_Driver/Src/stm32f0xx_hal_tim_ex.su ./Drivers/STM32F0xx_HAL_Driver/Src/stm32f0xx_hal_uart.cyclo ./Drivers/STM32F0xx_HAL_Driver/Src/stm32f0xx_hal_uart.d ./Drivers/STM32F0xx_HAL_Driver/Src/stm32f0xx_hal_uart.o ./Drivers/STM32F0xx_HAL_Driver/Src/stm32f0xx_hal_uart.su ./Drivers/STM32F0xx_HAL_Driver/Src/stm32f0xx_hal_uart_ex.cyclo ./Drivers/STM32F0xx_HAL_Driver/Src/stm32f0xx_hal_uart_ex.d ./Drivers/STM32F0xx_HAL_Driver/Src/stm32f0xx_hal_uart_ex.o ./Drivers/STM32F0xx_HAL_Driver/Src/stm32f0xx_hal_uart_ex.su
rm -rf ./Core/Startup/startup_stm32f030c8tx.d ./Core/Startup/startup_stm32f030c8tx.o
rm -rf ./Core/Src/main.cyclo ./Core/Src/main.d ./Core/Src/main.o ./Core/Src/main.su ./Core/Src/prj_disp.cyclo ./Core/Src/prj_disp.d ./Core/Src/prj_disp.o ./Core/Src/prj_disp.su ./Core/Src/stm32f0xx_hal_msp.cyclo ./Core/Src/stm32f0xx_hal_msp.d ./Core/Src/stm32f0xx_hal_msp.o ./Core/Src/stm32f0xx_hal_msp.su ./Core/Src/stm32f0xx_it.cyclo ./Core/Src/stm32f0xx_it.d ./Core/Src/stm32f0xx_it.o ./Core/Src/stm32f0xx_it.su ./Core/Src/syscalls.cyclo ./Core/Src/syscalls.d ./Core/Src/syscalls.o ./Core/Src/syscalls.su ./Core/Src/sysmem.cyclo ./Core/Src/sysmem.d ./Core/Src/sysmem.o ./Core/Src/sysmem.su ./Core/Src/system_stm32f0xx.cyclo ./Core/Src/system_stm32f0xx.d ./Core/Src/system_stm32f0xx.o ./Core/Src/system_stm32f0xx.su
rm -rf Test.elf Test.list Test.map default.size.stdout
 
16:31:17 **** Build of configuration Debug for project Test ****
make -j8 all 
arm-none-eabi-g++ "../lib/Servo/Servo.cpp" -mcpu=cortex-m0 -std=gnu++14 -g3 -DDEBUG -DUSE_HAL_DRIVER -DSTM32F030x8 -c -I../Core/Inc -I"C:/Users/Dr. S Chakraborty/OneDrive/Desktop/STM32_Dispenser/Test/lib" -I../Drivers/STM32F0xx_HAL_Driver/Inc -I../Drivers/STM32F0xx_HAL_Driver/Inc/Legacy -I../Drivers/CMSIS/Device/ST/STM32F0xx/Include -I../Drivers/CMSIS/Include -O0 -ffunction-sections -fdata-sections -fno-exceptions -fno-rtti -fno-use-cxa-atexit -Wall -fstack-usage -fcyclomatic-complexity -MMD -MP -MF"lib/Servo/Servo.d" -MT"lib/Servo/Servo.o" --specs=nano.specs -mfloat-abi=soft -mthumb -o "lib/Servo/Servo.o"
arm-none-eabi-g++ "../lib/LED/LED.cpp" -mcpu=cortex-m0 -std=gnu++14 -g3 -DDEBUG -DUSE_HAL_DRIVER -DSTM32F030x8 -c -I../Core/Inc -I"C:/Users/Dr. S Chakraborty/OneDrive/Desktop/STM32_Dispenser/Test/lib" -I../Drivers/STM32F0xx_HAL_Driver/Inc -I../Drivers/STM32F0xx_HAL_Driver/Inc/Legacy -I../Drivers/CMSIS/Device/ST/STM32F0xx/Include -I../Drivers/CMSIS/Include -O0 -ffunction-sections -fdata-sections -fno-exceptions -fno-rtti -fno-use-cxa-atexit -Wall -fstack-usage -fcyclomatic-complexity -MMD -MP -MF"lib/LED/LED.d" -MT"lib/LED/LED.o" --specs=nano.specs -mfloat-abi=soft -mthumb -o "lib/LED/LED.o"
arm-none-eabi-g++ "../lib/Helper/Helper.cpp" -mcpu=cortex-m0 -std=gnu++14 -g3 -DDEBUG -DUSE_HAL_DRIVER -DSTM32F030x8 -c -I../Core/Inc -I"C:/Users/Dr. S Chakraborty/OneDrive/Desktop/STM32_Dispenser/Test/lib" -I../Drivers/STM32F0xx_HAL_Driver/Inc -I../Drivers/STM32F0xx_HAL_Driver/Inc/Legacy -I../Drivers/CMSIS/Device/ST/STM32F0xx/Include -I../Drivers/CMSIS/Include -O0 -ffunction-sections -fdata-sections -fno-exceptions -fno-rtti -fno-use-cxa-atexit -Wall -fstack-usage -fcyclomatic-complexity -MMD -MP -MF"lib/Helper/Helper.d" -MT"lib/Helper/Helper.o" --specs=nano.specs -mfloat-abi=soft -mthumb -o "lib/Helper/Helper.o"
arm-none-eabi-g++ "../lib/HX711/HX711.cpp" -mcpu=cortex-m0 -std=gnu++14 -g3 -DDEBUG -DUSE_HAL_DRIVER -DSTM32F030x8 -c -I../Core/Inc -I"C:/Users/Dr. S Chakraborty/OneDrive/Desktop/STM32_Dispenser/Test/lib" -I../Drivers/STM32F0xx_HAL_Driver/Inc -I../Drivers/STM32F0xx_HAL_Driver/Inc/Legacy -I../Drivers/CMSIS/Device/ST/STM32F0xx/Include -I../Drivers/CMSIS/Include -O0 -ffunction-sections -fdata-sections -fno-exceptions -fno-rtti -fno-use-cxa-atexit -Wall -fstack-usage -fcyclomatic-complexity -MMD -MP -MF"lib/HX711/HX711.d" -MT"lib/HX711/HX711.o" --specs=nano.specs -mfloat-abi=soft -mthumb -o "lib/HX711/HX711.o"
arm-none-eabi-g++ "../lib/Delay/Delay.cpp" -mcpu=cortex-m0 -std=gnu++14 -g3 -DDEBUG -DUSE_HAL_DRIVER -DSTM32F030x8 -c -I../Core/Inc -I"C:/Users/Dr. S Chakraborty/OneDrive/Desktop/STM32_Dispenser/Test/lib" -I../Drivers/STM32F0xx_HAL_Driver/Inc -I../Drivers/STM32F0xx_HAL_Driver/Inc/Legacy -I../Drivers/CMSIS/Device/ST/STM32F0xx/Include -I../Drivers/CMSIS/Include -O0 -ffunction-sections -fdata-sections -fno-exceptions -fno-rtti -fno-use-cxa-atexit -Wall -fstack-usage -fcyclomatic-complexity -MMD -MP -MF"lib/Delay/Delay.d" -MT"lib/Delay/Delay.o" --specs=nano.specs -mfloat-abi=soft -mthumb -o "lib/Delay/Delay.o"
arm-none-eabi-g++ "../lib/Debug/Debug.cpp" -mcpu=cortex-m0 -std=gnu++14 -g3 -DDEBUG -DUSE_HAL_DRIVER -DSTM32F030x8 -c -I../Core/Inc -I"C:/Users/Dr. S Chakraborty/OneDrive/Desktop/STM32_Dispenser/Test/lib" -I../Drivers/STM32F0xx_HAL_Driver/Inc -I../Drivers/STM32F0xx_HAL_Driver/Inc/Legacy -I../Drivers/CMSIS/Device/ST/STM32F0xx/Include -I../Drivers/CMSIS/Include -O0 -ffunction-sections -fdata-sections -fno-exceptions -fno-rtti -fno-use-cxa-atexit -Wall -fstack-usage -fcyclomatic-complexity -MMD -MP -MF"lib/Debug/Debug.d" -MT"lib/Debug/Debug.o" --specs=nano.specs -mfloat-abi=soft -mthumb -o "lib/Debug/Debug.o"
arm-none-eabi-g++ "../lib/CAN_UART/CanUart.cpp" -mcpu=cortex-m0 -std=gnu++14 -g3 -DDEBUG -DUSE_HAL_DRIVER -DSTM32F030x8 -c -I../Core/Inc -I"C:/Users/Dr. S Chakraborty/OneDrive/Desktop/STM32_Dispenser/Test/lib" -I../Drivers/STM32F0xx_HAL_Driver/Inc -I../Drivers/STM32F0xx_HAL_Driver/Inc/Legacy -I../Drivers/CMSIS/Device/ST/STM32F0xx/Include -I../Drivers/CMSIS/Include -O0 -ffunction-sections -fdata-sections -fno-exceptions -fno-rtti -fno-use-cxa-atexit -Wall -fstack-usage -fcyclomatic-complexity -MMD -MP -MF"lib/CAN_UART/CanUart.d" -MT"lib/CAN_UART/CanUart.o" --specs=nano.specs -mfloat-abi=soft -mthumb -o "lib/CAN_UART/CanUart.o"
arm-none-eabi-g++ "../lib/CAN_UART/CanUartPolling.cpp" -mcpu=cortex-m0 -std=gnu++14 -g3 -DDEBUG -DUSE_HAL_DRIVER -DSTM32F030x8 -c -I../Core/Inc -I"C:/Users/Dr. S Chakraborty/OneDrive/Desktop/STM32_Dispenser/Test/lib" -I../Drivers/STM32F0xx_HAL_Driver/Inc -I../Drivers/STM32F0xx_HAL_Driver/Inc/Legacy -I../Drivers/CMSIS/Device/ST/STM32F0xx/Include -I../Drivers/CMSIS/Include -O0 -ffunction-sections -fdata-sections -fno-exceptions -fno-rtti -fno-use-cxa-atexit -Wall -fstack-usage -fcyclomatic-complexity -MMD -MP -MF"lib/CAN_UART/CanUartPolling.d" -MT"lib/CAN_UART/CanUartPolling.o" --specs=nano.specs -mfloat-abi=soft -mthumb -o "lib/CAN_UART/CanUartPolling.o"
arm-none-eabi-g++ "../lib/CAN/can.cpp" -mcpu=cortex-m0 -std=gnu++14 -g3 -DDEBUG -DUSE_HAL_DRIVER -DSTM32F030x8 -c -I../Core/Inc -I"C:/Users/Dr. S Chakraborty/OneDrive/Desktop/STM32_Dispenser/Test/lib" -I../Drivers/STM32F0xx_HAL_Driver/Inc -I../Drivers/STM32F0xx_HAL_Driver/Inc/Legacy -I../Drivers/CMSIS/Device/ST/STM32F0xx/Include -I../Drivers/CMSIS/Include -O0 -ffunction-sections -fdata-sections -fno-exceptions -fno-rtti -fno-use-cxa-atexit -Wall -fstack-usage -fcyclomatic-complexity -MMD -MP -MF"lib/CAN/can.d" -MT"lib/CAN/can.o" --specs=nano.specs -mfloat-abi=soft -mthumb -o "lib/CAN/can.o"
arm-none-eabi-gcc "../Drivers/STM32F0xx_HAL_Driver/Src/stm32f0xx_hal.c" -mcpu=cortex-m0 -std=gnu11 -g3 -DDEBUG -DUSE_HAL_DRIVER -DSTM32F030x8 -c -I../Core/Inc -I"C:/Users/Dr. S Chakraborty/OneDrive/Desktop/STM32_Dispenser/Test/lib" -I../Drivers/STM32F0xx_HAL_Driver/Inc -I../Drivers/STM32F0xx_HAL_Driver/Inc/Legacy -I../Drivers/CMSIS/Device/ST/STM32F0xx/Include -I../Drivers/CMSIS/Include -O0 -ffunction-sections -fdata-sections -Wall -fstack-usage -fcyclomatic-complexity -MMD -MP -MF"Drivers/STM32F0xx_HAL_Driver/Src/stm32f0xx_hal.d" -MT"Drivers/STM32F0xx_HAL_Driver/Src/stm32f0xx_hal.o" --specs=nano.specs -mfloat-abi=soft -mthumb -o "Drivers/STM32F0xx_HAL_Driver/Src/stm32f0xx_hal.o"
arm-none-eabi-gcc "../Drivers/STM32F0xx_HAL_Driver/Src/stm32f0xx_hal_cortex.c" -mcpu=cortex-m0 -std=gnu11 -g3 -DDEBUG -DUSE_HAL_DRIVER -DSTM32F030x8 -c -I../Core/Inc -I"C:/Users/Dr. S Chakraborty/OneDrive/Desktop/STM32_Dispenser/Test/lib" -I../Drivers/STM32F0xx_HAL_Driver/Inc -I../Drivers/STM32F0xx_HAL_Driver/Inc/Legacy -I../Drivers/CMSIS/Device/ST/STM32F0xx/Include -I../Drivers/CMSIS/Include -O0 -ffunction-sections -fdata-sections -Wall -fstack-usage -fcyclomatic-complexity -MMD -MP -MF"Drivers/STM32F0xx_HAL_Driver/Src/stm32f0xx_hal_cortex.d" -MT"Drivers/STM32F0xx_HAL_Driver/Src/stm32f0xx_hal_cortex.o" --specs=nano.specs -mfloat-abi=soft -mthumb -o "Drivers/STM32F0xx_HAL_Driver/Src/stm32f0xx_hal_cortex.o"
arm-none-eabi-gcc "../Drivers/STM32F0xx_HAL_Driver/Src/stm32f0xx_hal_dma.c" -mcpu=cortex-m0 -std=gnu11 -g3 -DDEBUG -DUSE_HAL_DRIVER -DSTM32F030x8 -c -I../Core/Inc -I"C:/Users/Dr. S Chakraborty/OneDrive/Desktop/STM32_Dispenser/Test/lib" -I../Drivers/STM32F0xx_HAL_Driver/Inc -I../Drivers/STM32F0xx_HAL_Driver/Inc/Legacy -I../Drivers/CMSIS/Device/ST/STM32F0xx/Include -I../Drivers/CMSIS/Include -O0 -ffunction-sections -fdata-sections -Wall -fstack-usage -fcyclomatic-complexity -MMD -MP -MF"Drivers/STM32F0xx_HAL_Driver/Src/stm32f0xx_hal_dma.d" -MT"Drivers/STM32F0xx_HAL_Driver/Src/stm32f0xx_hal_dma.o" --specs=nano.specs -mfloat-abi=soft -mthumb -o "Drivers/STM32F0xx_HAL_Driver/Src/stm32f0xx_hal_dma.o"
arm-none-eabi-gcc "../Drivers/STM32F0xx_HAL_Driver/Src/stm32f0xx_hal_exti.c" -mcpu=cortex-m0 -std=gnu11 -g3 -DDEBUG -DUSE_HAL_DRIVER -DSTM32F030x8 -c -I../Core/Inc -I"C:/Users/Dr. S Chakraborty/OneDrive/Desktop/STM32_Dispenser/Test/lib" -I../Drivers/STM32F0xx_HAL_Driver/Inc -I../Drivers/STM32F0xx_HAL_Driver/Inc/Legacy -I../Drivers/CMSIS/Device/ST/STM32F0xx/Include -I../Drivers/CMSIS/Include -O0 -ffunction-sections -fdata-sections -Wall -fstack-usage -fcyclomatic-complexity -MMD -MP -MF"Drivers/STM32F0xx_HAL_Driver/Src/stm32f0xx_hal_exti.d" -MT"Drivers/STM32F0xx_HAL_Driver/Src/stm32f0xx_hal_exti.o" --specs=nano.specs -mfloat-abi=soft -mthumb -o "Drivers/STM32F0xx_HAL_Driver/Src/stm32f0xx_hal_exti.o"
arm-none-eabi-gcc "../Drivers/STM32F0xx_HAL_Driver/Src/stm32f0xx_hal_flash.c" -mcpu=cortex-m0 -std=gnu11 -g3 -DDEBUG -DUSE_HAL_DRIVER -DSTM32F030x8 -c -I../Core/Inc -I"C:/Users/Dr. S Chakraborty/OneDrive/Desktop/STM32_Dispenser/Test/lib" -I../Drivers/STM32F0xx_HAL_Driver/Inc -I../Drivers/STM32F0xx_HAL_Driver/Inc/Legacy -I../Drivers/CMSIS/Device/ST/STM32F0xx/Include -I../Drivers/CMSIS/Include -O0 -ffunction-sections -fdata-sections -Wall -fstack-usage -fcyclomatic-complexity -MMD -MP -MF"Drivers/STM32F0xx_HAL_Driver/Src/stm32f0xx_hal_flash.d" -MT"Drivers/STM32F0xx_HAL_Driver/Src/stm32f0xx_hal_flash.o" --specs=nano.specs -mfloat-abi=soft -mthumb -o "Drivers/STM32F0xx_HAL_Driver/Src/stm32f0xx_hal_flash.o"
arm-none-eabi-gcc "../Drivers/STM32F0xx_HAL_Driver/Src/stm32f0xx_hal_flash_ex.c" -mcpu=cortex-m0 -std=gnu11 -g3 -DDEBUG -DUSE_HAL_DRIVER -DSTM32F030x8 -c -I../Core/Inc -I"C:/Users/Dr. S Chakraborty/OneDrive/Desktop/STM32_Dispenser/Test/lib" -I../Drivers/STM32F0xx_HAL_Driver/Inc -I../Drivers/STM32F0xx_HAL_Driver/Inc/Legacy -I../Drivers/CMSIS/Device/ST/STM32F0xx/Include -I../Drivers/CMSIS/Include -O0 -ffunction-sections -fdata-sections -Wall -fstack-usage -fcyclomatic-complexity -MMD -MP -MF"Drivers/STM32F0xx_HAL_Driver/Src/stm32f0xx_hal_flash_ex.d" -MT"Drivers/STM32F0xx_HAL_Driver/Src/stm32f0xx_hal_flash_ex.o" --specs=nano.specs -mfloat-abi=soft -mthumb -o "Drivers/STM32F0xx_HAL_Driver/Src/stm32f0xx_hal_flash_ex.o"
arm-none-eabi-gcc "../Drivers/STM32F0xx_HAL_Driver/Src/stm32f0xx_hal_gpio.c" -mcpu=cortex-m0 -std=gnu11 -g3 -DDEBUG -DUSE_HAL_DRIVER -DSTM32F030x8 -c -I../Core/Inc -I"C:/Users/Dr. S Chakraborty/OneDrive/Desktop/STM32_Dispenser/Test/lib" -I../Drivers/STM32F0xx_HAL_Driver/Inc -I../Drivers/STM32F0xx_HAL_Driver/Inc/Legacy -I../Drivers/CMSIS/Device/ST/STM32F0xx/Include -I../Drivers/CMSIS/Include -O0 -ffunction-sections -fdata-sections -Wall -fstack-usage -fcyclomatic-complexity -MMD -MP -MF"Drivers/STM32F0xx_HAL_Driver/Src/stm32f0xx_hal_gpio.d" -MT"Drivers/STM32F0xx_HAL_Driver/Src/stm32f0xx_hal_gpio.o" --specs=nano.specs -mfloat-abi=soft -mthumb -o "Drivers/STM32F0xx_HAL_Driver/Src/stm32f0xx_hal_gpio.o"
../lib/CAN/can.cpp:5:14: warning: 'debug' initialized and declared 'extern'
    5 | extern Debug debug(&huart2);
      |              ^~~~~
../lib/CAN/can.cpp: In member function 'bool CANProtocol::ParseError(uint8_t*, uint16_t, Packet_t*)':
../lib/CAN/can.cpp:16:56: warning: enum constant in boolean context [-Wint-in-bool-context]
   16 |     if (buffer[0] != 0x66 || buffer[1] != 0x55) return preambles_not_found;
      |                                                        ^~~~~~~~~~~~~~~~~~~
../lib/CAN/can.cpp:19:66: warning: enum constant in boolean context [-Wint-in-bool-context]
   19 |      if (buffer[len-2] != 0x77 || buffer[len -1] != 0x88) return postambles_not_found;
      |                                                                  ^~~~~~~~~~~~~~~~~~~~
../lib/CAN/can.cpp:23:65: warning: enum constant in boolean context [-Wint-in-bool-context]
   23 |     if (packetLen != len || packetLen > KBUS_MAX_PACKET) return packet_length_exceeds;
      |                                                                 ^~~~~~~~~~~~~~~~~~~~~
../lib/CAN/can.cpp:48:41: warning: enum constant in boolean context [-Wint-in-bool-context]
   48 |     if (calcCRC != receivedCRC) return  CRC_error;
      |                                         ^~~~~~~~~
arm-none-eabi-gcc "../Drivers/STM32F0xx_HAL_Driver/Src/stm32f0xx_hal_i2c.c" -mcpu=cortex-m0 -std=gnu11 -g3 -DDEBUG -DUSE_HAL_DRIVER -DSTM32F030x8 -c -I../Core/Inc -I"C:/Users/Dr. S Chakraborty/OneDrive/Desktop/STM32_Dispenser/Test/lib" -I../Drivers/STM32F0xx_HAL_Driver/Inc -I../Drivers/STM32F0xx_HAL_Driver/Inc/Legacy -I../Drivers/CMSIS/Device/ST/STM32F0xx/Include -I../Drivers/CMSIS/Include -O0 -ffunction-sections -fdata-sections -Wall -fstack-usage -fcyclomatic-complexity -MMD -MP -MF"Drivers/STM32F0xx_HAL_Driver/Src/stm32f0xx_hal_i2c.d" -MT"Drivers/STM32F0xx_HAL_Driver/Src/stm32f0xx_hal_i2c.o" --specs=nano.specs -mfloat-abi=soft -mthumb -o "Drivers/STM32F0xx_HAL_Driver/Src/stm32f0xx_hal_i2c.o"
arm-none-eabi-gcc "../Drivers/STM32F0xx_HAL_Driver/Src/stm32f0xx_hal_i2c_ex.c" -mcpu=cortex-m0 -std=gnu11 -g3 -DDEBUG -DUSE_HAL_DRIVER -DSTM32F030x8 -c -I../Core/Inc -I"C:/Users/Dr. S Chakraborty/OneDrive/Desktop/STM32_Dispenser/Test/lib" -I../Drivers/STM32F0xx_HAL_Driver/Inc -I../Drivers/STM32F0xx_HAL_Driver/Inc/Legacy -I../Drivers/CMSIS/Device/ST/STM32F0xx/Include -I../Drivers/CMSIS/Include -O0 -ffunction-sections -fdata-sections -Wall -fstack-usage -fcyclomatic-complexity -MMD -MP -MF"Drivers/STM32F0xx_HAL_Driver/Src/stm32f0xx_hal_i2c_ex.d" -MT"Drivers/STM32F0xx_HAL_Driver/Src/stm32f0xx_hal_i2c_ex.o" --specs=nano.specs -mfloat-abi=soft -mthumb -o "Drivers/STM32F0xx_HAL_Driver/Src/stm32f0xx_hal_i2c_ex.o"
arm-none-eabi-gcc "../Drivers/STM32F0xx_HAL_Driver/Src/stm32f0xx_hal_pwr.c" -mcpu=cortex-m0 -std=gnu11 -g3 -DDEBUG -DUSE_HAL_DRIVER -DSTM32F030x8 -c -I../Core/Inc -I"C:/Users/Dr. S Chakraborty/OneDrive/Desktop/STM32_Dispenser/Test/lib" -I../Drivers/STM32F0xx_HAL_Driver/Inc -I../Drivers/STM32F0xx_HAL_Driver/Inc/Legacy -I../Drivers/CMSIS/Device/ST/STM32F0xx/Include -I../Drivers/CMSIS/Include -O0 -ffunction-sections -fdata-sections -Wall -fstack-usage -fcyclomatic-complexity -MMD -MP -MF"Drivers/STM32F0xx_HAL_Driver/Src/stm32f0xx_hal_pwr.d" -MT"Drivers/STM32F0xx_HAL_Driver/Src/stm32f0xx_hal_pwr.o" --specs=nano.specs -mfloat-abi=soft -mthumb -o "Drivers/STM32F0xx_HAL_Driver/Src/stm32f0xx_hal_pwr.o"
arm-none-eabi-gcc "../Drivers/STM32F0xx_HAL_Driver/Src/stm32f0xx_hal_pwr_ex.c" -mcpu=cortex-m0 -std=gnu11 -g3 -DDEBUG -DUSE_HAL_DRIVER -DSTM32F030x8 -c -I../Core/Inc -I"C:/Users/Dr. S Chakraborty/OneDrive/Desktop/STM32_Dispenser/Test/lib" -I../Drivers/STM32F0xx_HAL_Driver/Inc -I../Drivers/STM32F0xx_HAL_Driver/Inc/Legacy -I../Drivers/CMSIS/Device/ST/STM32F0xx/Include -I../Drivers/CMSIS/Include -O0 -ffunction-sections -fdata-sections -Wall -fstack-usage -fcyclomatic-complexity -MMD -MP -MF"Drivers/STM32F0xx_HAL_Driver/Src/stm32f0xx_hal_pwr_ex.d" -MT"Drivers/STM32F0xx_HAL_Driver/Src/stm32f0xx_hal_pwr_ex.o" --specs=nano.specs -mfloat-abi=soft -mthumb -o "Drivers/STM32F0xx_HAL_Driver/Src/stm32f0xx_hal_pwr_ex.o"
arm-none-eabi-gcc "../Drivers/STM32F0xx_HAL_Driver/Src/stm32f0xx_hal_rcc.c" -mcpu=cortex-m0 -std=gnu11 -g3 -DDEBUG -DUSE_HAL_DRIVER -DSTM32F030x8 -c -I../Core/Inc -I"C:/Users/Dr. S Chakraborty/OneDrive/Desktop/STM32_Dispenser/Test/lib" -I../Drivers/STM32F0xx_HAL_Driver/Inc -I../Drivers/STM32F0xx_HAL_Driver/Inc/Legacy -I../Drivers/CMSIS/Device/ST/STM32F0xx/Include -I../Drivers/CMSIS/Include -O0 -ffunction-sections -fdata-sections -Wall -fstack-usage -fcyclomatic-complexity -MMD -MP -MF"Drivers/STM32F0xx_HAL_Driver/Src/stm32f0xx_hal_rcc.d" -MT"Drivers/STM32F0xx_HAL_Driver/Src/stm32f0xx_hal_rcc.o" --specs=nano.specs -mfloat-abi=soft -mthumb -o "Drivers/STM32F0xx_HAL_Driver/Src/stm32f0xx_hal_rcc.o"
arm-none-eabi-gcc "../Drivers/STM32F0xx_HAL_Driver/Src/stm32f0xx_hal_rcc_ex.c" -mcpu=cortex-m0 -std=gnu11 -g3 -DDEBUG -DUSE_HAL_DRIVER -DSTM32F030x8 -c -I../Core/Inc -I"C:/Users/Dr. S Chakraborty/OneDrive/Desktop/STM32_Dispenser/Test/lib" -I../Drivers/STM32F0xx_HAL_Driver/Inc -I../Drivers/STM32F0xx_HAL_Driver/Inc/Legacy -I../Drivers/CMSIS/Device/ST/STM32F0xx/Include -I../Drivers/CMSIS/Include -O0 -ffunction-sections -fdata-sections -Wall -fstack-usage -fcyclomatic-complexity -MMD -MP -MF"Drivers/STM32F0xx_HAL_Driver/Src/stm32f0xx_hal_rcc_ex.d" -MT"Drivers/STM32F0xx_HAL_Driver/Src/stm32f0xx_hal_rcc_ex.o" --specs=nano.specs -mfloat-abi=soft -mthumb -o "Drivers/STM32F0xx_HAL_Driver/Src/stm32f0xx_hal_rcc_ex.o"
arm-none-eabi-gcc "../Drivers/STM32F0xx_HAL_Driver/Src/stm32f0xx_hal_tim.c" -mcpu=cortex-m0 -std=gnu11 -g3 -DDEBUG -DUSE_HAL_DRIVER -DSTM32F030x8 -c -I../Core/Inc -I"C:/Users/Dr. S Chakraborty/OneDrive/Desktop/STM32_Dispenser/Test/lib" -I../Drivers/STM32F0xx_HAL_Driver/Inc -I../Drivers/STM32F0xx_HAL_Driver/Inc/Legacy -I../Drivers/CMSIS/Device/ST/STM32F0xx/Include -I../Drivers/CMSIS/Include -O0 -ffunction-sections -fdata-sections -Wall -fstack-usage -fcyclomatic-complexity -MMD -MP -MF"Drivers/STM32F0xx_HAL_Driver/Src/stm32f0xx_hal_tim.d" -MT"Drivers/STM32F0xx_HAL_Driver/Src/stm32f0xx_hal_tim.o" --specs=nano.specs -mfloat-abi=soft -mthumb -o "Drivers/STM32F0xx_HAL_Driver/Src/stm32f0xx_hal_tim.o"
arm-none-eabi-gcc "../Drivers/STM32F0xx_HAL_Driver/Src/stm32f0xx_hal_tim_ex.c" -mcpu=cortex-m0 -std=gnu11 -g3 -DDEBUG -DUSE_HAL_DRIVER -DSTM32F030x8 -c -I../Core/Inc -I"C:/Users/Dr. S Chakraborty/OneDrive/Desktop/STM32_Dispenser/Test/lib" -I../Drivers/STM32F0xx_HAL_Driver/Inc -I../Drivers/STM32F0xx_HAL_Driver/Inc/Legacy -I../Drivers/CMSIS/Device/ST/STM32F0xx/Include -I../Drivers/CMSIS/Include -O0 -ffunction-sections -fdata-sections -Wall -fstack-usage -fcyclomatic-complexity -MMD -MP -MF"Drivers/STM32F0xx_HAL_Driver/Src/stm32f0xx_hal_tim_ex.d" -MT"Drivers/STM32F0xx_HAL_Driver/Src/stm32f0xx_hal_tim_ex.o" --specs=nano.specs -mfloat-abi=soft -mthumb -o "Drivers/STM32F0xx_HAL_Driver/Src/stm32f0xx_hal_tim_ex.o"
arm-none-eabi-gcc "../Drivers/STM32F0xx_HAL_Driver/Src/stm32f0xx_hal_uart.c" -mcpu=cortex-m0 -std=gnu11 -g3 -DDEBUG -DUSE_HAL_DRIVER -DSTM32F030x8 -c -I../Core/Inc -I"C:/Users/Dr. S Chakraborty/OneDrive/Desktop/STM32_Dispenser/Test/lib" -I../Drivers/STM32F0xx_HAL_Driver/Inc -I../Drivers/STM32F0xx_HAL_Driver/Inc/Legacy -I../Drivers/CMSIS/Device/ST/STM32F0xx/Include -I../Drivers/CMSIS/Include -O0 -ffunction-sections -fdata-sections -Wall -fstack-usage -fcyclomatic-complexity -MMD -MP -MF"Drivers/STM32F0xx_HAL_Driver/Src/stm32f0xx_hal_uart.d" -MT"Drivers/STM32F0xx_HAL_Driver/Src/stm32f0xx_hal_uart.o" --specs=nano.specs -mfloat-abi=soft -mthumb -o "Drivers/STM32F0xx_HAL_Driver/Src/stm32f0xx_hal_uart.o"
arm-none-eabi-gcc "../Drivers/STM32F0xx_HAL_Driver/Src/stm32f0xx_hal_uart_ex.c" -mcpu=cortex-m0 -std=gnu11 -g3 -DDEBUG -DUSE_HAL_DRIVER -DSTM32F030x8 -c -I../Core/Inc -I"C:/Users/Dr. S Chakraborty/OneDrive/Desktop/STM32_Dispenser/Test/lib" -I../Drivers/STM32F0xx_HAL_Driver/Inc -I../Drivers/STM32F0xx_HAL_Driver/Inc/Legacy -I../Drivers/CMSIS/Device/ST/STM32F0xx/Include -I../Drivers/CMSIS/Include -O0 -ffunction-sections -fdata-sections -Wall -fstack-usage -fcyclomatic-complexity -MMD -MP -MF"Drivers/STM32F0xx_HAL_Driver/Src/stm32f0xx_hal_uart_ex.d" -MT"Drivers/STM32F0xx_HAL_Driver/Src/stm32f0xx_hal_uart_ex.o" --specs=nano.specs -mfloat-abi=soft -mthumb -o "Drivers/STM32F0xx_HAL_Driver/Src/stm32f0xx_hal_uart_ex.o"
arm-none-eabi-gcc -mcpu=cortex-m0 -g3 -DDEBUG -c -I"C:/Users/Dr. S Chakraborty/OneDrive/Desktop/STM32_Dispenser/Test/lib" -x assembler-with-cpp -MMD -MP -MF"Core/Startup/startup_stm32f030c8tx.d" -MT"Core/Startup/startup_stm32f030c8tx.o" --specs=nano.specs -mfloat-abi=soft -mthumb -o "Core/Startup/startup_stm32f030c8tx.o" "../Core/Startup/startup_stm32f030c8tx.s"
arm-none-eabi-gcc "../Core/Src/main.c" -mcpu=cortex-m0 -std=gnu11 -g3 -DDEBUG -DUSE_HAL_DRIVER -DSTM32F030x8 -c -I../Core/Inc -I"C:/Users/Dr. S Chakraborty/OneDrive/Desktop/STM32_Dispenser/Test/lib" -I../Drivers/STM32F0xx_HAL_Driver/Inc -I../Drivers/STM32F0xx_HAL_Driver/Inc/Legacy -I../Drivers/CMSIS/Device/ST/STM32F0xx/Include -I../Drivers/CMSIS/Include -O0 -ffunction-sections -fdata-sections -Wall -fstack-usage -fcyclomatic-complexity -MMD -MP -MF"Core/Src/main.d" -MT"Core/Src/main.o" --specs=nano.specs -mfloat-abi=soft -mthumb -o "Core/Src/main.o"
arm-none-eabi-g++ "../Core/Src/prj_disp.cpp" -mcpu=cortex-m0 -std=gnu++14 -g3 -DDEBUG -DUSE_HAL_DRIVER -DSTM32F030x8 -c -I../Core/Inc -I"C:/Users/Dr. S Chakraborty/OneDrive/Desktop/STM32_Dispenser/Test/lib" -I../Drivers/STM32F0xx_HAL_Driver/Inc -I../Drivers/STM32F0xx_HAL_Driver/Inc/Legacy -I../Drivers/CMSIS/Device/ST/STM32F0xx/Include -I../Drivers/CMSIS/Include -O0 -ffunction-sections -fdata-sections -fno-exceptions -fno-rtti -fno-use-cxa-atexit -Wall -fstack-usage -fcyclomatic-complexity -MMD -MP -MF"Core/Src/prj_disp.d" -MT"Core/Src/prj_disp.o" --specs=nano.specs -mfloat-abi=soft -mthumb -o "Core/Src/prj_disp.o"
arm-none-eabi-gcc "../Core/Src/stm32f0xx_hal_msp.c" -mcpu=cortex-m0 -std=gnu11 -g3 -DDEBUG -DUSE_HAL_DRIVER -DSTM32F030x8 -c -I../Core/Inc -I"C:/Users/Dr. S Chakraborty/OneDrive/Desktop/STM32_Dispenser/Test/lib" -I../Drivers/STM32F0xx_HAL_Driver/Inc -I../Drivers/STM32F0xx_HAL_Driver/Inc/Legacy -I../Drivers/CMSIS/Device/ST/STM32F0xx/Include -I../Drivers/CMSIS/Include -O0 -ffunction-sections -fdata-sections -Wall -fstack-usage -fcyclomatic-complexity -MMD -MP -MF"Core/Src/stm32f0xx_hal_msp.d" -MT"Core/Src/stm32f0xx_hal_msp.o" --specs=nano.specs -mfloat-abi=soft -mthumb -o "Core/Src/stm32f0xx_hal_msp.o"
arm-none-eabi-gcc "../Core/Src/stm32f0xx_it.c" -mcpu=cortex-m0 -std=gnu11 -g3 -DDEBUG -DUSE_HAL_DRIVER -DSTM32F030x8 -c -I../Core/Inc -I"C:/Users/Dr. S Chakraborty/OneDrive/Desktop/STM32_Dispenser/Test/lib" -I../Drivers/STM32F0xx_HAL_Driver/Inc -I../Drivers/STM32F0xx_HAL_Driver/Inc/Legacy -I../Drivers/CMSIS/Device/ST/STM32F0xx/Include -I../Drivers/CMSIS/Include -O0 -ffunction-sections -fdata-sections -Wall -fstack-usage -fcyclomatic-complexity -MMD -MP -MF"Core/Src/stm32f0xx_it.d" -MT"Core/Src/stm32f0xx_it.o" --specs=nano.specs -mfloat-abi=soft -mthumb -o "Core/Src/stm32f0xx_it.o"
arm-none-eabi-gcc "../Core/Src/syscalls.c" -mcpu=cortex-m0 -std=gnu11 -g3 -DDEBUG -DUSE_HAL_DRIVER -DSTM32F030x8 -c -I../Core/Inc -I"C:/Users/Dr. S Chakraborty/OneDrive/Desktop/STM32_Dispenser/Test/lib" -I../Drivers/STM32F0xx_HAL_Driver/Inc -I../Drivers/STM32F0xx_HAL_Driver/Inc/Legacy -I../Drivers/CMSIS/Device/ST/STM32F0xx/Include -I../Drivers/CMSIS/Include -O0 -ffunction-sections -fdata-sections -Wall -fstack-usage -fcyclomatic-complexity -MMD -MP -MF"Core/Src/syscalls.d" -MT"Core/Src/syscalls.o" --specs=nano.specs -mfloat-abi=soft -mthumb -o "Core/Src/syscalls.o"
arm-none-eabi-gcc "../Core/Src/sysmem.c" -mcpu=cortex-m0 -std=gnu11 -g3 -DDEBUG -DUSE_HAL_DRIVER -DSTM32F030x8 -c -I../Core/Inc -I"C:/Users/Dr. S Chakraborty/OneDrive/Desktop/STM32_Dispenser/Test/lib" -I../Drivers/STM32F0xx_HAL_Driver/Inc -I../Drivers/STM32F0xx_HAL_Driver/Inc/Legacy -I../Drivers/CMSIS/Device/ST/STM32F0xx/Include -I../Drivers/CMSIS/Include -O0 -ffunction-sections -fdata-sections -Wall -fstack-usage -fcyclomatic-complexity -MMD -MP -MF"Core/Src/sysmem.d" -MT"Core/Src/sysmem.o" --specs=nano.specs -mfloat-abi=soft -mthumb -o "Core/Src/sysmem.o"
arm-none-eabi-gcc "../Core/Src/system_stm32f0xx.c" -mcpu=cortex-m0 -std=gnu11 -g3 -DDEBUG -DUSE_HAL_DRIVER -DSTM32F030x8 -c -I../Core/Inc -I"C:/Users/Dr. S Chakraborty/OneDrive/Desktop/STM32_Dispenser/Test/lib" -I../Drivers/STM32F0xx_HAL_Driver/Inc -I../Drivers/STM32F0xx_HAL_Driver/Inc/Legacy -I../Drivers/CMSIS/Device/ST/STM32F0xx/Include -I../Drivers/CMSIS/Include -O0 -ffunction-sections -fdata-sections -Wall -fstack-usage -fcyclomatic-complexity -MMD -MP -MF"Core/Src/system_stm32f0xx.d" -MT"Core/Src/system_stm32f0xx.o" --specs=nano.specs -mfloat-abi=soft -mthumb -o "Core/Src/system_stm32f0xx.o"
../Core/Src/prj_disp.cpp: In function 'void process_Real_Hardware()':
../Core/Src/prj_disp.cpp:66:14: warning: unused variable 'value' [-Wunused-variable]
   66 |         long value;
      |              ^~~~~
../Core/Src/prj_disp.cpp: In function 'char DispenseWeight(long int, int)':
../Core/Src/prj_disp.cpp:171:2: warning: no return statement in function returning non-void [-Wreturn-type]
  171 |  }
      |  ^
arm-none-eabi-g++ -o "Test.elf" @"objects.list"   -mcpu=cortex-m0 -T"C:\Users\Dr. S Chakraborty\OneDrive\Desktop\STM32_Dispenser\Test\STM32F030C8TX_FLASH.ld" --specs=nosys.specs -Wl,-Map="Test.map" -Wl,--gc-sections -static --specs=nano.specs -mfloat-abi=soft -mthumb -Wl,--start-group -lc -lm -lstdc++ -lsupc++ -Wl,--end-group
Finished building target: Test.elf
 
arm-none-eabi-size  Test.elf 
arm-none-eabi-objdump -h -S Test.elf  > "Test.list"
   text	   data	    bss	    dec	    hex	filename
  22076	     92	   2500	  24668	   605c	Test.elf
Finished building: default.size.stdout
 
Finished building: Test.list
 
16:38:45 **** Incremental Build of configuration Debug for project Test ****
make -j8 all 
arm-none-eabi-g++ "../Core/Src/prj_disp.cpp" -mcpu=cortex-m0 -std=gnu++14 -g3 -DDEBUG -DUSE_HAL_DRIVER -DSTM32F030x8 -c -I../Core/Inc -I"C:/Users/Dr. S Chakraborty/OneDrive/Desktop/STM32_Dispenser/Test/lib" -I../Drivers/STM32F0xx_HAL_Driver/Inc -I../Drivers/STM32F0xx_HAL_Driver/Inc/Legacy -I../Drivers/CMSIS/Device/ST/STM32F0xx/Include -I../Drivers/CMSIS/Include -O0 -ffunction-sections -fdata-sections -fno-exceptions -fno-rtti -fno-use-cxa-atexit -Wall -fstack-usage -fcyclomatic-complexity -MMD -MP -MF"Core/Src/prj_disp.d" -MT"Core/Src/prj_disp.o" --specs=nano.specs -mfloat-abi=soft -mthumb -o "Core/Src/prj_disp.o"
../Core/Src/prj_disp.cpp: In function 'void process_Real_Hardware()':
../Core/Src/prj_disp.cpp:66:14: warning: unused variable 'value' [-Wunused-variable]
   66 |         long value;
      |              ^~~~~
../Core/Src/prj_disp.cpp: In function 'char DispenseWeight(long int, int)':
../Core/Src/prj_disp.cpp:171:2: warning: no return statement in function returning non-void [-Wreturn-type]
  171 |  }
      |  ^
arm-none-eabi-g++ -o "Test.elf" @"objects.list"   -mcpu=cortex-m0 -T"C:\Users\Dr. S Chakraborty\OneDrive\Desktop\STM32_Dispenser\Test\STM32F030C8TX_FLASH.ld" --specs=nosys.specs -Wl,-Map="Test.map" -Wl,--gc-sections -static --specs=nano.specs -mfloat-abi=soft -mthumb -Wl,--start-group -lc -lm -lstdc++ -lsupc++ -Wl,--end-group
Finished building target: Test.elf
 
arm-none-eabi-size  Test.elf 
arm-none-eabi-objdump -h -S Test.elf  > "Test.list"
   text	   data	    bss	    dec	    hex	filename
  24720	     92	   2508	  27320	   6ab8	Test.elf
Finished building: default.size.stdout
 
Finished building: Test.list
 
16:45:05 **** Incremental Build of configuration Debug for project Test ****
make -j8 all 
arm-none-eabi-size  Test.elf 
   text	   data	    bss	    dec	    hex	filename
  24720	     92	   2508	  27320	   6ab8	Test.elf
Finished building: default.size.stdout
 
16:49:47 **** Incremental Build of configuration Debug for project Test ****
make -j8 all 
arm-none-eabi-size  Test.elf 
   text	   data	    bss	    dec	    hex	filename
  24720	     92	   2508	  27320	   6ab8	Test.elf
Finished building: default.size.stdout
 
19:07:35 **** Incremental Build of configuration Debug for project Test ****
make -j8 all 
arm-none-eabi-size  Test.elf 
   text	   data	    bss	    dec	    hex	filename
  24720	     92	   2508	  27320	   6ab8	Test.elf
Finished building: default.size.stdout
 
19:22:16 **** Incremental Build of configuration Debug for project Test ****
make -j8 all 
arm-none-eabi-g++ "../lib/CAN/can.cpp" -mcpu=cortex-m0 -std=gnu++14 -g3 -DDEBUG -DUSE_HAL_DRIVER -DSTM32F030x8 -c -I../Core/Inc -I"C:/Users/Dr. S Chakraborty/OneDrive/Desktop/STM32_Dispenser/Test/lib" -I../Drivers/STM32F0xx_HAL_Driver/Inc -I../Drivers/STM32F0xx_HAL_Driver/Inc/Legacy -I../Drivers/CMSIS/Device/ST/STM32F0xx/Include -I../Drivers/CMSIS/Include -O0 -ffunction-sections -fdata-sections -fno-exceptions -fno-rtti -fno-use-cxa-atexit -Wall -fstack-usage -fcyclomatic-complexity -MMD -MP -MF"lib/CAN/can.d" -MT"lib/CAN/can.o" --specs=nano.specs -mfloat-abi=soft -mthumb -o "lib/CAN/can.o"
arm-none-eabi-gcc "../Core/Src/main.c" -mcpu=cortex-m0 -std=gnu11 -g3 -DDEBUG -DUSE_HAL_DRIVER -DSTM32F030x8 -c -I../Core/Inc -I"C:/Users/Dr. S Chakraborty/OneDrive/Desktop/STM32_Dispenser/Test/lib" -I../Drivers/STM32F0xx_HAL_Driver/Inc -I../Drivers/STM32F0xx_HAL_Driver/Inc/Legacy -I../Drivers/CMSIS/Device/ST/STM32F0xx/Include -I../Drivers/CMSIS/Include -O0 -ffunction-sections -fdata-sections -Wall -fstack-usage -fcyclomatic-complexity -MMD -MP -MF"Core/Src/main.d" -MT"Core/Src/main.o" --specs=nano.specs -mfloat-abi=soft -mthumb -o "Core/Src/main.o"
arm-none-eabi-g++ "../Core/Src/prj_disp.cpp" -mcpu=cortex-m0 -std=gnu++14 -g3 -DDEBUG -DUSE_HAL_DRIVER -DSTM32F030x8 -c -I../Core/Inc -I"C:/Users/Dr. S Chakraborty/OneDrive/Desktop/STM32_Dispenser/Test/lib" -I../Drivers/STM32F0xx_HAL_Driver/Inc -I../Drivers/STM32F0xx_HAL_Driver/Inc/Legacy -I../Drivers/CMSIS/Device/ST/STM32F0xx/Include -I../Drivers/CMSIS/Include -O0 -ffunction-sections -fdata-sections -fno-exceptions -fno-rtti -fno-use-cxa-atexit -Wall -fstack-usage -fcyclomatic-complexity -MMD -MP -MF"Core/Src/prj_disp.d" -MT"Core/Src/prj_disp.o" --specs=nano.specs -mfloat-abi=soft -mthumb -o "Core/Src/prj_disp.o"
../lib/CAN/can.cpp:5:14: warning: 'debug' initialized and declared 'extern'
    5 | extern Debug debug(&huart2);
      |              ^~~~~
../lib/CAN/can.cpp: In member function 'bool CANProtocol::ParseError(uint8_t*, uint16_t, Packet_t*)':
../lib/CAN/can.cpp:16:56: warning: enum constant in boolean context [-Wint-in-bool-context]
   16 |     if (buffer[0] != 0x66 || buffer[1] != 0x55) return preambles_not_found;
      |                                                        ^~~~~~~~~~~~~~~~~~~
../lib/CAN/can.cpp:19:66: warning: enum constant in boolean context [-Wint-in-bool-context]
   19 |      if (buffer[len-2] != 0x77 || buffer[len -1] != 0x88) return postambles_not_found;
      |                                                                  ^~~~~~~~~~~~~~~~~~~~
../lib/CAN/can.cpp:23:65: warning: enum constant in boolean context [-Wint-in-bool-context]
   23 |     if (packetLen != len || packetLen > KBUS_MAX_PACKET) return packet_length_exceeds;
      |                                                                 ^~~~~~~~~~~~~~~~~~~~~
../lib/CAN/can.cpp:48:41: warning: enum constant in boolean context [-Wint-in-bool-context]
   48 |     if (calcCRC != receivedCRC) return  CRC_error;
      |                                         ^~~~~~~~~
../Core/Src/prj_disp.cpp: In function 'void prj_Disp_init()':
../Core/Src/prj_disp.cpp:61:21: error: 'binaryBuffer' was not declared in this scope
   61 |     canP.ParseError(binaryBuffer, len, &pkt));
      |                     ^~~~~~~~~~~~
../Core/Src/prj_disp.cpp: In function 'void process_Real_Hardware()':
../Core/Src/prj_disp.cpp:71:14: warning: unused variable 'value' [-Wunused-variable]
   71 |         long value;
      |              ^~~~~
../Core/Src/prj_disp.cpp: In function 'char DispenseWeight(long int, int)':
../Core/Src/prj_disp.cpp:176:2: warning: no return statement in function returning non-void [-Wreturn-type]
  176 |  }
      |  ^
make: *** [Core/Src/subdir.mk:43: Core/Src/prj_disp.o] Error 1
make: *** Waiting for unfinished jobs....
"make -j8 all" terminated with exit code 2. Build might be incomplete.
19:22:46 **** Incremental Build of configuration Debug for project Test ****
make -j8 all 
arm-none-eabi-g++ "../Core/Src/prj_disp.cpp" -mcpu=cortex-m0 -std=gnu++14 -g3 -DDEBUG -DUSE_HAL_DRIVER -DSTM32F030x8 -c -I../Core/Inc -I"C:/Users/Dr. S Chakraborty/OneDrive/Desktop/STM32_Dispenser/Test/lib" -I../Drivers/STM32F0xx_HAL_Driver/Inc -I../Drivers/STM32F0xx_HAL_Driver/Inc/Legacy -I../Drivers/CMSIS/Device/ST/STM32F0xx/Include -I../Drivers/CMSIS/Include -O0 -ffunction-sections -fdata-sections -fno-exceptions -fno-rtti -fno-use-cxa-atexit -Wall -fstack-usage -fcyclomatic-complexity -MMD -MP -MF"Core/Src/prj_disp.d" -MT"Core/Src/prj_disp.o" --specs=nano.specs -mfloat-abi=soft -mthumb -o "Core/Src/prj_disp.o"
../Core/Src/prj_disp.cpp: In function 'void prj_Disp_init()':
../Core/Src/prj_disp.cpp:61:36: error: expected ';' before ')' token
   61 |     canP.ParseError(bfr, len, &pkt));
      |                                    ^
      |                                    ;
../Core/Src/prj_disp.cpp: In function 'void process_Real_Hardware()':
../Core/Src/prj_disp.cpp:71:14: warning: unused variable 'value' [-Wunused-variable]
   71 |         long value;
      |              ^~~~~
../Core/Src/prj_disp.cpp: In function 'char DispenseWeight(long int, int)':
../Core/Src/prj_disp.cpp:176:2: warning: no return statement in function returning non-void [-Wreturn-type]
  176 |  }
      |  ^
make: *** [Core/Src/subdir.mk:43: Core/Src/prj_disp.o] Error 1
"make -j8 all" terminated with exit code 2. Build might be incomplete.
19:23:06 **** Incremental Build of configuration Debug for project Test ****
make -j8 all 
arm-none-eabi-g++ "../Core/Src/prj_disp.cpp" -mcpu=cortex-m0 -std=gnu++14 -g3 -DDEBUG -DUSE_HAL_DRIVER -DSTM32F030x8 -c -I../Core/Inc -I"C:/Users/Dr. S Chakraborty/OneDrive/Desktop/STM32_Dispenser/Test/lib" -I../Drivers/STM32F0xx_HAL_Driver/Inc -I../Drivers/STM32F0xx_HAL_Driver/Inc/Legacy -I../Drivers/CMSIS/Device/ST/STM32F0xx/Include -I../Drivers/CMSIS/Include -O0 -ffunction-sections -fdata-sections -fno-exceptions -fno-rtti -fno-use-cxa-atexit -Wall -fstack-usage -fcyclomatic-complexity -MMD -MP -MF"Core/Src/prj_disp.d" -MT"Core/Src/prj_disp.o" --specs=nano.specs -mfloat-abi=soft -mthumb -o "Core/Src/prj_disp.o"
../Core/Src/prj_disp.cpp: In function 'void process_Real_Hardware()':
../Core/Src/prj_disp.cpp:71:14: warning: unused variable 'value' [-Wunused-variable]
   71 |         long value;
      |              ^~~~~
../Core/Src/prj_disp.cpp: In function 'char DispenseWeight(long int, int)':
../Core/Src/prj_disp.cpp:176:2: warning: no return statement in function returning non-void [-Wreturn-type]
  176 |  }
      |  ^
arm-none-eabi-g++ -o "Test.elf" @"objects.list"   -mcpu=cortex-m0 -T"C:\Users\Dr. S Chakraborty\OneDrive\Desktop\STM32_Dispenser\Test\STM32F030C8TX_FLASH.ld" --specs=nosys.specs -Wl,-Map="Test.map" -Wl,--gc-sections -static --specs=nano.specs -mfloat-abi=soft -mthumb -Wl,--start-group -lc -lm -lstdc++ -lsupc++ -Wl,--end-group
Finished building target: Test.elf
 
arm-none-eabi-size  Test.elf 
arm-none-eabi-objdump -h -S Test.elf  > "Test.list"
   text	   data	    bss	    dec	    hex	filename
  24884	     92	   2508	  27484	   6b5c	Test.elf
Finished building: default.size.stdout
 
Finished building: Test.list
 
19:23:13 **** Incremental Build of configuration Debug for project Test ****
make -j8 all 
arm-none-eabi-size  Test.elf 
   text	   data	    bss	    dec	    hex	filename
  24884	     92	   2508	  27484	   6b5c	Test.elf
Finished building: default.size.stdout
 
19:23:44 **** Incremental Build of configuration Debug for project Test ****
make -j8 all 
arm-none-eabi-size  Test.elf 
   text	   data	    bss	    dec	    hex	filename
  24884	     92	   2508	  27484	   6b5c	Test.elf
Finished building: default.size.stdout
 
19:24:01 **** Incremental Build of configuration Debug for project Test ****
make -j8 all 
arm-none-eabi-size  Test.elf 
   text	   data	    bss	    dec	    hex	filename
  24884	     92	   2508	  27484	   6b5c	Test.elf
Finished building: default.size.stdout
 
19:28:04 **** Incremental Build of configuration Debug for project Test ****
make -j8 all 
arm-none-eabi-g++ "../lib/CAN/can.cpp" -mcpu=cortex-m0 -std=gnu++14 -g3 -DDEBUG -DUSE_HAL_DRIVER -DSTM32F030x8 -c -I../Core/Inc -I"C:/Users/Dr. S Chakraborty/OneDrive/Desktop/STM32_Dispenser/Test/lib" -I../Drivers/STM32F0xx_HAL_Driver/Inc -I../Drivers/STM32F0xx_HAL_Driver/Inc/Legacy -I../Drivers/CMSIS/Device/ST/STM32F0xx/Include -I../Drivers/CMSIS/Include -O0 -ffunction-sections -fdata-sections -fno-exceptions -fno-rtti -fno-use-cxa-atexit -Wall -fstack-usage -fcyclomatic-complexity -MMD -MP -MF"lib/CAN/can.d" -MT"lib/CAN/can.o" --specs=nano.specs -mfloat-abi=soft -mthumb -o "lib/CAN/can.o"
../lib/CAN/can.cpp:5:14: warning: 'debug' initialized and declared 'extern'
    5 | extern Debug debug(&huart2);
      |              ^~~~~
../lib/CAN/can.cpp: In member function 'bool CANProtocol::ParseError(uint8_t*, uint16_t, Packet_t*)':
../lib/CAN/can.cpp:16:56: warning: enum constant in boolean context [-Wint-in-bool-context]
   16 |     if (buffer[0] != 0x66 || buffer[1] != 0x55) return preambles_not_found;
      |                                                        ^~~~~~~~~~~~~~~~~~~
../lib/CAN/can.cpp:19:66: warning: enum constant in boolean context [-Wint-in-bool-context]
   19 |      if (buffer[len-2] != 0x77 || buffer[len -1] != 0x88) return postambles_not_found;
      |                                                                  ^~~~~~~~~~~~~~~~~~~~
../lib/CAN/can.cpp:23:65: warning: enum constant in boolean context [-Wint-in-bool-context]
   23 |     if (packetLen != len || packetLen > KBUS_MAX_PACKET) return packet_length_exceeds;
      |                                                                 ^~~~~~~~~~~~~~~~~~~~~
../lib/CAN/can.cpp:48:41: warning: enum constant in boolean context [-Wint-in-bool-context]
   48 |     if (calcCRC != receivedCRC) return  CRC_error;
      |                                         ^~~~~~~~~
arm-none-eabi-g++ -o "Test.elf" @"objects.list"   -mcpu=cortex-m0 -T"C:\Users\Dr. S Chakraborty\OneDrive\Desktop\STM32_Dispenser\Test\STM32F030C8TX_FLASH.ld" --specs=nosys.specs -Wl,-Map="Test.map" -Wl,--gc-sections -static --specs=nano.specs -mfloat-abi=soft -mthumb -Wl,--start-group -lc -lm -lstdc++ -lsupc++ -Wl,--end-group
Finished building target: Test.elf
 
arm-none-eabi-size  Test.elf 
arm-none-eabi-objdump -h -S Test.elf  > "Test.list"
   text	   data	    bss	    dec	    hex	filename
  24884	     92	   2508	  27484	   6b5c	Test.elf
Finished building: default.size.stdout
 
Finished building: Test.list
 
19:58:59 **** Incremental Build of configuration Debug for project Test ****
make -j8 all 
arm-none-eabi-g++ "../Core/Src/prj_disp.cpp" -mcpu=cortex-m0 -std=gnu++14 -g3 -DDEBUG -DUSE_HAL_DRIVER -DSTM32F030x8 -c -I../Core/Inc -I"C:/Users/Dr. S Chakraborty/OneDrive/Desktop/STM32_Dispenser/Test/lib" -I../Drivers/STM32F0xx_HAL_Driver/Inc -I../Drivers/STM32F0xx_HAL_Driver/Inc/Legacy -I../Drivers/CMSIS/Device/ST/STM32F0xx/Include -I../Drivers/CMSIS/Include -O0 -ffunction-sections -fdata-sections -fno-exceptions -fno-rtti -fno-use-cxa-atexit -Wall -fstack-usage -fcyclomatic-complexity -MMD -MP -MF"Core/Src/prj_disp.d" -MT"Core/Src/prj_disp.o" --specs=nano.specs -mfloat-abi=soft -mthumb -o "Core/Src/prj_disp.o"
../Core/Src/prj_disp.cpp: In function 'void process_Real_Hardware()':
../Core/Src/prj_disp.cpp:71:14: warning: unused variable 'value' [-Wunused-variable]
   71 |         long value;
      |              ^~~~~
../Core/Src/prj_disp.cpp: In function 'char DispenseWeight(long int, int)':
../Core/Src/prj_disp.cpp:176:2: warning: no return statement in function returning non-void [-Wreturn-type]
  176 |  }
      |  ^
arm-none-eabi-g++ -o "Test.elf" @"objects.list"   -mcpu=cortex-m0 -T"C:\Users\Dr. S Chakraborty\OneDrive\Desktop\STM32_Dispenser\Test\STM32F030C8TX_FLASH.ld" --specs=nosys.specs -Wl,-Map="Test.map" -Wl,--gc-sections -static --specs=nano.specs -mfloat-abi=soft -mthumb -Wl,--start-group -lc -lm -lstdc++ -lsupc++ -Wl,--end-group
Finished building target: Test.elf
 
arm-none-eabi-size  Test.elf 
arm-none-eabi-objdump -h -S Test.elf  > "Test.list"
   text	   data	    bss	    dec	    hex	filename
  24736	     92	   2508	  27336	   6ac8	Test.elf
Finished building: default.size.stdout
 
Finished building: Test.list
 
09:51:39 **** Incremental Build of configuration Debug for project Test ****
make -j8 all 
arm-none-eabi-g++ "../Core/Src/prj_disp.cpp" -mcpu=cortex-m0 -std=gnu++14 -g3 -DDEBUG -DUSE_HAL_DRIVER -DSTM32F030x8 -c -I../Core/Inc -I"C:/Users/Dr. S Chakraborty/OneDrive/Desktop/STM32_Dispenser/Test/lib" -I../Drivers/STM32F0xx_HAL_Driver/Inc -I../Drivers/STM32F0xx_HAL_Driver/Inc/Legacy -I../Drivers/CMSIS/Device/ST/STM32F0xx/Include -I../Drivers/CMSIS/Include -O0 -ffunction-sections -fdata-sections -fno-exceptions -fno-rtti -fno-use-cxa-atexit -Wall -fstack-usage -fcyclomatic-complexity -MMD -MP -MF"Core/Src/prj_disp.d" -MT"Core/Src/prj_disp.o" --specs=nano.specs -mfloat-abi=soft -mthumb -o "Core/Src/prj_disp.o"
../Core/Src/prj_disp.cpp: In function 'void process_Real_Hardware()':
../Core/Src/prj_disp.cpp:71:14: warning: unused variable 'value' [-Wunused-variable]
   71 |         long value;
      |              ^~~~~
../Core/Src/prj_disp.cpp: In function 'char DispenseWeight(long int, int)':
../Core/Src/prj_disp.cpp:164:2: warning: no return statement in function returning non-void [-Wreturn-type]
  164 |  }
      |  ^
arm-none-eabi-g++ -o "Test.elf" @"objects.list"   -mcpu=cortex-m0 -T"C:\Users\Dr. S Chakraborty\OneDrive\Desktop\STM32_Dispenser\Test\STM32F030C8TX_FLASH.ld" --specs=nosys.specs -Wl,-Map="Test.map" -Wl,--gc-sections -static --specs=nano.specs -mfloat-abi=soft -mthumb -Wl,--start-group -lc -lm -lstdc++ -lsupc++ -Wl,--end-group
Finished building target: Test.elf
 
arm-none-eabi-size  Test.elf 
arm-none-eabi-objdump -h -S Test.elf  > "Test.list"
   text	   data	    bss	    dec	    hex	filename
  24736	     92	   2508	  27336	   6ac8	Test.elf
Finished building: default.size.stdout
 
Finished building: Test.list
 
11:26:12 **** Incremental Build of configuration Debug for project Test ****
make -j8 all 
arm-none-eabi-g++ "../lib/Helper/Helper.cpp" -mcpu=cortex-m0 -std=gnu++14 -g3 -DDEBUG -DUSE_HAL_DRIVER -DSTM32F030x8 -c -I../Core/Inc -I"C:/Users/Dr. S Chakraborty/OneDrive/Desktop/STM32_Dispenser/Test/lib" -I../Drivers/STM32F0xx_HAL_Driver/Inc -I../Drivers/STM32F0xx_HAL_Driver/Inc/Legacy -I../Drivers/CMSIS/Device/ST/STM32F0xx/Include -I../Drivers/CMSIS/Include -O0 -ffunction-sections -fdata-sections -fno-exceptions -fno-rtti -fno-use-cxa-atexit -Wall -fstack-usage -fcyclomatic-complexity -MMD -MP -MF"lib/Helper/Helper.d" -MT"lib/Helper/Helper.o" --specs=nano.specs -mfloat-abi=soft -mthumb -o "lib/Helper/Helper.o"
arm-none-eabi-g++ "../lib/CAN/can.cpp" -mcpu=cortex-m0 -std=gnu++14 -g3 -DDEBUG -DUSE_HAL_DRIVER -DSTM32F030x8 -c -I../Core/Inc -I"C:/Users/Dr. S Chakraborty/OneDrive/Desktop/STM32_Dispenser/Test/lib" -I../Drivers/STM32F0xx_HAL_Driver/Inc -I../Drivers/STM32F0xx_HAL_Driver/Inc/Legacy -I../Drivers/CMSIS/Device/ST/STM32F0xx/Include -I../Drivers/CMSIS/Include -O0 -ffunction-sections -fdata-sections -fno-exceptions -fno-rtti -fno-use-cxa-atexit -Wall -fstack-usage -fcyclomatic-complexity -MMD -MP -MF"lib/CAN/can.d" -MT"lib/CAN/can.o" --specs=nano.specs -mfloat-abi=soft -mthumb -o "lib/CAN/can.o"
../lib/Helper/Helper.cpp:67:20: warning: 'const char* GetRWString(uint8_t)' defined but not used [-Wunused-function]
   67 | static const char* GetRWString(uint8_t rw)
      |                    ^~~~~~~~~~~
../lib/CAN/can.cpp:5:14: warning: 'debug' initialized and declared 'extern'
    5 | extern Debug debug(&huart2);
      |              ^~~~~
../lib/CAN/can.cpp: In member function 'bool CANProtocol::ParseError(uint8_t*, uint16_t, Packet_t*)':
../lib/CAN/can.cpp:16:56: warning: enum constant in boolean context [-Wint-in-bool-context]
   16 |     if (buffer[0] != 0x66 || buffer[1] != 0x55) return preambles_not_found;
      |                                                        ^~~~~~~~~~~~~~~~~~~
../lib/CAN/can.cpp:19:66: warning: enum constant in boolean context [-Wint-in-bool-context]
   19 |      if (buffer[len-2] != 0x77 || buffer[len -1] != 0x88) return postambles_not_found;
      |                                                                  ^~~~~~~~~~~~~~~~~~~~
../lib/CAN/can.cpp:23:65: warning: enum constant in boolean context [-Wint-in-bool-context]
   23 |     if (packetLen != len || packetLen > KBUS_MAX_PACKET) return packet_length_exceeds;
      |                                                                 ^~~~~~~~~~~~~~~~~~~~~
../lib/CAN/can.cpp:48:41: warning: enum constant in boolean context [-Wint-in-bool-context]
   48 |     if (calcCRC != receivedCRC) return  CRC_error;
      |                                         ^~~~~~~~~
../lib/CAN/can.cpp: In member function 'void CANProtocol::printPacket(const Packet_t*)':
../lib/CAN/can.cpp:70:40: error: 'GetRWString' was not declared in this scope
   70 |     debug.print("RW         : %s\r\n", GetRWString(pkt->rw));
      |                                        ^~~~~~~~~~~
make: *** [lib/CAN/subdir.mk:19: lib/CAN/can.o] Error 1
"make -j8 all" terminated with exit code 2. Build might be incomplete.
11:28:01 **** Incremental Build of configuration Debug for project Test ****
make -j8 all 
arm-none-eabi-g++ "../lib/Helper/Helper.cpp" -mcpu=cortex-m0 -std=gnu++14 -g3 -DDEBUG -DUSE_HAL_DRIVER -DSTM32F030x8 -c -I../Core/Inc -I"C:/Users/Dr. S Chakraborty/OneDrive/Desktop/STM32_Dispenser/Test/lib" -I../Drivers/STM32F0xx_HAL_Driver/Inc -I../Drivers/STM32F0xx_HAL_Driver/Inc/Legacy -I../Drivers/CMSIS/Device/ST/STM32F0xx/Include -I../Drivers/CMSIS/Include -O0 -ffunction-sections -fdata-sections -fno-exceptions -fno-rtti -fno-use-cxa-atexit -Wall -fstack-usage -fcyclomatic-complexity -MMD -MP -MF"lib/Helper/Helper.d" -MT"lib/Helper/Helper.o" --specs=nano.specs -mfloat-abi=soft -mthumb -o "lib/Helper/Helper.o"
arm-none-eabi-g++ "../lib/CAN/can.cpp" -mcpu=cortex-m0 -std=gnu++14 -g3 -DDEBUG -DUSE_HAL_DRIVER -DSTM32F030x8 -c -I../Core/Inc -I"C:/Users/Dr. S Chakraborty/OneDrive/Desktop/STM32_Dispenser/Test/lib" -I../Drivers/STM32F0xx_HAL_Driver/Inc -I../Drivers/STM32F0xx_HAL_Driver/Inc/Legacy -I../Drivers/CMSIS/Device/ST/STM32F0xx/Include -I../Drivers/CMSIS/Include -O0 -ffunction-sections -fdata-sections -fno-exceptions -fno-rtti -fno-use-cxa-atexit -Wall -fstack-usage -fcyclomatic-complexity -MMD -MP -MF"lib/CAN/can.d" -MT"lib/CAN/can.o" --specs=nano.specs -mfloat-abi=soft -mthumb -o "lib/CAN/can.o"
arm-none-eabi-g++ "../Core/Src/prj_disp.cpp" -mcpu=cortex-m0 -std=gnu++14 -g3 -DDEBUG -DUSE_HAL_DRIVER -DSTM32F030x8 -c -I../Core/Inc -I"C:/Users/Dr. S Chakraborty/OneDrive/Desktop/STM32_Dispenser/Test/lib" -I../Drivers/STM32F0xx_HAL_Driver/Inc -I../Drivers/STM32F0xx_HAL_Driver/Inc/Legacy -I../Drivers/CMSIS/Device/ST/STM32F0xx/Include -I../Drivers/CMSIS/Include -O0 -ffunction-sections -fdata-sections -fno-exceptions -fno-rtti -fno-use-cxa-atexit -Wall -fstack-usage -fcyclomatic-complexity -MMD -MP -MF"Core/Src/prj_disp.d" -MT"Core/Src/prj_disp.o" --specs=nano.specs -mfloat-abi=soft -mthumb -o "Core/Src/prj_disp.o"
../lib/Helper/Helper.cpp:67:20: warning: 'const char* GetRWString(uint8_t)' defined but not used [-Wunused-function]
   67 | static const char* GetRWString(uint8_t rw)
      |                    ^~~~~~~~~~~
../lib/CAN/can.cpp:6:14: warning: 'debug' initialized and declared 'extern'
    6 | extern Debug debug(&huart2);
      |              ^~~~~
../lib/CAN/can.cpp: In member function 'bool CANProtocol::ParseError(uint8_t*, uint16_t, Packet_t*)':
../lib/CAN/can.cpp:17:56: warning: enum constant in boolean context [-Wint-in-bool-context]
   17 |     if (buffer[0] != 0x66 || buffer[1] != 0x55) return preambles_not_found;
      |                                                        ^~~~~~~~~~~~~~~~~~~
../lib/CAN/can.cpp:20:66: warning: enum constant in boolean context [-Wint-in-bool-context]
   20 |      if (buffer[len-2] != 0x77 || buffer[len -1] != 0x88) return postambles_not_found;
      |                                                                  ^~~~~~~~~~~~~~~~~~~~
../lib/CAN/can.cpp:24:65: warning: enum constant in boolean context [-Wint-in-bool-context]
   24 |     if (packetLen != len || packetLen > KBUS_MAX_PACKET) return packet_length_exceeds;
      |                                                                 ^~~~~~~~~~~~~~~~~~~~~
../lib/CAN/can.cpp:49:41: warning: enum constant in boolean context [-Wint-in-bool-context]
   49 |     if (calcCRC != receivedCRC) return  CRC_error;
      |                                         ^~~~~~~~~
In file included from ../lib/CAN/can.cpp:3:
C:/Users/Dr. S Chakraborty/OneDrive/Desktop/STM32_Dispenser/Test/lib/Helper/Helper.hpp: At global scope:
C:/Users/Dr. S Chakraborty/OneDrive/Desktop/STM32_Dispenser/Test/lib/Helper/Helper.hpp:10:20: warning: 'const char* GetRWString(uint8_t)' declared 'static' but never defined [-Wunused-function]
   10 | static const char* GetRWString(uint8_t rw);
      |                    ^~~~~~~~~~~
C:/Users/Dr. S Chakraborty/OneDrive/Desktop/STM32_Dispenser/Test/lib/Helper/Helper.hpp:10:20: warning: 'const char* GetRWString(uint8_t)' used but never defined
../Core/Src/prj_disp.cpp: In function 'void process_Real_Hardware()':
../Core/Src/prj_disp.cpp:71:14: warning: unused variable 'value' [-Wunused-variable]
   71 |         long value;
      |              ^~~~~
../Core/Src/prj_disp.cpp: In function 'char DispenseWeight(long int, int)':
../Core/Src/prj_disp.cpp:164:2: warning: no return statement in function returning non-void [-Wreturn-type]
  164 |  }
      |  ^
In file included from ../Core/Src/prj_disp.cpp:11:
C:/Users/Dr. S Chakraborty/OneDrive/Desktop/STM32_Dispenser/Test/lib/Helper/Helper.hpp: At global scope:
C:/Users/Dr. S Chakraborty/OneDrive/Desktop/STM32_Dispenser/Test/lib/Helper/Helper.hpp:10:20: warning: 'const char* GetRWString(uint8_t)' declared 'static' but never defined [-Wunused-function]
   10 | static const char* GetRWString(uint8_t rw);
      |                    ^~~~~~~~~~~
arm-none-eabi-g++ -o "Test.elf" @"objects.list"   -mcpu=cortex-m0 -T"C:\Users\Dr. S Chakraborty\OneDrive\Desktop\STM32_Dispenser\Test\STM32F030C8TX_FLASH.ld" --specs=nosys.specs -Wl,-Map="Test.map" -Wl,--gc-sections -static --specs=nano.specs -mfloat-abi=soft -mthumb -Wl,--start-group -lc -lm -lstdc++ -lsupc++ -Wl,--end-group
C:/ST/STM32CubeIDE_1.19.0/STM32CubeIDE/plugins/com.st.stm32cube.ide.mcu.externaltools.gnu-tools-for-stm32.13.3.rel1.win32_1.0.0.202411081344/tools/bin/../lib/gcc/arm-none-eabi/13.3.1/../../../../arm-none-eabi/bin/ld.exe: ./lib/CAN/can.o: in function `CANProtocol::printPacket(Packet_t const*)':
C:/Users/Dr. S Chakraborty/OneDrive/Desktop/STM32_Dispenser/Test/Debug/../lib/CAN/can.cpp:71:(.text._ZN11CANProtocol11printPacketEPK8Packet_t+0x7c): undefined reference to `GetRWString(unsigned char)'
collect2.exe: error: ld returned 1 exit status
make: *** [makefile:96: Test.elf] Error 1
"make -j8 all" terminated with exit code 2. Build might be incomplete.
11:29:23 **** Incremental Build of configuration Debug for project Test ****
make -j8 all 
arm-none-eabi-g++ "../lib/CAN/can.cpp" -mcpu=cortex-m0 -std=gnu++14 -g3 -DDEBUG -DUSE_HAL_DRIVER -DSTM32F030x8 -c -I../Core/Inc -I"C:/Users/Dr. S Chakraborty/OneDrive/Desktop/STM32_Dispenser/Test/lib" -I../Drivers/STM32F0xx_HAL_Driver/Inc -I../Drivers/STM32F0xx_HAL_Driver/Inc/Legacy -I../Drivers/CMSIS/Device/ST/STM32F0xx/Include -I../Drivers/CMSIS/Include -O0 -ffunction-sections -fdata-sections -fno-exceptions -fno-rtti -fno-use-cxa-atexit -Wall -fstack-usage -fcyclomatic-complexity -MMD -MP -MF"lib/CAN/can.d" -MT"lib/CAN/can.o" --specs=nano.specs -mfloat-abi=soft -mthumb -o "lib/CAN/can.o"
../lib/CAN/can.cpp:6:14: warning: 'debug' initialized and declared 'extern'
    6 | extern Debug debug(&huart2);
      |              ^~~~~
../lib/CAN/can.cpp: In member function 'bool CANProtocol::ParseError(uint8_t*, uint16_t, Packet_t*)':
../lib/CAN/can.cpp:17:56: warning: enum constant in boolean context [-Wint-in-bool-context]
   17 |     if (buffer[0] != 0x66 || buffer[1] != 0x55) return preambles_not_found;
      |                                                        ^~~~~~~~~~~~~~~~~~~
../lib/CAN/can.cpp:20:66: warning: enum constant in boolean context [-Wint-in-bool-context]
   20 |      if (buffer[len-2] != 0x77 || buffer[len -1] != 0x88) return postambles_not_found;
      |                                                                  ^~~~~~~~~~~~~~~~~~~~
../lib/CAN/can.cpp:24:65: warning: enum constant in boolean context [-Wint-in-bool-context]
   24 |     if (packetLen != len || packetLen > KBUS_MAX_PACKET) return packet_length_exceeds;
      |                                                                 ^~~~~~~~~~~~~~~~~~~~~
../lib/CAN/can.cpp:49:41: warning: enum constant in boolean context [-Wint-in-bool-context]
   49 |     if (calcCRC != receivedCRC) return  CRC_error;
      |                                         ^~~~~~~~~
../lib/CAN/can.cpp: In member function 'void CANProtocol::printPacket(const Packet_t*)':
../lib/CAN/can.cpp:71:40: error: 'Helper' has not been declared
   71 |     debug.print("RW         : %s\r\n", Helper::GetRWString(pkt->rw));
      |                                        ^~~~~~
In file included from ../lib/CAN/can.cpp:3:
C:/Users/Dr. S Chakraborty/OneDrive/Desktop/STM32_Dispenser/Test/lib/Helper/Helper.hpp: At global scope:
C:/Users/Dr. S Chakraborty/OneDrive/Desktop/STM32_Dispenser/Test/lib/Helper/Helper.hpp:10:20: warning: 'const char* GetRWString(uint8_t)' declared 'static' but never defined [-Wunused-function]
   10 | static const char* GetRWString(uint8_t rw);
      |                    ^~~~~~~~~~~
make: *** [lib/CAN/subdir.mk:19: lib/CAN/can.o] Error 1
"make -j8 all" terminated with exit code 2. Build might be incomplete.
11:31:23 **** Incremental Build of configuration Debug for project Test ****
make -j8 all 
arm-none-eabi-g++ "../lib/Helper/Helper.cpp" -mcpu=cortex-m0 -std=gnu++14 -g3 -DDEBUG -DUSE_HAL_DRIVER -DSTM32F030x8 -c -I../Core/Inc -I"C:/Users/Dr. S Chakraborty/OneDrive/Desktop/STM32_Dispenser/Test/lib" -I../Drivers/STM32F0xx_HAL_Driver/Inc -I../Drivers/STM32F0xx_HAL_Driver/Inc/Legacy -I../Drivers/CMSIS/Device/ST/STM32F0xx/Include -I../Drivers/CMSIS/Include -O0 -ffunction-sections -fdata-sections -fno-exceptions -fno-rtti -fno-use-cxa-atexit -Wall -fstack-usage -fcyclomatic-complexity -MMD -MP -MF"lib/Helper/Helper.d" -MT"lib/Helper/Helper.o" --specs=nano.specs -mfloat-abi=soft -mthumb -o "lib/Helper/Helper.o"
arm-none-eabi-g++ "../lib/CAN/can.cpp" -mcpu=cortex-m0 -std=gnu++14 -g3 -DDEBUG -DUSE_HAL_DRIVER -DSTM32F030x8 -c -I../Core/Inc -I"C:/Users/Dr. S Chakraborty/OneDrive/Desktop/STM32_Dispenser/Test/lib" -I../Drivers/STM32F0xx_HAL_Driver/Inc -I../Drivers/STM32F0xx_HAL_Driver/Inc/Legacy -I../Drivers/CMSIS/Device/ST/STM32F0xx/Include -I../Drivers/CMSIS/Include -O0 -ffunction-sections -fdata-sections -fno-exceptions -fno-rtti -fno-use-cxa-atexit -Wall -fstack-usage -fcyclomatic-complexity -MMD -MP -MF"lib/CAN/can.d" -MT"lib/CAN/can.o" --specs=nano.specs -mfloat-abi=soft -mthumb -o "lib/CAN/can.o"
../lib/Helper/Helper.cpp:67:13: warning: 'const char* GetRWString(uint8_t)' defined but not used [-Wunused-function]
   67 | const char* GetRWString(uint8_t rw)
      |             ^~~~~~~~~~~
../lib/CAN/can.cpp:6:14: warning: 'debug' initialized and declared 'extern'
    6 | extern Debug debug(&huart2);
      |              ^~~~~
../lib/CAN/can.cpp: In member function 'bool CANProtocol::ParseError(uint8_t*, uint16_t, Packet_t*)':
../lib/CAN/can.cpp:17:56: warning: enum constant in boolean context [-Wint-in-bool-context]
   17 |     if (buffer[0] != 0x66 || buffer[1] != 0x55) return preambles_not_found;
      |                                                        ^~~~~~~~~~~~~~~~~~~
../lib/CAN/can.cpp:20:66: warning: enum constant in boolean context [-Wint-in-bool-context]
   20 |      if (buffer[len-2] != 0x77 || buffer[len -1] != 0x88) return postambles_not_found;
      |                                                                  ^~~~~~~~~~~~~~~~~~~~
../lib/CAN/can.cpp:24:65: warning: enum constant in boolean context [-Wint-in-bool-context]
   24 |     if (packetLen != len || packetLen > KBUS_MAX_PACKET) return packet_length_exceeds;
      |                                                                 ^~~~~~~~~~~~~~~~~~~~~
../lib/CAN/can.cpp:49:41: warning: enum constant in boolean context [-Wint-in-bool-context]
   49 |     if (calcCRC != receivedCRC) return  CRC_error;
      |                                         ^~~~~~~~~
In file included from ../lib/CAN/can.cpp:3:
C:/Users/Dr. S Chakraborty/OneDrive/Desktop/STM32_Dispenser/Test/lib/Helper/Helper.hpp: At global scope:
C:/Users/Dr. S Chakraborty/OneDrive/Desktop/STM32_Dispenser/Test/lib/Helper/Helper.hpp:10:20: warning: 'const char* GetRWString(uint8_t)' declared 'static' but never defined [-Wunused-function]
   10 | static const char* GetRWString(uint8_t rw);
      |                    ^~~~~~~~~~~
C:/Users/Dr. S Chakraborty/OneDrive/Desktop/STM32_Dispenser/Test/lib/Helper/Helper.hpp:10:20: warning: 'const char* GetRWString(uint8_t)' used but never defined
arm-none-eabi-g++ -o "Test.elf" @"objects.list"   -mcpu=cortex-m0 -T"C:\Users\Dr. S Chakraborty\OneDrive\Desktop\STM32_Dispenser\Test\STM32F030C8TX_FLASH.ld" --specs=nosys.specs -Wl,-Map="Test.map" -Wl,--gc-sections -static --specs=nano.specs -mfloat-abi=soft -mthumb -Wl,--start-group -lc -lm -lstdc++ -lsupc++ -Wl,--end-group
C:/ST/STM32CubeIDE_1.19.0/STM32CubeIDE/plugins/com.st.stm32cube.ide.mcu.externaltools.gnu-tools-for-stm32.13.3.rel1.win32_1.0.0.202411081344/tools/bin/../lib/gcc/arm-none-eabi/13.3.1/../../../../arm-none-eabi/bin/ld.exe: ./lib/CAN/can.o: in function `CANProtocol::printPacket(Packet_t const*)':
C:/Users/Dr. S Chakraborty/OneDrive/Desktop/STM32_Dispenser/Test/Debug/../lib/CAN/can.cpp:71:(.text._ZN11CANProtocol11printPacketEPK8Packet_t+0x7c): undefined reference to `GetRWString(unsigned char)'
collect2.exe: error: ld returned 1 exit status
make: *** [makefile:96: Test.elf] Error 1
"make -j8 all" terminated with exit code 2. Build might be incomplete.
11:34:48 **** Incremental Build of configuration Debug for project Test ****
make -j8 all 
arm-none-eabi-g++ "../lib/Helper/Helper.cpp" -mcpu=cortex-m0 -std=gnu++14 -g3 -DDEBUG -DUSE_HAL_DRIVER -DSTM32F030x8 -c -I../Core/Inc -I"C:/Users/Dr. S Chakraborty/OneDrive/Desktop/STM32_Dispenser/Test/lib" -I../Drivers/STM32F0xx_HAL_Driver/Inc -I../Drivers/STM32F0xx_HAL_Driver/Inc/Legacy -I../Drivers/CMSIS/Device/ST/STM32F0xx/Include -I../Drivers/CMSIS/Include -O0 -ffunction-sections -fdata-sections -fno-exceptions -fno-rtti -fno-use-cxa-atexit -Wall -fstack-usage -fcyclomatic-complexity -MMD -MP -MF"lib/Helper/Helper.d" -MT"lib/Helper/Helper.o" --specs=nano.specs -mfloat-abi=soft -mthumb -o "lib/Helper/Helper.o"
arm-none-eabi-g++ "../lib/CAN/can.cpp" -mcpu=cortex-m0 -std=gnu++14 -g3 -DDEBUG -DUSE_HAL_DRIVER -DSTM32F030x8 -c -I../Core/Inc -I"C:/Users/Dr. S Chakraborty/OneDrive/Desktop/STM32_Dispenser/Test/lib" -I../Drivers/STM32F0xx_HAL_Driver/Inc -I../Drivers/STM32F0xx_HAL_Driver/Inc/Legacy -I../Drivers/CMSIS/Device/ST/STM32F0xx/Include -I../Drivers/CMSIS/Include -O0 -ffunction-sections -fdata-sections -fno-exceptions -fno-rtti -fno-use-cxa-atexit -Wall -fstack-usage -fcyclomatic-complexity -MMD -MP -MF"lib/CAN/can.d" -MT"lib/CAN/can.o" --specs=nano.specs -mfloat-abi=soft -mthumb -o "lib/CAN/can.o"
arm-none-eabi-g++ "../Core/Src/prj_disp.cpp" -mcpu=cortex-m0 -std=gnu++14 -g3 -DDEBUG -DUSE_HAL_DRIVER -DSTM32F030x8 -c -I../Core/Inc -I"C:/Users/Dr. S Chakraborty/OneDrive/Desktop/STM32_Dispenser/Test/lib" -I../Drivers/STM32F0xx_HAL_Driver/Inc -I../Drivers/STM32F0xx_HAL_Driver/Inc/Legacy -I../Drivers/CMSIS/Device/ST/STM32F0xx/Include -I../Drivers/CMSIS/Include -O0 -ffunction-sections -fdata-sections -fno-exceptions -fno-rtti -fno-use-cxa-atexit -Wall -fstack-usage -fcyclomatic-complexity -MMD -MP -MF"Core/Src/prj_disp.d" -MT"Core/Src/prj_disp.o" --specs=nano.specs -mfloat-abi=soft -mthumb -o "Core/Src/prj_disp.o"
../lib/CAN/can.cpp:6:14: warning: 'debug' initialized and declared 'extern'
    6 | extern Debug debug(&huart2);
      |              ^~~~~
../lib/CAN/can.cpp: In member function 'bool CANProtocol::ParseError(uint8_t*, uint16_t, Packet_t*)':
../lib/CAN/can.cpp:17:56: warning: enum constant in boolean context [-Wint-in-bool-context]
   17 |     if (buffer[0] != 0x66 || buffer[1] != 0x55) return preambles_not_found;
      |                                                        ^~~~~~~~~~~~~~~~~~~
../lib/CAN/can.cpp:20:66: warning: enum constant in boolean context [-Wint-in-bool-context]
   20 |      if (buffer[len-2] != 0x77 || buffer[len -1] != 0x88) return postambles_not_found;
      |                                                                  ^~~~~~~~~~~~~~~~~~~~
../lib/CAN/can.cpp:24:65: warning: enum constant in boolean context [-Wint-in-bool-context]
   24 |     if (packetLen != len || packetLen > KBUS_MAX_PACKET) return packet_length_exceeds;
      |                                                                 ^~~~~~~~~~~~~~~~~~~~~
../lib/CAN/can.cpp:49:41: warning: enum constant in boolean context [-Wint-in-bool-context]
   49 |     if (calcCRC != receivedCRC) return  CRC_error;
      |                                         ^~~~~~~~~
../Core/Src/prj_disp.cpp: In function 'void process_Real_Hardware()':
../Core/Src/prj_disp.cpp:71:14: warning: unused variable 'value' [-Wunused-variable]
   71 |         long value;
      |              ^~~~~
../Core/Src/prj_disp.cpp: In function 'char DispenseWeight(long int, int)':
../Core/Src/prj_disp.cpp:164:2: warning: no return statement in function returning non-void [-Wreturn-type]
  164 |  }
      |  ^
arm-none-eabi-g++ -o "Test.elf" @"objects.list"   -mcpu=cortex-m0 -T"C:\Users\Dr. S Chakraborty\OneDrive\Desktop\STM32_Dispenser\Test\STM32F030C8TX_FLASH.ld" --specs=nosys.specs -Wl,-Map="Test.map" -Wl,--gc-sections -static --specs=nano.specs -mfloat-abi=soft -mthumb -Wl,--start-group -lc -lm -lstdc++ -lsupc++ -Wl,--end-group
Finished building target: Test.elf
 
arm-none-eabi-size  Test.elf 
arm-none-eabi-objdump -h -S Test.elf  > "Test.list"
   text	   data	    bss	    dec	    hex	filename
  24816	     92	   2508	  27416	   6b18	Test.elf
Finished building: default.size.stdout
 
Finished building: Test.list
 
11:35:45 **** Incremental Build of configuration Debug for project Test ****
make -j8 all 
arm-none-eabi-g++ "../lib/CAN/can.cpp" -mcpu=cortex-m0 -std=gnu++14 -g3 -DDEBUG -DUSE_HAL_DRIVER -DSTM32F030x8 -c -I../Core/Inc -I"C:/Users/Dr. S Chakraborty/OneDrive/Desktop/STM32_Dispenser/Test/lib" -I../Drivers/STM32F0xx_HAL_Driver/Inc -I../Drivers/STM32F0xx_HAL_Driver/Inc/Legacy -I../Drivers/CMSIS/Device/ST/STM32F0xx/Include -I../Drivers/CMSIS/Include -O0 -ffunction-sections -fdata-sections -fno-exceptions -fno-rtti -fno-use-cxa-atexit -Wall -fstack-usage -fcyclomatic-complexity -MMD -MP -MF"lib/CAN/can.d" -MT"lib/CAN/can.o" --specs=nano.specs -mfloat-abi=soft -mthumb -o "lib/CAN/can.o"
../lib/CAN/can.cpp:6:14: warning: 'debug' initialized and declared 'extern'
    6 | extern Debug debug(&huart2);
      |              ^~~~~
../lib/CAN/can.cpp: In member function 'bool CANProtocol::ParseError(uint8_t*, uint16_t, Packet_t*)':
../lib/CAN/can.cpp:17:56: warning: enum constant in boolean context [-Wint-in-bool-context]
   17 |     if (buffer[0] != 0x66 || buffer[1] != 0x55) return preambles_not_found;
      |                                                        ^~~~~~~~~~~~~~~~~~~
../lib/CAN/can.cpp:20:66: warning: enum constant in boolean context [-Wint-in-bool-context]
   20 |      if (buffer[len-2] != 0x77 || buffer[len -1] != 0x88) return postambles_not_found;
      |                                                                  ^~~~~~~~~~~~~~~~~~~~
../lib/CAN/can.cpp:24:65: warning: enum constant in boolean context [-Wint-in-bool-context]
   24 |     if (packetLen != len || packetLen > KBUS_MAX_PACKET) return packet_length_exceeds;
      |                                                                 ^~~~~~~~~~~~~~~~~~~~~
../lib/CAN/can.cpp:49:41: warning: enum constant in boolean context [-Wint-in-bool-context]
   49 |     if (calcCRC != receivedCRC) return  CRC_error;
      |                                         ^~~~~~~~~
arm-none-eabi-g++ -o "Test.elf" @"objects.list"   -mcpu=cortex-m0 -T"C:\Users\Dr. S Chakraborty\OneDrive\Desktop\STM32_Dispenser\Test\STM32F030C8TX_FLASH.ld" --specs=nosys.specs -Wl,-Map="Test.map" -Wl,--gc-sections -static --specs=nano.specs -mfloat-abi=soft -mthumb -Wl,--start-group -lc -lm -lstdc++ -lsupc++ -Wl,--end-group
Finished building target: Test.elf
 
arm-none-eabi-size  Test.elf 
arm-none-eabi-objdump -h -S Test.elf  > "Test.list"
   text	   data	    bss	    dec	    hex	filename
  24816	     92	   2508	  27416	   6b18	Test.elf
Finished building: default.size.stdout
 
Finished building: Test.list
 
11:41:09 **** Incremental Build of configuration Debug for project Test ****
make -j8 all 
arm-none-eabi-g++ "../lib/Helper/Helper.cpp" -mcpu=cortex-m0 -std=gnu++14 -g3 -DDEBUG -DUSE_HAL_DRIVER -DSTM32F030x8 -c -I../Core/Inc -I"C:/Users/Dr. S Chakraborty/OneDrive/Desktop/STM32_Dispenser/Test/lib" -I../Drivers/STM32F0xx_HAL_Driver/Inc -I../Drivers/STM32F0xx_HAL_Driver/Inc/Legacy -I../Drivers/CMSIS/Device/ST/STM32F0xx/Include -I../Drivers/CMSIS/Include -O0 -ffunction-sections -fdata-sections -fno-exceptions -fno-rtti -fno-use-cxa-atexit -Wall -fstack-usage -fcyclomatic-complexity -MMD -MP -MF"lib/Helper/Helper.d" -MT"lib/Helper/Helper.o" --specs=nano.specs -mfloat-abi=soft -mthumb -o "lib/Helper/Helper.o"
arm-none-eabi-g++ "../lib/CAN/can.cpp" -mcpu=cortex-m0 -std=gnu++14 -g3 -DDEBUG -DUSE_HAL_DRIVER -DSTM32F030x8 -c -I../Core/Inc -I"C:/Users/Dr. S Chakraborty/OneDrive/Desktop/STM32_Dispenser/Test/lib" -I../Drivers/STM32F0xx_HAL_Driver/Inc -I../Drivers/STM32F0xx_HAL_Driver/Inc/Legacy -I../Drivers/CMSIS/Device/ST/STM32F0xx/Include -I../Drivers/CMSIS/Include -O0 -ffunction-sections -fdata-sections -fno-exceptions -fno-rtti -fno-use-cxa-atexit -Wall -fstack-usage -fcyclomatic-complexity -MMD -MP -MF"lib/CAN/can.d" -MT"lib/CAN/can.o" --specs=nano.specs -mfloat-abi=soft -mthumb -o "lib/CAN/can.o"
arm-none-eabi-g++ "../Core/Src/prj_disp.cpp" -mcpu=cortex-m0 -std=gnu++14 -g3 -DDEBUG -DUSE_HAL_DRIVER -DSTM32F030x8 -c -I../Core/Inc -I"C:/Users/Dr. S Chakraborty/OneDrive/Desktop/STM32_Dispenser/Test/lib" -I../Drivers/STM32F0xx_HAL_Driver/Inc -I../Drivers/STM32F0xx_HAL_Driver/Inc/Legacy -I../Drivers/CMSIS/Device/ST/STM32F0xx/Include -I../Drivers/CMSIS/Include -O0 -ffunction-sections -fdata-sections -fno-exceptions -fno-rtti -fno-use-cxa-atexit -Wall -fstack-usage -fcyclomatic-complexity -MMD -MP -MF"Core/Src/prj_disp.d" -MT"Core/Src/prj_disp.o" --specs=nano.specs -mfloat-abi=soft -mthumb -o "Core/Src/prj_disp.o"
../lib/CAN/can.cpp:6:14: warning: 'debug' initialized and declared 'extern'
    6 | extern Debug debug(&huart2);
      |              ^~~~~
../lib/CAN/can.cpp: In member function 'bool CANProtocol::ParseError(uint8_t*, uint16_t, Packet_t*)':
../lib/CAN/can.cpp:17:56: warning: enum constant in boolean context [-Wint-in-bool-context]
   17 |     if (buffer[0] != 0x66 || buffer[1] != 0x55) return preambles_not_found;
      |                                                        ^~~~~~~~~~~~~~~~~~~
../lib/CAN/can.cpp:20:66: warning: enum constant in boolean context [-Wint-in-bool-context]
   20 |      if (buffer[len-2] != 0x77 || buffer[len -1] != 0x88) return postambles_not_found;
      |                                                                  ^~~~~~~~~~~~~~~~~~~~
../lib/CAN/can.cpp:24:65: warning: enum constant in boolean context [-Wint-in-bool-context]
   24 |     if (packetLen != len || packetLen > KBUS_MAX_PACKET) return packet_length_exceeds;
      |                                                                 ^~~~~~~~~~~~~~~~~~~~~
../lib/CAN/can.cpp:49:41: warning: enum constant in boolean context [-Wint-in-bool-context]
   49 |     if (calcCRC != receivedCRC) return  CRC_error;
      |                                         ^~~~~~~~~
../Core/Src/prj_disp.cpp: In function 'void process_Real_Hardware()':
../Core/Src/prj_disp.cpp:71:14: warning: unused variable 'value' [-Wunused-variable]
   71 |         long value;
      |              ^~~~~
../Core/Src/prj_disp.cpp: In function 'char DispenseWeight(long int, int)':
../Core/Src/prj_disp.cpp:164:2: warning: no return statement in function returning non-void [-Wreturn-type]
  164 |  }
      |  ^
arm-none-eabi-g++ -o "Test.elf" @"objects.list"   -mcpu=cortex-m0 -T"C:\Users\Dr. S Chakraborty\OneDrive\Desktop\STM32_Dispenser\Test\STM32F030C8TX_FLASH.ld" --specs=nosys.specs -Wl,-Map="Test.map" -Wl,--gc-sections -static --specs=nano.specs -mfloat-abi=soft -mthumb -Wl,--start-group -lc -lm -lstdc++ -lsupc++ -Wl,--end-group
Finished building target: Test.elf
 
arm-none-eabi-size  Test.elf 
arm-none-eabi-objdump -h -S Test.elf  > "Test.list"
   text	   data	    bss	    dec	    hex	filename
  24892	     92	   2508	  27492	   6b64	Test.elf
Finished building: default.size.stdout
 
Finished building: Test.list
 
12:13:00 **** Incremental Build of configuration Debug for project Test ****
make -j8 all 
arm-none-eabi-g++ "../lib/Helper/Helper.cpp" -mcpu=cortex-m0 -std=gnu++14 -g3 -DDEBUG -DUSE_HAL_DRIVER -DSTM32F030x8 -c -I../Core/Inc -I"C:/Users/Dr. S Chakraborty/OneDrive/Desktop/STM32_Dispenser/Test/lib" -I../Drivers/STM32F0xx_HAL_Driver/Inc -I../Drivers/STM32F0xx_HAL_Driver/Inc/Legacy -I../Drivers/CMSIS/Device/ST/STM32F0xx/Include -I../Drivers/CMSIS/Include -O0 -ffunction-sections -fdata-sections -fno-exceptions -fno-rtti -fno-use-cxa-atexit -Wall -fstack-usage -fcyclomatic-complexity -MMD -MP -MF"lib/Helper/Helper.d" -MT"lib/Helper/Helper.o" --specs=nano.specs -mfloat-abi=soft -mthumb -o "lib/Helper/Helper.o"
arm-none-eabi-g++ "../lib/CAN/can.cpp" -mcpu=cortex-m0 -std=gnu++14 -g3 -DDEBUG -DUSE_HAL_DRIVER -DSTM32F030x8 -c -I../Core/Inc -I"C:/Users/Dr. S Chakraborty/OneDrive/Desktop/STM32_Dispenser/Test/lib" -I../Drivers/STM32F0xx_HAL_Driver/Inc -I../Drivers/STM32F0xx_HAL_Driver/Inc/Legacy -I../Drivers/CMSIS/Device/ST/STM32F0xx/Include -I../Drivers/CMSIS/Include -O0 -ffunction-sections -fdata-sections -fno-exceptions -fno-rtti -fno-use-cxa-atexit -Wall -fstack-usage -fcyclomatic-complexity -MMD -MP -MF"lib/CAN/can.d" -MT"lib/CAN/can.o" --specs=nano.specs -mfloat-abi=soft -mthumb -o "lib/CAN/can.o"
arm-none-eabi-g++ "../Core/Src/prj_disp.cpp" -mcpu=cortex-m0 -std=gnu++14 -g3 -DDEBUG -DUSE_HAL_DRIVER -DSTM32F030x8 -c -I../Core/Inc -I"C:/Users/Dr. S Chakraborty/OneDrive/Desktop/STM32_Dispenser/Test/lib" -I../Drivers/STM32F0xx_HAL_Driver/Inc -I../Drivers/STM32F0xx_HAL_Driver/Inc/Legacy -I../Drivers/CMSIS/Device/ST/STM32F0xx/Include -I../Drivers/CMSIS/Include -O0 -ffunction-sections -fdata-sections -fno-exceptions -fno-rtti -fno-use-cxa-atexit -Wall -fstack-usage -fcyclomatic-complexity -MMD -MP -MF"Core/Src/prj_disp.d" -MT"Core/Src/prj_disp.o" --specs=nano.specs -mfloat-abi=soft -mthumb -o "Core/Src/prj_disp.o"
../lib/Helper/Helper.cpp: In function 'const char* GetPIC_Type_String(uint8_t)':
../lib/Helper/Helper.cpp:90:13: error: 'cast' was not declared in this scope
   90 |     switch (cast)
      |             ^~~~
../lib/Helper/Helper.cpp:119:1: warning: control reaches end of non-void function [-Wreturn-type]
  119 | }
      | ^
make: *** [lib/Helper/subdir.mk:19: lib/Helper/Helper.o] Error 1
make: *** Waiting for unfinished jobs....
../lib/CAN/can.cpp:6:14: warning: 'debug' initialized and declared 'extern'
    6 | extern Debug debug(&huart2);
      |              ^~~~~
../lib/CAN/can.cpp: In member function 'bool CANProtocol::ParseError(uint8_t*, uint16_t, Packet_t*)':
../lib/CAN/can.cpp:17:56: warning: enum constant in boolean context [-Wint-in-bool-context]
   17 |     if (buffer[0] != 0x66 || buffer[1] != 0x55) return preambles_not_found;
      |                                                        ^~~~~~~~~~~~~~~~~~~
../lib/CAN/can.cpp:20:66: warning: enum constant in boolean context [-Wint-in-bool-context]
   20 |      if (buffer[len-2] != 0x77 || buffer[len -1] != 0x88) return postambles_not_found;
      |                                                                  ^~~~~~~~~~~~~~~~~~~~
../lib/CAN/can.cpp:24:65: warning: enum constant in boolean context [-Wint-in-bool-context]
   24 |     if (packetLen != len || packetLen > KBUS_MAX_PACKET) return packet_length_exceeds;
      |                                                                 ^~~~~~~~~~~~~~~~~~~~~
../lib/CAN/can.cpp:49:41: warning: enum constant in boolean context [-Wint-in-bool-context]
   49 |     if (calcCRC != receivedCRC) return  CRC_error;
      |                                         ^~~~~~~~~
../Core/Src/prj_disp.cpp: In function 'void process_Real_Hardware()':
../Core/Src/prj_disp.cpp:71:14: warning: unused variable 'value' [-Wunused-variable]
   71 |         long value;
      |              ^~~~~
../Core/Src/prj_disp.cpp: In function 'char DispenseWeight(long int, int)':
../Core/Src/prj_disp.cpp:164:2: warning: no return statement in function returning non-void [-Wreturn-type]
  164 |  }
      |  ^
"make -j8 all" terminated with exit code 2. Build might be incomplete.
12:13:39 **** Incremental Build of configuration Debug for project Test ****
make -j8 all 
arm-none-eabi-g++ "../lib/Helper/Helper.cpp" -mcpu=cortex-m0 -std=gnu++14 -g3 -DDEBUG -DUSE_HAL_DRIVER -DSTM32F030x8 -c -I../Core/Inc -I"C:/Users/Dr. S Chakraborty/OneDrive/Desktop/STM32_Dispenser/Test/lib" -I../Drivers/STM32F0xx_HAL_Driver/Inc -I../Drivers/STM32F0xx_HAL_Driver/Inc/Legacy -I../Drivers/CMSIS/Device/ST/STM32F0xx/Include -I../Drivers/CMSIS/Include -O0 -ffunction-sections -fdata-sections -fno-exceptions -fno-rtti -fno-use-cxa-atexit -Wall -fstack-usage -fcyclomatic-complexity -MMD -MP -MF"lib/Helper/Helper.d" -MT"lib/Helper/Helper.o" --specs=nano.specs -mfloat-abi=soft -mthumb -o "lib/Helper/Helper.o"
../lib/Helper/Helper.cpp: In function 'const char* GetPIC_Type_String(uint8_t)':
../lib/Helper/Helper.cpp:104:9: warning: case label value exceeds maximum value for type [-Wswitch-outside-range]
  104 |         case 300: return "MOTOR_X";
      |         ^~~~
../lib/Helper/Helper.cpp:105:9: warning: case label value exceeds maximum value for type [-Wswitch-outside-range]
  105 |         case 301: return "MOTOR_Y";
      |         ^~~~
../lib/Helper/Helper.cpp:106:9: warning: case label value exceeds maximum value for type [-Wswitch-outside-range]
  106 |         case 302: return "MOTOR_R1";
      |         ^~~~
../lib/Helper/Helper.cpp:107:9: warning: case label value exceeds maximum value for type [-Wswitch-outside-range]
  107 |         case 303: return "MOTOR_R2";
      |         ^~~~
../lib/Helper/Helper.cpp:108:9: warning: case label value exceeds maximum value for type [-Wswitch-outside-range]
  108 |         case 304: return "MOTOR_R3";
      |         ^~~~
../lib/Helper/Helper.cpp:109:9: warning: case label value exceeds maximum value for type [-Wswitch-outside-range]
  109 |         case 305: return "MOTOR_R4";
      |         ^~~~
../lib/Helper/Helper.cpp:110:9: warning: case label value exceeds maximum value for type [-Wswitch-outside-range]
  110 |         case 306: return "MOTOR_R5";
      |         ^~~~
../lib/Helper/Helper.cpp:112:9: warning: case label value exceeds maximum value for type [-Wswitch-outside-range]
  112 |         case 307: return "MOTOR_L1";
      |         ^~~~
../lib/Helper/Helper.cpp:113:9: warning: case label value exceeds maximum value for type [-Wswitch-outside-range]
  113 |         case 308: return "MOTOR_L2";
      |         ^~~~
../lib/Helper/Helper.cpp:114:9: warning: case label value exceeds maximum value for type [-Wswitch-outside-range]
  114 |         case 309: return "MOTOR_L3";
      |         ^~~~
../lib/Helper/Helper.cpp:115:9: warning: case label value exceeds maximum value for type [-Wswitch-outside-range]
  115 |         case 310: return "MOTOR_L4";
      |         ^~~~
arm-none-eabi-g++ -o "Test.elf" @"objects.list"   -mcpu=cortex-m0 -T"C:\Users\Dr. S Chakraborty\OneDrive\Desktop\STM32_Dispenser\Test\STM32F030C8TX_FLASH.ld" --specs=nosys.specs -Wl,-Map="Test.map" -Wl,--gc-sections -static --specs=nano.specs -mfloat-abi=soft -mthumb -Wl,--start-group -lc -lm -lstdc++ -lsupc++ -Wl,--end-group
Finished building target: Test.elf
 
arm-none-eabi-size  Test.elf 
arm-none-eabi-objdump -h -S Test.elf  > "Test.list"
   text	   data	    bss	    dec	    hex	filename
  25500	     92	   2508	  28100	   6dc4	Test.elf
Finished building: default.size.stdout
 
Finished building: Test.list
 
12:13:47 **** Incremental Build of configuration Debug for project Test ****
make -j8 all 
arm-none-eabi-size  Test.elf 
   text	   data	    bss	    dec	    hex	filename
  25500	     92	   2508	  28100	   6dc4	Test.elf
Finished building: default.size.stdout
 
12:23:10 **** Incremental Build of configuration Debug for project Test ****
make -j8 all 
arm-none-eabi-g++ "../lib/CAN/can.cpp" -mcpu=cortex-m0 -std=gnu++14 -g3 -DDEBUG -DUSE_HAL_DRIVER -DSTM32F030x8 -c -I../Core/Inc -I"C:/Users/Dr. S Chakraborty/OneDrive/Desktop/STM32_Dispenser/Test/lib" -I../Drivers/STM32F0xx_HAL_Driver/Inc -I../Drivers/STM32F0xx_HAL_Driver/Inc/Legacy -I../Drivers/CMSIS/Device/ST/STM32F0xx/Include -I../Drivers/CMSIS/Include -O0 -ffunction-sections -fdata-sections -fno-exceptions -fno-rtti -fno-use-cxa-atexit -Wall -fstack-usage -fcyclomatic-complexity -MMD -MP -MF"lib/CAN/can.d" -MT"lib/CAN/can.o" --specs=nano.specs -mfloat-abi=soft -mthumb -o "lib/CAN/can.o"
../lib/CAN/can.cpp:6:14: warning: 'debug' initialized and declared 'extern'
    6 | extern Debug debug(&huart2);
      |              ^~~~~
../lib/CAN/can.cpp: In member function 'bool CANProtocol::ParseError(uint8_t*, uint16_t, Packet_t*)':
../lib/CAN/can.cpp:17:56: warning: enum constant in boolean context [-Wint-in-bool-context]
   17 |     if (buffer[0] != 0x66 || buffer[1] != 0x55) return preambles_not_found;
      |                                                        ^~~~~~~~~~~~~~~~~~~
../lib/CAN/can.cpp:20:66: warning: enum constant in boolean context [-Wint-in-bool-context]
   20 |      if (buffer[len-2] != 0x77 || buffer[len -1] != 0x88) return postambles_not_found;
      |                                                                  ^~~~~~~~~~~~~~~~~~~~
../lib/CAN/can.cpp:24:65: warning: enum constant in boolean context [-Wint-in-bool-context]
   24 |     if (packetLen != len || packetLen > KBUS_MAX_PACKET) return packet_length_exceeds;
      |                                                                 ^~~~~~~~~~~~~~~~~~~~~
../lib/CAN/can.cpp:49:41: warning: enum constant in boolean context [-Wint-in-bool-context]
   49 |     if (calcCRC != receivedCRC) return  CRC_error;
      |                                         ^~~~~~~~~
arm-none-eabi-g++ -o "Test.elf" @"objects.list"   -mcpu=cortex-m0 -T"C:\Users\Dr. S Chakraborty\OneDrive\Desktop\STM32_Dispenser\Test\STM32F030C8TX_FLASH.ld" --specs=nosys.specs -Wl,-Map="Test.map" -Wl,--gc-sections -static --specs=nano.specs -mfloat-abi=soft -mthumb -Wl,--start-group -lc -lm -lstdc++ -lsupc++ -Wl,--end-group
Finished building target: Test.elf
 
arm-none-eabi-size  Test.elf 
arm-none-eabi-objdump -h -S Test.elf  > "Test.list"
   text	   data	    bss	    dec	    hex	filename
  25500	     92	   2508	  28100	   6dc4	Test.elf
Finished building: default.size.stdout
 
Finished building: Test.list
 
12:26:29 **** Incremental Build of configuration Debug for project Test ****
make -j8 all 
arm-none-eabi-g++ "../lib/Helper/Helper.cpp" -mcpu=cortex-m0 -std=gnu++14 -g3 -DDEBUG -DUSE_HAL_DRIVER -DSTM32F030x8 -c -I../Core/Inc -I"C:/Users/Dr. S Chakraborty/OneDrive/Desktop/STM32_Dispenser/Test/lib" -I../Drivers/STM32F0xx_HAL_Driver/Inc -I../Drivers/STM32F0xx_HAL_Driver/Inc/Legacy -I../Drivers/CMSIS/Device/ST/STM32F0xx/Include -I../Drivers/CMSIS/Include -O0 -ffunction-sections -fdata-sections -fno-exceptions -fno-rtti -fno-use-cxa-atexit -Wall -fstack-usage -fcyclomatic-complexity -MMD -MP -MF"lib/Helper/Helper.d" -MT"lib/Helper/Helper.o" --specs=nano.specs -mfloat-abi=soft -mthumb -o "lib/Helper/Helper.o"
arm-none-eabi-g++ "../lib/CAN/can.cpp" -mcpu=cortex-m0 -std=gnu++14 -g3 -DDEBUG -DUSE_HAL_DRIVER -DSTM32F030x8 -c -I../Core/Inc -I"C:/Users/Dr. S Chakraborty/OneDrive/Desktop/STM32_Dispenser/Test/lib" -I../Drivers/STM32F0xx_HAL_Driver/Inc -I../Drivers/STM32F0xx_HAL_Driver/Inc/Legacy -I../Drivers/CMSIS/Device/ST/STM32F0xx/Include -I../Drivers/CMSIS/Include -O0 -ffunction-sections -fdata-sections -fno-exceptions -fno-rtti -fno-use-cxa-atexit -Wall -fstack-usage -fcyclomatic-complexity -MMD -MP -MF"lib/CAN/can.d" -MT"lib/CAN/can.o" --specs=nano.specs -mfloat-abi=soft -mthumb -o "lib/CAN/can.o"
arm-none-eabi-g++ "../Core/Src/prj_disp.cpp" -mcpu=cortex-m0 -std=gnu++14 -g3 -DDEBUG -DUSE_HAL_DRIVER -DSTM32F030x8 -c -I../Core/Inc -I"C:/Users/Dr. S Chakraborty/OneDrive/Desktop/STM32_Dispenser/Test/lib" -I../Drivers/STM32F0xx_HAL_Driver/Inc -I../Drivers/STM32F0xx_HAL_Driver/Inc/Legacy -I../Drivers/CMSIS/Device/ST/STM32F0xx/Include -I../Drivers/CMSIS/Include -O0 -ffunction-sections -fdata-sections -fno-exceptions -fno-rtti -fno-use-cxa-atexit -Wall -fstack-usage -fcyclomatic-complexity -MMD -MP -MF"Core/Src/prj_disp.d" -MT"Core/Src/prj_disp.o" --specs=nano.specs -mfloat-abi=soft -mthumb -o "Core/Src/prj_disp.o"
../lib/CAN/can.cpp:6:14: warning: 'debug' initialized and declared 'extern'
    6 | extern Debug debug(&huart2);
      |              ^~~~~
../lib/CAN/can.cpp: In member function 'bool CANProtocol::ParseError(uint8_t*, uint16_t, Packet_t*)':
../lib/CAN/can.cpp:17:56: warning: enum constant in boolean context [-Wint-in-bool-context]
   17 |     if (buffer[0] != 0x66 || buffer[1] != 0x55) return preambles_not_found;
      |                                                        ^~~~~~~~~~~~~~~~~~~
../lib/CAN/can.cpp:20:66: warning: enum constant in boolean context [-Wint-in-bool-context]
   20 |      if (buffer[len-2] != 0x77 || buffer[len -1] != 0x88) return postambles_not_found;
      |                                                                  ^~~~~~~~~~~~~~~~~~~~
../lib/CAN/can.cpp:24:65: warning: enum constant in boolean context [-Wint-in-bool-context]
   24 |     if (packetLen != len || packetLen > KBUS_MAX_PACKET) return packet_length_exceeds;
      |                                                                 ^~~~~~~~~~~~~~~~~~~~~
../lib/CAN/can.cpp:49:41: warning: enum constant in boolean context [-Wint-in-bool-context]
   49 |     if (calcCRC != receivedCRC) return  CRC_error;
      |                                         ^~~~~~~~~
../Core/Src/prj_disp.cpp: In function 'void process_Real_Hardware()':
../Core/Src/prj_disp.cpp:71:14: warning: unused variable 'value' [-Wunused-variable]
   71 |         long value;
      |              ^~~~~
../Core/Src/prj_disp.cpp: In function 'char DispenseWeight(long int, int)':
../Core/Src/prj_disp.cpp:164:2: warning: no return statement in function returning non-void [-Wreturn-type]
  164 |  }
      |  ^
arm-none-eabi-g++ -o "Test.elf" @"objects.list"   -mcpu=cortex-m0 -T"C:\Users\Dr. S Chakraborty\OneDrive\Desktop\STM32_Dispenser\Test\STM32F030C8TX_FLASH.ld" --specs=nosys.specs -Wl,-Map="Test.map" -Wl,--gc-sections -static --specs=nano.specs -mfloat-abi=soft -mthumb -Wl,--start-group -lc -lm -lstdc++ -lsupc++ -Wl,--end-group
Finished building target: Test.elf
 
arm-none-eabi-size  Test.elf 
arm-none-eabi-objdump -h -S Test.elf  > "Test.list"
   text	   data	    bss	    dec	    hex	filename
  25804	     92	   2508	  28404	   6ef4	Test.elf
Finished building: default.size.stdout
 
Finished building: Test.list
 
12:33:48 **** Incremental Build of configuration Debug for project Test ****
make -j8 all 
arm-none-eabi-g++ "../lib/Helper/Helper.cpp" -mcpu=cortex-m0 -std=gnu++14 -g3 -DDEBUG -DUSE_HAL_DRIVER -DSTM32F030x8 -c -I../Core/Inc -I"C:/Users/Dr. S Chakraborty/OneDrive/Desktop/STM32_Dispenser/Test/lib" -I../Drivers/STM32F0xx_HAL_Driver/Inc -I../Drivers/STM32F0xx_HAL_Driver/Inc/Legacy -I../Drivers/CMSIS/Device/ST/STM32F0xx/Include -I../Drivers/CMSIS/Include -O0 -ffunction-sections -fdata-sections -fno-exceptions -fno-rtti -fno-use-cxa-atexit -Wall -fstack-usage -fcyclomatic-complexity -MMD -MP -MF"lib/Helper/Helper.d" -MT"lib/Helper/Helper.o" --specs=nano.specs -mfloat-abi=soft -mthumb -o "lib/Helper/Helper.o"
arm-none-eabi-g++ "../lib/CAN/can.cpp" -mcpu=cortex-m0 -std=gnu++14 -g3 -DDEBUG -DUSE_HAL_DRIVER -DSTM32F030x8 -c -I../Core/Inc -I"C:/Users/Dr. S Chakraborty/OneDrive/Desktop/STM32_Dispenser/Test/lib" -I../Drivers/STM32F0xx_HAL_Driver/Inc -I../Drivers/STM32F0xx_HAL_Driver/Inc/Legacy -I../Drivers/CMSIS/Device/ST/STM32F0xx/Include -I../Drivers/CMSIS/Include -O0 -ffunction-sections -fdata-sections -fno-exceptions -fno-rtti -fno-use-cxa-atexit -Wall -fstack-usage -fcyclomatic-complexity -MMD -MP -MF"lib/CAN/can.d" -MT"lib/CAN/can.o" --specs=nano.specs -mfloat-abi=soft -mthumb -o "lib/CAN/can.o"
arm-none-eabi-g++ "../Core/Src/prj_disp.cpp" -mcpu=cortex-m0 -std=gnu++14 -g3 -DDEBUG -DUSE_HAL_DRIVER -DSTM32F030x8 -c -I../Core/Inc -I"C:/Users/Dr. S Chakraborty/OneDrive/Desktop/STM32_Dispenser/Test/lib" -I../Drivers/STM32F0xx_HAL_Driver/Inc -I../Drivers/STM32F0xx_HAL_Driver/Inc/Legacy -I../Drivers/CMSIS/Device/ST/STM32F0xx/Include -I../Drivers/CMSIS/Include -O0 -ffunction-sections -fdata-sections -fno-exceptions -fno-rtti -fno-use-cxa-atexit -Wall -fstack-usage -fcyclomatic-complexity -MMD -MP -MF"Core/Src/prj_disp.d" -MT"Core/Src/prj_disp.o" --specs=nano.specs -mfloat-abi=soft -mthumb -o "Core/Src/prj_disp.o"
../lib/CAN/can.cpp:6:14: warning: 'debug' initialized and declared 'extern'
    6 | extern Debug debug(&huart2);
      |              ^~~~~
../lib/CAN/can.cpp: In member function 'bool CANProtocol::ParseError(uint8_t*, uint16_t, Packet_t*)':
../lib/CAN/can.cpp:17:56: warning: enum constant in boolean context [-Wint-in-bool-context]
   17 |     if (buffer[0] != 0x66 || buffer[1] != 0x55) return preambles_not_found;
      |                                                        ^~~~~~~~~~~~~~~~~~~
../lib/CAN/can.cpp:20:66: warning: enum constant in boolean context [-Wint-in-bool-context]
   20 |      if (buffer[len-2] != 0x77 || buffer[len -1] != 0x88) return postambles_not_found;
      |                                                                  ^~~~~~~~~~~~~~~~~~~~
../lib/CAN/can.cpp:24:65: warning: enum constant in boolean context [-Wint-in-bool-context]
   24 |     if (packetLen != len || packetLen > KBUS_MAX_PACKET) return packet_length_exceeds;
      |                                                                 ^~~~~~~~~~~~~~~~~~~~~
../lib/CAN/can.cpp:49:41: warning: enum constant in boolean context [-Wint-in-bool-context]
   49 |     if (calcCRC != receivedCRC) return  CRC_error;
      |                                         ^~~~~~~~~
../Core/Src/prj_disp.cpp: In function 'void process_Real_Hardware()':
../Core/Src/prj_disp.cpp:71:14: warning: unused variable 'value' [-Wunused-variable]
   71 |         long value;
      |              ^~~~~
../Core/Src/prj_disp.cpp: In function 'char DispenseWeight(long int, int)':
../Core/Src/prj_disp.cpp:164:2: warning: no return statement in function returning non-void [-Wreturn-type]
  164 |  }
      |  ^
arm-none-eabi-g++ -o "Test.elf" @"objects.list"   -mcpu=cortex-m0 -T"C:\Users\Dr. S Chakraborty\OneDrive\Desktop\STM32_Dispenser\Test\STM32F030C8TX_FLASH.ld" --specs=nosys.specs -Wl,-Map="Test.map" -Wl,--gc-sections -static --specs=nano.specs -mfloat-abi=soft -mthumb -Wl,--start-group -lc -lm -lstdc++ -lsupc++ -Wl,--end-group
Finished building target: Test.elf
 
arm-none-eabi-size  Test.elf 
arm-none-eabi-objdump -h -S Test.elf  > "Test.list"
   text	   data	    bss	    dec	    hex	filename
  26020	     92	   2508	  28620	   6fcc	Test.elf
Finished building: default.size.stdout
 
Finished building: Test.list
 
12:37:10 **** Incremental Build of configuration Debug for project Test ****
make -j8 all 
arm-none-eabi-g++ "../lib/CAN/can.cpp" -mcpu=cortex-m0 -std=gnu++14 -g3 -DDEBUG -DUSE_HAL_DRIVER -DSTM32F030x8 -c -I../Core/Inc -I"C:/Users/Dr. S Chakraborty/OneDrive/Desktop/STM32_Dispenser/Test/lib" -I../Drivers/STM32F0xx_HAL_Driver/Inc -I../Drivers/STM32F0xx_HAL_Driver/Inc/Legacy -I../Drivers/CMSIS/Device/ST/STM32F0xx/Include -I../Drivers/CMSIS/Include -O0 -ffunction-sections -fdata-sections -fno-exceptions -fno-rtti -fno-use-cxa-atexit -Wall -fstack-usage -fcyclomatic-complexity -MMD -MP -MF"lib/CAN/can.d" -MT"lib/CAN/can.o" --specs=nano.specs -mfloat-abi=soft -mthumb -o "lib/CAN/can.o"
../lib/CAN/can.cpp:6:14: warning: 'debug' initialized and declared 'extern'
    6 | extern Debug debug(&huart2);
      |              ^~~~~
../lib/CAN/can.cpp: In member function 'bool CANProtocol::ParseError(uint8_t*, uint16_t, Packet_t*)':
../lib/CAN/can.cpp:17:56: warning: enum constant in boolean context [-Wint-in-bool-context]
   17 |     if (buffer[0] != 0x66 || buffer[1] != 0x55) return preambles_not_found;
      |                                                        ^~~~~~~~~~~~~~~~~~~
../lib/CAN/can.cpp:20:66: warning: enum constant in boolean context [-Wint-in-bool-context]
   20 |      if (buffer[len-2] != 0x77 || buffer[len -1] != 0x88) return postambles_not_found;
      |                                                                  ^~~~~~~~~~~~~~~~~~~~
../lib/CAN/can.cpp:24:65: warning: enum constant in boolean context [-Wint-in-bool-context]
   24 |     if (packetLen != len || packetLen > KBUS_MAX_PACKET) return packet_length_exceeds;
      |                                                                 ^~~~~~~~~~~~~~~~~~~~~
../lib/CAN/can.cpp:49:41: warning: enum constant in boolean context [-Wint-in-bool-context]
   49 |     if (calcCRC != receivedCRC) return  CRC_error;
      |                                         ^~~~~~~~~
arm-none-eabi-g++ -o "Test.elf" @"objects.list"   -mcpu=cortex-m0 -T"C:\Users\Dr. S Chakraborty\OneDrive\Desktop\STM32_Dispenser\Test\STM32F030C8TX_FLASH.ld" --specs=nosys.specs -Wl,-Map="Test.map" -Wl,--gc-sections -static --specs=nano.specs -mfloat-abi=soft -mthumb -Wl,--start-group -lc -lm -lstdc++ -lsupc++ -Wl,--end-group
Finished building target: Test.elf
 
arm-none-eabi-size  Test.elf 
arm-none-eabi-objdump -h -S Test.elf  > "Test.list"
   text	   data	    bss	    dec	    hex	filename
  26016	     92	   2508	  28616	   6fc8	Test.elf
Finished building: default.size.stdout
 
Finished building: Test.list
 
12:38:29 **** Incremental Build of configuration Debug for project Test ****
make -j8 all 
arm-none-eabi-g++ "../lib/CAN/can.cpp" -mcpu=cortex-m0 -std=gnu++14 -g3 -DDEBUG -DUSE_HAL_DRIVER -DSTM32F030x8 -c -I../Core/Inc -I"C:/Users/Dr. S Chakraborty/OneDrive/Desktop/STM32_Dispenser/Test/lib" -I../Drivers/STM32F0xx_HAL_Driver/Inc -I../Drivers/STM32F0xx_HAL_Driver/Inc/Legacy -I../Drivers/CMSIS/Device/ST/STM32F0xx/Include -I../Drivers/CMSIS/Include -O0 -ffunction-sections -fdata-sections -fno-exceptions -fno-rtti -fno-use-cxa-atexit -Wall -fstack-usage -fcyclomatic-complexity -MMD -MP -MF"lib/CAN/can.d" -MT"lib/CAN/can.o" --specs=nano.specs -mfloat-abi=soft -mthumb -o "lib/CAN/can.o"
../lib/CAN/can.cpp:6:14: warning: 'debug' initialized and declared 'extern'
    6 | extern Debug debug(&huart2);
      |              ^~~~~
../lib/CAN/can.cpp: In member function 'bool CANProtocol::ParseError(uint8_t*, uint16_t, Packet_t*)':
../lib/CAN/can.cpp:17:56: warning: enum constant in boolean context [-Wint-in-bool-context]
   17 |     if (buffer[0] != 0x66 || buffer[1] != 0x55) return preambles_not_found;
      |                                                        ^~~~~~~~~~~~~~~~~~~
../lib/CAN/can.cpp:20:66: warning: enum constant in boolean context [-Wint-in-bool-context]
   20 |      if (buffer[len-2] != 0x77 || buffer[len -1] != 0x88) return postambles_not_found;
      |                                                                  ^~~~~~~~~~~~~~~~~~~~
../lib/CAN/can.cpp:24:65: warning: enum constant in boolean context [-Wint-in-bool-context]
   24 |     if (packetLen != len || packetLen > KBUS_MAX_PACKET) return packet_length_exceeds;
      |                                                                 ^~~~~~~~~~~~~~~~~~~~~
../lib/CAN/can.cpp:49:41: warning: enum constant in boolean context [-Wint-in-bool-context]
   49 |     if (calcCRC != receivedCRC) return  CRC_error;
      |                                         ^~~~~~~~~
arm-none-eabi-g++ -o "Test.elf" @"objects.list"   -mcpu=cortex-m0 -T"C:\Users\Dr. S Chakraborty\OneDrive\Desktop\STM32_Dispenser\Test\STM32F030C8TX_FLASH.ld" --specs=nosys.specs -Wl,-Map="Test.map" -Wl,--gc-sections -static --specs=nano.specs -mfloat-abi=soft -mthumb -Wl,--start-group -lc -lm -lstdc++ -lsupc++ -Wl,--end-group
Finished building target: Test.elf
 
arm-none-eabi-size  Test.elf 
arm-none-eabi-objdump -h -S Test.elf  > "Test.list"
   text	   data	    bss	    dec	    hex	filename
  26032	     92	   2508	  28632	   6fd8	Test.elf
Finished building: default.size.stdout
 
Finished building: Test.list
 
12:43:41 **** Incremental Build of configuration Debug for project Test ****
make -j8 all 
arm-none-eabi-g++ "../lib/CAN/can.cpp" -mcpu=cortex-m0 -std=gnu++14 -g3 -DDEBUG -DUSE_HAL_DRIVER -DSTM32F030x8 -c -I../Core/Inc -I"C:/Users/Dr. S Chakraborty/OneDrive/Desktop/STM32_Dispenser/Test/lib" -I../Drivers/STM32F0xx_HAL_Driver/Inc -I../Drivers/STM32F0xx_HAL_Driver/Inc/Legacy -I../Drivers/CMSIS/Device/ST/STM32F0xx/Include -I../Drivers/CMSIS/Include -O0 -ffunction-sections -fdata-sections -fno-exceptions -fno-rtti -fno-use-cxa-atexit -Wall -fstack-usage -fcyclomatic-complexity -MMD -MP -MF"lib/CAN/can.d" -MT"lib/CAN/can.o" --specs=nano.specs -mfloat-abi=soft -mthumb -o "lib/CAN/can.o"
arm-none-eabi-gcc "../Core/Src/main.c" -mcpu=cortex-m0 -std=gnu11 -g3 -DDEBUG -DUSE_HAL_DRIVER -DSTM32F030x8 -c -I../Core/Inc -I"C:/Users/Dr. S Chakraborty/OneDrive/Desktop/STM32_Dispenser/Test/lib" -I../Drivers/STM32F0xx_HAL_Driver/Inc -I../Drivers/STM32F0xx_HAL_Driver/Inc/Legacy -I../Drivers/CMSIS/Device/ST/STM32F0xx/Include -I../Drivers/CMSIS/Include -O0 -ffunction-sections -fdata-sections -Wall -fstack-usage -fcyclomatic-complexity -MMD -MP -MF"Core/Src/main.d" -MT"Core/Src/main.o" --specs=nano.specs -mfloat-abi=soft -mthumb -o "Core/Src/main.o"
arm-none-eabi-g++ "../Core/Src/prj_disp.cpp" -mcpu=cortex-m0 -std=gnu++14 -g3 -DDEBUG -DUSE_HAL_DRIVER -DSTM32F030x8 -c -I../Core/Inc -I"C:/Users/Dr. S Chakraborty/OneDrive/Desktop/STM32_Dispenser/Test/lib" -I../Drivers/STM32F0xx_HAL_Driver/Inc -I../Drivers/STM32F0xx_HAL_Driver/Inc/Legacy -I../Drivers/CMSIS/Device/ST/STM32F0xx/Include -I../Drivers/CMSIS/Include -O0 -ffunction-sections -fdata-sections -fno-exceptions -fno-rtti -fno-use-cxa-atexit -Wall -fstack-usage -fcyclomatic-complexity -MMD -MP -MF"Core/Src/prj_disp.d" -MT"Core/Src/prj_disp.o" --specs=nano.specs -mfloat-abi=soft -mthumb -o "Core/Src/prj_disp.o"
../lib/CAN/can.cpp:6:14: warning: 'debug' initialized and declared 'extern'
    6 | extern Debug debug(&huart2);
      |              ^~~~~
../lib/CAN/can.cpp: In member function 'bool CANProtocol::ParseError(uint8_t*, uint16_t, Packet_t*)':
../lib/CAN/can.cpp:17:56: warning: enum constant in boolean context [-Wint-in-bool-context]
   17 |     if (buffer[0] != 0x66 || buffer[1] != 0x55) return preambles_not_found;
      |                                                        ^~~~~~~~~~~~~~~~~~~
../lib/CAN/can.cpp:20:66: warning: enum constant in boolean context [-Wint-in-bool-context]
   20 |      if (buffer[len-2] != 0x77 || buffer[len -1] != 0x88) return postambles_not_found;
      |                                                                  ^~~~~~~~~~~~~~~~~~~~
../lib/CAN/can.cpp:24:65: warning: enum constant in boolean context [-Wint-in-bool-context]
   24 |     if (packetLen != len || packetLen > KBUS_MAX_PACKET) return packet_length_exceeds;
      |                                                                 ^~~~~~~~~~~~~~~~~~~~~
../lib/CAN/can.cpp:49:41: warning: enum constant in boolean context [-Wint-in-bool-context]
   49 |     if (calcCRC != receivedCRC) return  CRC_error;
      |                                         ^~~~~~~~~
../Core/Src/prj_disp.cpp: In function 'void process_Real_Hardware()':
../Core/Src/prj_disp.cpp:72:14: warning: unused variable 'value' [-Wunused-variable]
   72 |         long value;
      |              ^~~~~
../Core/Src/prj_disp.cpp: In function 'char DispenseWeight(long int, int)':
../Core/Src/prj_disp.cpp:166:2: warning: no return statement in function returning non-void [-Wreturn-type]
  166 |  }
      |  ^
arm-none-eabi-g++ -o "Test.elf" @"objects.list"   -mcpu=cortex-m0 -T"C:\Users\Dr. S Chakraborty\OneDrive\Desktop\STM32_Dispenser\Test\STM32F030C8TX_FLASH.ld" --specs=nosys.specs -Wl,-Map="Test.map" -Wl,--gc-sections -static --specs=nano.specs -mfloat-abi=soft -mthumb -Wl,--start-group -lc -lm -lstdc++ -lsupc++ -Wl,--end-group
C:/ST/STM32CubeIDE_1.19.0/STM32CubeIDE/plugins/com.st.stm32cube.ide.mcu.externaltools.gnu-tools-for-stm32.13.3.rel1.win32_1.0.0.202411081344/tools/bin/../lib/gcc/arm-none-eabi/13.3.1/../../../../arm-none-eabi/bin/ld.exe: ./Core/Src/prj_disp.o:C:/Users/Dr. S Chakraborty/OneDrive/Desktop/STM32_Dispenser/Test/Debug/../Core/Src/prj_disp.hpp:31: multiple definition of `Packet_count'; ./Core/Src/main.o:C:/Users/Dr. S Chakraborty/OneDrive/Desktop/STM32_Dispenser/Test/Debug/../Core/Src/prj_disp.hpp:31: first defined here
collect2.exe: error: ld returned 1 exit status
make: *** [makefile:96: Test.elf] Error 1
"make -j8 all" terminated with exit code 2. Build might be incomplete.
12:44:43 **** Incremental Build of configuration Debug for project Test ****
make -j8 all 
arm-none-eabi-gcc "../Core/Src/main.c" -mcpu=cortex-m0 -std=gnu11 -g3 -DDEBUG -DUSE_HAL_DRIVER -DSTM32F030x8 -c -I../Core/Inc -I"C:/Users/Dr. S Chakraborty/OneDrive/Desktop/STM32_Dispenser/Test/lib" -I../Drivers/STM32F0xx_HAL_Driver/Inc -I../Drivers/STM32F0xx_HAL_Driver/Inc/Legacy -I../Drivers/CMSIS/Device/ST/STM32F0xx/Include -I../Drivers/CMSIS/Include -O0 -ffunction-sections -fdata-sections -Wall -fstack-usage -fcyclomatic-complexity -MMD -MP -MF"Core/Src/main.d" -MT"Core/Src/main.o" --specs=nano.specs -mfloat-abi=soft -mthumb -o "Core/Src/main.o"
arm-none-eabi-g++ "../Core/Src/prj_disp.cpp" -mcpu=cortex-m0 -std=gnu++14 -g3 -DDEBUG -DUSE_HAL_DRIVER -DSTM32F030x8 -c -I../Core/Inc -I"C:/Users/Dr. S Chakraborty/OneDrive/Desktop/STM32_Dispenser/Test/lib" -I../Drivers/STM32F0xx_HAL_Driver/Inc -I../Drivers/STM32F0xx_HAL_Driver/Inc/Legacy -I../Drivers/CMSIS/Device/ST/STM32F0xx/Include -I../Drivers/CMSIS/Include -O0 -ffunction-sections -fdata-sections -fno-exceptions -fno-rtti -fno-use-cxa-atexit -Wall -fstack-usage -fcyclomatic-complexity -MMD -MP -MF"Core/Src/prj_disp.d" -MT"Core/Src/prj_disp.o" --specs=nano.specs -mfloat-abi=soft -mthumb -o "Core/Src/prj_disp.o"
../Core/Src/prj_disp.cpp: In function 'void process_Real_Hardware()':
../Core/Src/prj_disp.cpp:74:14: warning: unused variable 'value' [-Wunused-variable]
   74 |         long value;
      |              ^~~~~
../Core/Src/prj_disp.cpp: In function 'char DispenseWeight(long int, int)':
../Core/Src/prj_disp.cpp:168:2: warning: no return statement in function returning non-void [-Wreturn-type]
  168 |  }
      |  ^
arm-none-eabi-g++ -o "Test.elf" @"objects.list"   -mcpu=cortex-m0 -T"C:\Users\Dr. S Chakraborty\OneDrive\Desktop\STM32_Dispenser\Test\STM32F030C8TX_FLASH.ld" --specs=nosys.specs -Wl,-Map="Test.map" -Wl,--gc-sections -static --specs=nano.specs -mfloat-abi=soft -mthumb -Wl,--start-group -lc -lm -lstdc++ -lsupc++ -Wl,--end-group
Finished building target: Test.elf
 
arm-none-eabi-size  Test.elf 
arm-none-eabi-objdump -h -S Test.elf  > "Test.list"
   text	   data	    bss	    dec	    hex	filename
  26048	     92	   2508	  28648	   6fe8	Test.elf
Finished building: default.size.stdout
 
Finished building: Test.list
 
12:44:49 **** Incremental Build of configuration Debug for project Test ****
make -j8 all 
arm-none-eabi-size  Test.elf 
   text	   data	    bss	    dec	    hex	filename
  26048	     92	   2508	  28648	   6fe8	Test.elf
Finished building: default.size.stdout
 
12:46:31 **** Incremental Build of configuration Debug for project Test ****
make -j8 all 
arm-none-eabi-g++ "../lib/CAN/can.cpp" -mcpu=cortex-m0 -std=gnu++14 -g3 -DDEBUG -DUSE_HAL_DRIVER -DSTM32F030x8 -c -I../Core/Inc -I"C:/Users/Dr. S Chakraborty/OneDrive/Desktop/STM32_Dispenser/Test/lib" -I../Drivers/STM32F0xx_HAL_Driver/Inc -I../Drivers/STM32F0xx_HAL_Driver/Inc/Legacy -I../Drivers/CMSIS/Device/ST/STM32F0xx/Include -I../Drivers/CMSIS/Include -O0 -ffunction-sections -fdata-sections -fno-exceptions -fno-rtti -fno-use-cxa-atexit -Wall -fstack-usage -fcyclomatic-complexity -MMD -MP -MF"lib/CAN/can.d" -MT"lib/CAN/can.o" --specs=nano.specs -mfloat-abi=soft -mthumb -o "lib/CAN/can.o"
arm-none-eabi-g++ "../Core/Src/prj_disp.cpp" -mcpu=cortex-m0 -std=gnu++14 -g3 -DDEBUG -DUSE_HAL_DRIVER -DSTM32F030x8 -c -I../Core/Inc -I"C:/Users/Dr. S Chakraborty/OneDrive/Desktop/STM32_Dispenser/Test/lib" -I../Drivers/STM32F0xx_HAL_Driver/Inc -I../Drivers/STM32F0xx_HAL_Driver/Inc/Legacy -I../Drivers/CMSIS/Device/ST/STM32F0xx/Include -I../Drivers/CMSIS/Include -O0 -ffunction-sections -fdata-sections -fno-exceptions -fno-rtti -fno-use-cxa-atexit -Wall -fstack-usage -fcyclomatic-complexity -MMD -MP -MF"Core/Src/prj_disp.d" -MT"Core/Src/prj_disp.o" --specs=nano.specs -mfloat-abi=soft -mthumb -o "Core/Src/prj_disp.o"
../lib/CAN/can.cpp:6:14: warning: 'debug' initialized and declared 'extern'
    6 | extern Debug debug(&huart2);
      |              ^~~~~
../lib/CAN/can.cpp: In member function 'bool CANProtocol::ParseError(uint8_t*, uint16_t, Packet_t*)':
../lib/CAN/can.cpp:17:56: warning: enum constant in boolean context [-Wint-in-bool-context]
   17 |     if (buffer[0] != 0x66 || buffer[1] != 0x55) return preambles_not_found;
      |                                                        ^~~~~~~~~~~~~~~~~~~
../lib/CAN/can.cpp:20:66: warning: enum constant in boolean context [-Wint-in-bool-context]
   20 |      if (buffer[len-2] != 0x77 || buffer[len -1] != 0x88) return postambles_not_found;
      |                                                                  ^~~~~~~~~~~~~~~~~~~~
../lib/CAN/can.cpp:24:65: warning: enum constant in boolean context [-Wint-in-bool-context]
   24 |     if (packetLen != len || packetLen > KBUS_MAX_PACKET) return packet_length_exceeds;
      |                                                                 ^~~~~~~~~~~~~~~~~~~~~
../lib/CAN/can.cpp:49:41: warning: enum constant in boolean context [-Wint-in-bool-context]
   49 |     if (calcCRC != receivedCRC) return  CRC_error;
      |                                         ^~~~~~~~~
../Core/Src/prj_disp.cpp: In function 'void process_Real_Hardware()':
../Core/Src/prj_disp.cpp:74:14: warning: unused variable 'value' [-Wunused-variable]
   74 |         long value;
      |              ^~~~~
../Core/Src/prj_disp.cpp: In function 'char DispenseWeight(long int, int)':
../Core/Src/prj_disp.cpp:168:2: warning: no return statement in function returning non-void [-Wreturn-type]
  168 |  }
      |  ^
arm-none-eabi-g++ -o "Test.elf" @"objects.list"   -mcpu=cortex-m0 -T"C:\Users\Dr. S Chakraborty\OneDrive\Desktop\STM32_Dispenser\Test\STM32F030C8TX_FLASH.ld" --specs=nosys.specs -Wl,-Map="Test.map" -Wl,--gc-sections -static --specs=nano.specs -mfloat-abi=soft -mthumb -Wl,--start-group -lc -lm -lstdc++ -lsupc++ -Wl,--end-group
Finished building target: Test.elf
 
arm-none-eabi-size  Test.elf 
arm-none-eabi-objdump -h -S Test.elf  > "Test.list"
   text	   data	    bss	    dec	    hex	filename
  26072	     92	   2508	  28672	   7000	Test.elf
Finished building: default.size.stdout
 
Finished building: Test.list
 
12:47:43 **** Incremental Build of configuration Debug for project Test ****
make -j8 all 
arm-none-eabi-g++ "../lib/CAN/can.cpp" -mcpu=cortex-m0 -std=gnu++14 -g3 -DDEBUG -DUSE_HAL_DRIVER -DSTM32F030x8 -c -I../Core/Inc -I"C:/Users/Dr. S Chakraborty/OneDrive/Desktop/STM32_Dispenser/Test/lib" -I../Drivers/STM32F0xx_HAL_Driver/Inc -I../Drivers/STM32F0xx_HAL_Driver/Inc/Legacy -I../Drivers/CMSIS/Device/ST/STM32F0xx/Include -I../Drivers/CMSIS/Include -O0 -ffunction-sections -fdata-sections -fno-exceptions -fno-rtti -fno-use-cxa-atexit -Wall -fstack-usage -fcyclomatic-complexity -MMD -MP -MF"lib/CAN/can.d" -MT"lib/CAN/can.o" --specs=nano.specs -mfloat-abi=soft -mthumb -o "lib/CAN/can.o"
../lib/CAN/can.cpp:6:14: warning: 'debug' initialized and declared 'extern'
    6 | extern Debug debug(&huart2);
      |              ^~~~~
../lib/CAN/can.cpp: In member function 'bool CANProtocol::ParseError(uint8_t*, uint16_t, Packet_t*)':
../lib/CAN/can.cpp:17:56: warning: enum constant in boolean context [-Wint-in-bool-context]
   17 |     if (buffer[0] != 0x66 || buffer[1] != 0x55) return preambles_not_found;
      |                                                        ^~~~~~~~~~~~~~~~~~~
../lib/CAN/can.cpp:20:66: warning: enum constant in boolean context [-Wint-in-bool-context]
   20 |      if (buffer[len-2] != 0x77 || buffer[len -1] != 0x88) return postambles_not_found;
      |                                                                  ^~~~~~~~~~~~~~~~~~~~
../lib/CAN/can.cpp:24:65: warning: enum constant in boolean context [-Wint-in-bool-context]
   24 |     if (packetLen != len || packetLen > KBUS_MAX_PACKET) return packet_length_exceeds;
      |                                                                 ^~~~~~~~~~~~~~~~~~~~~
../lib/CAN/can.cpp:49:41: warning: enum constant in boolean context [-Wint-in-bool-context]
   49 |     if (calcCRC != receivedCRC) return  CRC_error;
      |                                         ^~~~~~~~~
arm-none-eabi-g++ -o "Test.elf" @"objects.list"   -mcpu=cortex-m0 -T"C:\Users\Dr. S Chakraborty\OneDrive\Desktop\STM32_Dispenser\Test\STM32F030C8TX_FLASH.ld" --specs=nosys.specs -Wl,-Map="Test.map" -Wl,--gc-sections -static --specs=nano.specs -mfloat-abi=soft -mthumb -Wl,--start-group -lc -lm -lstdc++ -lsupc++ -Wl,--end-group
Finished building target: Test.elf
 
arm-none-eabi-size  Test.elf 
arm-none-eabi-objdump -h -S Test.elf  > "Test.list"
   text	   data	    bss	    dec	    hex	filename
  26068	     92	   2508	  28668	   6ffc	Test.elf
Finished building: default.size.stdout
 
Finished building: Test.list
 
12:48:31 **** Incremental Build of configuration Debug for project Test ****
make -j8 all 
arm-none-eabi-g++ "../lib/CAN/can.cpp" -mcpu=cortex-m0 -std=gnu++14 -g3 -DDEBUG -DUSE_HAL_DRIVER -DSTM32F030x8 -c -I../Core/Inc -I"C:/Users/Dr. S Chakraborty/OneDrive/Desktop/STM32_Dispenser/Test/lib" -I../Drivers/STM32F0xx_HAL_Driver/Inc -I../Drivers/STM32F0xx_HAL_Driver/Inc/Legacy -I../Drivers/CMSIS/Device/ST/STM32F0xx/Include -I../Drivers/CMSIS/Include -O0 -ffunction-sections -fdata-sections -fno-exceptions -fno-rtti -fno-use-cxa-atexit -Wall -fstack-usage -fcyclomatic-complexity -MMD -MP -MF"lib/CAN/can.d" -MT"lib/CAN/can.o" --specs=nano.specs -mfloat-abi=soft -mthumb -o "lib/CAN/can.o"
../lib/CAN/can.cpp:6:14: warning: 'debug' initialized and declared 'extern'
    6 | extern Debug debug(&huart2);
      |              ^~~~~
../lib/CAN/can.cpp: In member function 'bool CANProtocol::ParseError(uint8_t*, uint16_t, Packet_t*)':
../lib/CAN/can.cpp:17:56: warning: enum constant in boolean context [-Wint-in-bool-context]
   17 |     if (buffer[0] != 0x66 || buffer[1] != 0x55) return preambles_not_found;
      |                                                        ^~~~~~~~~~~~~~~~~~~
../lib/CAN/can.cpp:20:66: warning: enum constant in boolean context [-Wint-in-bool-context]
   20 |      if (buffer[len-2] != 0x77 || buffer[len -1] != 0x88) return postambles_not_found;
      |                                                                  ^~~~~~~~~~~~~~~~~~~~
../lib/CAN/can.cpp:24:65: warning: enum constant in boolean context [-Wint-in-bool-context]
   24 |     if (packetLen != len || packetLen > KBUS_MAX_PACKET) return packet_length_exceeds;
      |                                                                 ^~~~~~~~~~~~~~~~~~~~~
../lib/CAN/can.cpp:49:41: warning: enum constant in boolean context [-Wint-in-bool-context]
   49 |     if (calcCRC != receivedCRC) return  CRC_error;
      |                                         ^~~~~~~~~
arm-none-eabi-g++ -o "Test.elf" @"objects.list"   -mcpu=cortex-m0 -T"C:\Users\Dr. S Chakraborty\OneDrive\Desktop\STM32_Dispenser\Test\STM32F030C8TX_FLASH.ld" --specs=nosys.specs -Wl,-Map="Test.map" -Wl,--gc-sections -static --specs=nano.specs -mfloat-abi=soft -mthumb -Wl,--start-group -lc -lm -lstdc++ -lsupc++ -Wl,--end-group
Finished building target: Test.elf
 
arm-none-eabi-size  Test.elf 
arm-none-eabi-objdump -h -S Test.elf  > "Test.list"
   text	   data	    bss	    dec	    hex	filename
  26060	     92	   2508	  28660	   6ff4	Test.elf
Finished building: default.size.stdout
 
Finished building: Test.list
 
12:52:19 **** Incremental Build of configuration Debug for project Test ****
make -j8 all 
arm-none-eabi-g++ "../lib/CAN/can.cpp" -mcpu=cortex-m0 -std=gnu++14 -g3 -DDEBUG -DUSE_HAL_DRIVER -DSTM32F030x8 -c -I../Core/Inc -I"C:/Users/Dr. S Chakraborty/OneDrive/Desktop/STM32_Dispenser/Test/lib" -I../Drivers/STM32F0xx_HAL_Driver/Inc -I../Drivers/STM32F0xx_HAL_Driver/Inc/Legacy -I../Drivers/CMSIS/Device/ST/STM32F0xx/Include -I../Drivers/CMSIS/Include -O0 -ffunction-sections -fdata-sections -fno-exceptions -fno-rtti -fno-use-cxa-atexit -Wall -fstack-usage -fcyclomatic-complexity -MMD -MP -MF"lib/CAN/can.d" -MT"lib/CAN/can.o" --specs=nano.specs -mfloat-abi=soft -mthumb -o "lib/CAN/can.o"
../lib/CAN/can.cpp:6:14: warning: 'debug' initialized and declared 'extern'
    6 | extern Debug debug(&huart2);
      |              ^~~~~
../lib/CAN/can.cpp: In member function 'bool CANProtocol::ParseError(uint8_t*, uint16_t, Packet_t*)':
../lib/CAN/can.cpp:17:56: warning: enum constant in boolean context [-Wint-in-bool-context]
   17 |     if (buffer[0] != 0x66 || buffer[1] != 0x55) return preambles_not_found;
      |                                                        ^~~~~~~~~~~~~~~~~~~
../lib/CAN/can.cpp:20:66: warning: enum constant in boolean context [-Wint-in-bool-context]
   20 |      if (buffer[len-2] != 0x77 || buffer[len -1] != 0x88) return postambles_not_found;
      |                                                                  ^~~~~~~~~~~~~~~~~~~~
../lib/CAN/can.cpp:24:65: warning: enum constant in boolean context [-Wint-in-bool-context]
   24 |     if (packetLen != len || packetLen > KBUS_MAX_PACKET) return packet_length_exceeds;
      |                                                                 ^~~~~~~~~~~~~~~~~~~~~
../lib/CAN/can.cpp:49:41: warning: enum constant in boolean context [-Wint-in-bool-context]
   49 |     if (calcCRC != receivedCRC) return  CRC_error;
      |                                         ^~~~~~~~~
arm-none-eabi-g++ -o "Test.elf" @"objects.list"   -mcpu=cortex-m0 -T"C:\Users\Dr. S Chakraborty\OneDrive\Desktop\STM32_Dispenser\Test\STM32F030C8TX_FLASH.ld" --specs=nosys.specs -Wl,-Map="Test.map" -Wl,--gc-sections -static --specs=nano.specs -mfloat-abi=soft -mthumb -Wl,--start-group -lc -lm -lstdc++ -lsupc++ -Wl,--end-group
Finished building target: Test.elf
 
arm-none-eabi-size  Test.elf 
arm-none-eabi-objdump -h -S Test.elf  > "Test.list"
   text	   data	    bss	    dec	    hex	filename
  26096	     92	   2508	  28696	   7018	Test.elf
Finished building: default.size.stdout
 
Finished building: Test.list
 
12:54:44 **** Incremental Build of configuration Debug for project Test ****
make -j8 all 
arm-none-eabi-g++ "../lib/CAN/can.cpp" -mcpu=cortex-m0 -std=gnu++14 -g3 -DDEBUG -DUSE_HAL_DRIVER -DSTM32F030x8 -c -I../Core/Inc -I"C:/Users/Dr. S Chakraborty/OneDrive/Desktop/STM32_Dispenser/Test/lib" -I../Drivers/STM32F0xx_HAL_Driver/Inc -I../Drivers/STM32F0xx_HAL_Driver/Inc/Legacy -I../Drivers/CMSIS/Device/ST/STM32F0xx/Include -I../Drivers/CMSIS/Include -O0 -ffunction-sections -fdata-sections -fno-exceptions -fno-rtti -fno-use-cxa-atexit -Wall -fstack-usage -fcyclomatic-complexity -MMD -MP -MF"lib/CAN/can.d" -MT"lib/CAN/can.o" --specs=nano.specs -mfloat-abi=soft -mthumb -o "lib/CAN/can.o"
../lib/CAN/can.cpp:6:14: warning: 'debug' initialized and declared 'extern'
    6 | extern Debug debug(&huart2);
      |              ^~~~~
../lib/CAN/can.cpp: In member function 'bool CANProtocol::ParseError(uint8_t*, uint16_t, Packet_t*)':
../lib/CAN/can.cpp:17:56: warning: enum constant in boolean context [-Wint-in-bool-context]
   17 |     if (buffer[0] != 0x66 || buffer[1] != 0x55) return preambles_not_found;
      |                                                        ^~~~~~~~~~~~~~~~~~~
../lib/CAN/can.cpp:20:66: warning: enum constant in boolean context [-Wint-in-bool-context]
   20 |      if (buffer[len-2] != 0x77 || buffer[len -1] != 0x88) return postambles_not_found;
      |                                                                  ^~~~~~~~~~~~~~~~~~~~
../lib/CAN/can.cpp:24:65: warning: enum constant in boolean context [-Wint-in-bool-context]
   24 |     if (packetLen != len || packetLen > KBUS_MAX_PACKET) return packet_length_exceeds;
      |                                                                 ^~~~~~~~~~~~~~~~~~~~~
../lib/CAN/can.cpp:49:41: warning: enum constant in boolean context [-Wint-in-bool-context]
   49 |     if (calcCRC != receivedCRC) return  CRC_error;
      |                                         ^~~~~~~~~
arm-none-eabi-g++ -o "Test.elf" @"objects.list"   -mcpu=cortex-m0 -T"C:\Users\Dr. S Chakraborty\OneDrive\Desktop\STM32_Dispenser\Test\STM32F030C8TX_FLASH.ld" --specs=nosys.specs -Wl,-Map="Test.map" -Wl,--gc-sections -static --specs=nano.specs -mfloat-abi=soft -mthumb -Wl,--start-group -lc -lm -lstdc++ -lsupc++ -Wl,--end-group
Finished building target: Test.elf
 
arm-none-eabi-size  Test.elf 
arm-none-eabi-objdump -h -S Test.elf  > "Test.list"
   text	   data	    bss	    dec	    hex	filename
  26112	     92	   2508	  28712	   7028	Test.elf
Finished building: default.size.stdout
 
Finished building: Test.list
 
12:55:33 **** Incremental Build of configuration Debug for project Test ****
make -j8 all 
arm-none-eabi-g++ "../lib/CAN/can.cpp" -mcpu=cortex-m0 -std=gnu++14 -g3 -DDEBUG -DUSE_HAL_DRIVER -DSTM32F030x8 -c -I../Core/Inc -I"C:/Users/Dr. S Chakraborty/OneDrive/Desktop/STM32_Dispenser/Test/lib" -I../Drivers/STM32F0xx_HAL_Driver/Inc -I../Drivers/STM32F0xx_HAL_Driver/Inc/Legacy -I../Drivers/CMSIS/Device/ST/STM32F0xx/Include -I../Drivers/CMSIS/Include -O0 -ffunction-sections -fdata-sections -fno-exceptions -fno-rtti -fno-use-cxa-atexit -Wall -fstack-usage -fcyclomatic-complexity -MMD -MP -MF"lib/CAN/can.d" -MT"lib/CAN/can.o" --specs=nano.specs -mfloat-abi=soft -mthumb -o "lib/CAN/can.o"
../lib/CAN/can.cpp:6:14: warning: 'debug' initialized and declared 'extern'
    6 | extern Debug debug(&huart2);
      |              ^~~~~
../lib/CAN/can.cpp: In member function 'bool CANProtocol::ParseError(uint8_t*, uint16_t, Packet_t*)':
../lib/CAN/can.cpp:17:56: warning: enum constant in boolean context [-Wint-in-bool-context]
   17 |     if (buffer[0] != 0x66 || buffer[1] != 0x55) return preambles_not_found;
      |                                                        ^~~~~~~~~~~~~~~~~~~
../lib/CAN/can.cpp:20:66: warning: enum constant in boolean context [-Wint-in-bool-context]
   20 |      if (buffer[len-2] != 0x77 || buffer[len -1] != 0x88) return postambles_not_found;
      |                                                                  ^~~~~~~~~~~~~~~~~~~~
../lib/CAN/can.cpp:24:65: warning: enum constant in boolean context [-Wint-in-bool-context]
   24 |     if (packetLen != len || packetLen > KBUS_MAX_PACKET) return packet_length_exceeds;
      |                                                                 ^~~~~~~~~~~~~~~~~~~~~
../lib/CAN/can.cpp:49:41: warning: enum constant in boolean context [-Wint-in-bool-context]
   49 |     if (calcCRC != receivedCRC) return  CRC_error;
      |                                         ^~~~~~~~~
arm-none-eabi-g++ -o "Test.elf" @"objects.list"   -mcpu=cortex-m0 -T"C:\Users\Dr. S Chakraborty\OneDrive\Desktop\STM32_Dispenser\Test\STM32F030C8TX_FLASH.ld" --specs=nosys.specs -Wl,-Map="Test.map" -Wl,--gc-sections -static --specs=nano.specs -mfloat-abi=soft -mthumb -Wl,--start-group -lc -lm -lstdc++ -lsupc++ -Wl,--end-group
Finished building target: Test.elf
 
arm-none-eabi-size  Test.elf 
arm-none-eabi-objdump -h -S Test.elf  > "Test.list"
   text	   data	    bss	    dec	    hex	filename
  26112	     92	   2508	  28712	   7028	Test.elf
Finished building: default.size.stdout
 
Finished building: Test.list
 
13:09:21 **** Incremental Build of configuration Debug for project Test ****
make -j8 all 
arm-none-eabi-g++ "../lib/Helper/Helper.cpp" -mcpu=cortex-m0 -std=gnu++14 -g3 -DDEBUG -DUSE_HAL_DRIVER -DSTM32F030x8 -c -I../Core/Inc -I"C:/Users/Dr. S Chakraborty/OneDrive/Desktop/STM32_Dispenser/Test/lib" -I../Drivers/STM32F0xx_HAL_Driver/Inc -I../Drivers/STM32F0xx_HAL_Driver/Inc/Legacy -I../Drivers/CMSIS/Device/ST/STM32F0xx/Include -I../Drivers/CMSIS/Include -O0 -ffunction-sections -fdata-sections -fno-exceptions -fno-rtti -fno-use-cxa-atexit -Wall -fstack-usage -fcyclomatic-complexity -MMD -MP -MF"lib/Helper/Helper.d" -MT"lib/Helper/Helper.o" --specs=nano.specs -mfloat-abi=soft -mthumb -o "lib/Helper/Helper.o"
arm-none-eabi-g++ "../Core/Src/prj_disp.cpp" -mcpu=cortex-m0 -std=gnu++14 -g3 -DDEBUG -DUSE_HAL_DRIVER -DSTM32F030x8 -c -I../Core/Inc -I"C:/Users/Dr. S Chakraborty/OneDrive/Desktop/STM32_Dispenser/Test/lib" -I../Drivers/STM32F0xx_HAL_Driver/Inc -I../Drivers/STM32F0xx_HAL_Driver/Inc/Legacy -I../Drivers/CMSIS/Device/ST/STM32F0xx/Include -I../Drivers/CMSIS/Include -O0 -ffunction-sections -fdata-sections -fno-exceptions -fno-rtti -fno-use-cxa-atexit -Wall -fstack-usage -fcyclomatic-complexity -MMD -MP -MF"Core/Src/prj_disp.d" -MT"Core/Src/prj_disp.o" --specs=nano.specs -mfloat-abi=soft -mthumb -o "Core/Src/prj_disp.o"
../lib/Helper/Helper.cpp:2:10: fatal error: Enum.hpp: No such file or directory
    2 | #include "Enum.hpp"
      |          ^~~~~~~~~~
compilation terminated.
make: *** [lib/Helper/subdir.mk:19: lib/Helper/Helper.o] Error 1
make: *** Waiting for unfinished jobs....
../Core/Src/prj_disp.cpp: In function 'void process_Real_Hardware()':
../Core/Src/prj_disp.cpp:69:14: warning: unused variable 'value' [-Wunused-variable]
   69 |         long value;
      |              ^~~~~
../Core/Src/prj_disp.cpp: In function 'char DispenseWeight(long int, int)':
../Core/Src/prj_disp.cpp:159:2: warning: no return statement in function returning non-void [-Wreturn-type]
  159 |  }
      |  ^
"make -j8 all" terminated with exit code 2. Build might be incomplete.
13:15:42 **** Incremental Build of configuration Debug for project Test ****
make -j8 all 
arm-none-eabi-g++ "../lib/Helper/Helper.cpp" -mcpu=cortex-m0 -std=gnu++14 -g3 -DDEBUG -DUSE_HAL_DRIVER -DSTM32F030x8 -c -I../Core/Inc -I"C:/Users/Dr. S Chakraborty/OneDrive/Desktop/STM32_Dispenser/Test/lib" -I../Drivers/STM32F0xx_HAL_Driver/Inc -I../Drivers/STM32F0xx_HAL_Driver/Inc/Legacy -I../Drivers/CMSIS/Device/ST/STM32F0xx/Include -I../Drivers/CMSIS/Include -O0 -ffunction-sections -fdata-sections -fno-exceptions -fno-rtti -fno-use-cxa-atexit -Wall -fstack-usage -fcyclomatic-complexity -MMD -MP -MF"lib/Helper/Helper.d" -MT"lib/Helper/Helper.o" --specs=nano.specs -mfloat-abi=soft -mthumb -o "lib/Helper/Helper.o"
arm-none-eabi-g++ "../lib/CAN/can.cpp" -mcpu=cortex-m0 -std=gnu++14 -g3 -DDEBUG -DUSE_HAL_DRIVER -DSTM32F030x8 -c -I../Core/Inc -I"C:/Users/Dr. S Chakraborty/OneDrive/Desktop/STM32_Dispenser/Test/lib" -I../Drivers/STM32F0xx_HAL_Driver/Inc -I../Drivers/STM32F0xx_HAL_Driver/Inc/Legacy -I../Drivers/CMSIS/Device/ST/STM32F0xx/Include -I../Drivers/CMSIS/Include -O0 -ffunction-sections -fdata-sections -fno-exceptions -fno-rtti -fno-use-cxa-atexit -Wall -fstack-usage -fcyclomatic-complexity -MMD -MP -MF"lib/CAN/can.d" -MT"lib/CAN/can.o" --specs=nano.specs -mfloat-abi=soft -mthumb -o "lib/CAN/can.o"
arm-none-eabi-g++ "../Core/Src/Prj_utils.cpp" -mcpu=cortex-m0 -std=gnu++14 -g3 -DDEBUG -DUSE_HAL_DRIVER -DSTM32F030x8 -c -I../Core/Inc -I"C:/Users/Dr. S Chakraborty/OneDrive/Desktop/STM32_Dispenser/Test/lib" -I../Drivers/STM32F0xx_HAL_Driver/Inc -I../Drivers/STM32F0xx_HAL_Driver/Inc/Legacy -I../Drivers/CMSIS/Device/ST/STM32F0xx/Include -I../Drivers/CMSIS/Include -O0 -ffunction-sections -fdata-sections -fno-exceptions -fno-rtti -fno-use-cxa-atexit -Wall -fstack-usage -fcyclomatic-complexity -MMD -MP -MF"Core/Src/Prj_utils.d" -MT"Core/Src/Prj_utils.o" --specs=nano.specs -mfloat-abi=soft -mthumb -o "Core/Src/Prj_utils.o"
arm-none-eabi-gcc "../Core/Src/main.c" -mcpu=cortex-m0 -std=gnu11 -g3 -DDEBUG -DUSE_HAL_DRIVER -DSTM32F030x8 -c -I../Core/Inc -I"C:/Users/Dr. S Chakraborty/OneDrive/Desktop/STM32_Dispenser/Test/lib" -I../Drivers/STM32F0xx_HAL_Driver/Inc -I../Drivers/STM32F0xx_HAL_Driver/Inc/Legacy -I../Drivers/CMSIS/Device/ST/STM32F0xx/Include -I../Drivers/CMSIS/Include -O0 -ffunction-sections -fdata-sections -Wall -fstack-usage -fcyclomatic-complexity -MMD -MP -MF"Core/Src/main.d" -MT"Core/Src/main.o" --specs=nano.specs -mfloat-abi=soft -mthumb -o "Core/Src/main.o"
arm-none-eabi-g++ "../Core/Src/prj_disp.cpp" -mcpu=cortex-m0 -std=gnu++14 -g3 -DDEBUG -DUSE_HAL_DRIVER -DSTM32F030x8 -c -I../Core/Inc -I"C:/Users/Dr. S Chakraborty/OneDrive/Desktop/STM32_Dispenser/Test/lib" -I../Drivers/STM32F0xx_HAL_Driver/Inc -I../Drivers/STM32F0xx_HAL_Driver/Inc/Legacy -I../Drivers/CMSIS/Device/ST/STM32F0xx/Include -I../Drivers/CMSIS/Include -O0 -ffunction-sections -fdata-sections -fno-exceptions -fno-rtti -fno-use-cxa-atexit -Wall -fstack-usage -fcyclomatic-complexity -MMD -MP -MF"Core/Src/prj_disp.d" -MT"Core/Src/prj_disp.o" --specs=nano.specs -mfloat-abi=soft -mthumb -o "Core/Src/prj_disp.o"
arm-none-eabi-gcc "../Core/Src/stm32f0xx_hal_msp.c" -mcpu=cortex-m0 -std=gnu11 -g3 -DDEBUG -DUSE_HAL_DRIVER -DSTM32F030x8 -c -I../Core/Inc -I"C:/Users/Dr. S Chakraborty/OneDrive/Desktop/STM32_Dispenser/Test/lib" -I../Drivers/STM32F0xx_HAL_Driver/Inc -I../Drivers/STM32F0xx_HAL_Driver/Inc/Legacy -I../Drivers/CMSIS/Device/ST/STM32F0xx/Include -I../Drivers/CMSIS/Include -O0 -ffunction-sections -fdata-sections -Wall -fstack-usage -fcyclomatic-complexity -MMD -MP -MF"Core/Src/stm32f0xx_hal_msp.d" -MT"Core/Src/stm32f0xx_hal_msp.o" --specs=nano.specs -mfloat-abi=soft -mthumb -o "Core/Src/stm32f0xx_hal_msp.o"
arm-none-eabi-gcc "../Core/Src/stm32f0xx_it.c" -mcpu=cortex-m0 -std=gnu11 -g3 -DDEBUG -DUSE_HAL_DRIVER -DSTM32F030x8 -c -I../Core/Inc -I"C:/Users/Dr. S Chakraborty/OneDrive/Desktop/STM32_Dispenser/Test/lib" -I../Drivers/STM32F0xx_HAL_Driver/Inc -I../Drivers/STM32F0xx_HAL_Driver/Inc/Legacy -I../Drivers/CMSIS/Device/ST/STM32F0xx/Include -I../Drivers/CMSIS/Include -O0 -ffunction-sections -fdata-sections -Wall -fstack-usage -fcyclomatic-complexity -MMD -MP -MF"Core/Src/stm32f0xx_it.d" -MT"Core/Src/stm32f0xx_it.o" --specs=nano.specs -mfloat-abi=soft -mthumb -o "Core/Src/stm32f0xx_it.o"
../lib/Helper/Helper.cpp:2:10: fatal error: Enum.hpp: No such file or directory
    2 | #include "Enum.hpp"
      |          ^~~~~~~~~~
compilation terminated.
arm-none-eabi-gcc "../Core/Src/syscalls.c" -mcpu=cortex-m0 -std=gnu11 -g3 -DDEBUG -DUSE_HAL_DRIVER -DSTM32F030x8 -c -I../Core/Inc -I"C:/Users/Dr. S Chakraborty/OneDrive/Desktop/STM32_Dispenser/Test/lib" -I../Drivers/STM32F0xx_HAL_Driver/Inc -I../Drivers/STM32F0xx_HAL_Driver/Inc/Legacy -I../Drivers/CMSIS/Device/ST/STM32F0xx/Include -I../Drivers/CMSIS/Include -O0 -ffunction-sections -fdata-sections -Wall -fstack-usage -fcyclomatic-complexity -MMD -MP -MF"Core/Src/syscalls.d" -MT"Core/Src/syscalls.o" --specs=nano.specs -mfloat-abi=soft -mthumb -o "Core/Src/syscalls.o"
make: *** [lib/Helper/subdir.mk:19: lib/Helper/Helper.o] Error 1
make: *** Waiting for unfinished jobs....
In file included from ../Core/Src/Prj_utils.cpp:1:
../Core/Src/Prj_utils.hpp:3:33: error: 'uint8_t' was not declared in this scope
    3 |         const char* GetRWString(uint8_t rw);
      |                                 ^~~~~~~
../Core/Src/Prj_utils.hpp:1:1: note: 'uint8_t' is defined in header '<cstdint>'; did you forget to '#include <cstdint>'?
  +++ |+#include <cstdint>
    1 | #ifndef PRJ_UTILS
../Core/Src/Prj_utils.hpp:4:35: error: 'uint8_t' was not declared in this scope
    4 |         const char* GetCastString(uint8_t cast);
      |                                   ^~~~~~~
../Core/Src/Prj_utils.hpp:4:35: note: 'uint8_t' is defined in header '<cstdint>'; did you forget to '#include <cstdint>'?
../Core/Src/Prj_utils.hpp:5:40: error: 'uint16_t' was not declared in this scope
    5 |         const char* GetPIC_Type_String(uint16_t pic_type);
      |                                        ^~~~~~~~
../Core/Src/Prj_utils.hpp:5:40: note: 'uint16_t' is defined in header '<cstdint>'; did you forget to '#include <cstdint>'?
../Core/Src/Prj_utils.hpp:6:39: error: 'uint16_t' was not declared in this scope
    6 |         const char* GetCommand_String(uint16_t cmd);
      |                                       ^~~~~~~~
../Core/Src/Prj_utils.hpp:6:39: note: 'uint16_t' is defined in header '<cstdint>'; did you forget to '#include <cstdint>'?
../Core/Src/Prj_utils.cpp:4:13: error: redefinition of 'const char* GetRWString'
    4 | const char* GetRWString(uint8_t rw)
      |             ^~~~~~~~~~~
../Core/Src/Prj_utils.hpp:3:21: note: 'const char* GetRWString' previously defined here
    3 |         const char* GetRWString(uint8_t rw);
      |                     ^~~~~~~~~~~
../Core/Src/Prj_utils.cpp:4:25: error: 'uint8_t' was not declared in this scope
    4 | const char* GetRWString(uint8_t rw)
      |                         ^~~~~~~
../Core/Src/Prj_utils.cpp:3:1: note: 'uint8_t' is defined in header '<cstdint>'; did you forget to '#include <cstdint>'?
    2 | #include "Enum.hpp"
  +++ |+#include <cstdint>
    3 | 
../Core/Src/Prj_utils.cpp:15:13: error: redefinition of 'const char* GetCastString'
   15 | const char* GetCastString(uint8_t cast)
      |             ^~~~~~~~~~~~~
../Core/Src/Prj_utils.hpp:4:21: note: 'const char* GetCastString' previously defined here
    4 |         const char* GetCastString(uint8_t cast);
      |                     ^~~~~~~~~~~~~
../Core/Src/Prj_utils.cpp:15:27: error: 'uint8_t' was not declared in this scope
   15 | const char* GetCastString(uint8_t cast)
      |                           ^~~~~~~
../Core/Src/Prj_utils.cpp:15:27: note: 'uint8_t' is defined in header '<cstdint>'; did you forget to '#include <cstdint>'?
../Core/Src/Prj_utils.cpp:25:51: error: 'const char* GetPIC_Type_String(PIC_Type_t)' redeclared as different kind of entity
   25 | const char* GetPIC_Type_String(PIC_Type_t pic_type)
      |                                                   ^
../Core/Src/Prj_utils.hpp:5:21: note: previous declaration 'const char* GetPIC_Type_String'
    5 |         const char* GetPIC_Type_String(uint16_t pic_type);
      |                     ^~~~~~~~~~~~~~~~~~
../Core/Src/Prj_utils.cpp:61:13: error: redefinition of 'const char* GetCommand_String'
   61 | const char* GetCommand_String(uint16_t cmd)
      |             ^~~~~~~~~~~~~~~~~
../Core/Src/Prj_utils.hpp:6:21: note: 'const char* GetCommand_String' previously defined here
    6 |         const char* GetCommand_String(uint16_t cmd);
      |                     ^~~~~~~~~~~~~~~~~
../Core/Src/Prj_utils.cpp:61:31: error: 'uint16_t' was not declared in this scope
   61 | const char* GetCommand_String(uint16_t cmd)
      |                               ^~~~~~~~
../Core/Src/Prj_utils.cpp:61:31: note: 'uint16_t' is defined in header '<cstdint>'; did you forget to '#include <cstdint>'?
make: *** [Core/Src/subdir.mk:44: Core/Src/Prj_utils.o] Error 1
../lib/CAN/can.cpp:4:10: fatal error: Prj_utils.hpp: No such file or directory
    4 | #include "Prj_utils.hpp"
      |          ^~~~~~~~~~~~~~~
compilation terminated.
make: *** [lib/CAN/subdir.mk:19: lib/CAN/can.o] Error 1
../Core/Src/prj_disp.cpp: In function 'void process_Real_Hardware()':
../Core/Src/prj_disp.cpp:69:14: warning: unused variable 'value' [-Wunused-variable]
   69 |         long value;
      |              ^~~~~
../Core/Src/prj_disp.cpp: In function 'char DispenseWeight(long int, int)':
../Core/Src/prj_disp.cpp:159:2: warning: no return statement in function returning non-void [-Wreturn-type]
  159 |  }
      |  ^
"make -j8 all" terminated with exit code 2. Build might be incomplete.
13:16:21 **** Incremental Build of configuration Debug for project Test ****
make -j8 all 
arm-none-eabi-g++ "../lib/Helper/Helper.cpp" -mcpu=cortex-m0 -std=gnu++14 -g3 -DDEBUG -DUSE_HAL_DRIVER -DSTM32F030x8 -c -I../Core/Inc -I"C:/Users/Dr. S Chakraborty/OneDrive/Desktop/STM32_Dispenser/Test/lib" -I../Drivers/STM32F0xx_HAL_Driver/Inc -I../Drivers/STM32F0xx_HAL_Driver/Inc/Legacy -I../Drivers/CMSIS/Device/ST/STM32F0xx/Include -I../Drivers/CMSIS/Include -O0 -ffunction-sections -fdata-sections -fno-exceptions -fno-rtti -fno-use-cxa-atexit -Wall -fstack-usage -fcyclomatic-complexity -MMD -MP -MF"lib/Helper/Helper.d" -MT"lib/Helper/Helper.o" --specs=nano.specs -mfloat-abi=soft -mthumb -o "lib/Helper/Helper.o"
arm-none-eabi-g++ "../lib/CAN/can.cpp" -mcpu=cortex-m0 -std=gnu++14 -g3 -DDEBUG -DUSE_HAL_DRIVER -DSTM32F030x8 -c -I../Core/Inc -I"C:/Users/Dr. S Chakraborty/OneDrive/Desktop/STM32_Dispenser/Test/lib" -I../Drivers/STM32F0xx_HAL_Driver/Inc -I../Drivers/STM32F0xx_HAL_Driver/Inc/Legacy -I../Drivers/CMSIS/Device/ST/STM32F0xx/Include -I../Drivers/CMSIS/Include -O0 -ffunction-sections -fdata-sections -fno-exceptions -fno-rtti -fno-use-cxa-atexit -Wall -fstack-usage -fcyclomatic-complexity -MMD -MP -MF"lib/CAN/can.d" -MT"lib/CAN/can.o" --specs=nano.specs -mfloat-abi=soft -mthumb -o "lib/CAN/can.o"
arm-none-eabi-g++ "../Core/Src/Prj_utils.cpp" -mcpu=cortex-m0 -std=gnu++14 -g3 -DDEBUG -DUSE_HAL_DRIVER -DSTM32F030x8 -c -I../Core/Inc -I"C:/Users/Dr. S Chakraborty/OneDrive/Desktop/STM32_Dispenser/Test/lib" -I../Drivers/STM32F0xx_HAL_Driver/Inc -I../Drivers/STM32F0xx_HAL_Driver/Inc/Legacy -I../Drivers/CMSIS/Device/ST/STM32F0xx/Include -I../Drivers/CMSIS/Include -O0 -ffunction-sections -fdata-sections -fno-exceptions -fno-rtti -fno-use-cxa-atexit -Wall -fstack-usage -fcyclomatic-complexity -MMD -MP -MF"Core/Src/Prj_utils.d" -MT"Core/Src/Prj_utils.o" --specs=nano.specs -mfloat-abi=soft -mthumb -o "Core/Src/Prj_utils.o"
arm-none-eabi-gcc "../Core/Src/sysmem.c" -mcpu=cortex-m0 -std=gnu11 -g3 -DDEBUG -DUSE_HAL_DRIVER -DSTM32F030x8 -c -I../Core/Inc -I"C:/Users/Dr. S Chakraborty/OneDrive/Desktop/STM32_Dispenser/Test/lib" -I../Drivers/STM32F0xx_HAL_Driver/Inc -I../Drivers/STM32F0xx_HAL_Driver/Inc/Legacy -I../Drivers/CMSIS/Device/ST/STM32F0xx/Include -I../Drivers/CMSIS/Include -O0 -ffunction-sections -fdata-sections -Wall -fstack-usage -fcyclomatic-complexity -MMD -MP -MF"Core/Src/sysmem.d" -MT"Core/Src/sysmem.o" --specs=nano.specs -mfloat-abi=soft -mthumb -o "Core/Src/sysmem.o"
arm-none-eabi-gcc "../Core/Src/system_stm32f0xx.c" -mcpu=cortex-m0 -std=gnu11 -g3 -DDEBUG -DUSE_HAL_DRIVER -DSTM32F030x8 -c -I../Core/Inc -I"C:/Users/Dr. S Chakraborty/OneDrive/Desktop/STM32_Dispenser/Test/lib" -I../Drivers/STM32F0xx_HAL_Driver/Inc -I../Drivers/STM32F0xx_HAL_Driver/Inc/Legacy -I../Drivers/CMSIS/Device/ST/STM32F0xx/Include -I../Drivers/CMSIS/Include -O0 -ffunction-sections -fdata-sections -Wall -fstack-usage -fcyclomatic-complexity -MMD -MP -MF"Core/Src/system_stm32f0xx.d" -MT"Core/Src/system_stm32f0xx.o" --specs=nano.specs -mfloat-abi=soft -mthumb -o "Core/Src/system_stm32f0xx.o"
In file included from ../Core/Src/Prj_utils.cpp:1:
../Core/Src/Prj_utils.hpp:3:33: error: 'uint8_t' was not declared in this scope
    3 |         const char* GetRWString(uint8_t rw);
      |                                 ^~~~~~~
../Core/Src/Prj_utils.hpp:1:1: note: 'uint8_t' is defined in header '<cstdint>'; did you forget to '#include <cstdint>'?
  +++ |+#include <cstdint>
    1 | #ifndef PRJ_UTILS
../Core/Src/Prj_utils.hpp:4:35: error: 'uint8_t' was not declared in this scope
    4 |         const char* GetCastString(uint8_t cast);
      |                                   ^~~~~~~
../Core/Src/Prj_utils.hpp:4:35: note: 'uint8_t' is defined in header '<cstdint>'; did you forget to '#include <cstdint>'?
../Core/Src/Prj_utils.hpp:5:40: error: 'uint16_t' was not declared in this scope
    5 |         const char* GetPIC_Type_String(uint16_t pic_type);
      |                                        ^~~~~~~~
../Core/Src/Prj_utils.hpp:5:40: note: 'uint16_t' is defined in header '<cstdint>'; did you forget to '#include <cstdint>'?
../Core/Src/Prj_utils.hpp:6:39: error: 'uint16_t' was not declared in this scope
    6 |         const char* GetCommand_String(uint16_t cmd);
      |                                       ^~~~~~~~
../Core/Src/Prj_utils.hpp:6:39: note: 'uint16_t' is defined in header '<cstdint>'; did you forget to '#include <cstdint>'?
../Core/Src/Prj_utils.cpp:4:13: error: redefinition of 'const char* GetRWString'
    4 | const char* GetRWString(uint8_t rw)
      |             ^~~~~~~~~~~
../Core/Src/Prj_utils.hpp:3:21: note: 'const char* GetRWString' previously defined here
    3 |         const char* GetRWString(uint8_t rw);
      |                     ^~~~~~~~~~~
../Core/Src/Prj_utils.cpp:4:25: error: 'uint8_t' was not declared in this scope
    4 | const char* GetRWString(uint8_t rw)
      |                         ^~~~~~~
../Core/Src/Prj_utils.cpp:3:1: note: 'uint8_t' is defined in header '<cstdint>'; did you forget to '#include <cstdint>'?
    2 | #include "Enum.hpp"
  +++ |+#include <cstdint>
    3 | 
../Core/Src/Prj_utils.cpp:15:13: error: redefinition of 'const char* GetCastString'
   15 | const char* GetCastString(uint8_t cast)
      |             ^~~~~~~~~~~~~
../Core/Src/Prj_utils.hpp:4:21: note: 'const char* GetCastString' previously defined here
    4 |         const char* GetCastString(uint8_t cast);
      |                     ^~~~~~~~~~~~~
../Core/Src/Prj_utils.cpp:15:27: error: 'uint8_t' was not declared in this scope
   15 | const char* GetCastString(uint8_t cast)
      |                           ^~~~~~~
../Core/Src/Prj_utils.cpp:15:27: note: 'uint8_t' is defined in header '<cstdint>'; did you forget to '#include <cstdint>'?
../Core/Src/Prj_utils.cpp:25:51: error: 'const char* GetPIC_Type_String(PIC_Type_t)' redeclared as different kind of entity
   25 | const char* GetPIC_Type_String(PIC_Type_t pic_type)
      |                                                   ^
../Core/Src/Prj_utils.hpp:5:21: note: previous declaration 'const char* GetPIC_Type_String'
    5 |         const char* GetPIC_Type_String(uint16_t pic_type);
      |                     ^~~~~~~~~~~~~~~~~~
../Core/Src/Prj_utils.cpp:61:13: error: redefinition of 'const char* GetCommand_String'
   61 | const char* GetCommand_String(uint16_t cmd)
      |             ^~~~~~~~~~~~~~~~~
../Core/Src/Prj_utils.hpp:6:21: note: 'const char* GetCommand_String' previously defined here
    6 |         const char* GetCommand_String(uint16_t cmd);
      |                     ^~~~~~~~~~~~~~~~~
../Core/Src/Prj_utils.cpp:61:31: error: 'uint16_t' was not declared in this scope
   61 | const char* GetCommand_String(uint16_t cmd)
      |                               ^~~~~~~~
../Core/Src/Prj_utils.cpp:61:31: note: 'uint16_t' is defined in header '<cstdint>'; did you forget to '#include <cstdint>'?
make: *** [Core/Src/subdir.mk:44: Core/Src/Prj_utils.o] Error 1
make: *** Waiting for unfinished jobs....
../lib/CAN/can.cpp:4:10: fatal error: Prj_utils.hpp: No such file or directory
    4 | #include "Prj_utils.hpp"
      |          ^~~~~~~~~~~~~~~
compilation terminated.
make: *** [lib/CAN/subdir.mk:19: lib/CAN/can.o] Error 1
"make -j8 all" terminated with exit code 2. Build might be incomplete.
13:17:02 **** Incremental Build of configuration Debug for project Test ****
make -j8 all 
arm-none-eabi-g++ "../lib/CAN/can.cpp" -mcpu=cortex-m0 -std=gnu++14 -g3 -DDEBUG -DUSE_HAL_DRIVER -DSTM32F030x8 -c -I../Core/Inc -I"C:/Users/Dr. S Chakraborty/OneDrive/Desktop/STM32_Dispenser/Test/lib" -I../Drivers/STM32F0xx_HAL_Driver/Inc -I../Drivers/STM32F0xx_HAL_Driver/Inc/Legacy -I../Drivers/CMSIS/Device/ST/STM32F0xx/Include -I../Drivers/CMSIS/Include -O0 -ffunction-sections -fdata-sections -fno-exceptions -fno-rtti -fno-use-cxa-atexit -Wall -fstack-usage -fcyclomatic-complexity -MMD -MP -MF"lib/CAN/can.d" -MT"lib/CAN/can.o" --specs=nano.specs -mfloat-abi=soft -mthumb -o "lib/CAN/can.o"
arm-none-eabi-g++ "../Core/Src/Prj_utils.cpp" -mcpu=cortex-m0 -std=gnu++14 -g3 -DDEBUG -DUSE_HAL_DRIVER -DSTM32F030x8 -c -I../Core/Inc -I"C:/Users/Dr. S Chakraborty/OneDrive/Desktop/STM32_Dispenser/Test/lib" -I../Drivers/STM32F0xx_HAL_Driver/Inc -I../Drivers/STM32F0xx_HAL_Driver/Inc/Legacy -I../Drivers/CMSIS/Device/ST/STM32F0xx/Include -I../Drivers/CMSIS/Include -O0 -ffunction-sections -fdata-sections -fno-exceptions -fno-rtti -fno-use-cxa-atexit -Wall -fstack-usage -fcyclomatic-complexity -MMD -MP -MF"Core/Src/Prj_utils.d" -MT"Core/Src/Prj_utils.o" --specs=nano.specs -mfloat-abi=soft -mthumb -o "Core/Src/Prj_utils.o"
In file included from ../Core/Src/Prj_utils.cpp:2:
../Core/Src/Prj_utils.hpp:3:33: error: 'uint8_t' was not declared in this scope
    3 |         const char* GetRWString(uint8_t rw);
      |                                 ^~~~~~~
../Core/Src/Prj_utils.hpp:1:1: note: 'uint8_t' is defined in header '<cstdint>'; did you forget to '#include <cstdint>'?
  +++ |+#include <cstdint>
    1 | #ifndef PRJ_UTILS
../Core/Src/Prj_utils.hpp:4:35: error: 'uint8_t' was not declared in this scope
    4 |         const char* GetCastString(uint8_t cast);
      |                                   ^~~~~~~
../Core/Src/Prj_utils.hpp:4:35: note: 'uint8_t' is defined in header '<cstdint>'; did you forget to '#include <cstdint>'?
../Core/Src/Prj_utils.hpp:5:40: error: 'uint16_t' was not declared in this scope
    5 |         const char* GetPIC_Type_String(uint16_t pic_type);
      |                                        ^~~~~~~~
../Core/Src/Prj_utils.hpp:5:40: note: 'uint16_t' is defined in header '<cstdint>'; did you forget to '#include <cstdint>'?
../Core/Src/Prj_utils.hpp:6:39: error: 'uint16_t' was not declared in this scope
    6 |         const char* GetCommand_String(uint16_t cmd);
      |                                       ^~~~~~~~
../Core/Src/Prj_utils.hpp:6:39: note: 'uint16_t' is defined in header '<cstdint>'; did you forget to '#include <cstdint>'?
../Core/Src/Prj_utils.cpp:5:13: error: redefinition of 'const char* GetRWString'
    5 | const char* GetRWString(uint8_t rw)
      |             ^~~~~~~~~~~
../Core/Src/Prj_utils.hpp:3:21: note: 'const char* GetRWString' previously defined here
    3 |         const char* GetRWString(uint8_t rw);
      |                     ^~~~~~~~~~~
../Core/Src/Prj_utils.cpp:5:25: error: 'uint8_t' was not declared in this scope
    5 | const char* GetRWString(uint8_t rw)
      |                         ^~~~~~~
../Core/Src/Prj_utils.cpp:4:1: note: 'uint8_t' is defined in header '<cstdint>'; did you forget to '#include <cstdint>'?
    3 | #include "Enum.hpp"
  +++ |+#include <cstdint>
    4 | 
../Core/Src/Prj_utils.cpp:16:13: error: redefinition of 'const char* GetCastString'
   16 | const char* GetCastString(uint8_t cast)
      |             ^~~~~~~~~~~~~
../Core/Src/Prj_utils.hpp:4:21: note: 'const char* GetCastString' previously defined here
    4 |         const char* GetCastString(uint8_t cast);
      |                     ^~~~~~~~~~~~~
../Core/Src/Prj_utils.cpp:16:27: error: 'uint8_t' was not declared in this scope
   16 | const char* GetCastString(uint8_t cast)
      |                           ^~~~~~~
../Core/Src/Prj_utils.cpp:16:27: note: 'uint8_t' is defined in header '<cstdint>'; did you forget to '#include <cstdint>'?
../Core/Src/Prj_utils.cpp:26:51: error: 'const char* GetPIC_Type_String(PIC_Type_t)' redeclared as different kind of entity
   26 | const char* GetPIC_Type_String(PIC_Type_t pic_type)
      |                                                   ^
../Core/Src/Prj_utils.hpp:5:21: note: previous declaration 'const char* GetPIC_Type_String'
    5 |         const char* GetPIC_Type_String(uint16_t pic_type);
      |                     ^~~~~~~~~~~~~~~~~~
../Core/Src/Prj_utils.cpp:62:13: error: redefinition of 'const char* GetCommand_String'
   62 | const char* GetCommand_String(uint16_t cmd)
      |             ^~~~~~~~~~~~~~~~~
../Core/Src/Prj_utils.hpp:6:21: note: 'const char* GetCommand_String' previously defined here
    6 |         const char* GetCommand_String(uint16_t cmd);
      |                     ^~~~~~~~~~~~~~~~~
../Core/Src/Prj_utils.cpp:62:31: error: 'uint16_t' was not declared in this scope
   62 | const char* GetCommand_String(uint16_t cmd)
      |                               ^~~~~~~~
../Core/Src/Prj_utils.cpp:62:31: note: 'uint16_t' is defined in header '<cstdint>'; did you forget to '#include <cstdint>'?
make: *** [Core/Src/subdir.mk:44: Core/Src/Prj_utils.o] Error 1
make: *** Waiting for unfinished jobs....
../lib/CAN/can.cpp:4:10: fatal error: Prj_utils.hpp: No such file or directory
    4 | #include "Prj_utils.hpp"
      |          ^~~~~~~~~~~~~~~
compilation terminated.
make: *** [lib/CAN/subdir.mk:19: lib/CAN/can.o] Error 1
"make -j8 all" terminated with exit code 2. Build might be incomplete.
13:18:01 **** Incremental Build of configuration Debug for project Test ****
make -j8 all 
arm-none-eabi-g++ "../lib/CAN/can.cpp" -mcpu=cortex-m0 -std=gnu++14 -g3 -DDEBUG -DUSE_HAL_DRIVER -DSTM32F030x8 -c -I../Core/Inc -I"C:/Users/Dr. S Chakraborty/OneDrive/Desktop/STM32_Dispenser/Test/lib" -I../Drivers/STM32F0xx_HAL_Driver/Inc -I../Drivers/STM32F0xx_HAL_Driver/Inc/Legacy -I../Drivers/CMSIS/Device/ST/STM32F0xx/Include -I../Drivers/CMSIS/Include -O0 -ffunction-sections -fdata-sections -fno-exceptions -fno-rtti -fno-use-cxa-atexit -Wall -fstack-usage -fcyclomatic-complexity -MMD -MP -MF"lib/CAN/can.d" -MT"lib/CAN/can.o" --specs=nano.specs -mfloat-abi=soft -mthumb -o "lib/CAN/can.o"
arm-none-eabi-g++ "../Core/Src/Prj_utils.cpp" -mcpu=cortex-m0 -std=gnu++14 -g3 -DDEBUG -DUSE_HAL_DRIVER -DSTM32F030x8 -c -I../Core/Inc -I"C:/Users/Dr. S Chakraborty/OneDrive/Desktop/STM32_Dispenser/Test/lib" -I../Drivers/STM32F0xx_HAL_Driver/Inc -I../Drivers/STM32F0xx_HAL_Driver/Inc/Legacy -I../Drivers/CMSIS/Device/ST/STM32F0xx/Include -I../Drivers/CMSIS/Include -O0 -ffunction-sections -fdata-sections -fno-exceptions -fno-rtti -fno-use-cxa-atexit -Wall -fstack-usage -fcyclomatic-complexity -MMD -MP -MF"Core/Src/Prj_utils.d" -MT"Core/Src/Prj_utils.o" --specs=nano.specs -mfloat-abi=soft -mthumb -o "Core/Src/Prj_utils.o"
../lib/CAN/can.cpp:4:10: fatal error: Prj_utils.hpp: No such file or directory
    4 | #include "Prj_utils.hpp"
      |          ^~~~~~~~~~~~~~~
compilation terminated.
make: *** [lib/CAN/subdir.mk:19: lib/CAN/can.o] Error 1
make: *** Waiting for unfinished jobs....
"make -j8 all" terminated with exit code 2. Build might be incomplete.
13:19:25 **** Incremental Build of configuration Debug for project Test ****
make -j8 all 
arm-none-eabi-g++ "../lib/CAN/can.cpp" -mcpu=cortex-m0 -std=gnu++14 -g3 -DDEBUG -DUSE_HAL_DRIVER -DSTM32F030x8 -c -I../Core/Inc -I"C:/Users/Dr. S Chakraborty/OneDrive/Desktop/STM32_Dispenser/Test/lib" -I../Drivers/STM32F0xx_HAL_Driver/Inc -I../Drivers/STM32F0xx_HAL_Driver/Inc/Legacy -I../Drivers/CMSIS/Device/ST/STM32F0xx/Include -I../Drivers/CMSIS/Include -O0 -ffunction-sections -fdata-sections -fno-exceptions -fno-rtti -fno-use-cxa-atexit -Wall -fstack-usage -fcyclomatic-complexity -MMD -MP -MF"lib/CAN/can.d" -MT"lib/CAN/can.o" --specs=nano.specs -mfloat-abi=soft -mthumb -o "lib/CAN/can.o"
../lib/CAN/can.cpp:4:10: fatal error: ..\Prj_utils.hpp: No such file or directory
    4 | #include "..\Prj_utils.hpp"
      |          ^~~~~~~~~~~~~~~~~~
compilation terminated.
make: *** [lib/CAN/subdir.mk:19: lib/CAN/can.o] Error 1
"make -j8 all" terminated with exit code 2. Build might be incomplete.
13:19:41 **** Incremental Build of configuration Debug for project Test ****
make -j8 all 
arm-none-eabi-g++ "../lib/CAN/can.cpp" -mcpu=cortex-m0 -std=gnu++14 -g3 -DDEBUG -DUSE_HAL_DRIVER -DSTM32F030x8 -c -I../Core/Inc -I"C:/Users/Dr. S Chakraborty/OneDrive/Desktop/STM32_Dispenser/Test/lib" -I../Drivers/STM32F0xx_HAL_Driver/Inc -I../Drivers/STM32F0xx_HAL_Driver/Inc/Legacy -I../Drivers/CMSIS/Device/ST/STM32F0xx/Include -I../Drivers/CMSIS/Include -O0 -ffunction-sections -fdata-sections -fno-exceptions -fno-rtti -fno-use-cxa-atexit -Wall -fstack-usage -fcyclomatic-complexity -MMD -MP -MF"lib/CAN/can.d" -MT"lib/CAN/can.o" --specs=nano.specs -mfloat-abi=soft -mthumb -o "lib/CAN/can.o"
../lib/CAN/can.cpp:4:10: fatal error: ..\..\Prj_utils.hpp: No such file or directory
    4 | #include "..\..\Prj_utils.hpp"
      |          ^~~~~~~~~~~~~~~~~~~~~
compilation terminated.
make: *** [lib/CAN/subdir.mk:19: lib/CAN/can.o] Error 1
"make -j8 all" terminated with exit code 2. Build might be incomplete.
13:22:50 **** Incremental Build of configuration Debug for project Test ****
make -j8 all 
arm-none-eabi-g++ "../lib/CAN/can.cpp" -mcpu=cortex-m0 -std=gnu++14 -g3 -DDEBUG -DUSE_HAL_DRIVER -DSTM32F030x8 -c -I../Core/Inc -I"C:/Users/Dr. S Chakraborty/OneDrive/Desktop/STM32_Dispenser/Test/lib" -I../Drivers/STM32F0xx_HAL_Driver/Inc -I../Drivers/STM32F0xx_HAL_Driver/Inc/Legacy -I../Drivers/CMSIS/Device/ST/STM32F0xx/Include -I../Drivers/CMSIS/Include -O0 -ffunction-sections -fdata-sections -fno-exceptions -fno-rtti -fno-use-cxa-atexit -Wall -fstack-usage -fcyclomatic-complexity -MMD -MP -MF"lib/CAN/can.d" -MT"lib/CAN/can.o" --specs=nano.specs -mfloat-abi=soft -mthumb -o "lib/CAN/can.o"
arm-none-eabi-g++ "../Core/Src/Prj_utils.cpp" -mcpu=cortex-m0 -std=gnu++14 -g3 -DDEBUG -DUSE_HAL_DRIVER -DSTM32F030x8 -c -I../Core/Inc -I"C:/Users/Dr. S Chakraborty/OneDrive/Desktop/STM32_Dispenser/Test/lib" -I../Drivers/STM32F0xx_HAL_Driver/Inc -I../Drivers/STM32F0xx_HAL_Driver/Inc/Legacy -I../Drivers/CMSIS/Device/ST/STM32F0xx/Include -I../Drivers/CMSIS/Include -O0 -ffunction-sections -fdata-sections -fno-exceptions -fno-rtti -fno-use-cxa-atexit -Wall -fstack-usage -fcyclomatic-complexity -MMD -MP -MF"Core/Src/Prj_utils.d" -MT"Core/Src/Prj_utils.o" --specs=nano.specs -mfloat-abi=soft -mthumb -o "Core/Src/Prj_utils.o"
arm-none-eabi-g++ "../Core/Src/prj_disp.cpp" -mcpu=cortex-m0 -std=gnu++14 -g3 -DDEBUG -DUSE_HAL_DRIVER -DSTM32F030x8 -c -I../Core/Inc -I"C:/Users/Dr. S Chakraborty/OneDrive/Desktop/STM32_Dispenser/Test/lib" -I../Drivers/STM32F0xx_HAL_Driver/Inc -I../Drivers/STM32F0xx_HAL_Driver/Inc/Legacy -I../Drivers/CMSIS/Device/ST/STM32F0xx/Include -I../Drivers/CMSIS/Include -O0 -ffunction-sections -fdata-sections -fno-exceptions -fno-rtti -fno-use-cxa-atexit -Wall -fstack-usage -fcyclomatic-complexity -MMD -MP -MF"Core/Src/prj_disp.d" -MT"Core/Src/prj_disp.o" --specs=nano.specs -mfloat-abi=soft -mthumb -o "Core/Src/prj_disp.o"
../Core/Src/Prj_utils.cpp:6:24: error: 'Packet_t' does not name a type
    6 | void printPacket(const Packet_t* pkt)
      |                        ^~~~~~~~
../Core/Src/Prj_utils.cpp: In function 'void printPacket(const int*)':
../Core/Src/Prj_utils.cpp:9:9: error: 'debug' was not declared in this scope
    9 |         debug.print("Packet: NULL\r\n");
      |         ^~~~~
../Core/Src/Prj_utils.cpp:14:5: error: 'debug' was not declared in this scope
   14 |     debug.print("\r\n");
      |     ^~~~~
../Core/Src/Prj_utils.cpp:15:45: error: request for member 'valid' in '* pkt', which is of non-class type 'const int'
   15 |     debug.print("Valid      : %s\r\n", pkt->valid ? "TRUE" : "FALSE");
      |                                             ^~~~~
../Core/Src/Prj_utils.cpp:16:45: error: request for member 'length' in '* pkt', which is of non-class type 'const int'
   16 |     debug.print("Length     : %u\r\n", pkt->length);
      |                                             ^~~~~~
../Core/Src/Prj_utils.cpp:17:49: error: request for member 'transtype' in '* pkt', which is of non-class type 'const int'
   17 |     debug.print("Trans Type : 0x%02X\r\n", pkt->transtype);
      |                                                 ^~~~~~~~~
../Core/Src/Prj_utils.cpp:18:59: error: request for member 'cast' in '* pkt', which is of non-class type 'const int'
   18 |     debug.print("Cast       : %s\r\n", GetCastString(pkt->cast));
      |                                                           ^~~~
../Core/Src/Prj_utils.cpp:19:64: error: request for member 'address' in '* pkt', which is of non-class type 'const int'
   19 |     debug.print("PIC Type   : %s\r\n", GetPIC_Type_String(pkt->address));
      |                                                                ^~~~~~~
../Core/Src/Prj_utils.cpp:20:57: error: request for member 'rw' in '* pkt', which is of non-class type 'const int'
   20 |     debug.print("Operation  : %s\r\n", GetRWString(pkt->rw));
      |                                                         ^~
../Core/Src/Prj_utils.cpp:21:63: error: request for member 'command' in '* pkt', which is of non-class type 'const int'
   21 |     debug.print("Command    : %s\r\n", GetCommand_String(pkt->command));
      |                                                               ^~~~~~~
../Core/Src/Prj_utils.cpp:22:45: error: request for member 'dataLen' in '* pkt', which is of non-class type 'const int'
   22 |     debug.print("Data Length: %u\r\n", pkt->dataLen);
      |                                             ^~~~~~~
../Core/Src/Prj_utils.cpp:26:38: error: request for member 'dataLen' in '* pkt', which is of non-class type 'const int'
   26 |     for (uint8_t i = 0; i + 1 < pkt->dataLen; i += 2)
      |                                      ^~~~~~~
../Core/Src/Prj_utils.cpp:28:46: error: request for member 'data' in '* pkt', which is of non-class type 'const int'
   28 |         uint16_t value = ReadUInt16_BE(&pkt->data[i]);
      |                                              ^~~~
../Core/Src/Prj_utils.cpp:28:26: error: 'ReadUInt16_BE' was not declared in this scope
   28 |         uint16_t value = ReadUInt16_BE(&pkt->data[i]);
      |                          ^~~~~~~~~~~~~
../Core/Src/Prj_utils.cpp:32:22: error: request for member 'dataLen' in '* pkt', which is of non-class type 'const int'
   32 |         if (i < pkt->dataLen - 2)
      |                      ^~~~~~~
../Core/Src/Prj_utils.cpp:37:45: error: request for member 'crc' in '* pkt', which is of non-class type 'const int'
   37 |     debug.print("CRC        : 0x%04X", pkt->crc);
      |                                             ^~~
make: *** [Core/Src/subdir.mk:44: Core/Src/Prj_utils.o] Error 1
make: *** Waiting for unfinished jobs....
../lib/CAN/can.cpp:6:14: warning: 'debug' initialized and declared 'extern'
    6 | extern Debug debug(&huart2);
      |              ^~~~~
../lib/CAN/can.cpp: In member function 'bool CANProtocol::ParseError(uint8_t*, uint16_t, Packet_t*)':
../lib/CAN/can.cpp:17:56: warning: enum constant in boolean context [-Wint-in-bool-context]
   17 |     if (buffer[0] != 0x66 || buffer[1] != 0x55) return preambles_not_found;
      |                                                        ^~~~~~~~~~~~~~~~~~~
../lib/CAN/can.cpp:20:66: warning: enum constant in boolean context [-Wint-in-bool-context]
   20 |      if (buffer[len-2] != 0x77 || buffer[len -1] != 0x88) return postambles_not_found;
      |                                                                  ^~~~~~~~~~~~~~~~~~~~
../lib/CAN/can.cpp:24:65: warning: enum constant in boolean context [-Wint-in-bool-context]
   24 |     if (packetLen != len || packetLen > KBUS_MAX_PACKET) return packet_length_exceeds;
      |                                                                 ^~~~~~~~~~~~~~~~~~~~~
../lib/CAN/can.cpp:49:41: warning: enum constant in boolean context [-Wint-in-bool-context]
   49 |     if (calcCRC != receivedCRC) return  CRC_error;
      |                                         ^~~~~~~~~
../Core/Src/prj_disp.cpp: In function 'void process_Real_Hardware()':
../Core/Src/prj_disp.cpp:70:14: warning: unused variable 'value' [-Wunused-variable]
   70 |         long value;
      |              ^~~~~
../Core/Src/prj_disp.cpp: In function 'char DispenseWeight(long int, int)':
../Core/Src/prj_disp.cpp:160:2: warning: no return statement in function returning non-void [-Wreturn-type]
  160 |  }
      |  ^
"make -j8 all" terminated with exit code 2. Build might be incomplete.
13:24:00 **** Incremental Build of configuration Debug for project Test ****
make -j8 all 
arm-none-eabi-g++ "../Core/Src/Prj_utils.cpp" -mcpu=cortex-m0 -std=gnu++14 -g3 -DDEBUG -DUSE_HAL_DRIVER -DSTM32F030x8 -c -I../Core/Inc -I"C:/Users/Dr. S Chakraborty/OneDrive/Desktop/STM32_Dispenser/Test/lib" -I../Drivers/STM32F0xx_HAL_Driver/Inc -I../Drivers/STM32F0xx_HAL_Driver/Inc/Legacy -I../Drivers/CMSIS/Device/ST/STM32F0xx/Include -I../Drivers/CMSIS/Include -O0 -ffunction-sections -fdata-sections -fno-exceptions -fno-rtti -fno-use-cxa-atexit -Wall -fstack-usage -fcyclomatic-complexity -MMD -MP -MF"Core/Src/Prj_utils.d" -MT"Core/Src/Prj_utils.o" --specs=nano.specs -mfloat-abi=soft -mthumb -o "Core/Src/Prj_utils.o"
../Core/Src/Prj_utils.cpp:4:10: fatal error: can.hpp: No such file or directory
    4 | #include "can.hpp"
      |          ^~~~~~~~~
compilation terminated.
make: *** [Core/Src/subdir.mk:44: Core/Src/Prj_utils.o] Error 1
"make -j8 all" terminated with exit code 2. Build might be incomplete.
13:24:16 **** Incremental Build of configuration Debug for project Test ****
make -j8 all 
arm-none-eabi-g++ "../Core/Src/Prj_utils.cpp" -mcpu=cortex-m0 -std=gnu++14 -g3 -DDEBUG -DUSE_HAL_DRIVER -DSTM32F030x8 -c -I../Core/Inc -I"C:/Users/Dr. S Chakraborty/OneDrive/Desktop/STM32_Dispenser/Test/lib" -I../Drivers/STM32F0xx_HAL_Driver/Inc -I../Drivers/STM32F0xx_HAL_Driver/Inc/Legacy -I../Drivers/CMSIS/Device/ST/STM32F0xx/Include -I../Drivers/CMSIS/Include -O0 -ffunction-sections -fdata-sections -fno-exceptions -fno-rtti -fno-use-cxa-atexit -Wall -fstack-usage -fcyclomatic-complexity -MMD -MP -MF"Core/Src/Prj_utils.d" -MT"Core/Src/Prj_utils.o" --specs=nano.specs -mfloat-abi=soft -mthumb -o "Core/Src/Prj_utils.o"
../Core/Src/Prj_utils.cpp: In function 'void printPacket(const Packet_t*)':
../Core/Src/Prj_utils.cpp:9:9: error: 'debug' was not declared in this scope
    9 |         debug.print("Packet: NULL\r\n");
      |         ^~~~~
../Core/Src/Prj_utils.cpp:14:5: error: 'debug' was not declared in this scope
   14 |     debug.print("\r\n");
      |     ^~~~~
../Core/Src/Prj_utils.cpp:28:26: error: 'ReadUInt16_BE' was not declared in this scope
   28 |         uint16_t value = ReadUInt16_BE(&pkt->data[i]);
      |                          ^~~~~~~~~~~~~
make: *** [Core/Src/subdir.mk:44: Core/Src/Prj_utils.o] Error 1
"make -j8 all" terminated with exit code 2. Build might be incomplete.
13:25:09 **** Incremental Build of configuration Debug for project Test ****
make -j8 all 
arm-none-eabi-g++ "../Core/Src/Prj_utils.cpp" -mcpu=cortex-m0 -std=gnu++14 -g3 -DDEBUG -DUSE_HAL_DRIVER -DSTM32F030x8 -c -I../Core/Inc -I"C:/Users/Dr. S Chakraborty/OneDrive/Desktop/STM32_Dispenser/Test/lib" -I../Drivers/STM32F0xx_HAL_Driver/Inc -I../Drivers/STM32F0xx_HAL_Driver/Inc/Legacy -I../Drivers/CMSIS/Device/ST/STM32F0xx/Include -I../Drivers/CMSIS/Include -O0 -ffunction-sections -fdata-sections -fno-exceptions -fno-rtti -fno-use-cxa-atexit -Wall -fstack-usage -fcyclomatic-complexity -MMD -MP -MF"Core/Src/Prj_utils.d" -MT"Core/Src/Prj_utils.o" --specs=nano.specs -mfloat-abi=soft -mthumb -o "Core/Src/Prj_utils.o"
../Core/Src/Prj_utils.cpp: In function 'void printPacket(const Packet_t*)':
../Core/Src/Prj_utils.cpp:10:9: error: 'debug' was not declared in this scope; did you mean 'Debug'?
   10 |         debug.print("Packet: NULL\r\n");
      |         ^~~~~
      |         Debug
../Core/Src/Prj_utils.cpp:15:5: error: 'debug' was not declared in this scope; did you mean 'Debug'?
   15 |     debug.print("\r\n");
      |     ^~~~~
      |     Debug
../Core/Src/Prj_utils.cpp:29:26: error: 'ReadUInt16_BE' was not declared in this scope
   29 |         uint16_t value = ReadUInt16_BE(&pkt->data[i]);
      |                          ^~~~~~~~~~~~~
make: *** [Core/Src/subdir.mk:44: Core/Src/Prj_utils.o] Error 1
"make -j8 all" terminated with exit code 2. Build might be incomplete.
13:26:05 **** Incremental Build of configuration Debug for project Test ****
make -j8 all 
arm-none-eabi-g++ "../Core/Src/Prj_utils.cpp" -mcpu=cortex-m0 -std=gnu++14 -g3 -DDEBUG -DUSE_HAL_DRIVER -DSTM32F030x8 -c -I../Core/Inc -I"C:/Users/Dr. S Chakraborty/OneDrive/Desktop/STM32_Dispenser/Test/lib" -I../Drivers/STM32F0xx_HAL_Driver/Inc -I../Drivers/STM32F0xx_HAL_Driver/Inc/Legacy -I../Drivers/CMSIS/Device/ST/STM32F0xx/Include -I../Drivers/CMSIS/Include -O0 -ffunction-sections -fdata-sections -fno-exceptions -fno-rtti -fno-use-cxa-atexit -Wall -fstack-usage -fcyclomatic-complexity -MMD -MP -MF"Core/Src/Prj_utils.d" -MT"Core/Src/Prj_utils.o" --specs=nano.specs -mfloat-abi=soft -mthumb -o "Core/Src/Prj_utils.o"
../Core/Src/Prj_utils.cpp: In function 'void printPacket(const Packet_t*)':
../Core/Src/Prj_utils.cpp:11:9: error: 'debug' was not declared in this scope; did you mean 'Debug'?
   11 |         debug.print("Packet: NULL\r\n");
      |         ^~~~~
      |         Debug
../Core/Src/Prj_utils.cpp:16:5: error: 'debug' was not declared in this scope; did you mean 'Debug'?
   16 |     debug.print("\r\n");
      |     ^~~~~
      |     Debug
make: *** [Core/Src/subdir.mk:44: Core/Src/Prj_utils.o] Error 1
"make -j8 all" terminated with exit code 2. Build might be incomplete.
13:26:51 **** Incremental Build of configuration Debug for project Test ****
make -j8 all 
arm-none-eabi-g++ "../Core/Src/Prj_utils.cpp" -mcpu=cortex-m0 -std=gnu++14 -g3 -DDEBUG -DUSE_HAL_DRIVER -DSTM32F030x8 -c -I../Core/Inc -I"C:/Users/Dr. S Chakraborty/OneDrive/Desktop/STM32_Dispenser/Test/lib" -I../Drivers/STM32F0xx_HAL_Driver/Inc -I../Drivers/STM32F0xx_HAL_Driver/Inc/Legacy -I../Drivers/CMSIS/Device/ST/STM32F0xx/Include -I../Drivers/CMSIS/Include -O0 -ffunction-sections -fdata-sections -fno-exceptions -fno-rtti -fno-use-cxa-atexit -Wall -fstack-usage -fcyclomatic-complexity -MMD -MP -MF"Core/Src/Prj_utils.d" -MT"Core/Src/Prj_utils.o" --specs=nano.specs -mfloat-abi=soft -mthumb -o "Core/Src/Prj_utils.o"
../Core/Src/Prj_utils.cpp:8:14: warning: 'debug' initialized and declared 'extern'
    8 | extern Debug debug(&huart2);
      |              ^~~~~
../Core/Src/Prj_utils.cpp:8:21: error: 'huart2' was not declared in this scope
    8 | extern Debug debug(&huart2);
      |                     ^~~~~~
make: *** [Core/Src/subdir.mk:44: Core/Src/Prj_utils.o] Error 1
"make -j8 all" terminated with exit code 2. Build might be incomplete.
14:02:54 **** Incremental Build of configuration Debug for project Test ****
make -j8 all 
arm-none-eabi-g++ "../Core/Src/Project_Helper.cpp" -mcpu=cortex-m0 -std=gnu++14 -g3 -DDEBUG -DUSE_HAL_DRIVER -DSTM32F030x8 -c -I../Core/Inc -I"C:/Users/Dr. S Chakraborty/OneDrive/Desktop/STM32_Dispenser/Test/lib" -I../Drivers/STM32F0xx_HAL_Driver/Inc -I../Drivers/STM32F0xx_HAL_Driver/Inc/Legacy -I../Drivers/CMSIS/Device/ST/STM32F0xx/Include -I../Drivers/CMSIS/Include -O0 -ffunction-sections -fdata-sections -fno-exceptions -fno-rtti -fno-use-cxa-atexit -Wall -fstack-usage -fcyclomatic-complexity -MMD -MP -MF"Core/Src/Project_Helper.d" -MT"Core/Src/Project_Helper.o" --specs=nano.specs -mfloat-abi=soft -mthumb -o "Core/Src/Project_Helper.o"
arm-none-eabi-gcc "../Core/Src/main.c" -mcpu=cortex-m0 -std=gnu11 -g3 -DDEBUG -DUSE_HAL_DRIVER -DSTM32F030x8 -c -I../Core/Inc -I"C:/Users/Dr. S Chakraborty/OneDrive/Desktop/STM32_Dispenser/Test/lib" -I../Drivers/STM32F0xx_HAL_Driver/Inc -I../Drivers/STM32F0xx_HAL_Driver/Inc/Legacy -I../Drivers/CMSIS/Device/ST/STM32F0xx/Include -I../Drivers/CMSIS/Include -O0 -ffunction-sections -fdata-sections -Wall -fstack-usage -fcyclomatic-complexity -MMD -MP -MF"Core/Src/main.d" -MT"Core/Src/main.o" --specs=nano.specs -mfloat-abi=soft -mthumb -o "Core/Src/main.o"
arm-none-eabi-g++ "../Core/Src/prj_disp.cpp" -mcpu=cortex-m0 -std=gnu++14 -g3 -DDEBUG -DUSE_HAL_DRIVER -DSTM32F030x8 -c -I../Core/Inc -I"C:/Users/Dr. S Chakraborty/OneDrive/Desktop/STM32_Dispenser/Test/lib" -I../Drivers/STM32F0xx_HAL_Driver/Inc -I../Drivers/STM32F0xx_HAL_Driver/Inc/Legacy -I../Drivers/CMSIS/Device/ST/STM32F0xx/Include -I../Drivers/CMSIS/Include -O0 -ffunction-sections -fdata-sections -fno-exceptions -fno-rtti -fno-use-cxa-atexit -Wall -fstack-usage -fcyclomatic-complexity -MMD -MP -MF"Core/Src/prj_disp.d" -MT"Core/Src/prj_disp.o" --specs=nano.specs -mfloat-abi=soft -mthumb -o "Core/Src/prj_disp.o"
arm-none-eabi-gcc "../Core/Src/stm32f0xx_hal_msp.c" -mcpu=cortex-m0 -std=gnu11 -g3 -DDEBUG -DUSE_HAL_DRIVER -DSTM32F030x8 -c -I../Core/Inc -I"C:/Users/Dr. S Chakraborty/OneDrive/Desktop/STM32_Dispenser/Test/lib" -I../Drivers/STM32F0xx_HAL_Driver/Inc -I../Drivers/STM32F0xx_HAL_Driver/Inc/Legacy -I../Drivers/CMSIS/Device/ST/STM32F0xx/Include -I../Drivers/CMSIS/Include -O0 -ffunction-sections -fdata-sections -Wall -fstack-usage -fcyclomatic-complexity -MMD -MP -MF"Core/Src/stm32f0xx_hal_msp.d" -MT"Core/Src/stm32f0xx_hal_msp.o" --specs=nano.specs -mfloat-abi=soft -mthumb -o "Core/Src/stm32f0xx_hal_msp.o"
arm-none-eabi-gcc "../Core/Src/stm32f0xx_it.c" -mcpu=cortex-m0 -std=gnu11 -g3 -DDEBUG -DUSE_HAL_DRIVER -DSTM32F030x8 -c -I../Core/Inc -I"C:/Users/Dr. S Chakraborty/OneDrive/Desktop/STM32_Dispenser/Test/lib" -I../Drivers/STM32F0xx_HAL_Driver/Inc -I../Drivers/STM32F0xx_HAL_Driver/Inc/Legacy -I../Drivers/CMSIS/Device/ST/STM32F0xx/Include -I../Drivers/CMSIS/Include -O0 -ffunction-sections -fdata-sections -Wall -fstack-usage -fcyclomatic-complexity -MMD -MP -MF"Core/Src/stm32f0xx_it.d" -MT"Core/Src/stm32f0xx_it.o" --specs=nano.specs -mfloat-abi=soft -mthumb -o "Core/Src/stm32f0xx_it.o"
arm-none-eabi-gcc "../Core/Src/syscalls.c" -mcpu=cortex-m0 -std=gnu11 -g3 -DDEBUG -DUSE_HAL_DRIVER -DSTM32F030x8 -c -I../Core/Inc -I"C:/Users/Dr. S Chakraborty/OneDrive/Desktop/STM32_Dispenser/Test/lib" -I../Drivers/STM32F0xx_HAL_Driver/Inc -I../Drivers/STM32F0xx_HAL_Driver/Inc/Legacy -I../Drivers/CMSIS/Device/ST/STM32F0xx/Include -I../Drivers/CMSIS/Include -O0 -ffunction-sections -fdata-sections -Wall -fstack-usage -fcyclomatic-complexity -MMD -MP -MF"Core/Src/syscalls.d" -MT"Core/Src/syscalls.o" --specs=nano.specs -mfloat-abi=soft -mthumb -o "Core/Src/syscalls.o"
arm-none-eabi-gcc "../Core/Src/sysmem.c" -mcpu=cortex-m0 -std=gnu11 -g3 -DDEBUG -DUSE_HAL_DRIVER -DSTM32F030x8 -c -I../Core/Inc -I"C:/Users/Dr. S Chakraborty/OneDrive/Desktop/STM32_Dispenser/Test/lib" -I../Drivers/STM32F0xx_HAL_Driver/Inc -I../Drivers/STM32F0xx_HAL_Driver/Inc/Legacy -I../Drivers/CMSIS/Device/ST/STM32F0xx/Include -I../Drivers/CMSIS/Include -O0 -ffunction-sections -fdata-sections -Wall -fstack-usage -fcyclomatic-complexity -MMD -MP -MF"Core/Src/sysmem.d" -MT"Core/Src/sysmem.o" --specs=nano.specs -mfloat-abi=soft -mthumb -o "Core/Src/sysmem.o"
arm-none-eabi-gcc "../Core/Src/system_stm32f0xx.c" -mcpu=cortex-m0 -std=gnu11 -g3 -DDEBUG -DUSE_HAL_DRIVER -DSTM32F030x8 -c -I../Core/Inc -I"C:/Users/Dr. S Chakraborty/OneDrive/Desktop/STM32_Dispenser/Test/lib" -I../Drivers/STM32F0xx_HAL_Driver/Inc -I../Drivers/STM32F0xx_HAL_Driver/Inc/Legacy -I../Drivers/CMSIS/Device/ST/STM32F0xx/Include -I../Drivers/CMSIS/Include -O0 -ffunction-sections -fdata-sections -Wall -fstack-usage -fcyclomatic-complexity -MMD -MP -MF"Core/Src/system_stm32f0xx.d" -MT"Core/Src/system_stm32f0xx.o" --specs=nano.specs -mfloat-abi=soft -mthumb -o "Core/Src/system_stm32f0xx.o"
../Core/Src/Project_Helper.cpp:10:39: error: 'Debug' has not been declared
   10 | void printPacket(const Packet_t* pkt, Debug debug)
      |                                       ^~~~~
../Core/Src/Project_Helper.cpp: In function 'void printPacket(const Packet_t*, int)':
../Core/Src/Project_Helper.cpp:13:15: error: request for member 'print' in 'debug', which is of non-class type 'int'
   13 |         debug.print("Packet: NULL\r\n");
      |               ^~~~~
../Core/Src/Project_Helper.cpp:18:11: error: request for member 'print' in 'debug', which is of non-class type 'int'
   18 |     debug.print("\r\n");
      |           ^~~~~
../Core/Src/Project_Helper.cpp:19:11: error: request for member 'print' in 'debug', which is of non-class type 'int'
   19 |     debug.print("Valid      : %s\r\n", pkt->valid ? "TRUE" : "FALSE");
      |           ^~~~~
../Core/Src/Project_Helper.cpp:20:11: error: request for member 'print' in 'debug', which is of non-class type 'int'
   20 |     debug.print("Length     : %u\r\n", pkt->length);
      |           ^~~~~
../Core/Src/Project_Helper.cpp:21:11: error: request for member 'print' in 'debug', which is of non-class type 'int'
   21 |     debug.print("Trans Type : 0x%02X\r\n", pkt->transtype);
      |           ^~~~~
../Core/Src/Project_Helper.cpp:22:11: error: request for member 'print' in 'debug', which is of non-class type 'int'
   22 |     debug.print("Cast       : %s\r\n", GetCastString(pkt->cast));
      |           ^~~~~
../Core/Src/Project_Helper.cpp:23:11: error: request for member 'print' in 'debug', which is of non-class type 'int'
   23 |     debug.print("PIC Type   : %s\r\n", GetPIC_Type_String(pkt->address));
      |           ^~~~~
../Core/Src/Project_Helper.cpp:24:11: error: request for member 'print' in 'debug', which is of non-class type 'int'
   24 |     debug.print("Operation  : %s\r\n", GetRWString(pkt->rw));
      |           ^~~~~
../Core/Src/Project_Helper.cpp:25:11: error: request for member 'print' in 'debug', which is of non-class type 'int'
   25 |     debug.print("Command    : %s\r\n", GetCommand_String(pkt->command));
      |           ^~~~~
../Core/Src/Project_Helper.cpp:26:11: error: request for member 'print' in 'debug', which is of non-class type 'int'
   26 |     debug.print("Data Length: %u\r\n", pkt->dataLen);
      |           ^~~~~
../Core/Src/Project_Helper.cpp:28:11: error: request for member 'print' in 'debug', which is of non-class type 'int'
   28 |     debug.print("Data       : ");
      |           ^~~~~
../Core/Src/Project_Helper.cpp:34:15: error: request for member 'print' in 'debug', which is of non-class type 'int'
   34 |         debug.print("%u", value);
      |               ^~~~~
../Core/Src/Project_Helper.cpp:37:19: error: request for member 'print' in 'debug', which is of non-class type 'int'
   37 |             debug.print(",");
      |                   ^~~~~
../Core/Src/Project_Helper.cpp:40:11: error: request for member 'print' in 'debug', which is of non-class type 'int'
   40 |     debug.print("\r\n");
      |           ^~~~~
../Core/Src/Project_Helper.cpp:41:11: error: request for member 'print' in 'debug', which is of non-class type 'int'
   41 |     debug.print("CRC        : 0x%04X", pkt->crc);
      |           ^~~~~
make: *** [Core/Src/subdir.mk:44: Core/Src/Project_Helper.o] Error 1
make: *** Waiting for unfinished jobs....
../Core/Src/prj_disp.cpp: In function 'void process_Real_Hardware()':
../Core/Src/prj_disp.cpp:71:14: warning: unused variable 'value' [-Wunused-variable]
   71 |         long value;
      |              ^~~~~
../Core/Src/prj_disp.cpp: In function 'char DispenseWeight(long int, int)':
../Core/Src/prj_disp.cpp:161:2: warning: no return statement in function returning non-void [-Wreturn-type]
  161 |  }
      |  ^
"make -j8 all" terminated with exit code 2. Build might be incomplete.
14:03:22 **** Incremental Build of configuration Debug for project Test ****
make -j8 all 
arm-none-eabi-g++ "../Core/Src/Project_Helper.cpp" -mcpu=cortex-m0 -std=gnu++14 -g3 -DDEBUG -DUSE_HAL_DRIVER -DSTM32F030x8 -c -I../Core/Inc -I"C:/Users/Dr. S Chakraborty/OneDrive/Desktop/STM32_Dispenser/Test/lib" -I../Drivers/STM32F0xx_HAL_Driver/Inc -I../Drivers/STM32F0xx_HAL_Driver/Inc/Legacy -I../Drivers/CMSIS/Device/ST/STM32F0xx/Include -I../Drivers/CMSIS/Include -O0 -ffunction-sections -fdata-sections -fno-exceptions -fno-rtti -fno-use-cxa-atexit -Wall -fstack-usage -fcyclomatic-complexity -MMD -MP -MF"Core/Src/Project_Helper.d" -MT"Core/Src/Project_Helper.o" --specs=nano.specs -mfloat-abi=soft -mthumb -o "Core/Src/Project_Helper.o"
arm-none-eabi-g++ -o "Test.elf" @"objects.list"   -mcpu=cortex-m0 -T"C:\Users\Dr. S Chakraborty\OneDrive\Desktop\STM32_Dispenser\Test\STM32F030C8TX_FLASH.ld" --specs=nosys.specs -Wl,-Map="Test.map" -Wl,--gc-sections -static --specs=nano.specs -mfloat-abi=soft -mthumb -Wl,--start-group -lc -lm -lstdc++ -lsupc++ -Wl,--end-group
C:/ST/STM32CubeIDE_1.19.0/STM32CubeIDE/plugins/com.st.stm32cube.ide.mcu.externaltools.gnu-tools-for-stm32.13.3.rel1.win32_1.0.0.202411081344/tools/bin/../lib/gcc/arm-none-eabi/13.3.1/../../../../arm-none-eabi/bin/ld.exe: ./Core/Src/prj_disp.o: in function `process_Real_Hardware':
C:/Users/Dr. S Chakraborty/OneDrive/Desktop/STM32_Dispenser/Test/Debug/../Core/Src/prj_disp.cpp:95:(.text.process_Real_Hardware+0xbc): undefined reference to `CANProtocol::printPacket(Packet_t const*)'
collect2.exe: error: ld returned 1 exit status
make: *** [makefile:96: Test.elf] Error 1
"make -j8 all" terminated with exit code 2. Build might be incomplete.
14:04:27 **** Incremental Build of configuration Debug for project Test ****
make -j8 all 
arm-none-eabi-g++ "../Core/Src/Project_Helper.cpp" -mcpu=cortex-m0 -std=gnu++14 -g3 -DDEBUG -DUSE_HAL_DRIVER -DSTM32F030x8 -c -I../Core/Inc -I"C:/Users/Dr. S Chakraborty/OneDrive/Desktop/STM32_Dispenser/Test/lib" -I../Drivers/STM32F0xx_HAL_Driver/Inc -I../Drivers/STM32F0xx_HAL_Driver/Inc/Legacy -I../Drivers/CMSIS/Device/ST/STM32F0xx/Include -I../Drivers/CMSIS/Include -O0 -ffunction-sections -fdata-sections -fno-exceptions -fno-rtti -fno-use-cxa-atexit -Wall -fstack-usage -fcyclomatic-complexity -MMD -MP -MF"Core/Src/Project_Helper.d" -MT"Core/Src/Project_Helper.o" --specs=nano.specs -mfloat-abi=soft -mthumb -o "Core/Src/Project_Helper.o"
arm-none-eabi-g++ "../Core/Src/prj_disp.cpp" -mcpu=cortex-m0 -std=gnu++14 -g3 -DDEBUG -DUSE_HAL_DRIVER -DSTM32F030x8 -c -I../Core/Inc -I"C:/Users/Dr. S Chakraborty/OneDrive/Desktop/STM32_Dispenser/Test/lib" -I../Drivers/STM32F0xx_HAL_Driver/Inc -I../Drivers/STM32F0xx_HAL_Driver/Inc/Legacy -I../Drivers/CMSIS/Device/ST/STM32F0xx/Include -I../Drivers/CMSIS/Include -O0 -ffunction-sections -fdata-sections -fno-exceptions -fno-rtti -fno-use-cxa-atexit -Wall -fstack-usage -fcyclomatic-complexity -MMD -MP -MF"Core/Src/prj_disp.d" -MT"Core/Src/prj_disp.o" --specs=nano.specs -mfloat-abi=soft -mthumb -o "Core/Src/prj_disp.o"
In file included from ../Core/Src/Project_Helper.cpp:1:
../Core/Src/Project_Helper.hpp:5:32: error: 'Packet_t' does not name a type
    5 |         void printPacket(const Packet_t* pkt, Debug debug);
      |                                ^~~~~~~~
../Core/Src/Project_Helper.hpp:5:47: error: 'Debug' has not been declared
    5 |         void printPacket(const Packet_t* pkt, Debug debug);
      |                                               ^~~~~
make: *** [Core/Src/subdir.mk:44: Core/Src/Project_Helper.o] Error 1
make: *** Waiting for unfinished jobs....
../Core/Src/prj_disp.cpp: In function 'void process_Real_Hardware()':
../Core/Src/prj_disp.cpp:71:14: warning: unused variable 'value' [-Wunused-variable]
   71 |         long value;
      |              ^~~~~
../Core/Src/prj_disp.cpp: In function 'char DispenseWeight(long int, int)':
../Core/Src/prj_disp.cpp:161:2: warning: no return statement in function returning non-void [-Wreturn-type]
  161 |  }
      |  ^
"make -j8 all" terminated with exit code 2. Build might be incomplete.
14:05:10 **** Incremental Build of configuration Debug for project Test ****
make -j8 all 
arm-none-eabi-g++ "../Core/Src/Project_Helper.cpp" -mcpu=cortex-m0 -std=gnu++14 -g3 -DDEBUG -DUSE_HAL_DRIVER -DSTM32F030x8 -c -I../Core/Inc -I"C:/Users/Dr. S Chakraborty/OneDrive/Desktop/STM32_Dispenser/Test/lib" -I../Drivers/STM32F0xx_HAL_Driver/Inc -I../Drivers/STM32F0xx_HAL_Driver/Inc/Legacy -I../Drivers/CMSIS/Device/ST/STM32F0xx/Include -I../Drivers/CMSIS/Include -O0 -ffunction-sections -fdata-sections -fno-exceptions -fno-rtti -fno-use-cxa-atexit -Wall -fstack-usage -fcyclomatic-complexity -MMD -MP -MF"Core/Src/Project_Helper.d" -MT"Core/Src/Project_Helper.o" --specs=nano.specs -mfloat-abi=soft -mthumb -o "Core/Src/Project_Helper.o"
arm-none-eabi-g++ "../Core/Src/prj_disp.cpp" -mcpu=cortex-m0 -std=gnu++14 -g3 -DDEBUG -DUSE_HAL_DRIVER -DSTM32F030x8 -c -I../Core/Inc -I"C:/Users/Dr. S Chakraborty/OneDrive/Desktop/STM32_Dispenser/Test/lib" -I../Drivers/STM32F0xx_HAL_Driver/Inc -I../Drivers/STM32F0xx_HAL_Driver/Inc/Legacy -I../Drivers/CMSIS/Device/ST/STM32F0xx/Include -I../Drivers/CMSIS/Include -O0 -ffunction-sections -fdata-sections -fno-exceptions -fno-rtti -fno-use-cxa-atexit -Wall -fstack-usage -fcyclomatic-complexity -MMD -MP -MF"Core/Src/prj_disp.d" -MT"Core/Src/prj_disp.o" --specs=nano.specs -mfloat-abi=soft -mthumb -o "Core/Src/prj_disp.o"
In file included from ../Core/Src/Project_Helper.cpp:1:
../Core/Src/Project_Helper.hpp:4:10: fatal error: CAN\can.h: No such file or directory
    4 | #include "CAN\can.h"
      |          ^~~~~~~~~~~
compilation terminated.
make: *** [Core/Src/subdir.mk:44: Core/Src/Project_Helper.o] Error 1
make: *** Waiting for unfinished jobs....
In file included from ../Core/Src/prj_disp.cpp:14:
../Core/Src/Project_Helper.hpp:4:10: fatal error: CAN\can.h: No such file or directory
    4 | #include "CAN\can.h"
      |          ^~~~~~~~~~~
compilation terminated.
make: *** [Core/Src/subdir.mk:44: Core/Src/prj_disp.o] Error 1
"make -j8 all" terminated with exit code 2. Build might be incomplete.
14:05:45 **** Incremental Build of configuration Debug for project Test ****
make -j8 all 
arm-none-eabi-g++ "../Core/Src/Project_Helper.cpp" -mcpu=cortex-m0 -std=gnu++14 -g3 -DDEBUG -DUSE_HAL_DRIVER -DSTM32F030x8 -c -I../Core/Inc -I"C:/Users/Dr. S Chakraborty/OneDrive/Desktop/STM32_Dispenser/Test/lib" -I../Drivers/STM32F0xx_HAL_Driver/Inc -I../Drivers/STM32F0xx_HAL_Driver/Inc/Legacy -I../Drivers/CMSIS/Device/ST/STM32F0xx/Include -I../Drivers/CMSIS/Include -O0 -ffunction-sections -fdata-sections -fno-exceptions -fno-rtti -fno-use-cxa-atexit -Wall -fstack-usage -fcyclomatic-complexity -MMD -MP -MF"Core/Src/Project_Helper.d" -MT"Core/Src/Project_Helper.o" --specs=nano.specs -mfloat-abi=soft -mthumb -o "Core/Src/Project_Helper.o"
arm-none-eabi-g++ "../Core/Src/prj_disp.cpp" -mcpu=cortex-m0 -std=gnu++14 -g3 -DDEBUG -DUSE_HAL_DRIVER -DSTM32F030x8 -c -I../Core/Inc -I"C:/Users/Dr. S Chakraborty/OneDrive/Desktop/STM32_Dispenser/Test/lib" -I../Drivers/STM32F0xx_HAL_Driver/Inc -I../Drivers/STM32F0xx_HAL_Driver/Inc/Legacy -I../Drivers/CMSIS/Device/ST/STM32F0xx/Include -I../Drivers/CMSIS/Include -O0 -ffunction-sections -fdata-sections -fno-exceptions -fno-rtti -fno-use-cxa-atexit -Wall -fstack-usage -fcyclomatic-complexity -MMD -MP -MF"Core/Src/prj_disp.d" -MT"Core/Src/prj_disp.o" --specs=nano.specs -mfloat-abi=soft -mthumb -o "Core/Src/prj_disp.o"
In file included from ../Core/Src/Project_Helper.cpp:1:
../Core/Src/Project_Helper.hpp:6:47: error: 'Debug' has not been declared
    6 |         void printPacket(const Packet_t* pkt, Debug debug);
      |                                               ^~~~~
make: *** [Core/Src/subdir.mk:44: Core/Src/Project_Helper.o] Error 1
make: *** Waiting for unfinished jobs....
../Core/Src/prj_disp.cpp: In function 'void process_Real_Hardware()':
../Core/Src/prj_disp.cpp:71:14: warning: unused variable 'value' [-Wunused-variable]
   71 |         long value;
      |              ^~~~~
../Core/Src/prj_disp.cpp: In function 'char DispenseWeight(long int, int)':
../Core/Src/prj_disp.cpp:161:2: warning: no return statement in function returning non-void [-Wreturn-type]
  161 |  }
      |  ^
"make -j8 all" terminated with exit code 2. Build might be incomplete.
14:06:20 **** Incremental Build of configuration Debug for project Test ****
make -j8 all 
arm-none-eabi-g++ "../Core/Src/Project_Helper.cpp" -mcpu=cortex-m0 -std=gnu++14 -g3 -DDEBUG -DUSE_HAL_DRIVER -DSTM32F030x8 -c -I../Core/Inc -I"C:/Users/Dr. S Chakraborty/OneDrive/Desktop/STM32_Dispenser/Test/lib" -I../Drivers/STM32F0xx_HAL_Driver/Inc -I../Drivers/STM32F0xx_HAL_Driver/Inc/Legacy -I../Drivers/CMSIS/Device/ST/STM32F0xx/Include -I../Drivers/CMSIS/Include -O0 -ffunction-sections -fdata-sections -fno-exceptions -fno-rtti -fno-use-cxa-atexit -Wall -fstack-usage -fcyclomatic-complexity -MMD -MP -MF"Core/Src/Project_Helper.d" -MT"Core/Src/Project_Helper.o" --specs=nano.specs -mfloat-abi=soft -mthumb -o "Core/Src/Project_Helper.o"
arm-none-eabi-g++ "../Core/Src/prj_disp.cpp" -mcpu=cortex-m0 -std=gnu++14 -g3 -DDEBUG -DUSE_HAL_DRIVER -DSTM32F030x8 -c -I../Core/Inc -I"C:/Users/Dr. S Chakraborty/OneDrive/Desktop/STM32_Dispenser/Test/lib" -I../Drivers/STM32F0xx_HAL_Driver/Inc -I../Drivers/STM32F0xx_HAL_Driver/Inc/Legacy -I../Drivers/CMSIS/Device/ST/STM32F0xx/Include -I../Drivers/CMSIS/Include -O0 -ffunction-sections -fdata-sections -fno-exceptions -fno-rtti -fno-use-cxa-atexit -Wall -fstack-usage -fcyclomatic-complexity -MMD -MP -MF"Core/Src/prj_disp.d" -MT"Core/Src/prj_disp.o" --specs=nano.specs -mfloat-abi=soft -mthumb -o "Core/Src/prj_disp.o"
../Core/Src/prj_disp.cpp: In function 'void process_Real_Hardware()':
../Core/Src/prj_disp.cpp:71:14: warning: unused variable 'value' [-Wunused-variable]
   71 |         long value;
      |              ^~~~~
../Core/Src/prj_disp.cpp: In function 'char DispenseWeight(long int, int)':
../Core/Src/prj_disp.cpp:161:2: warning: no return statement in function returning non-void [-Wreturn-type]
  161 |  }
      |  ^
arm-none-eabi-g++ -o "Test.elf" @"objects.list"   -mcpu=cortex-m0 -T"C:\Users\Dr. S Chakraborty\OneDrive\Desktop\STM32_Dispenser\Test\STM32F030C8TX_FLASH.ld" --specs=nosys.specs -Wl,-Map="Test.map" -Wl,--gc-sections -static --specs=nano.specs -mfloat-abi=soft -mthumb -Wl,--start-group -lc -lm -lstdc++ -lsupc++ -Wl,--end-group
C:/ST/STM32CubeIDE_1.19.0/STM32CubeIDE/plugins/com.st.stm32cube.ide.mcu.externaltools.gnu-tools-for-stm32.13.3.rel1.win32_1.0.0.202411081344/tools/bin/../lib/gcc/arm-none-eabi/13.3.1/../../../../arm-none-eabi/bin/ld.exe: ./Core/Src/Project_Helper.o: in function `printPacket(Packet_t const*, Debug)':
C:/Users/Dr. S Chakraborty/OneDrive/Desktop/STM32_Dispenser/Test/Debug/../Core/Src/Project_Helper.cpp:23:(.text._Z11printPacketPK8Packet_t5Debug+0x82): undefined reference to `GetPIC_Type_String(unsigned short)'
collect2.exe: error: ld returned 1 exit status
make: *** [makefile:96: Test.elf] Error 1
"make -j8 all" terminated with exit code 2. Build might be incomplete.
14:09:08 **** Clean-only build of configuration Debug for project Test ****
make -j8 clean 
rm -rf ./lib/Servo/Servo.cyclo ./lib/Servo/Servo.d ./lib/Servo/Servo.o ./lib/Servo/Servo.su
rm -rf ./lib/LED/LED.cyclo ./lib/LED/LED.d ./lib/LED/LED.o ./lib/LED/LED.su
rm -rf ./lib/Helper/Helper.cyclo ./lib/Helper/Helper.d ./lib/Helper/Helper.o ./lib/Helper/Helper.su
rm -rf ./lib/HX711/HX711.cyclo ./lib/HX711/HX711.d ./lib/HX711/HX711.o ./lib/HX711/HX711.su
rm -rf ./lib/Delay/Delay.cyclo ./lib/Delay/Delay.d ./lib/Delay/Delay.o ./lib/Delay/Delay.su
rm -rf ./lib/Debug/Debug.cyclo ./lib/Debug/Debug.d ./lib/Debug/Debug.o ./lib/Debug/Debug.su
rm -rf ./lib/CAN_UART/CanUart.cyclo ./lib/CAN_UART/CanUart.d ./lib/CAN_UART/CanUart.o ./lib/CAN_UART/CanUart.su ./lib/CAN_UART/CanUartPolling.cyclo ./lib/CAN_UART/CanUartPolling.d ./lib/CAN_UART/CanUartPolling.o ./lib/CAN_UART/CanUartPolling.su
rm -rf ./lib/CAN/can.cyclo ./lib/CAN/can.d ./lib/CAN/can.o ./lib/CAN/can.su
rm -rf ./Drivers/STM32F0xx_HAL_Driver/Src/stm32f0xx_hal.cyclo ./Drivers/STM32F0xx_HAL_Driver/Src/stm32f0xx_hal.d ./Drivers/STM32F0xx_HAL_Driver/Src/stm32f0xx_hal.o ./Drivers/STM32F0xx_HAL_Driver/Src/stm32f0xx_hal.su ./Drivers/STM32F0xx_HAL_Driver/Src/stm32f0xx_hal_cortex.cyclo ./Drivers/STM32F0xx_HAL_Driver/Src/stm32f0xx_hal_cortex.d ./Drivers/STM32F0xx_HAL_Driver/Src/stm32f0xx_hal_cortex.o ./Drivers/STM32F0xx_HAL_Driver/Src/stm32f0xx_hal_cortex.su ./Drivers/STM32F0xx_HAL_Driver/Src/stm32f0xx_hal_dma.cyclo ./Drivers/STM32F0xx_HAL_Driver/Src/stm32f0xx_hal_dma.d ./Drivers/STM32F0xx_HAL_Driver/Src/stm32f0xx_hal_dma.o ./Drivers/STM32F0xx_HAL_Driver/Src/stm32f0xx_hal_dma.su ./Drivers/STM32F0xx_HAL_Driver/Src/stm32f0xx_hal_exti.cyclo ./Drivers/STM32F0xx_HAL_Driver/Src/stm32f0xx_hal_exti.d ./Drivers/STM32F0xx_HAL_Driver/Src/stm32f0xx_hal_exti.o ./Drivers/STM32F0xx_HAL_Driver/Src/stm32f0xx_hal_exti.su ./Drivers/STM32F0xx_HAL_Driver/Src/stm32f0xx_hal_flash.cyclo ./Drivers/STM32F0xx_HAL_Driver/Src/stm32f0xx_hal_flash.d ./Drivers/STM32F0xx_HAL_Driver/Src/stm32f0xx_hal_flash.o ./Drivers/STM32F0xx_HAL_Driver/Src/stm32f0xx_hal_flash.su ./Drivers/STM32F0xx_HAL_Driver/Src/stm32f0xx_hal_flash_ex.cyclo ./Drivers/STM32F0xx_HAL_Driver/Src/stm32f0xx_hal_flash_ex.d ./Drivers/STM32F0xx_HAL_Driver/Src/stm32f0xx_hal_flash_ex.o ./Drivers/STM32F0xx_HAL_Driver/Src/stm32f0xx_hal_flash_ex.su ./Drivers/STM32F0xx_HAL_Driver/Src/stm32f0xx_hal_gpio.cyclo ./Drivers/STM32F0xx_HAL_Driver/Src/stm32f0xx_hal_gpio.d ./Drivers/STM32F0xx_HAL_Driver/Src/stm32f0xx_hal_gpio.o ./Drivers/STM32F0xx_HAL_Driver/Src/stm32f0xx_hal_gpio.su ./Drivers/STM32F0xx_HAL_Driver/Src/stm32f0xx_hal_i2c.cyclo ./Drivers/STM32F0xx_HAL_Driver/Src/stm32f0xx_hal_i2c.d ./Drivers/STM32F0xx_HAL_Driver/Src/stm32f0xx_hal_i2c.o ./Drivers/STM32F0xx_HAL_Driver/Src/stm32f0xx_hal_i2c.su ./Drivers/STM32F0xx_HAL_Driver/Src/stm32f0xx_hal_i2c_ex.cyclo ./Drivers/STM32F0xx_HAL_Driver/Src/stm32f0xx_hal_i2c_ex.d ./Drivers/STM32F0xx_HAL_Driver/Src/stm32f0xx_hal_i2c_ex.o ./Drivers/STM32F0xx_HAL_Driver/Src/stm32f0xx_hal_i2c_ex.su ./Drivers/STM32F0xx_HAL_Driver/Src/stm32f0xx_hal_pwr.cyclo ./Drivers/STM32F0xx_HAL_Driver/Src/stm32f0xx_hal_pwr.d ./Drivers/STM32F0xx_HAL_Driver/Src/stm32f0xx_hal_pwr.o ./Drivers/STM32F0xx_HAL_Driver/Src/stm32f0xx_hal_pwr.su ./Drivers/STM32F0xx_HAL_Driver/Src/stm32f0xx_hal_pwr_ex.cyclo ./Drivers/STM32F0xx_HAL_Driver/Src/stm32f0xx_hal_pwr_ex.d ./Drivers/STM32F0xx_HAL_Driver/Src/stm32f0xx_hal_pwr_ex.o ./Drivers/STM32F0xx_HAL_Driver/Src/stm32f0xx_hal_pwr_ex.su ./Drivers/STM32F0xx_HAL_Driver/Src/stm32f0xx_hal_rcc.cyclo ./Drivers/STM32F0xx_HAL_Driver/Src/stm32f0xx_hal_rcc.d ./Drivers/STM32F0xx_HAL_Driver/Src/stm32f0xx_hal_rcc.o ./Drivers/STM32F0xx_HAL_Driver/Src/stm32f0xx_hal_rcc.su ./Drivers/STM32F0xx_HAL_Driver/Src/stm32f0xx_hal_rcc_ex.cyclo ./Drivers/STM32F0xx_HAL_Driver/Src/stm32f0xx_hal_rcc_ex.d ./Drivers/STM32F0xx_HAL_Driver/Src/stm32f0xx_hal_rcc_ex.o ./Drivers/STM32F0xx_HAL_Driver/Src/stm32f0xx_hal_rcc_ex.su ./Drivers/STM32F0xx_HAL_Driver/Src/stm32f0xx_hal_tim.cyclo ./Drivers/STM32F0xx_HAL_Driver/Src/stm32f0xx_hal_tim.d ./Drivers/STM32F0xx_HAL_Driver/Src/stm32f0xx_hal_tim.o ./Drivers/STM32F0xx_HAL_Driver/Src/stm32f0xx_hal_tim.su ./Drivers/STM32F0xx_HAL_Driver/Src/stm32f0xx_hal_tim_ex.cyclo ./Drivers/STM32F0xx_HAL_Driver/Src/stm32f0xx_hal_tim_ex.d ./Drivers/STM32F0xx_HAL_Driver/Src/stm32f0xx_hal_tim_ex.o ./Drivers/STM32F0xx_HAL_Driver/Src/stm32f0xx_hal_tim_ex.su ./Drivers/STM32F0xx_HAL_Driver/Src/stm32f0xx_hal_uart.cyclo ./Drivers/STM32F0xx_HAL_Driver/Src/stm32f0xx_hal_uart.d ./Drivers/STM32F0xx_HAL_Driver/Src/stm32f0xx_hal_uart.o ./Drivers/STM32F0xx_HAL_Driver/Src/stm32f0xx_hal_uart.su ./Drivers/STM32F0xx_HAL_Driver/Src/stm32f0xx_hal_uart_ex.cyclo ./Drivers/STM32F0xx_HAL_Driver/Src/stm32f0xx_hal_uart_ex.d ./Drivers/STM32F0xx_HAL_Driver/Src/stm32f0xx_hal_uart_ex.o ./Drivers/STM32F0xx_HAL_Driver/Src/stm32f0xx_hal_uart_ex.su
rm -rf ./Core/Startup/startup_stm32f030c8tx.d ./Core/Startup/startup_stm32f030c8tx.o
rm -rf ./Core/Src/Project_Helper.cyclo ./Core/Src/Project_Helper.d ./Core/Src/Project_Helper.o ./Core/Src/Project_Helper.su ./Core/Src/main.cyclo ./Core/Src/main.d ./Core/Src/main.o ./Core/Src/main.su ./Core/Src/prj_disp.cyclo ./Core/Src/prj_disp.d ./Core/Src/prj_disp.o ./Core/Src/prj_disp.su ./Core/Src/stm32f0xx_hal_msp.cyclo ./Core/Src/stm32f0xx_hal_msp.d ./Core/Src/stm32f0xx_hal_msp.o ./Core/Src/stm32f0xx_hal_msp.su ./Core/Src/stm32f0xx_it.cyclo ./Core/Src/stm32f0xx_it.d ./Core/Src/stm32f0xx_it.o ./Core/Src/stm32f0xx_it.su ./Core/Src/syscalls.cyclo ./Core/Src/syscalls.d ./Core/Src/syscalls.o ./Core/Src/syscalls.su ./Core/Src/sysmem.cyclo ./Core/Src/sysmem.d ./Core/Src/sysmem.o ./Core/Src/sysmem.su ./Core/Src/system_stm32f0xx.cyclo ./Core/Src/system_stm32f0xx.d ./Core/Src/system_stm32f0xx.o ./Core/Src/system_stm32f0xx.su
rm -rf Test.elf Test.list Test.map default.size.stdout
 
14:09:09 **** Build of configuration Debug for project Test ****
make -j8 all 
arm-none-eabi-g++ "../lib/Servo/Servo.cpp" -mcpu=cortex-m0 -std=gnu++14 -g3 -DDEBUG -DUSE_HAL_DRIVER -DSTM32F030x8 -c -I../Core/Inc -I"C:/Users/Dr. S Chakraborty/OneDrive/Desktop/STM32_Dispenser/Test/lib" -I../Drivers/STM32F0xx_HAL_Driver/Inc -I../Drivers/STM32F0xx_HAL_Driver/Inc/Legacy -I../Drivers/CMSIS/Device/ST/STM32F0xx/Include -I../Drivers/CMSIS/Include -O0 -ffunction-sections -fdata-sections -fno-exceptions -fno-rtti -fno-use-cxa-atexit -Wall -fstack-usage -fcyclomatic-complexity -MMD -MP -MF"lib/Servo/Servo.d" -MT"lib/Servo/Servo.o" --specs=nano.specs -mfloat-abi=soft -mthumb -o "lib/Servo/Servo.o"
arm-none-eabi-g++ "../lib/LED/LED.cpp" -mcpu=cortex-m0 -std=gnu++14 -g3 -DDEBUG -DUSE_HAL_DRIVER -DSTM32F030x8 -c -I../Core/Inc -I"C:/Users/Dr. S Chakraborty/OneDrive/Desktop/STM32_Dispenser/Test/lib" -I../Drivers/STM32F0xx_HAL_Driver/Inc -I../Drivers/STM32F0xx_HAL_Driver/Inc/Legacy -I../Drivers/CMSIS/Device/ST/STM32F0xx/Include -I../Drivers/CMSIS/Include -O0 -ffunction-sections -fdata-sections -fno-exceptions -fno-rtti -fno-use-cxa-atexit -Wall -fstack-usage -fcyclomatic-complexity -MMD -MP -MF"lib/LED/LED.d" -MT"lib/LED/LED.o" --specs=nano.specs -mfloat-abi=soft -mthumb -o "lib/LED/LED.o"
arm-none-eabi-g++ "../lib/Helper/Helper.cpp" -mcpu=cortex-m0 -std=gnu++14 -g3 -DDEBUG -DUSE_HAL_DRIVER -DSTM32F030x8 -c -I../Core/Inc -I"C:/Users/Dr. S Chakraborty/OneDrive/Desktop/STM32_Dispenser/Test/lib" -I../Drivers/STM32F0xx_HAL_Driver/Inc -I../Drivers/STM32F0xx_HAL_Driver/Inc/Legacy -I../Drivers/CMSIS/Device/ST/STM32F0xx/Include -I../Drivers/CMSIS/Include -O0 -ffunction-sections -fdata-sections -fno-exceptions -fno-rtti -fno-use-cxa-atexit -Wall -fstack-usage -fcyclomatic-complexity -MMD -MP -MF"lib/Helper/Helper.d" -MT"lib/Helper/Helper.o" --specs=nano.specs -mfloat-abi=soft -mthumb -o "lib/Helper/Helper.o"
arm-none-eabi-g++ "../lib/HX711/HX711.cpp" -mcpu=cortex-m0 -std=gnu++14 -g3 -DDEBUG -DUSE_HAL_DRIVER -DSTM32F030x8 -c -I../Core/Inc -I"C:/Users/Dr. S Chakraborty/OneDrive/Desktop/STM32_Dispenser/Test/lib" -I../Drivers/STM32F0xx_HAL_Driver/Inc -I../Drivers/STM32F0xx_HAL_Driver/Inc/Legacy -I../Drivers/CMSIS/Device/ST/STM32F0xx/Include -I../Drivers/CMSIS/Include -O0 -ffunction-sections -fdata-sections -fno-exceptions -fno-rtti -fno-use-cxa-atexit -Wall -fstack-usage -fcyclomatic-complexity -MMD -MP -MF"lib/HX711/HX711.d" -MT"lib/HX711/HX711.o" --specs=nano.specs -mfloat-abi=soft -mthumb -o "lib/HX711/HX711.o"
arm-none-eabi-g++ "../lib/Delay/Delay.cpp" -mcpu=cortex-m0 -std=gnu++14 -g3 -DDEBUG -DUSE_HAL_DRIVER -DSTM32F030x8 -c -I../Core/Inc -I"C:/Users/Dr. S Chakraborty/OneDrive/Desktop/STM32_Dispenser/Test/lib" -I../Drivers/STM32F0xx_HAL_Driver/Inc -I../Drivers/STM32F0xx_HAL_Driver/Inc/Legacy -I../Drivers/CMSIS/Device/ST/STM32F0xx/Include -I../Drivers/CMSIS/Include -O0 -ffunction-sections -fdata-sections -fno-exceptions -fno-rtti -fno-use-cxa-atexit -Wall -fstack-usage -fcyclomatic-complexity -MMD -MP -MF"lib/Delay/Delay.d" -MT"lib/Delay/Delay.o" --specs=nano.specs -mfloat-abi=soft -mthumb -o "lib/Delay/Delay.o"
arm-none-eabi-g++ "../lib/Debug/Debug.cpp" -mcpu=cortex-m0 -std=gnu++14 -g3 -DDEBUG -DUSE_HAL_DRIVER -DSTM32F030x8 -c -I../Core/Inc -I"C:/Users/Dr. S Chakraborty/OneDrive/Desktop/STM32_Dispenser/Test/lib" -I../Drivers/STM32F0xx_HAL_Driver/Inc -I../Drivers/STM32F0xx_HAL_Driver/Inc/Legacy -I../Drivers/CMSIS/Device/ST/STM32F0xx/Include -I../Drivers/CMSIS/Include -O0 -ffunction-sections -fdata-sections -fno-exceptions -fno-rtti -fno-use-cxa-atexit -Wall -fstack-usage -fcyclomatic-complexity -MMD -MP -MF"lib/Debug/Debug.d" -MT"lib/Debug/Debug.o" --specs=nano.specs -mfloat-abi=soft -mthumb -o "lib/Debug/Debug.o"
arm-none-eabi-g++ "../lib/CAN_UART/CanUart.cpp" -mcpu=cortex-m0 -std=gnu++14 -g3 -DDEBUG -DUSE_HAL_DRIVER -DSTM32F030x8 -c -I../Core/Inc -I"C:/Users/Dr. S Chakraborty/OneDrive/Desktop/STM32_Dispenser/Test/lib" -I../Drivers/STM32F0xx_HAL_Driver/Inc -I../Drivers/STM32F0xx_HAL_Driver/Inc/Legacy -I../Drivers/CMSIS/Device/ST/STM32F0xx/Include -I../Drivers/CMSIS/Include -O0 -ffunction-sections -fdata-sections -fno-exceptions -fno-rtti -fno-use-cxa-atexit -Wall -fstack-usage -fcyclomatic-complexity -MMD -MP -MF"lib/CAN_UART/CanUart.d" -MT"lib/CAN_UART/CanUart.o" --specs=nano.specs -mfloat-abi=soft -mthumb -o "lib/CAN_UART/CanUart.o"
arm-none-eabi-g++ "../lib/CAN_UART/CanUartPolling.cpp" -mcpu=cortex-m0 -std=gnu++14 -g3 -DDEBUG -DUSE_HAL_DRIVER -DSTM32F030x8 -c -I../Core/Inc -I"C:/Users/Dr. S Chakraborty/OneDrive/Desktop/STM32_Dispenser/Test/lib" -I../Drivers/STM32F0xx_HAL_Driver/Inc -I../Drivers/STM32F0xx_HAL_Driver/Inc/Legacy -I../Drivers/CMSIS/Device/ST/STM32F0xx/Include -I../Drivers/CMSIS/Include -O0 -ffunction-sections -fdata-sections -fno-exceptions -fno-rtti -fno-use-cxa-atexit -Wall -fstack-usage -fcyclomatic-complexity -MMD -MP -MF"lib/CAN_UART/CanUartPolling.d" -MT"lib/CAN_UART/CanUartPolling.o" --specs=nano.specs -mfloat-abi=soft -mthumb -o "lib/CAN_UART/CanUartPolling.o"
arm-none-eabi-g++ "../lib/CAN/can.cpp" -mcpu=cortex-m0 -std=gnu++14 -g3 -DDEBUG -DUSE_HAL_DRIVER -DSTM32F030x8 -c -I../Core/Inc -I"C:/Users/Dr. S Chakraborty/OneDrive/Desktop/STM32_Dispenser/Test/lib" -I../Drivers/STM32F0xx_HAL_Driver/Inc -I../Drivers/STM32F0xx_HAL_Driver/Inc/Legacy -I../Drivers/CMSIS/Device/ST/STM32F0xx/Include -I../Drivers/CMSIS/Include -O0 -ffunction-sections -fdata-sections -fno-exceptions -fno-rtti -fno-use-cxa-atexit -Wall -fstack-usage -fcyclomatic-complexity -MMD -MP -MF"lib/CAN/can.d" -MT"lib/CAN/can.o" --specs=nano.specs -mfloat-abi=soft -mthumb -o "lib/CAN/can.o"
arm-none-eabi-gcc "../Drivers/STM32F0xx_HAL_Driver/Src/stm32f0xx_hal.c" -mcpu=cortex-m0 -std=gnu11 -g3 -DDEBUG -DUSE_HAL_DRIVER -DSTM32F030x8 -c -I../Core/Inc -I"C:/Users/Dr. S Chakraborty/OneDrive/Desktop/STM32_Dispenser/Test/lib" -I../Drivers/STM32F0xx_HAL_Driver/Inc -I../Drivers/STM32F0xx_HAL_Driver/Inc/Legacy -I../Drivers/CMSIS/Device/ST/STM32F0xx/Include -I../Drivers/CMSIS/Include -O0 -ffunction-sections -fdata-sections -Wall -fstack-usage -fcyclomatic-complexity -MMD -MP -MF"Drivers/STM32F0xx_HAL_Driver/Src/stm32f0xx_hal.d" -MT"Drivers/STM32F0xx_HAL_Driver/Src/stm32f0xx_hal.o" --specs=nano.specs -mfloat-abi=soft -mthumb -o "Drivers/STM32F0xx_HAL_Driver/Src/stm32f0xx_hal.o"
arm-none-eabi-gcc "../Drivers/STM32F0xx_HAL_Driver/Src/stm32f0xx_hal_cortex.c" -mcpu=cortex-m0 -std=gnu11 -g3 -DDEBUG -DUSE_HAL_DRIVER -DSTM32F030x8 -c -I../Core/Inc -I"C:/Users/Dr. S Chakraborty/OneDrive/Desktop/STM32_Dispenser/Test/lib" -I../Drivers/STM32F0xx_HAL_Driver/Inc -I../Drivers/STM32F0xx_HAL_Driver/Inc/Legacy -I../Drivers/CMSIS/Device/ST/STM32F0xx/Include -I../Drivers/CMSIS/Include -O0 -ffunction-sections -fdata-sections -Wall -fstack-usage -fcyclomatic-complexity -MMD -MP -MF"Drivers/STM32F0xx_HAL_Driver/Src/stm32f0xx_hal_cortex.d" -MT"Drivers/STM32F0xx_HAL_Driver/Src/stm32f0xx_hal_cortex.o" --specs=nano.specs -mfloat-abi=soft -mthumb -o "Drivers/STM32F0xx_HAL_Driver/Src/stm32f0xx_hal_cortex.o"
arm-none-eabi-gcc "../Drivers/STM32F0xx_HAL_Driver/Src/stm32f0xx_hal_dma.c" -mcpu=cortex-m0 -std=gnu11 -g3 -DDEBUG -DUSE_HAL_DRIVER -DSTM32F030x8 -c -I../Core/Inc -I"C:/Users/Dr. S Chakraborty/OneDrive/Desktop/STM32_Dispenser/Test/lib" -I../Drivers/STM32F0xx_HAL_Driver/Inc -I../Drivers/STM32F0xx_HAL_Driver/Inc/Legacy -I../Drivers/CMSIS/Device/ST/STM32F0xx/Include -I../Drivers/CMSIS/Include -O0 -ffunction-sections -fdata-sections -Wall -fstack-usage -fcyclomatic-complexity -MMD -MP -MF"Drivers/STM32F0xx_HAL_Driver/Src/stm32f0xx_hal_dma.d" -MT"Drivers/STM32F0xx_HAL_Driver/Src/stm32f0xx_hal_dma.o" --specs=nano.specs -mfloat-abi=soft -mthumb -o "Drivers/STM32F0xx_HAL_Driver/Src/stm32f0xx_hal_dma.o"
arm-none-eabi-gcc "../Drivers/STM32F0xx_HAL_Driver/Src/stm32f0xx_hal_exti.c" -mcpu=cortex-m0 -std=gnu11 -g3 -DDEBUG -DUSE_HAL_DRIVER -DSTM32F030x8 -c -I../Core/Inc -I"C:/Users/Dr. S Chakraborty/OneDrive/Desktop/STM32_Dispenser/Test/lib" -I../Drivers/STM32F0xx_HAL_Driver/Inc -I../Drivers/STM32F0xx_HAL_Driver/Inc/Legacy -I../Drivers/CMSIS/Device/ST/STM32F0xx/Include -I../Drivers/CMSIS/Include -O0 -ffunction-sections -fdata-sections -Wall -fstack-usage -fcyclomatic-complexity -MMD -MP -MF"Drivers/STM32F0xx_HAL_Driver/Src/stm32f0xx_hal_exti.d" -MT"Drivers/STM32F0xx_HAL_Driver/Src/stm32f0xx_hal_exti.o" --specs=nano.specs -mfloat-abi=soft -mthumb -o "Drivers/STM32F0xx_HAL_Driver/Src/stm32f0xx_hal_exti.o"
arm-none-eabi-gcc "../Drivers/STM32F0xx_HAL_Driver/Src/stm32f0xx_hal_flash.c" -mcpu=cortex-m0 -std=gnu11 -g3 -DDEBUG -DUSE_HAL_DRIVER -DSTM32F030x8 -c -I../Core/Inc -I"C:/Users/Dr. S Chakraborty/OneDrive/Desktop/STM32_Dispenser/Test/lib" -I../Drivers/STM32F0xx_HAL_Driver/Inc -I../Drivers/STM32F0xx_HAL_Driver/Inc/Legacy -I../Drivers/CMSIS/Device/ST/STM32F0xx/Include -I../Drivers/CMSIS/Include -O0 -ffunction-sections -fdata-sections -Wall -fstack-usage -fcyclomatic-complexity -MMD -MP -MF"Drivers/STM32F0xx_HAL_Driver/Src/stm32f0xx_hal_flash.d" -MT"Drivers/STM32F0xx_HAL_Driver/Src/stm32f0xx_hal_flash.o" --specs=nano.specs -mfloat-abi=soft -mthumb -o "Drivers/STM32F0xx_HAL_Driver/Src/stm32f0xx_hal_flash.o"
arm-none-eabi-gcc "../Drivers/STM32F0xx_HAL_Driver/Src/stm32f0xx_hal_flash_ex.c" -mcpu=cortex-m0 -std=gnu11 -g3 -DDEBUG -DUSE_HAL_DRIVER -DSTM32F030x8 -c -I../Core/Inc -I"C:/Users/Dr. S Chakraborty/OneDrive/Desktop/STM32_Dispenser/Test/lib" -I../Drivers/STM32F0xx_HAL_Driver/Inc -I../Drivers/STM32F0xx_HAL_Driver/Inc/Legacy -I../Drivers/CMSIS/Device/ST/STM32F0xx/Include -I../Drivers/CMSIS/Include -O0 -ffunction-sections -fdata-sections -Wall -fstack-usage -fcyclomatic-complexity -MMD -MP -MF"Drivers/STM32F0xx_HAL_Driver/Src/stm32f0xx_hal_flash_ex.d" -MT"Drivers/STM32F0xx_HAL_Driver/Src/stm32f0xx_hal_flash_ex.o" --specs=nano.specs -mfloat-abi=soft -mthumb -o "Drivers/STM32F0xx_HAL_Driver/Src/stm32f0xx_hal_flash_ex.o"
arm-none-eabi-gcc "../Drivers/STM32F0xx_HAL_Driver/Src/stm32f0xx_hal_gpio.c" -mcpu=cortex-m0 -std=gnu11 -g3 -DDEBUG -DUSE_HAL_DRIVER -DSTM32F030x8 -c -I../Core/Inc -I"C:/Users/Dr. S Chakraborty/OneDrive/Desktop/STM32_Dispenser/Test/lib" -I../Drivers/STM32F0xx_HAL_Driver/Inc -I../Drivers/STM32F0xx_HAL_Driver/Inc/Legacy -I../Drivers/CMSIS/Device/ST/STM32F0xx/Include -I../Drivers/CMSIS/Include -O0 -ffunction-sections -fdata-sections -Wall -fstack-usage -fcyclomatic-complexity -MMD -MP -MF"Drivers/STM32F0xx_HAL_Driver/Src/stm32f0xx_hal_gpio.d" -MT"Drivers/STM32F0xx_HAL_Driver/Src/stm32f0xx_hal_gpio.o" --specs=nano.specs -mfloat-abi=soft -mthumb -o "Drivers/STM32F0xx_HAL_Driver/Src/stm32f0xx_hal_gpio.o"
../lib/CAN/can.cpp:6:14: warning: 'debug' initialized and declared 'extern'
    6 | extern Debug debug(&huart2);
      |              ^~~~~
../lib/CAN/can.cpp: In member function 'bool CANProtocol::ParseError(uint8_t*, uint16_t, Packet_t*)':
../lib/CAN/can.cpp:17:56: warning: enum constant in boolean context [-Wint-in-bool-context]
   17 |     if (buffer[0] != 0x66 || buffer[1] != 0x55) return preambles_not_found;
      |                                                        ^~~~~~~~~~~~~~~~~~~
../lib/CAN/can.cpp:20:66: warning: enum constant in boolean context [-Wint-in-bool-context]
   20 |      if (buffer[len-2] != 0x77 || buffer[len -1] != 0x88) return postambles_not_found;
      |                                                                  ^~~~~~~~~~~~~~~~~~~~
../lib/CAN/can.cpp:24:65: warning: enum constant in boolean context [-Wint-in-bool-context]
   24 |     if (packetLen != len || packetLen > KBUS_MAX_PACKET) return packet_length_exceeds;
      |                                                                 ^~~~~~~~~~~~~~~~~~~~~
../lib/CAN/can.cpp:49:41: warning: enum constant in boolean context [-Wint-in-bool-context]
   49 |     if (calcCRC != receivedCRC) return  CRC_error;
      |                                         ^~~~~~~~~
arm-none-eabi-gcc "../Drivers/STM32F0xx_HAL_Driver/Src/stm32f0xx_hal_i2c.c" -mcpu=cortex-m0 -std=gnu11 -g3 -DDEBUG -DUSE_HAL_DRIVER -DSTM32F030x8 -c -I../Core/Inc -I"C:/Users/Dr. S Chakraborty/OneDrive/Desktop/STM32_Dispenser/Test/lib" -I../Drivers/STM32F0xx_HAL_Driver/Inc -I../Drivers/STM32F0xx_HAL_Driver/Inc/Legacy -I../Drivers/CMSIS/Device/ST/STM32F0xx/Include -I../Drivers/CMSIS/Include -O0 -ffunction-sections -fdata-sections -Wall -fstack-usage -fcyclomatic-complexity -MMD -MP -MF"Drivers/STM32F0xx_HAL_Driver/Src/stm32f0xx_hal_i2c.d" -MT"Drivers/STM32F0xx_HAL_Driver/Src/stm32f0xx_hal_i2c.o" --specs=nano.specs -mfloat-abi=soft -mthumb -o "Drivers/STM32F0xx_HAL_Driver/Src/stm32f0xx_hal_i2c.o"
arm-none-eabi-gcc "../Drivers/STM32F0xx_HAL_Driver/Src/stm32f0xx_hal_i2c_ex.c" -mcpu=cortex-m0 -std=gnu11 -g3 -DDEBUG -DUSE_HAL_DRIVER -DSTM32F030x8 -c -I../Core/Inc -I"C:/Users/Dr. S Chakraborty/OneDrive/Desktop/STM32_Dispenser/Test/lib" -I../Drivers/STM32F0xx_HAL_Driver/Inc -I../Drivers/STM32F0xx_HAL_Driver/Inc/Legacy -I../Drivers/CMSIS/Device/ST/STM32F0xx/Include -I../Drivers/CMSIS/Include -O0 -ffunction-sections -fdata-sections -Wall -fstack-usage -fcyclomatic-complexity -MMD -MP -MF"Drivers/STM32F0xx_HAL_Driver/Src/stm32f0xx_hal_i2c_ex.d" -MT"Drivers/STM32F0xx_HAL_Driver/Src/stm32f0xx_hal_i2c_ex.o" --specs=nano.specs -mfloat-abi=soft -mthumb -o "Drivers/STM32F0xx_HAL_Driver/Src/stm32f0xx_hal_i2c_ex.o"
arm-none-eabi-gcc "../Drivers/STM32F0xx_HAL_Driver/Src/stm32f0xx_hal_pwr.c" -mcpu=cortex-m0 -std=gnu11 -g3 -DDEBUG -DUSE_HAL_DRIVER -DSTM32F030x8 -c -I../Core/Inc -I"C:/Users/Dr. S Chakraborty/OneDrive/Desktop/STM32_Dispenser/Test/lib" -I../Drivers/STM32F0xx_HAL_Driver/Inc -I../Drivers/STM32F0xx_HAL_Driver/Inc/Legacy -I../Drivers/CMSIS/Device/ST/STM32F0xx/Include -I../Drivers/CMSIS/Include -O0 -ffunction-sections -fdata-sections -Wall -fstack-usage -fcyclomatic-complexity -MMD -MP -MF"Drivers/STM32F0xx_HAL_Driver/Src/stm32f0xx_hal_pwr.d" -MT"Drivers/STM32F0xx_HAL_Driver/Src/stm32f0xx_hal_pwr.o" --specs=nano.specs -mfloat-abi=soft -mthumb -o "Drivers/STM32F0xx_HAL_Driver/Src/stm32f0xx_hal_pwr.o"
arm-none-eabi-gcc "../Drivers/STM32F0xx_HAL_Driver/Src/stm32f0xx_hal_pwr_ex.c" -mcpu=cortex-m0 -std=gnu11 -g3 -DDEBUG -DUSE_HAL_DRIVER -DSTM32F030x8 -c -I../Core/Inc -I"C:/Users/Dr. S Chakraborty/OneDrive/Desktop/STM32_Dispenser/Test/lib" -I../Drivers/STM32F0xx_HAL_Driver/Inc -I../Drivers/STM32F0xx_HAL_Driver/Inc/Legacy -I../Drivers/CMSIS/Device/ST/STM32F0xx/Include -I../Drivers/CMSIS/Include -O0 -ffunction-sections -fdata-sections -Wall -fstack-usage -fcyclomatic-complexity -MMD -MP -MF"Drivers/STM32F0xx_HAL_Driver/Src/stm32f0xx_hal_pwr_ex.d" -MT"Drivers/STM32F0xx_HAL_Driver/Src/stm32f0xx_hal_pwr_ex.o" --specs=nano.specs -mfloat-abi=soft -mthumb -o "Drivers/STM32F0xx_HAL_Driver/Src/stm32f0xx_hal_pwr_ex.o"
arm-none-eabi-gcc "../Drivers/STM32F0xx_HAL_Driver/Src/stm32f0xx_hal_rcc.c" -mcpu=cortex-m0 -std=gnu11 -g3 -DDEBUG -DUSE_HAL_DRIVER -DSTM32F030x8 -c -I../Core/Inc -I"C:/Users/Dr. S Chakraborty/OneDrive/Desktop/STM32_Dispenser/Test/lib" -I../Drivers/STM32F0xx_HAL_Driver/Inc -I../Drivers/STM32F0xx_HAL_Driver/Inc/Legacy -I../Drivers/CMSIS/Device/ST/STM32F0xx/Include -I../Drivers/CMSIS/Include -O0 -ffunction-sections -fdata-sections -Wall -fstack-usage -fcyclomatic-complexity -MMD -MP -MF"Drivers/STM32F0xx_HAL_Driver/Src/stm32f0xx_hal_rcc.d" -MT"Drivers/STM32F0xx_HAL_Driver/Src/stm32f0xx_hal_rcc.o" --specs=nano.specs -mfloat-abi=soft -mthumb -o "Drivers/STM32F0xx_HAL_Driver/Src/stm32f0xx_hal_rcc.o"
arm-none-eabi-gcc "../Drivers/STM32F0xx_HAL_Driver/Src/stm32f0xx_hal_rcc_ex.c" -mcpu=cortex-m0 -std=gnu11 -g3 -DDEBUG -DUSE_HAL_DRIVER -DSTM32F030x8 -c -I../Core/Inc -I"C:/Users/Dr. S Chakraborty/OneDrive/Desktop/STM32_Dispenser/Test/lib" -I../Drivers/STM32F0xx_HAL_Driver/Inc -I../Drivers/STM32F0xx_HAL_Driver/Inc/Legacy -I../Drivers/CMSIS/Device/ST/STM32F0xx/Include -I../Drivers/CMSIS/Include -O0 -ffunction-sections -fdata-sections -Wall -fstack-usage -fcyclomatic-complexity -MMD -MP -MF"Drivers/STM32F0xx_HAL_Driver/Src/stm32f0xx_hal_rcc_ex.d" -MT"Drivers/STM32F0xx_HAL_Driver/Src/stm32f0xx_hal_rcc_ex.o" --specs=nano.specs -mfloat-abi=soft -mthumb -o "Drivers/STM32F0xx_HAL_Driver/Src/stm32f0xx_hal_rcc_ex.o"
arm-none-eabi-gcc "../Drivers/STM32F0xx_HAL_Driver/Src/stm32f0xx_hal_tim.c" -mcpu=cortex-m0 -std=gnu11 -g3 -DDEBUG -DUSE_HAL_DRIVER -DSTM32F030x8 -c -I../Core/Inc -I"C:/Users/Dr. S Chakraborty/OneDrive/Desktop/STM32_Dispenser/Test/lib" -I../Drivers/STM32F0xx_HAL_Driver/Inc -I../Drivers/STM32F0xx_HAL_Driver/Inc/Legacy -I../Drivers/CMSIS/Device/ST/STM32F0xx/Include -I../Drivers/CMSIS/Include -O0 -ffunction-sections -fdata-sections -Wall -fstack-usage -fcyclomatic-complexity -MMD -MP -MF"Drivers/STM32F0xx_HAL_Driver/Src/stm32f0xx_hal_tim.d" -MT"Drivers/STM32F0xx_HAL_Driver/Src/stm32f0xx_hal_tim.o" --specs=nano.specs -mfloat-abi=soft -mthumb -o "Drivers/STM32F0xx_HAL_Driver/Src/stm32f0xx_hal_tim.o"
arm-none-eabi-gcc "../Drivers/STM32F0xx_HAL_Driver/Src/stm32f0xx_hal_tim_ex.c" -mcpu=cortex-m0 -std=gnu11 -g3 -DDEBUG -DUSE_HAL_DRIVER -DSTM32F030x8 -c -I../Core/Inc -I"C:/Users/Dr. S Chakraborty/OneDrive/Desktop/STM32_Dispenser/Test/lib" -I../Drivers/STM32F0xx_HAL_Driver/Inc -I../Drivers/STM32F0xx_HAL_Driver/Inc/Legacy -I../Drivers/CMSIS/Device/ST/STM32F0xx/Include -I../Drivers/CMSIS/Include -O0 -ffunction-sections -fdata-sections -Wall -fstack-usage -fcyclomatic-complexity -MMD -MP -MF"Drivers/STM32F0xx_HAL_Driver/Src/stm32f0xx_hal_tim_ex.d" -MT"Drivers/STM32F0xx_HAL_Driver/Src/stm32f0xx_hal_tim_ex.o" --specs=nano.specs -mfloat-abi=soft -mthumb -o "Drivers/STM32F0xx_HAL_Driver/Src/stm32f0xx_hal_tim_ex.o"
arm-none-eabi-gcc "../Drivers/STM32F0xx_HAL_Driver/Src/stm32f0xx_hal_uart.c" -mcpu=cortex-m0 -std=gnu11 -g3 -DDEBUG -DUSE_HAL_DRIVER -DSTM32F030x8 -c -I../Core/Inc -I"C:/Users/Dr. S Chakraborty/OneDrive/Desktop/STM32_Dispenser/Test/lib" -I../Drivers/STM32F0xx_HAL_Driver/Inc -I../Drivers/STM32F0xx_HAL_Driver/Inc/Legacy -I../Drivers/CMSIS/Device/ST/STM32F0xx/Include -I../Drivers/CMSIS/Include -O0 -ffunction-sections -fdata-sections -Wall -fstack-usage -fcyclomatic-complexity -MMD -MP -MF"Drivers/STM32F0xx_HAL_Driver/Src/stm32f0xx_hal_uart.d" -MT"Drivers/STM32F0xx_HAL_Driver/Src/stm32f0xx_hal_uart.o" --specs=nano.specs -mfloat-abi=soft -mthumb -o "Drivers/STM32F0xx_HAL_Driver/Src/stm32f0xx_hal_uart.o"
arm-none-eabi-gcc "../Drivers/STM32F0xx_HAL_Driver/Src/stm32f0xx_hal_uart_ex.c" -mcpu=cortex-m0 -std=gnu11 -g3 -DDEBUG -DUSE_HAL_DRIVER -DSTM32F030x8 -c -I../Core/Inc -I"C:/Users/Dr. S Chakraborty/OneDrive/Desktop/STM32_Dispenser/Test/lib" -I../Drivers/STM32F0xx_HAL_Driver/Inc -I../Drivers/STM32F0xx_HAL_Driver/Inc/Legacy -I../Drivers/CMSIS/Device/ST/STM32F0xx/Include -I../Drivers/CMSIS/Include -O0 -ffunction-sections -fdata-sections -Wall -fstack-usage -fcyclomatic-complexity -MMD -MP -MF"Drivers/STM32F0xx_HAL_Driver/Src/stm32f0xx_hal_uart_ex.d" -MT"Drivers/STM32F0xx_HAL_Driver/Src/stm32f0xx_hal_uart_ex.o" --specs=nano.specs -mfloat-abi=soft -mthumb -o "Drivers/STM32F0xx_HAL_Driver/Src/stm32f0xx_hal_uart_ex.o"
arm-none-eabi-gcc -mcpu=cortex-m0 -g3 -DDEBUG -c -I"C:/Users/Dr. S Chakraborty/OneDrive/Desktop/STM32_Dispenser/Test/lib" -x assembler-with-cpp -MMD -MP -MF"Core/Startup/startup_stm32f030c8tx.d" -MT"Core/Startup/startup_stm32f030c8tx.o" --specs=nano.specs -mfloat-abi=soft -mthumb -o "Core/Startup/startup_stm32f030c8tx.o" "../Core/Startup/startup_stm32f030c8tx.s"
arm-none-eabi-g++ "../Core/Src/Project_Helper.cpp" -mcpu=cortex-m0 -std=gnu++14 -g3 -DDEBUG -DUSE_HAL_DRIVER -DSTM32F030x8 -c -I../Core/Inc -I"C:/Users/Dr. S Chakraborty/OneDrive/Desktop/STM32_Dispenser/Test/lib" -I../Drivers/STM32F0xx_HAL_Driver/Inc -I../Drivers/STM32F0xx_HAL_Driver/Inc/Legacy -I../Drivers/CMSIS/Device/ST/STM32F0xx/Include -I../Drivers/CMSIS/Include -O0 -ffunction-sections -fdata-sections -fno-exceptions -fno-rtti -fno-use-cxa-atexit -Wall -fstack-usage -fcyclomatic-complexity -MMD -MP -MF"Core/Src/Project_Helper.d" -MT"Core/Src/Project_Helper.o" --specs=nano.specs -mfloat-abi=soft -mthumb -o "Core/Src/Project_Helper.o"
arm-none-eabi-gcc "../Core/Src/main.c" -mcpu=cortex-m0 -std=gnu11 -g3 -DDEBUG -DUSE_HAL_DRIVER -DSTM32F030x8 -c -I../Core/Inc -I"C:/Users/Dr. S Chakraborty/OneDrive/Desktop/STM32_Dispenser/Test/lib" -I../Drivers/STM32F0xx_HAL_Driver/Inc -I../Drivers/STM32F0xx_HAL_Driver/Inc/Legacy -I../Drivers/CMSIS/Device/ST/STM32F0xx/Include -I../Drivers/CMSIS/Include -O0 -ffunction-sections -fdata-sections -Wall -fstack-usage -fcyclomatic-complexity -MMD -MP -MF"Core/Src/main.d" -MT"Core/Src/main.o" --specs=nano.specs -mfloat-abi=soft -mthumb -o "Core/Src/main.o"
arm-none-eabi-g++ "../Core/Src/prj_disp.cpp" -mcpu=cortex-m0 -std=gnu++14 -g3 -DDEBUG -DUSE_HAL_DRIVER -DSTM32F030x8 -c -I../Core/Inc -I"C:/Users/Dr. S Chakraborty/OneDrive/Desktop/STM32_Dispenser/Test/lib" -I../Drivers/STM32F0xx_HAL_Driver/Inc -I../Drivers/STM32F0xx_HAL_Driver/Inc/Legacy -I../Drivers/CMSIS/Device/ST/STM32F0xx/Include -I../Drivers/CMSIS/Include -O0 -ffunction-sections -fdata-sections -fno-exceptions -fno-rtti -fno-use-cxa-atexit -Wall -fstack-usage -fcyclomatic-complexity -MMD -MP -MF"Core/Src/prj_disp.d" -MT"Core/Src/prj_disp.o" --specs=nano.specs -mfloat-abi=soft -mthumb -o "Core/Src/prj_disp.o"
arm-none-eabi-gcc "../Core/Src/stm32f0xx_hal_msp.c" -mcpu=cortex-m0 -std=gnu11 -g3 -DDEBUG -DUSE_HAL_DRIVER -DSTM32F030x8 -c -I../Core/Inc -I"C:/Users/Dr. S Chakraborty/OneDrive/Desktop/STM32_Dispenser/Test/lib" -I../Drivers/STM32F0xx_HAL_Driver/Inc -I../Drivers/STM32F0xx_HAL_Driver/Inc/Legacy -I../Drivers/CMSIS/Device/ST/STM32F0xx/Include -I../Drivers/CMSIS/Include -O0 -ffunction-sections -fdata-sections -Wall -fstack-usage -fcyclomatic-complexity -MMD -MP -MF"Core/Src/stm32f0xx_hal_msp.d" -MT"Core/Src/stm32f0xx_hal_msp.o" --specs=nano.specs -mfloat-abi=soft -mthumb -o "Core/Src/stm32f0xx_hal_msp.o"
arm-none-eabi-gcc "../Core/Src/stm32f0xx_it.c" -mcpu=cortex-m0 -std=gnu11 -g3 -DDEBUG -DUSE_HAL_DRIVER -DSTM32F030x8 -c -I../Core/Inc -I"C:/Users/Dr. S Chakraborty/OneDrive/Desktop/STM32_Dispenser/Test/lib" -I../Drivers/STM32F0xx_HAL_Driver/Inc -I../Drivers/STM32F0xx_HAL_Driver/Inc/Legacy -I../Drivers/CMSIS/Device/ST/STM32F0xx/Include -I../Drivers/CMSIS/Include -O0 -ffunction-sections -fdata-sections -Wall -fstack-usage -fcyclomatic-complexity -MMD -MP -MF"Core/Src/stm32f0xx_it.d" -MT"Core/Src/stm32f0xx_it.o" --specs=nano.specs -mfloat-abi=soft -mthumb -o "Core/Src/stm32f0xx_it.o"
arm-none-eabi-gcc "../Core/Src/syscalls.c" -mcpu=cortex-m0 -std=gnu11 -g3 -DDEBUG -DUSE_HAL_DRIVER -DSTM32F030x8 -c -I../Core/Inc -I"C:/Users/Dr. S Chakraborty/OneDrive/Desktop/STM32_Dispenser/Test/lib" -I../Drivers/STM32F0xx_HAL_Driver/Inc -I../Drivers/STM32F0xx_HAL_Driver/Inc/Legacy -I../Drivers/CMSIS/Device/ST/STM32F0xx/Include -I../Drivers/CMSIS/Include -O0 -ffunction-sections -fdata-sections -Wall -fstack-usage -fcyclomatic-complexity -MMD -MP -MF"Core/Src/syscalls.d" -MT"Core/Src/syscalls.o" --specs=nano.specs -mfloat-abi=soft -mthumb -o "Core/Src/syscalls.o"
arm-none-eabi-gcc "../Core/Src/sysmem.c" -mcpu=cortex-m0 -std=gnu11 -g3 -DDEBUG -DUSE_HAL_DRIVER -DSTM32F030x8 -c -I../Core/Inc -I"C:/Users/Dr. S Chakraborty/OneDrive/Desktop/STM32_Dispenser/Test/lib" -I../Drivers/STM32F0xx_HAL_Driver/Inc -I../Drivers/STM32F0xx_HAL_Driver/Inc/Legacy -I../Drivers/CMSIS/Device/ST/STM32F0xx/Include -I../Drivers/CMSIS/Include -O0 -ffunction-sections -fdata-sections -Wall -fstack-usage -fcyclomatic-complexity -MMD -MP -MF"Core/Src/sysmem.d" -MT"Core/Src/sysmem.o" --specs=nano.specs -mfloat-abi=soft -mthumb -o "Core/Src/sysmem.o"
arm-none-eabi-gcc "../Core/Src/system_stm32f0xx.c" -mcpu=cortex-m0 -std=gnu11 -g3 -DDEBUG -DUSE_HAL_DRIVER -DSTM32F030x8 -c -I../Core/Inc -I"C:/Users/Dr. S Chakraborty/OneDrive/Desktop/STM32_Dispenser/Test/lib" -I../Drivers/STM32F0xx_HAL_Driver/Inc -I../Drivers/STM32F0xx_HAL_Driver/Inc/Legacy -I../Drivers/CMSIS/Device/ST/STM32F0xx/Include -I../Drivers/CMSIS/Include -O0 -ffunction-sections -fdata-sections -Wall -fstack-usage -fcyclomatic-complexity -MMD -MP -MF"Core/Src/system_stm32f0xx.d" -MT"Core/Src/system_stm32f0xx.o" --specs=nano.specs -mfloat-abi=soft -mthumb -o "Core/Src/system_stm32f0xx.o"
../Core/Src/prj_disp.cpp: In function 'void process_Real_Hardware()':
../Core/Src/prj_disp.cpp:71:14: warning: unused variable 'value' [-Wunused-variable]
   71 |         long value;
      |              ^~~~~
../Core/Src/prj_disp.cpp: In function 'char DispenseWeight(long int, int)':
../Core/Src/prj_disp.cpp:161:2: warning: no return statement in function returning non-void [-Wreturn-type]
  161 |  }
      |  ^
arm-none-eabi-g++ -o "Test.elf" @"objects.list"   -mcpu=cortex-m0 -T"C:\Users\Dr. S Chakraborty\OneDrive\Desktop\STM32_Dispenser\Test\STM32F030C8TX_FLASH.ld" --specs=nosys.specs -Wl,-Map="Test.map" -Wl,--gc-sections -static --specs=nano.specs -mfloat-abi=soft -mthumb -Wl,--start-group -lc -lm -lstdc++ -lsupc++ -Wl,--end-group
C:/ST/STM32CubeIDE_1.19.0/STM32CubeIDE/plugins/com.st.stm32cube.ide.mcu.externaltools.gnu-tools-for-stm32.13.3.rel1.win32_1.0.0.202411081344/tools/bin/../lib/gcc/arm-none-eabi/13.3.1/../../../../arm-none-eabi/bin/ld.exe: ./Core/Src/Project_Helper.o: in function `printPacket(Packet_t const*, Debug)':
C:/Users/Dr. S Chakraborty/OneDrive/Desktop/STM32_Dispenser/Test/Debug/../Core/Src/Project_Helper.cpp:23:(.text._Z11printPacketPK8Packet_t5Debug+0x82): undefined reference to `GetPIC_Type_String(unsigned short)'
collect2.exe: error: ld returned 1 exit status
make: *** [makefile:96: Test.elf] Error 1
"make -j8 all" terminated with exit code 2. Build might be incomplete.
14:15:51 **** Incremental Build of configuration Debug for project Test ****
make -j8 all 
arm-none-eabi-g++ "../Core/Src/Project_Helper.cpp" -mcpu=cortex-m0 -std=gnu++14 -g3 -DDEBUG -DUSE_HAL_DRIVER -DSTM32F030x8 -c -I../Core/Inc -I"C:/Users/Dr. S Chakraborty/OneDrive/Desktop/STM32_Dispenser/Test/lib" -I../Drivers/STM32F0xx_HAL_Driver/Inc -I../Drivers/STM32F0xx_HAL_Driver/Inc/Legacy -I../Drivers/CMSIS/Device/ST/STM32F0xx/Include -I../Drivers/CMSIS/Include -O0 -ffunction-sections -fdata-sections -fno-exceptions -fno-rtti -fno-use-cxa-atexit -Wall -fstack-usage -fcyclomatic-complexity -MMD -MP -MF"Core/Src/Project_Helper.d" -MT"Core/Src/Project_Helper.o" --specs=nano.specs -mfloat-abi=soft -mthumb -o "Core/Src/Project_Helper.o"
arm-none-eabi-g++ -o "Test.elf" @"objects.list"   -mcpu=cortex-m0 -T"C:\Users\Dr. S Chakraborty\OneDrive\Desktop\STM32_Dispenser\Test\STM32F030C8TX_FLASH.ld" --specs=nosys.specs -Wl,-Map="Test.map" -Wl,--gc-sections -static --specs=nano.specs -mfloat-abi=soft -mthumb -Wl,--start-group -lc -lm -lstdc++ -lsupc++ -Wl,--end-group
Finished building target: Test.elf
 
arm-none-eabi-size  Test.elf 
arm-none-eabi-objdump -h -S Test.elf  > "Test.list"
   text	   data	    bss	    dec	    hex	filename
  25396	     92	   2508	  27996	   6d5c	Test.elf
Finished building: default.size.stdout
 
Finished building: Test.list
 
14:17:09 **** Incremental Build of configuration Debug for project Test ****
make -j8 all 
arm-none-eabi-g++ "../Core/Src/Project_Helper.cpp" -mcpu=cortex-m0 -std=gnu++14 -g3 -DDEBUG -DUSE_HAL_DRIVER -DSTM32F030x8 -c -I../Core/Inc -I"C:/Users/Dr. S Chakraborty/OneDrive/Desktop/STM32_Dispenser/Test/lib" -I../Drivers/STM32F0xx_HAL_Driver/Inc -I../Drivers/STM32F0xx_HAL_Driver/Inc/Legacy -I../Drivers/CMSIS/Device/ST/STM32F0xx/Include -I../Drivers/CMSIS/Include -O0 -ffunction-sections -fdata-sections -fno-exceptions -fno-rtti -fno-use-cxa-atexit -Wall -fstack-usage -fcyclomatic-complexity -MMD -MP -MF"Core/Src/Project_Helper.d" -MT"Core/Src/Project_Helper.o" --specs=nano.specs -mfloat-abi=soft -mthumb -o "Core/Src/Project_Helper.o"
arm-none-eabi-g++ -o "Test.elf" @"objects.list"   -mcpu=cortex-m0 -T"C:\Users\Dr. S Chakraborty\OneDrive\Desktop\STM32_Dispenser\Test\STM32F030C8TX_FLASH.ld" --specs=nosys.specs -Wl,-Map="Test.map" -Wl,--gc-sections -static --specs=nano.specs -mfloat-abi=soft -mthumb -Wl,--start-group -lc -lm -lstdc++ -lsupc++ -Wl,--end-group
C:/ST/STM32CubeIDE_1.19.0/STM32CubeIDE/plugins/com.st.stm32cube.ide.mcu.externaltools.gnu-tools-for-stm32.13.3.rel1.win32_1.0.0.202411081344/tools/bin/../lib/gcc/arm-none-eabi/13.3.1/../../../../arm-none-eabi/bin/ld.exe: ./Core/Src/Project_Helper.o: in function `printPacket(Packet_t const*, Debug)':
C:/Users/Dr. S Chakraborty/OneDrive/Desktop/STM32_Dispenser/Test/Debug/../Core/Src/Project_Helper.cpp:23:(.text._Z11printPacketPK8Packet_t5Debug+0x82): undefined reference to `GetPIC_Type_String(unsigned short)'
collect2.exe: error: ld returned 1 exit status
make: *** [makefile:96: Test.elf] Error 1
"make -j8 all" terminated with exit code 2. Build might be incomplete.
14:18:17 **** Incremental Build of configuration Debug for project Test ****
make -j8 all 
arm-none-eabi-g++ "../Core/Src/Project_Helper.cpp" -mcpu=cortex-m0 -std=gnu++14 -g3 -DDEBUG -DUSE_HAL_DRIVER -DSTM32F030x8 -c -I../Core/Inc -I"C:/Users/Dr. S Chakraborty/OneDrive/Desktop/STM32_Dispenser/Test/lib" -I../Drivers/STM32F0xx_HAL_Driver/Inc -I../Drivers/STM32F0xx_HAL_Driver/Inc/Legacy -I../Drivers/CMSIS/Device/ST/STM32F0xx/Include -I../Drivers/CMSIS/Include -O0 -ffunction-sections -fdata-sections -fno-exceptions -fno-rtti -fno-use-cxa-atexit -Wall -fstack-usage -fcyclomatic-complexity -MMD -MP -MF"Core/Src/Project_Helper.d" -MT"Core/Src/Project_Helper.o" --specs=nano.specs -mfloat-abi=soft -mthumb -o "Core/Src/Project_Helper.o"
arm-none-eabi-g++ -o "Test.elf" @"objects.list"   -mcpu=cortex-m0 -T"C:\Users\Dr. S Chakraborty\OneDrive\Desktop\STM32_Dispenser\Test\STM32F030C8TX_FLASH.ld" --specs=nosys.specs -Wl,-Map="Test.map" -Wl,--gc-sections -static --specs=nano.specs -mfloat-abi=soft -mthumb -Wl,--start-group -lc -lm -lstdc++ -lsupc++ -Wl,--end-group
C:/ST/STM32CubeIDE_1.19.0/STM32CubeIDE/plugins/com.st.stm32cube.ide.mcu.externaltools.gnu-tools-for-stm32.13.3.rel1.win32_1.0.0.202411081344/tools/bin/../lib/gcc/arm-none-eabi/13.3.1/../../../../arm-none-eabi/bin/ld.exe: ./Core/Src/Project_Helper.o: in function `printPacket(Packet_t const*, Debug)':
C:/Users/Dr. S Chakraborty/OneDrive/Desktop/STM32_Dispenser/Test/Debug/../Core/Src/Project_Helper.cpp:23:(.text._Z11printPacketPK8Packet_t5Debug+0x82): undefined reference to `GetPIC_Type_String(unsigned short)'
collect2.exe: error: ld returned 1 exit status
make: *** [makefile:96: Test.elf] Error 1
"make -j8 all" terminated with exit code 2. Build might be incomplete.
14:20:42 **** Incremental Build of configuration Debug for project Test ****
make -j8 all 
arm-none-eabi-g++ "../Core/Src/Project_Helper.cpp" -mcpu=cortex-m0 -std=gnu++14 -g3 -DDEBUG -DUSE_HAL_DRIVER -DSTM32F030x8 -c -I../Core/Inc -I"C:/Users/Dr. S Chakraborty/OneDrive/Desktop/STM32_Dispenser/Test/lib" -I../Drivers/STM32F0xx_HAL_Driver/Inc -I../Drivers/STM32F0xx_HAL_Driver/Inc/Legacy -I../Drivers/CMSIS/Device/ST/STM32F0xx/Include -I../Drivers/CMSIS/Include -O0 -ffunction-sections -fdata-sections -fno-exceptions -fno-rtti -fno-use-cxa-atexit -Wall -fstack-usage -fcyclomatic-complexity -MMD -MP -MF"Core/Src/Project_Helper.d" -MT"Core/Src/Project_Helper.o" --specs=nano.specs -mfloat-abi=soft -mthumb -o "Core/Src/Project_Helper.o"
arm-none-eabi-g++ "../Core/Src/prj_disp.cpp" -mcpu=cortex-m0 -std=gnu++14 -g3 -DDEBUG -DUSE_HAL_DRIVER -DSTM32F030x8 -c -I../Core/Inc -I"C:/Users/Dr. S Chakraborty/OneDrive/Desktop/STM32_Dispenser/Test/lib" -I../Drivers/STM32F0xx_HAL_Driver/Inc -I../Drivers/STM32F0xx_HAL_Driver/Inc/Legacy -I../Drivers/CMSIS/Device/ST/STM32F0xx/Include -I../Drivers/CMSIS/Include -O0 -ffunction-sections -fdata-sections -fno-exceptions -fno-rtti -fno-use-cxa-atexit -Wall -fstack-usage -fcyclomatic-complexity -MMD -MP -MF"Core/Src/prj_disp.d" -MT"Core/Src/prj_disp.o" --specs=nano.specs -mfloat-abi=soft -mthumb -o "Core/Src/prj_disp.o"
In file included from ../Core/Src/Project_Helper.cpp:1:
../Core/Src/Project_Helper.hpp:10:40: error: 'PIC_Type_t' was not declared in this scope
   10 |         const char* GetPIC_Type_String(PIC_Type_t pic_type);
      |                                        ^~~~~~~~~~
../Core/Src/Project_Helper.cpp: In function 'void printPacket(const Packet_t*, Debug)':
../Core/Src/Project_Helper.cpp:23:58: error: 'GetPIC_Type_String' cannot be used as a function
   23 |     debug.print("PIC Type   : %s\r\n", GetPIC_Type_String((PIC_Type_t)pkt->address));
      |                                        ~~~~~~~~~~~~~~~~~~^~~~~~~~~~~~~~~~~~~~~~~~~~
../Core/Src/Project_Helper.cpp: At global scope:
../Core/Src/Project_Helper.cpp:68:51: error: 'const char* GetPIC_Type_String(PIC_Type_t)' redeclared as different kind of entity
   68 | const char* GetPIC_Type_String(PIC_Type_t pic_type)
      |                                                   ^
../Core/Src/Project_Helper.hpp:10:21: note: previous declaration 'const char* GetPIC_Type_String'
   10 |         const char* GetPIC_Type_String(PIC_Type_t pic_type);
      |                     ^~~~~~~~~~~~~~~~~~
make: *** [Core/Src/subdir.mk:44: Core/Src/Project_Helper.o] Error 1
make: *** Waiting for unfinished jobs....
In file included from ../Core/Src/prj_disp.cpp:14:
../Core/Src/Project_Helper.hpp:10:40: error: 'PIC_Type_t' was not declared in this scope
   10 |         const char* GetPIC_Type_String(PIC_Type_t pic_type);
      |                                        ^~~~~~~~~~
../Core/Src/prj_disp.cpp: In function 'void process_Real_Hardware()':
../Core/Src/prj_disp.cpp:71:14: warning: unused variable 'value' [-Wunused-variable]
   71 |         long value;
      |              ^~~~~
../Core/Src/prj_disp.cpp: In function 'char DispenseWeight(long int, int)':
../Core/Src/prj_disp.cpp:161:2: warning: no return statement in function returning non-void [-Wreturn-type]
  161 |  }
      |  ^
make: *** [Core/Src/subdir.mk:44: Core/Src/prj_disp.o] Error 1
"make -j8 all" terminated with exit code 2. Build might be incomplete.
14:21:08 **** Incremental Build of configuration Debug for project Test ****
make -j8 all 
arm-none-eabi-g++ "../Core/Src/Project_Helper.cpp" -mcpu=cortex-m0 -std=gnu++14 -g3 -DDEBUG -DUSE_HAL_DRIVER -DSTM32F030x8 -c -I../Core/Inc -I"C:/Users/Dr. S Chakraborty/OneDrive/Desktop/STM32_Dispenser/Test/lib" -I../Drivers/STM32F0xx_HAL_Driver/Inc -I../Drivers/STM32F0xx_HAL_Driver/Inc/Legacy -I../Drivers/CMSIS/Device/ST/STM32F0xx/Include -I../Drivers/CMSIS/Include -O0 -ffunction-sections -fdata-sections -fno-exceptions -fno-rtti -fno-use-cxa-atexit -Wall -fstack-usage -fcyclomatic-complexity -MMD -MP -MF"Core/Src/Project_Helper.d" -MT"Core/Src/Project_Helper.o" --specs=nano.specs -mfloat-abi=soft -mthumb -o "Core/Src/Project_Helper.o"
arm-none-eabi-g++ "../Core/Src/prj_disp.cpp" -mcpu=cortex-m0 -std=gnu++14 -g3 -DDEBUG -DUSE_HAL_DRIVER -DSTM32F030x8 -c -I../Core/Inc -I"C:/Users/Dr. S Chakraborty/OneDrive/Desktop/STM32_Dispenser/Test/lib" -I../Drivers/STM32F0xx_HAL_Driver/Inc -I../Drivers/STM32F0xx_HAL_Driver/Inc/Legacy -I../Drivers/CMSIS/Device/ST/STM32F0xx/Include -I../Drivers/CMSIS/Include -O0 -ffunction-sections -fdata-sections -fno-exceptions -fno-rtti -fno-use-cxa-atexit -Wall -fstack-usage -fcyclomatic-complexity -MMD -MP -MF"Core/Src/prj_disp.d" -MT"Core/Src/prj_disp.o" --specs=nano.specs -mfloat-abi=soft -mthumb -o "Core/Src/prj_disp.o"
In file included from ../Core/Src/Project_Helper.cpp:4:
../Core/Src/Enum.hpp:5:25: error: 'DISP_3X3_GRAINS' conflicts with a previous declaration
    5 |     DISP_3X3_GRAINS   = 101,
      |                         ^~~
In file included from ../Core/Src/Project_Helper.hpp:6,
                 from ../Core/Src/Project_Helper.cpp:1:
../Core/Src/Enum.hpp:5:5: note: previous declaration 'PIC_Type_t DISP_3X3_GRAINS'
    5 |     DISP_3X3_GRAINS   = 101,
      |     ^~~~~~~~~~~~~~~
../Core/Src/Enum.hpp:6:25: error: 'DISP_3X3_LIQUID' conflicts with a previous declaration
    6 |     DISP_3X3_LIQUID   = 102,
      |                         ^~~
../Core/Src/Enum.hpp:6:5: note: previous declaration 'PIC_Type_t DISP_3X3_LIQUID'
    6 |     DISP_3X3_LIQUID   = 102,
      |     ^~~~~~~~~~~~~~~
../Core/Src/Enum.hpp:7:25: error: 'DISP_3X3_PUREE' conflicts with a previous declaration
    7 |     DISP_3X3_PUREE    = 103,
      |                         ^~~
../Core/Src/Enum.hpp:7:5: note: previous declaration 'PIC_Type_t DISP_3X3_PUREE'
    7 |     DISP_3X3_PUREE    = 103,
      |     ^~~~~~~~~~~~~~
../Core/Src/Enum.hpp:8:25: error: 'DISP_6X6_GRAINS' conflicts with a previous declaration
    8 |     DISP_6X6_GRAINS   = 104,
      |                         ^~~
../Core/Src/Enum.hpp:8:5: note: previous declaration 'PIC_Type_t DISP_6X6_GRAINS'
    8 |     DISP_6X6_GRAINS   = 104,
      |     ^~~~~~~~~~~~~~~
../Core/Src/Enum.hpp:9:25: error: 'DISP_6X6_LIQUID' conflicts with a previous declaration
    9 |     DISP_6X6_LIQUID   = 105,
      |                         ^~~
../Core/Src/Enum.hpp:9:5: note: previous declaration 'PIC_Type_t DISP_6X6_LIQUID'
    9 |     DISP_6X6_LIQUID   = 105,
      |     ^~~~~~~~~~~~~~~
../Core/Src/Enum.hpp:10:25: error: 'DISP_6X6_PUREE' conflicts with a previous declaration
   10 |     DISP_6X6_PUREE    = 106,
      |                         ^~~
../Core/Src/Enum.hpp:10:5: note: previous declaration 'PIC_Type_t DISP_6X6_PUREE'
   10 |     DISP_6X6_PUREE    = 106,
      |     ^~~~~~~~~~~~~~
../Core/Src/Enum.hpp:12:25: error: 'IP' conflicts with a previous declaration
   12 |     IP                = 26,
      |                         ^~
../Core/Src/Enum.hpp:12:5: note: previous declaration 'PIC_Type_t IP'
   12 |     IP                = 26,
      |     ^~
../Core/Src/Enum.hpp:13:25: error: 'CHIMNEY' conflicts with a previous declaration
   13 |     CHIMNEY           = 27,
      |                         ^~
../Core/Src/Enum.hpp:13:5: note: previous declaration 'PIC_Type_t CHIMNEY'
   13 |     CHIMNEY           = 27,
      |     ^~~~~~~
../Core/Src/Enum.hpp:14:25: error: 'DISHWASHER' conflicts with a previous declaration
   14 |     DISHWASHER        = 28,
      |                         ^~
../Core/Src/Enum.hpp:14:5: note: previous declaration 'PIC_Type_t DISHWASHER'
   14 |     DISHWASHER        = 28,
      |     ^~~~~~~~~~
../Core/Src/Enum.hpp:15:25: error: 'WTS' conflicts with a previous declaration
   15 |     WTS               = 29,
      |                         ^~
../Core/Src/Enum.hpp:15:5: note: previous declaration 'PIC_Type_t WTS'
   15 |     WTS               = 29,
      |     ^~~
../Core/Src/Enum.hpp:17:25: error: 'MOTOR_DRIVER_1' conflicts with a previous declaration
   17 |     MOTOR_DRIVER_1    = 30,
      |                         ^~
../Core/Src/Enum.hpp:17:5: note: previous declaration 'PIC_Type_t MOTOR_DRIVER_1'
   17 |     MOTOR_DRIVER_1    = 30,
      |     ^~~~~~~~~~~~~~
../Core/Src/Enum.hpp:19:25: error: 'MOTOR_X' conflicts with a previous declaration
   19 |     MOTOR_X           = 300,
      |                         ^~~
../Core/Src/Enum.hpp:19:5: note: previous declaration 'PIC_Type_t MOTOR_X'
   19 |     MOTOR_X           = 300,
      |     ^~~~~~~
../Core/Src/Enum.hpp:20:25: error: 'MOTOR_Y' conflicts with a previous declaration
   20 |     MOTOR_Y           = 301,
      |                         ^~~
../Core/Src/Enum.hpp:20:5: note: previous declaration 'PIC_Type_t MOTOR_Y'
   20 |     MOTOR_Y           = 301,
      |     ^~~~~~~
../Core/Src/Enum.hpp:21:25: error: 'MOTOR_R1' conflicts with a previous declaration
   21 |     MOTOR_R1          = 302,
      |                         ^~~
../Core/Src/Enum.hpp:21:5: note: previous declaration 'PIC_Type_t MOTOR_R1'
   21 |     MOTOR_R1          = 302,
      |     ^~~~~~~~
../Core/Src/Enum.hpp:22:25: error: 'MOTOR_R2' conflicts with a previous declaration
   22 |     MOTOR_R2          = 303,
      |                         ^~~
../Core/Src/Enum.hpp:22:5: note: previous declaration 'PIC_Type_t MOTOR_R2'
   22 |     MOTOR_R2          = 303,
      |     ^~~~~~~~
../Core/Src/Enum.hpp:23:25: error: 'MOTOR_R3' conflicts with a previous declaration
   23 |     MOTOR_R3          = 304,
      |                         ^~~
../Core/Src/Enum.hpp:23:5: note: previous declaration 'PIC_Type_t MOTOR_R3'
   23 |     MOTOR_R3          = 304,
      |     ^~~~~~~~
../Core/Src/Enum.hpp:24:25: error: 'MOTOR_R4' conflicts with a previous declaration
   24 |     MOTOR_R4          = 305,
      |                         ^~~
../Core/Src/Enum.hpp:24:5: note: previous declaration 'PIC_Type_t MOTOR_R4'
   24 |     MOTOR_R4          = 305,
      |     ^~~~~~~~
../Core/Src/Enum.hpp:25:25: error: 'MOTOR_R5' conflicts with a previous declaration
   25 |     MOTOR_R5          = 306,
      |                         ^~~
../Core/Src/Enum.hpp:25:5: note: previous declaration 'PIC_Type_t MOTOR_R5'
   25 |     MOTOR_R5          = 306,
      |     ^~~~~~~~
../Core/Src/Enum.hpp:27:25: error: 'MOTOR_L1' conflicts with a previous declaration
   27 |     MOTOR_L1          = 307,
      |                         ^~~
../Core/Src/Enum.hpp:27:5: note: previous declaration 'PIC_Type_t MOTOR_L1'
   27 |     MOTOR_L1          = 307,
      |     ^~~~~~~~
../Core/Src/Enum.hpp:28:25: error: 'MOTOR_L2' conflicts with a previous declaration
   28 |     MOTOR_L2          = 308,
      |                         ^~~
../Core/Src/Enum.hpp:28:5: note: previous declaration 'PIC_Type_t MOTOR_L2'
   28 |     MOTOR_L2          = 308,
      |     ^~~~~~~~
../Core/Src/Enum.hpp:29:25: error: 'MOTOR_L3' conflicts with a previous declaration
   29 |     MOTOR_L3          = 309,
      |                         ^~~
../Core/Src/Enum.hpp:29:5: note: previous declaration 'PIC_Type_t MOTOR_L3'
   29 |     MOTOR_L3          = 309,
      |     ^~~~~~~~
../Core/Src/Enum.hpp:30:25: error: 'MOTOR_L4' conflicts with a previous declaration
   30 |     MOTOR_L4          = 310
      |                         ^~~
../Core/Src/Enum.hpp:30:5: note: previous declaration 'PIC_Type_t MOTOR_L4'
   30 |     MOTOR_L4          = 310
      |     ^~~~~~~~
../Core/Src/Enum.hpp:32:3: error: conflicting declaration 'typedef enum PIC_Type_t PIC_Type_t'
   32 | } PIC_Type_t;
      |   ^~~~~~~~~~
../Core/Src/Enum.hpp:32:3: note: previous declaration as 'typedef enum PIC_Type_t PIC_Type_t'
   32 | } PIC_Type_t;
      |   ^~~~~~~~~~
make: *** [Core/Src/subdir.mk:44: Core/Src/Project_Helper.o] Error 1
make: *** Waiting for unfinished jobs....
../Core/Src/prj_disp.cpp: In function 'void process_Real_Hardware()':
../Core/Src/prj_disp.cpp:71:14: warning: unused variable 'value' [-Wunused-variable]
   71 |         long value;
      |              ^~~~~
../Core/Src/prj_disp.cpp: In function 'char DispenseWeight(long int, int)':
../Core/Src/prj_disp.cpp:161:2: warning: no return statement in function returning non-void [-Wreturn-type]
  161 |  }
      |  ^
"make -j8 all" terminated with exit code 2. Build might be incomplete.
14:23:05 **** Incremental Build of configuration Debug for project Test ****
make -j8 all 
arm-none-eabi-g++ "../Core/Src/Project_Helper.cpp" -mcpu=cortex-m0 -std=gnu++14 -g3 -DDEBUG -DUSE_HAL_DRIVER -DSTM32F030x8 -c -I../Core/Inc -I"C:/Users/Dr. S Chakraborty/OneDrive/Desktop/STM32_Dispenser/Test/lib" -I../Drivers/STM32F0xx_HAL_Driver/Inc -I../Drivers/STM32F0xx_HAL_Driver/Inc/Legacy -I../Drivers/CMSIS/Device/ST/STM32F0xx/Include -I../Drivers/CMSIS/Include -O0 -ffunction-sections -fdata-sections -fno-exceptions -fno-rtti -fno-use-cxa-atexit -Wall -fstack-usage -fcyclomatic-complexity -MMD -MP -MF"Core/Src/Project_Helper.d" -MT"Core/Src/Project_Helper.o" --specs=nano.specs -mfloat-abi=soft -mthumb -o "Core/Src/Project_Helper.o"
arm-none-eabi-g++ "../Core/Src/prj_disp.cpp" -mcpu=cortex-m0 -std=gnu++14 -g3 -DDEBUG -DUSE_HAL_DRIVER -DSTM32F030x8 -c -I../Core/Inc -I"C:/Users/Dr. S Chakraborty/OneDrive/Desktop/STM32_Dispenser/Test/lib" -I../Drivers/STM32F0xx_HAL_Driver/Inc -I../Drivers/STM32F0xx_HAL_Driver/Inc/Legacy -I../Drivers/CMSIS/Device/ST/STM32F0xx/Include -I../Drivers/CMSIS/Include -O0 -ffunction-sections -fdata-sections -fno-exceptions -fno-rtti -fno-use-cxa-atexit -Wall -fstack-usage -fcyclomatic-complexity -MMD -MP -MF"Core/Src/prj_disp.d" -MT"Core/Src/prj_disp.o" --specs=nano.specs -mfloat-abi=soft -mthumb -o "Core/Src/prj_disp.o"
../Core/Src/prj_disp.cpp: In function 'void process_Real_Hardware()':
../Core/Src/prj_disp.cpp:71:14: warning: unused variable 'value' [-Wunused-variable]
   71 |         long value;
      |              ^~~~~
../Core/Src/prj_disp.cpp: In function 'char DispenseWeight(long int, int)':
../Core/Src/prj_disp.cpp:161:2: warning: no return statement in function returning non-void [-Wreturn-type]
  161 |  }
      |  ^
arm-none-eabi-g++ -o "Test.elf" @"objects.list"   -mcpu=cortex-m0 -T"C:\Users\Dr. S Chakraborty\OneDrive\Desktop\STM32_Dispenser\Test\STM32F030C8TX_FLASH.ld" --specs=nosys.specs -Wl,-Map="Test.map" -Wl,--gc-sections -static --specs=nano.specs -mfloat-abi=soft -mthumb -Wl,--start-group -lc -lm -lstdc++ -lsupc++ -Wl,--end-group
Finished building target: Test.elf
 
arm-none-eabi-size  Test.elf 
arm-none-eabi-objdump -h -S Test.elf  > "Test.list"
   text	   data	    bss	    dec	    hex	filename
  26084	     92	   2508	  28684	   700c	Test.elf
Finished building: default.size.stdout
 
Finished building: Test.list
 
14:23:36 **** Incremental Build of configuration Debug for project Test ****
make -j8 all 
arm-none-eabi-g++ "../Core/Src/Project_Helper.cpp" -mcpu=cortex-m0 -std=gnu++14 -g3 -DDEBUG -DUSE_HAL_DRIVER -DSTM32F030x8 -c -I../Core/Inc -I"C:/Users/Dr. S Chakraborty/OneDrive/Desktop/STM32_Dispenser/Test/lib" -I../Drivers/STM32F0xx_HAL_Driver/Inc -I../Drivers/STM32F0xx_HAL_Driver/Inc/Legacy -I../Drivers/CMSIS/Device/ST/STM32F0xx/Include -I../Drivers/CMSIS/Include -O0 -ffunction-sections -fdata-sections -fno-exceptions -fno-rtti -fno-use-cxa-atexit -Wall -fstack-usage -fcyclomatic-complexity -MMD -MP -MF"Core/Src/Project_Helper.d" -MT"Core/Src/Project_Helper.o" --specs=nano.specs -mfloat-abi=soft -mthumb -o "Core/Src/Project_Helper.o"
arm-none-eabi-g++ "../Core/Src/prj_disp.cpp" -mcpu=cortex-m0 -std=gnu++14 -g3 -DDEBUG -DUSE_HAL_DRIVER -DSTM32F030x8 -c -I../Core/Inc -I"C:/Users/Dr. S Chakraborty/OneDrive/Desktop/STM32_Dispenser/Test/lib" -I../Drivers/STM32F0xx_HAL_Driver/Inc -I../Drivers/STM32F0xx_HAL_Driver/Inc/Legacy -I../Drivers/CMSIS/Device/ST/STM32F0xx/Include -I../Drivers/CMSIS/Include -O0 -ffunction-sections -fdata-sections -fno-exceptions -fno-rtti -fno-use-cxa-atexit -Wall -fstack-usage -fcyclomatic-complexity -MMD -MP -MF"Core/Src/prj_disp.d" -MT"Core/Src/prj_disp.o" --specs=nano.specs -mfloat-abi=soft -mthumb -o "Core/Src/prj_disp.o"
../Core/Src/prj_disp.cpp: In function 'void process_Real_Hardware()':
../Core/Src/prj_disp.cpp:71:14: warning: unused variable 'value' [-Wunused-variable]
   71 |         long value;
      |              ^~~~~
../Core/Src/prj_disp.cpp: In function 'char DispenseWeight(long int, int)':
../Core/Src/prj_disp.cpp:161:2: warning: no return statement in function returning non-void [-Wreturn-type]
  161 |  }
      |  ^
arm-none-eabi-g++ -o "Test.elf" @"objects.list"   -mcpu=cortex-m0 -T"C:\Users\Dr. S Chakraborty\OneDrive\Desktop\STM32_Dispenser\Test\STM32F030C8TX_FLASH.ld" --specs=nosys.specs -Wl,-Map="Test.map" -Wl,--gc-sections -static --specs=nano.specs -mfloat-abi=soft -mthumb -Wl,--start-group -lc -lm -lstdc++ -lsupc++ -Wl,--end-group
Finished building target: Test.elf
 
arm-none-eabi-size  Test.elf 
arm-none-eabi-objdump -h -S Test.elf  > "Test.list"
   text	   data	    bss	    dec	    hex	filename
  26084	     92	   2508	  28684	   700c	Test.elf
Finished building: default.size.stdout
 
Finished building: Test.list
 
14:24:12 **** Incremental Build of configuration Debug for project Test ****
make -j8 all 
arm-none-eabi-size  Test.elf 
   text	   data	    bss	    dec	    hex	filename
  26084	     92	   2508	  28684	   700c	Test.elf
Finished building: default.size.stdout
 
14:25:47 **** Incremental Build of configuration Debug for project Test ****
make -j8 all 
arm-none-eabi-gcc "../Core/Src/main.c" -mcpu=cortex-m0 -std=gnu11 -g3 -DDEBUG -DUSE_HAL_DRIVER -DSTM32F030x8 -c -I../Core/Inc -I"C:/Users/Dr. S Chakraborty/OneDrive/Desktop/STM32_Dispenser/Test/lib" -I../Drivers/STM32F0xx_HAL_Driver/Inc -I../Drivers/STM32F0xx_HAL_Driver/Inc/Legacy -I../Drivers/CMSIS/Device/ST/STM32F0xx/Include -I../Drivers/CMSIS/Include -O0 -ffunction-sections -fdata-sections -Wall -fstack-usage -fcyclomatic-complexity -MMD -MP -MF"Core/Src/main.d" -MT"Core/Src/main.o" --specs=nano.specs -mfloat-abi=soft -mthumb -o "Core/Src/main.o"
arm-none-eabi-g++ "../Core/Src/prj_disp.cpp" -mcpu=cortex-m0 -std=gnu++14 -g3 -DDEBUG -DUSE_HAL_DRIVER -DSTM32F030x8 -c -I../Core/Inc -I"C:/Users/Dr. S Chakraborty/OneDrive/Desktop/STM32_Dispenser/Test/lib" -I../Drivers/STM32F0xx_HAL_Driver/Inc -I../Drivers/STM32F0xx_HAL_Driver/Inc/Legacy -I../Drivers/CMSIS/Device/ST/STM32F0xx/Include -I../Drivers/CMSIS/Include -O0 -ffunction-sections -fdata-sections -fno-exceptions -fno-rtti -fno-use-cxa-atexit -Wall -fstack-usage -fcyclomatic-complexity -MMD -MP -MF"Core/Src/prj_disp.d" -MT"Core/Src/prj_disp.o" --specs=nano.specs -mfloat-abi=soft -mthumb -o "Core/Src/prj_disp.o"
../Core/Src/prj_disp.cpp: In function 'void process_Real_Hardware()':
../Core/Src/prj_disp.cpp:71:14: warning: unused variable 'value' [-Wunused-variable]
   71 |         long value;
      |              ^~~~~
../Core/Src/prj_disp.cpp: In function 'char DispenseWeight(long int, int)':
../Core/Src/prj_disp.cpp:161:2: warning: no return statement in function returning non-void [-Wreturn-type]
  161 |  }
      |  ^
arm-none-eabi-g++ -o "Test.elf" @"objects.list"   -mcpu=cortex-m0 -T"C:\Users\Dr. S Chakraborty\OneDrive\Desktop\STM32_Dispenser\Test\STM32F030C8TX_FLASH.ld" --specs=nosys.specs -Wl,-Map="Test.map" -Wl,--gc-sections -static --specs=nano.specs -mfloat-abi=soft -mthumb -Wl,--start-group -lc -lm -lstdc++ -lsupc++ -Wl,--end-group
Finished building target: Test.elf
 
arm-none-eabi-size  Test.elf 
arm-none-eabi-objdump -h -S Test.elf  > "Test.list"
   text	   data	    bss	    dec	    hex	filename
  26084	     92	   2508	  28684	   700c	Test.elf
Finished building: default.size.stdout
 
Finished building: Test.list
 
14:26:22 **** Incremental Build of configuration Debug for project Test ****
make -j8 all 
arm-none-eabi-gcc "../Core/Src/main.c" -mcpu=cortex-m0 -std=gnu11 -g3 -DDEBUG -DUSE_HAL_DRIVER -DSTM32F030x8 -c -I../Core/Inc -I"C:/Users/Dr. S Chakraborty/OneDrive/Desktop/STM32_Dispenser/Test/lib" -I../Drivers/STM32F0xx_HAL_Driver/Inc -I../Drivers/STM32F0xx_HAL_Driver/Inc/Legacy -I../Drivers/CMSIS/Device/ST/STM32F0xx/Include -I../Drivers/CMSIS/Include -O0 -ffunction-sections -fdata-sections -Wall -fstack-usage -fcyclomatic-complexity -MMD -MP -MF"Core/Src/main.d" -MT"Core/Src/main.o" --specs=nano.specs -mfloat-abi=soft -mthumb -o "Core/Src/main.o"
arm-none-eabi-g++ "../Core/Src/prj_disp.cpp" -mcpu=cortex-m0 -std=gnu++14 -g3 -DDEBUG -DUSE_HAL_DRIVER -DSTM32F030x8 -c -I../Core/Inc -I"C:/Users/Dr. S Chakraborty/OneDrive/Desktop/STM32_Dispenser/Test/lib" -I../Drivers/STM32F0xx_HAL_Driver/Inc -I../Drivers/STM32F0xx_HAL_Driver/Inc/Legacy -I../Drivers/CMSIS/Device/ST/STM32F0xx/Include -I../Drivers/CMSIS/Include -O0 -ffunction-sections -fdata-sections -fno-exceptions -fno-rtti -fno-use-cxa-atexit -Wall -fstack-usage -fcyclomatic-complexity -MMD -MP -MF"Core/Src/prj_disp.d" -MT"Core/Src/prj_disp.o" --specs=nano.specs -mfloat-abi=soft -mthumb -o "Core/Src/prj_disp.o"
../Core/Src/prj_disp.cpp: In function 'void process_Real_Hardware()':
../Core/Src/prj_disp.cpp:71:14: warning: unused variable 'value' [-Wunused-variable]
   71 |         long value;
      |              ^~~~~
../Core/Src/prj_disp.cpp: In function 'char DispenseWeight(long int, int)':
../Core/Src/prj_disp.cpp:161:2: warning: no return statement in function returning non-void [-Wreturn-type]
  161 |  }
      |  ^
arm-none-eabi-g++ -o "Test.elf" @"objects.list"   -mcpu=cortex-m0 -T"C:\Users\Dr. S Chakraborty\OneDrive\Desktop\STM32_Dispenser\Test\STM32F030C8TX_FLASH.ld" --specs=nosys.specs -Wl,-Map="Test.map" -Wl,--gc-sections -static --specs=nano.specs -mfloat-abi=soft -mthumb -Wl,--start-group -lc -lm -lstdc++ -lsupc++ -Wl,--end-group
Finished building target: Test.elf
 
arm-none-eabi-size  Test.elf 
arm-none-eabi-objdump -h -S Test.elf  > "Test.list"
   text	   data	    bss	    dec	    hex	filename
  26084	     92	   2508	  28684	   700c	Test.elf
Finished building: default.size.stdout
 
Finished building: Test.list
 
14:27:47 **** Incremental Build of configuration Debug for project Test ****
make -j8 all 
arm-none-eabi-g++ "../Core/Src/prj_disp.cpp" -mcpu=cortex-m0 -std=gnu++14 -g3 -DDEBUG -DUSE_HAL_DRIVER -DSTM32F030x8 -c -I../Core/Inc -I"C:/Users/Dr. S Chakraborty/OneDrive/Desktop/STM32_Dispenser/Test/lib" -I../Drivers/STM32F0xx_HAL_Driver/Inc -I../Drivers/STM32F0xx_HAL_Driver/Inc/Legacy -I../Drivers/CMSIS/Device/ST/STM32F0xx/Include -I../Drivers/CMSIS/Include -O0 -ffunction-sections -fdata-sections -fno-exceptions -fno-rtti -fno-use-cxa-atexit -Wall -fstack-usage -fcyclomatic-complexity -MMD -MP -MF"Core/Src/prj_disp.d" -MT"Core/Src/prj_disp.o" --specs=nano.specs -mfloat-abi=soft -mthumb -o "Core/Src/prj_disp.o"
../Core/Src/prj_disp.cpp: In function 'void process_Real_Hardware()':
../Core/Src/prj_disp.cpp:71:14: warning: unused variable 'value' [-Wunused-variable]
   71 |         long value;
      |              ^~~~~
../Core/Src/prj_disp.cpp: In function 'char DispenseWeight(long int, int)':
../Core/Src/prj_disp.cpp:162:2: warning: no return statement in function returning non-void [-Wreturn-type]
  162 |  }
      |  ^
arm-none-eabi-g++ -o "Test.elf" @"objects.list"   -mcpu=cortex-m0 -T"C:\Users\Dr. S Chakraborty\OneDrive\Desktop\STM32_Dispenser\Test\STM32F030C8TX_FLASH.ld" --specs=nosys.specs -Wl,-Map="Test.map" -Wl,--gc-sections -static --specs=nano.specs -mfloat-abi=soft -mthumb -Wl,--start-group -lc -lm -lstdc++ -lsupc++ -Wl,--end-group
Finished building target: Test.elf
 
arm-none-eabi-size  Test.elf 
arm-none-eabi-objdump -h -S Test.elf  > "Test.list"
   text	   data	    bss	    dec	    hex	filename
  26124	     92	   2508	  28724	   7034	Test.elf
Finished building: default.size.stdout
 
Finished building: Test.list
 
14:31:36 **** Incremental Build of configuration Debug for project Test ****
make -j8 all 
arm-none-eabi-g++ "../Core/Src/prj_disp.cpp" -mcpu=cortex-m0 -std=gnu++14 -g3 -DDEBUG -DUSE_HAL_DRIVER -DSTM32F030x8 -c -I../Core/Inc -I"C:/Users/Dr. S Chakraborty/OneDrive/Desktop/STM32_Dispenser/Test/lib" -I../Drivers/STM32F0xx_HAL_Driver/Inc -I../Drivers/STM32F0xx_HAL_Driver/Inc/Legacy -I../Drivers/CMSIS/Device/ST/STM32F0xx/Include -I../Drivers/CMSIS/Include -O0 -ffunction-sections -fdata-sections -fno-exceptions -fno-rtti -fno-use-cxa-atexit -Wall -fstack-usage -fcyclomatic-complexity -MMD -MP -MF"Core/Src/prj_disp.d" -MT"Core/Src/prj_disp.o" --specs=nano.specs -mfloat-abi=soft -mthumb -o "Core/Src/prj_disp.o"
../Core/Src/prj_disp.cpp: In function 'void process_Real_Hardware()':
../Core/Src/prj_disp.cpp:93:41: error: 'delay' was not declared in this scope; did you mean 'Delay'?
   93 |                                         delay(100);
      |                                         ^~~~~
      |                                         Delay
../Core/Src/prj_disp.cpp:71:14: warning: unused variable 'value' [-Wunused-variable]
   71 |         long value;
      |              ^~~~~
../Core/Src/prj_disp.cpp: In function 'char DispenseWeight(long int, int)':
../Core/Src/prj_disp.cpp:157:25: error: return-statement with no value, in function returning 'char' [-fpermissive]
  157 |                         return;
      |                         ^~~~~~
../Core/Src/prj_disp.cpp:170:2: warning: control reaches end of non-void function [-Wreturn-type]
  170 |  }
      |  ^
make: *** [Core/Src/subdir.mk:44: Core/Src/prj_disp.o] Error 1
"make -j8 all" terminated with exit code 2. Build might be incomplete.
14:34:09 **** Incremental Build of configuration Debug for project Test ****
make -j8 all 
arm-none-eabi-g++ "../Core/Src/prj_disp.cpp" -mcpu=cortex-m0 -std=gnu++14 -g3 -DDEBUG -DUSE_HAL_DRIVER -DSTM32F030x8 -c -I../Core/Inc -I"C:/Users/Dr. S Chakraborty/OneDrive/Desktop/STM32_Dispenser/Test/lib" -I../Drivers/STM32F0xx_HAL_Driver/Inc -I../Drivers/STM32F0xx_HAL_Driver/Inc/Legacy -I../Drivers/CMSIS/Device/ST/STM32F0xx/Include -I../Drivers/CMSIS/Include -O0 -ffunction-sections -fdata-sections -fno-exceptions -fno-rtti -fno-use-cxa-atexit -Wall -fstack-usage -fcyclomatic-complexity -MMD -MP -MF"Core/Src/prj_disp.d" -MT"Core/Src/prj_disp.o" --specs=nano.specs -mfloat-abi=soft -mthumb -o "Core/Src/prj_disp.o"
../Core/Src/prj_disp.cpp: In function 'void process_Real_Hardware()':
../Core/Src/prj_disp.cpp:93:41: error: 'delay' has not been declared
   93 |                                         delay::ms(100);
      |                                         ^~~~~
../Core/Src/prj_disp.cpp:71:14: warning: unused variable 'value' [-Wunused-variable]
   71 |         long value;
      |              ^~~~~
../Core/Src/prj_disp.cpp: In function 'char DispenseWeight(long int, int)':
../Core/Src/prj_disp.cpp:157:25: error: return-statement with no value, in function returning 'char' [-fpermissive]
  157 |                         return;
      |                         ^~~~~~
../Core/Src/prj_disp.cpp:170:2: warning: control reaches end of non-void function [-Wreturn-type]
  170 |  }
      |  ^
make: *** [Core/Src/subdir.mk:44: Core/Src/prj_disp.o] Error 1
"make -j8 all" terminated with exit code 2. Build might be incomplete.
14:35:06 **** Incremental Build of configuration Debug for project Test ****
make -j8 all 
arm-none-eabi-g++ "../Core/Src/prj_disp.cpp" -mcpu=cortex-m0 -std=gnu++14 -g3 -DDEBUG -DUSE_HAL_DRIVER -DSTM32F030x8 -c -I../Core/Inc -I"C:/Users/Dr. S Chakraborty/OneDrive/Desktop/STM32_Dispenser/Test/lib" -I../Drivers/STM32F0xx_HAL_Driver/Inc -I../Drivers/STM32F0xx_HAL_Driver/Inc/Legacy -I../Drivers/CMSIS/Device/ST/STM32F0xx/Include -I../Drivers/CMSIS/Include -O0 -ffunction-sections -fdata-sections -fno-exceptions -fno-rtti -fno-use-cxa-atexit -Wall -fstack-usage -fcyclomatic-complexity -MMD -MP -MF"Core/Src/prj_disp.d" -MT"Core/Src/prj_disp.o" --specs=nano.specs -mfloat-abi=soft -mthumb -o "Core/Src/prj_disp.o"
../Core/Src/prj_disp.cpp: In function 'void process_Real_Hardware()':
../Core/Src/prj_disp.cpp:71:14: warning: unused variable 'value' [-Wunused-variable]
   71 |         long value;
      |              ^~~~~
../Core/Src/prj_disp.cpp: In function 'char DispenseWeight(long int, int)':
../Core/Src/prj_disp.cpp:157:25: error: return-statement with no value, in function returning 'char' [-fpermissive]
  157 |                         return;
      |                         ^~~~~~
../Core/Src/prj_disp.cpp:170:2: warning: control reaches end of non-void function [-Wreturn-type]
  170 |  }
      |  ^
make: *** [Core/Src/subdir.mk:44: Core/Src/prj_disp.o] Error 1
"make -j8 all" terminated with exit code 2. Build might be incomplete.
14:38:35 **** Incremental Build of configuration Debug for project Test ****
make -j8 all 
arm-none-eabi-g++ "../Core/Src/prj_disp.cpp" -mcpu=cortex-m0 -std=gnu++14 -g3 -DDEBUG -DUSE_HAL_DRIVER -DSTM32F030x8 -c -I../Core/Inc -I"C:/Users/Dr. S Chakraborty/OneDrive/Desktop/STM32_Dispenser/Test/lib" -I../Drivers/STM32F0xx_HAL_Driver/Inc -I../Drivers/STM32F0xx_HAL_Driver/Inc/Legacy -I../Drivers/CMSIS/Device/ST/STM32F0xx/Include -I../Drivers/CMSIS/Include -O0 -ffunction-sections -fdata-sections -fno-exceptions -fno-rtti -fno-use-cxa-atexit -Wall -fstack-usage -fcyclomatic-complexity -MMD -MP -MF"Core/Src/prj_disp.d" -MT"Core/Src/prj_disp.o" --specs=nano.specs -mfloat-abi=soft -mthumb -o "Core/Src/prj_disp.o"
../Core/Src/prj_disp.cpp: In function 'void process_Real_Hardware()':
../Core/Src/prj_disp.cpp:71:14: warning: unused variable 'value' [-Wunused-variable]
   71 |         long value;
      |              ^~~~~
../Core/Src/prj_disp.cpp: In function 'char DispenseWeight(long int, int)':
../Core/Src/prj_disp.cpp:157:25: error: return-statement with no value, in function returning 'char' [-fpermissive]
  157 |                         return;
      |                         ^~~~~~
../Core/Src/prj_disp.cpp:170:2: warning: control reaches end of non-void function [-Wreturn-type]
  170 |  }
      |  ^
make: *** [Core/Src/subdir.mk:44: Core/Src/prj_disp.o] Error 1
"make -j8 all" terminated with exit code 2. Build might be incomplete.
14:39:35 **** Incremental Build of configuration Debug for project Test ****
make -j8 all 
arm-none-eabi-g++ "../Core/Src/prj_disp.cpp" -mcpu=cortex-m0 -std=gnu++14 -g3 -DDEBUG -DUSE_HAL_DRIVER -DSTM32F030x8 -c -I../Core/Inc -I"C:/Users/Dr. S Chakraborty/OneDrive/Desktop/STM32_Dispenser/Test/lib" -I../Drivers/STM32F0xx_HAL_Driver/Inc -I../Drivers/STM32F0xx_HAL_Driver/Inc/Legacy -I../Drivers/CMSIS/Device/ST/STM32F0xx/Include -I../Drivers/CMSIS/Include -O0 -ffunction-sections -fdata-sections -fno-exceptions -fno-rtti -fno-use-cxa-atexit -Wall -fstack-usage -fcyclomatic-complexity -MMD -MP -MF"Core/Src/prj_disp.d" -MT"Core/Src/prj_disp.o" --specs=nano.specs -mfloat-abi=soft -mthumb -o "Core/Src/prj_disp.o"
../Core/Src/prj_disp.cpp: In function 'void process_Real_Hardware()':
../Core/Src/prj_disp.cpp:71:14: warning: unused variable 'value' [-Wunused-variable]
   71 |         long value;
      |              ^~~~~
../Core/Src/prj_disp.cpp: In function 'char DispenseWeight(long int, int)':
../Core/Src/prj_disp.cpp:170:2: warning: control reaches end of non-void function [-Wreturn-type]
  170 |  }
      |  ^
arm-none-eabi-g++ -o "Test.elf" @"objects.list"   -mcpu=cortex-m0 -T"C:\Users\Dr. S Chakraborty\OneDrive\Desktop\STM32_Dispenser\Test\STM32F030C8TX_FLASH.ld" --specs=nosys.specs -Wl,-Map="Test.map" -Wl,--gc-sections -static --specs=nano.specs -mfloat-abi=soft -mthumb -Wl,--start-group -lc -lm -lstdc++ -lsupc++ -Wl,--end-group
Finished building target: Test.elf
 
arm-none-eabi-size  Test.elf 
arm-none-eabi-objdump -h -S Test.elf  > "Test.list"
   text	   data	    bss	    dec	    hex	filename
  26236	     92	   2508	  28836	   70a4	Test.elf
Finished building: default.size.stdout
 
Finished building: Test.list
 
14:39:43 **** Incremental Build of configuration Debug for project Test ****
make -j8 all 
arm-none-eabi-size  Test.elf 
   text	   data	    bss	    dec	    hex	filename
  26236	     92	   2508	  28836	   70a4	Test.elf
Finished building: default.size.stdout
 
14:42:08 **** Incremental Build of configuration Debug for project Test ****
make -j8 all 
arm-none-eabi-g++ "../Core/Src/prj_disp.cpp" -mcpu=cortex-m0 -std=gnu++14 -g3 -DDEBUG -DUSE_HAL_DRIVER -DSTM32F030x8 -c -I../Core/Inc -I"C:/Users/Dr. S Chakraborty/OneDrive/Desktop/STM32_Dispenser/Test/lib" -I../Drivers/STM32F0xx_HAL_Driver/Inc -I../Drivers/STM32F0xx_HAL_Driver/Inc/Legacy -I../Drivers/CMSIS/Device/ST/STM32F0xx/Include -I../Drivers/CMSIS/Include -O0 -ffunction-sections -fdata-sections -fno-exceptions -fno-rtti -fno-use-cxa-atexit -Wall -fstack-usage -fcyclomatic-complexity -MMD -MP -MF"Core/Src/prj_disp.d" -MT"Core/Src/prj_disp.o" --specs=nano.specs -mfloat-abi=soft -mthumb -o "Core/Src/prj_disp.o"
../Core/Src/prj_disp.cpp: In function 'void process_Real_Hardware()':
../Core/Src/prj_disp.cpp:82:38: error: 'pkt' was not declared in this scope
   82 |                         printPacket(&pkt,debug);
      |                                      ^~~
../Core/Src/prj_disp.cpp:71:14: warning: unused variable 'value' [-Wunused-variable]
   71 |         long value;
      |              ^~~~~
../Core/Src/prj_disp.cpp: In function 'char DispenseWeight(long int, int)':
../Core/Src/prj_disp.cpp:171:2: warning: control reaches end of non-void function [-Wreturn-type]
  171 |  }
      |  ^
make: *** [Core/Src/subdir.mk:44: Core/Src/prj_disp.o] Error 1
"make -j8 all" terminated with exit code 2. Build might be incomplete.
14:42:39 **** Incremental Build of configuration Debug for project Test ****
make -j8 all 
arm-none-eabi-g++ "../Core/Src/prj_disp.cpp" -mcpu=cortex-m0 -std=gnu++14 -g3 -DDEBUG -DUSE_HAL_DRIVER -DSTM32F030x8 -c -I../Core/Inc -I"C:/Users/Dr. S Chakraborty/OneDrive/Desktop/STM32_Dispenser/Test/lib" -I../Drivers/STM32F0xx_HAL_Driver/Inc -I../Drivers/STM32F0xx_HAL_Driver/Inc/Legacy -I../Drivers/CMSIS/Device/ST/STM32F0xx/Include -I../Drivers/CMSIS/Include -O0 -ffunction-sections -fdata-sections -fno-exceptions -fno-rtti -fno-use-cxa-atexit -Wall -fstack-usage -fcyclomatic-complexity -MMD -MP -MF"Core/Src/prj_disp.d" -MT"Core/Src/prj_disp.o" --specs=nano.specs -mfloat-abi=soft -mthumb -o "Core/Src/prj_disp.o"
../Core/Src/prj_disp.cpp: In function 'void process_Real_Hardware()':
../Core/Src/prj_disp.cpp:71:14: warning: unused variable 'value' [-Wunused-variable]
   71 |         long value;
      |              ^~~~~
../Core/Src/prj_disp.cpp: In function 'char DispenseWeight(long int, int)':
../Core/Src/prj_disp.cpp:172:2: warning: control reaches end of non-void function [-Wreturn-type]
  172 |  }
      |  ^
arm-none-eabi-g++ -o "Test.elf" @"objects.list"   -mcpu=cortex-m0 -T"C:\Users\Dr. S Chakraborty\OneDrive\Desktop\STM32_Dispenser\Test\STM32F030C8TX_FLASH.ld" --specs=nosys.specs -Wl,-Map="Test.map" -Wl,--gc-sections -static --specs=nano.specs -mfloat-abi=soft -mthumb -Wl,--start-group -lc -lm -lstdc++ -lsupc++ -Wl,--end-group
Finished building target: Test.elf
 
arm-none-eabi-size  Test.elf 
arm-none-eabi-objdump -h -S Test.elf  > "Test.list"
   text	   data	    bss	    dec	    hex	filename
  26236	     92	   2508	  28836	   70a4	Test.elf
Finished building: default.size.stdout
 
Finished building: Test.list
 
14:44:46 **** Incremental Build of configuration Debug for project Test ****
make -j8 all 
arm-none-eabi-g++ "../Core/Src/prj_disp.cpp" -mcpu=cortex-m0 -std=gnu++14 -g3 -DDEBUG -DUSE_HAL_DRIVER -DSTM32F030x8 -c -I../Core/Inc -I"C:/Users/Dr. S Chakraborty/OneDrive/Desktop/STM32_Dispenser/Test/lib" -I../Drivers/STM32F0xx_HAL_Driver/Inc -I../Drivers/STM32F0xx_HAL_Driver/Inc/Legacy -I../Drivers/CMSIS/Device/ST/STM32F0xx/Include -I../Drivers/CMSIS/Include -O0 -ffunction-sections -fdata-sections -fno-exceptions -fno-rtti -fno-use-cxa-atexit -Wall -fstack-usage -fcyclomatic-complexity -MMD -MP -MF"Core/Src/prj_disp.d" -MT"Core/Src/prj_disp.o" --specs=nano.specs -mfloat-abi=soft -mthumb -o "Core/Src/prj_disp.o"
../Core/Src/prj_disp.cpp: In function 'void process_Real_Hardware()':
../Core/Src/prj_disp.cpp:71:14: warning: unused variable 'value' [-Wunused-variable]
   71 |         long value;
      |              ^~~~~
../Core/Src/prj_disp.cpp: In function 'char DispenseWeight(long int, int)':
../Core/Src/prj_disp.cpp:169:25: error: return-statement with no value, in function returning 'char' [-fpermissive]
  169 |                         return;
      |                         ^~~~~~
make: *** [Core/Src/subdir.mk:44: Core/Src/prj_disp.o] Error 1
"make -j8 all" terminated with exit code 2. Build might be incomplete.
14:45:27 **** Incremental Build of configuration Debug for project Test ****
make -j8 all 
arm-none-eabi-g++ "../Core/Src/prj_disp.cpp" -mcpu=cortex-m0 -std=gnu++14 -g3 -DDEBUG -DUSE_HAL_DRIVER -DSTM32F030x8 -c -I../Core/Inc -I"C:/Users/Dr. S Chakraborty/OneDrive/Desktop/STM32_Dispenser/Test/lib" -I../Drivers/STM32F0xx_HAL_Driver/Inc -I../Drivers/STM32F0xx_HAL_Driver/Inc/Legacy -I../Drivers/CMSIS/Device/ST/STM32F0xx/Include -I../Drivers/CMSIS/Include -O0 -ffunction-sections -fdata-sections -fno-exceptions -fno-rtti -fno-use-cxa-atexit -Wall -fstack-usage -fcyclomatic-complexity -MMD -MP -MF"Core/Src/prj_disp.d" -MT"Core/Src/prj_disp.o" --specs=nano.specs -mfloat-abi=soft -mthumb -o "Core/Src/prj_disp.o"
../Core/Src/prj_disp.cpp: In function 'void process_Real_Hardware()':
../Core/Src/prj_disp.cpp:71:14: warning: unused variable 'value' [-Wunused-variable]
   71 |         long value;
      |              ^~~~~
arm-none-eabi-g++ -o "Test.elf" @"objects.list"   -mcpu=cortex-m0 -T"C:\Users\Dr. S Chakraborty\OneDrive\Desktop\STM32_Dispenser\Test\STM32F030C8TX_FLASH.ld" --specs=nosys.specs -Wl,-Map="Test.map" -Wl,--gc-sections -static --specs=nano.specs -mfloat-abi=soft -mthumb -Wl,--start-group -lc -lm -lstdc++ -lsupc++ -Wl,--end-group
Finished building target: Test.elf
 
arm-none-eabi-size  Test.elf 
arm-none-eabi-objdump -h -S Test.elf  > "Test.list"
   text	   data	    bss	    dec	    hex	filename
  26236	     92	   2508	  28836	   70a4	Test.elf
Finished building: default.size.stdout
 
Finished building: Test.list
 
17:22:36 **** Incremental Build of configuration Debug for project Test ****
make -j8 all 
arm-none-eabi-size  Test.elf 
   text	   data	    bss	    dec	    hex	filename
  26236	     92	   2508	  28836	   70a4	Test.elf
Finished building: default.size.stdout
 
17:23:10 **** Incremental Build of configuration Debug for project Test ****
make -j8 all 
arm-none-eabi-size  Test.elf 
   text	   data	    bss	    dec	    hex	filename
  26236	     92	   2508	  28836	   70a4	Test.elf
Finished building: default.size.stdout
 
17:23:29 **** Incremental Build of configuration Debug for project Test ****
make -j8 all 
arm-none-eabi-size  Test.elf 
   text	   data	    bss	    dec	    hex	filename
  26236	     92	   2508	  28836	   70a4	Test.elf
Finished building: default.size.stdout
 
17:23:55 **** Incremental Build of configuration Debug for project Test ****
make -j8 all 
arm-none-eabi-size  Test.elf 
   text	   data	    bss	    dec	    hex	filename
  26236	     92	   2508	  28836	   70a4	Test.elf
Finished building: default.size.stdout
 
17:24:56 **** Incremental Build of configuration Debug for project Test ****
make -j8 all 
arm-none-eabi-size  Test.elf 
   text	   data	    bss	    dec	    hex	filename
  26236	     92	   2508	  28836	   70a4	Test.elf
Finished building: default.size.stdout
 
17:25:39 **** Incremental Build of configuration Debug for project Test ****
make -j8 all 
arm-none-eabi-size  Test.elf 
   text	   data	    bss	    dec	    hex	filename
  26236	     92	   2508	  28836	   70a4	Test.elf
Finished building: default.size.stdout
 
17:26:06 **** Incremental Build of configuration Debug for project Test ****
make -j8 all 
arm-none-eabi-size  Test.elf 
   text	   data	    bss	    dec	    hex	filename
  26236	     92	   2508	  28836	   70a4	Test.elf
Finished building: default.size.stdout
 
17:26:32 **** Incremental Build of configuration Debug for project Test ****
make -j8 all 
arm-none-eabi-size  Test.elf 
   text	   data	    bss	    dec	    hex	filename
  26236	     92	   2508	  28836	   70a4	Test.elf
Finished building: default.size.stdout
 
16:11:02 **** Incremental Build of configuration Debug for project Test ****
make -j8 all 
arm-none-eabi-g++ "../Core/Src/prj_disp.cpp" -mcpu=cortex-m0 -std=gnu++14 -g3 -DDEBUG -DUSE_HAL_DRIVER -DSTM32F030x8 -c -I../Core/Inc -I"C:/Users/Dr. S Chakraborty/OneDrive/Desktop/STM32_Dispenser/Test/lib" -I../Drivers/STM32F0xx_HAL_Driver/Inc -I../Drivers/STM32F0xx_HAL_Driver/Inc/Legacy -I../Drivers/CMSIS/Device/ST/STM32F0xx/Include -I../Drivers/CMSIS/Include -O0 -ffunction-sections -fdata-sections -fno-exceptions -fno-rtti -fno-use-cxa-atexit -Wall -fstack-usage -fcyclomatic-complexity -MMD -MP -MF"Core/Src/prj_disp.d" -MT"Core/Src/prj_disp.o" --specs=nano.specs -mfloat-abi=soft -mthumb -o "Core/Src/prj_disp.o"
../Core/Src/prj_disp.cpp: In function 'void process_Real_Hardware()':
../Core/Src/prj_disp.cpp:74:14: warning: unused variable 'value' [-Wunused-variable]
   74 |         long value;
      |              ^~~~~
arm-none-eabi-g++ -o "Test.elf" @"objects.list"   -mcpu=cortex-m0 -T"C:\Users\Dr. S Chakraborty\OneDrive\Desktop\STM32_Dispenser\Test\STM32F030C8TX_FLASH.ld" --specs=nosys.specs -Wl,-Map="Test.map" -Wl,--gc-sections -static --specs=nano.specs -mfloat-abi=soft -mthumb -Wl,--start-group -lc -lm -lstdc++ -lsupc++ -Wl,--end-group
Finished building target: Test.elf
 
arm-none-eabi-size  Test.elf 
arm-none-eabi-objdump -h -S Test.elf  > "Test.list"
   text	   data	    bss	    dec	    hex	filename
  21776	     92	   2508	  24376	   5f38	Test.elf
Finished building: default.size.stdout
 
Finished building: Test.list
 
16:14:02 **** Incremental Build of configuration Debug for project Test ****
make -j8 all 
arm-none-eabi-g++ "../Core/Src/prj_disp.cpp" -mcpu=cortex-m0 -std=gnu++14 -g3 -DDEBUG -DUSE_HAL_DRIVER -DSTM32F030x8 -c -I../Core/Inc -I"C:/Users/Dr. S Chakraborty/OneDrive/Desktop/STM32_Dispenser/Test/lib" -I../Drivers/STM32F0xx_HAL_Driver/Inc -I../Drivers/STM32F0xx_HAL_Driver/Inc/Legacy -I../Drivers/CMSIS/Device/ST/STM32F0xx/Include -I../Drivers/CMSIS/Include -O0 -ffunction-sections -fdata-sections -fno-exceptions -fno-rtti -fno-use-cxa-atexit -Wall -fstack-usage -fcyclomatic-complexity -MMD -MP -MF"Core/Src/prj_disp.d" -MT"Core/Src/prj_disp.o" --specs=nano.specs -mfloat-abi=soft -mthumb -o "Core/Src/prj_disp.o"
../Core/Src/prj_disp.cpp: In function 'void prj_Disp_init()':
../Core/Src/prj_disp.cpp:65:9: error: expected primary-expression before '{' token
   65 |         {
      |         ^
../Core/Src/prj_disp.cpp: In function 'void process_Real_Hardware()':
../Core/Src/prj_disp.cpp:75:14: warning: unused variable 'value' [-Wunused-variable]
   75 |         long value;
      |              ^~~~~
make: *** [Core/Src/subdir.mk:44: Core/Src/prj_disp.o] Error 1
"make -j8 all" terminated with exit code 2. Build might be incomplete.
16:14:18 **** Incremental Build of configuration Debug for project Test ****
make -j8 all 
arm-none-eabi-g++ "../Core/Src/prj_disp.cpp" -mcpu=cortex-m0 -std=gnu++14 -g3 -DDEBUG -DUSE_HAL_DRIVER -DSTM32F030x8 -c -I../Core/Inc -I"C:/Users/Dr. S Chakraborty/OneDrive/Desktop/STM32_Dispenser/Test/lib" -I../Drivers/STM32F0xx_HAL_Driver/Inc -I../Drivers/STM32F0xx_HAL_Driver/Inc/Legacy -I../Drivers/CMSIS/Device/ST/STM32F0xx/Include -I../Drivers/CMSIS/Include -O0 -ffunction-sections -fdata-sections -fno-exceptions -fno-rtti -fno-use-cxa-atexit -Wall -fstack-usage -fcyclomatic-complexity -MMD -MP -MF"Core/Src/prj_disp.d" -MT"Core/Src/prj_disp.o" --specs=nano.specs -mfloat-abi=soft -mthumb -o "Core/Src/prj_disp.o"
../Core/Src/prj_disp.cpp: In function 'void process_Real_Hardware()':
../Core/Src/prj_disp.cpp:75:14: warning: unused variable 'value' [-Wunused-variable]
   75 |         long value;
      |              ^~~~~
arm-none-eabi-g++ -o "Test.elf" @"objects.list"   -mcpu=cortex-m0 -T"C:\Users\Dr. S Chakraborty\OneDrive\Desktop\STM32_Dispenser\Test\STM32F030C8TX_FLASH.ld" --specs=nosys.specs -Wl,-Map="Test.map" -Wl,--gc-sections -static --specs=nano.specs -mfloat-abi=soft -mthumb -Wl,--start-group -lc -lm -lstdc++ -lsupc++ -Wl,--end-group
Finished building target: Test.elf
 
arm-none-eabi-size  Test.elf 
arm-none-eabi-objdump -h -S Test.elf  > "Test.list"
   text	   data	    bss	    dec	    hex	filename
  21776	     92	   2508	  24376	   5f38	Test.elf
Finished building: default.size.stdout
 
Finished building: Test.list
 
16:38:12 **** Incremental Build of configuration Debug for project Test ****
make -j8 all 
arm-none-eabi-g++ "../Core/Src/prj_disp.cpp" -mcpu=cortex-m0 -std=gnu++14 -g3 -DDEBUG -DUSE_HAL_DRIVER -DSTM32F030x8 -c -I../Core/Inc -I"C:/Users/Dr. S Chakraborty/OneDrive/Desktop/STM32_Dispenser/Test/lib" -I../Drivers/STM32F0xx_HAL_Driver/Inc -I../Drivers/STM32F0xx_HAL_Driver/Inc/Legacy -I../Drivers/CMSIS/Device/ST/STM32F0xx/Include -I../Drivers/CMSIS/Include -O0 -ffunction-sections -fdata-sections -fno-exceptions -fno-rtti -fno-use-cxa-atexit -Wall -fstack-usage -fcyclomatic-complexity -MMD -MP -MF"Core/Src/prj_disp.d" -MT"Core/Src/prj_disp.o" --specs=nano.specs -mfloat-abi=soft -mthumb -o "Core/Src/prj_disp.o"
../Core/Src/prj_disp.cpp: In function 'void process_Real_Hardware()':
../Core/Src/prj_disp.cpp:75:14: warning: unused variable 'value' [-Wunused-variable]
   75 |         long value;
      |              ^~~~~
arm-none-eabi-g++ -o "Test.elf" @"objects.list"   -mcpu=cortex-m0 -T"C:\Users\Dr. S Chakraborty\OneDrive\Desktop\STM32_Dispenser\Test\STM32F030C8TX_FLASH.ld" --specs=nosys.specs -Wl,-Map="Test.map" -Wl,--gc-sections -static --specs=nano.specs -mfloat-abi=soft -mthumb -Wl,--start-group -lc -lm -lstdc++ -lsupc++ -Wl,--end-group
Finished building target: Test.elf
 
arm-none-eabi-size  Test.elf 
arm-none-eabi-objdump -h -S Test.elf  > "Test.list"
   text	   data	    bss	    dec	    hex	filename
  21800	     92	   2508	  24400	   5f50	Test.elf
Finished building: default.size.stdout
 
Finished building: Test.list
 
16:40:42 **** Incremental Build of configuration Debug for project Test ****
make -j8 all 
arm-none-eabi-g++ "../Core/Src/prj_disp.cpp" -mcpu=cortex-m0 -std=gnu++14 -g3 -DDEBUG -DUSE_HAL_DRIVER -DSTM32F030x8 -c -I../Core/Inc -I"C:/Users/Dr. S Chakraborty/OneDrive/Desktop/STM32_Dispenser/Test/lib" -I../Drivers/STM32F0xx_HAL_Driver/Inc -I../Drivers/STM32F0xx_HAL_Driver/Inc/Legacy -I../Drivers/CMSIS/Device/ST/STM32F0xx/Include -I../Drivers/CMSIS/Include -O0 -ffunction-sections -fdata-sections -fno-exceptions -fno-rtti -fno-use-cxa-atexit -Wall -fstack-usage -fcyclomatic-complexity -MMD -MP -MF"Core/Src/prj_disp.d" -MT"Core/Src/prj_disp.o" --specs=nano.specs -mfloat-abi=soft -mthumb -o "Core/Src/prj_disp.o"
../Core/Src/prj_disp.cpp: In function 'void prj_Disp_init()':
../Core/Src/prj_disp.cpp:71:25: error: expected primary-expression before 'long'
   71 |                 ReadRaw(long &value);
      |                         ^~~~
../Core/Src/prj_disp.cpp:71:17: error: 'ReadRaw' was not declared in this scope
   71 |                 ReadRaw(long &value);
      |                 ^~~~~~~
../Core/Src/prj_disp.cpp: In function 'void process_Real_Hardware()':
../Core/Src/prj_disp.cpp:80:14: warning: unused variable 'value' [-Wunused-variable]
   80 |         long value;
      |              ^~~~~
make: *** [Core/Src/subdir.mk:44: Core/Src/prj_disp.o] Error 1
"make -j8 all" terminated with exit code 2. Build might be incomplete.
16:41:00 **** Incremental Build of configuration Debug for project Test ****
make -j8 all 
arm-none-eabi-g++ "../Core/Src/prj_disp.cpp" -mcpu=cortex-m0 -std=gnu++14 -g3 -DDEBUG -DUSE_HAL_DRIVER -DSTM32F030x8 -c -I../Core/Inc -I"C:/Users/Dr. S Chakraborty/OneDrive/Desktop/STM32_Dispenser/Test/lib" -I../Drivers/STM32F0xx_HAL_Driver/Inc -I../Drivers/STM32F0xx_HAL_Driver/Inc/Legacy -I../Drivers/CMSIS/Device/ST/STM32F0xx/Include -I../Drivers/CMSIS/Include -O0 -ffunction-sections -fdata-sections -fno-exceptions -fno-rtti -fno-use-cxa-atexit -Wall -fstack-usage -fcyclomatic-complexity -MMD -MP -MF"Core/Src/prj_disp.d" -MT"Core/Src/prj_disp.o" --specs=nano.specs -mfloat-abi=soft -mthumb -o "Core/Src/prj_disp.o"
../Core/Src/prj_disp.cpp: In function 'void prj_Disp_init()':
../Core/Src/prj_disp.cpp:71:17: error: 'ReadRaw' was not declared in this scope
   71 |                 ReadRaw(&value);
      |                 ^~~~~~~
../Core/Src/prj_disp.cpp: In function 'void process_Real_Hardware()':
../Core/Src/prj_disp.cpp:80:14: warning: unused variable 'value' [-Wunused-variable]
   80 |         long value;
      |              ^~~~~
make: *** [Core/Src/subdir.mk:44: Core/Src/prj_disp.o] Error 1
"make -j8 all" terminated with exit code 2. Build might be incomplete.
16:41:20 **** Incremental Build of configuration Debug for project Test ****
make -j8 all 
arm-none-eabi-g++ "../Core/Src/prj_disp.cpp" -mcpu=cortex-m0 -std=gnu++14 -g3 -DDEBUG -DUSE_HAL_DRIVER -DSTM32F030x8 -c -I../Core/Inc -I"C:/Users/Dr. S Chakraborty/OneDrive/Desktop/STM32_Dispenser/Test/lib" -I../Drivers/STM32F0xx_HAL_Driver/Inc -I../Drivers/STM32F0xx_HAL_Driver/Inc/Legacy -I../Drivers/CMSIS/Device/ST/STM32F0xx/Include -I../Drivers/CMSIS/Include -O0 -ffunction-sections -fdata-sections -fno-exceptions -fno-rtti -fno-use-cxa-atexit -Wall -fstack-usage -fcyclomatic-complexity -MMD -MP -MF"Core/Src/prj_disp.d" -MT"Core/Src/prj_disp.o" --specs=nano.specs -mfloat-abi=soft -mthumb -o "Core/Src/prj_disp.o"
../Core/Src/prj_disp.cpp: In function 'void prj_Disp_init()':
../Core/Src/prj_disp.cpp:71:28: error: invalid conversion from 'long int*' to 'long int' [-fpermissive]
   71 |                 hx.ReadRaw(&value);
      |                            ^~~~~~
      |                            |
      |                            long int*
In file included from ../Core/Src/prj_disp.cpp:9:
C:/Users/Dr. S Chakraborty/OneDrive/Desktop/STM32_Dispenser/Test/lib/HX711/HX711.h:17:24: note:   initializing argument 1 of 'bool HX711::ReadRaw(long int&)'
   17 |     bool ReadRaw(long &value);
      |                  ~~~~~~^~~~~
../Core/Src/prj_disp.cpp:71:28: error: cannot bind rvalue '(long int)(& value)' to 'long int&'
   71 |                 hx.ReadRaw(&value);
      |                            ^~~~~~
../Core/Src/prj_disp.cpp: In function 'void process_Real_Hardware()':
../Core/Src/prj_disp.cpp:80:14: warning: unused variable 'value' [-Wunused-variable]
   80 |         long value;
      |              ^~~~~
make: *** [Core/Src/subdir.mk:44: Core/Src/prj_disp.o] Error 1
"make -j8 all" terminated with exit code 2. Build might be incomplete.
16:41:47 **** Incremental Build of configuration Debug for project Test ****
make -j8 all 
arm-none-eabi-g++ "../Core/Src/prj_disp.cpp" -mcpu=cortex-m0 -std=gnu++14 -g3 -DDEBUG -DUSE_HAL_DRIVER -DSTM32F030x8 -c -I../Core/Inc -I"C:/Users/Dr. S Chakraborty/OneDrive/Desktop/STM32_Dispenser/Test/lib" -I../Drivers/STM32F0xx_HAL_Driver/Inc -I../Drivers/STM32F0xx_HAL_Driver/Inc/Legacy -I../Drivers/CMSIS/Device/ST/STM32F0xx/Include -I../Drivers/CMSIS/Include -O0 -ffunction-sections -fdata-sections -fno-exceptions -fno-rtti -fno-use-cxa-atexit -Wall -fstack-usage -fcyclomatic-complexity -MMD -MP -MF"Core/Src/prj_disp.d" -MT"Core/Src/prj_disp.o" --specs=nano.specs -mfloat-abi=soft -mthumb -o "Core/Src/prj_disp.o"
../Core/Src/prj_disp.cpp: In function 'void process_Real_Hardware()':
../Core/Src/prj_disp.cpp:80:14: warning: unused variable 'value' [-Wunused-variable]
   80 |         long value;
      |              ^~~~~
arm-none-eabi-g++ -o "Test.elf" @"objects.list"   -mcpu=cortex-m0 -T"C:\Users\Dr. S Chakraborty\OneDrive\Desktop\STM32_Dispenser\Test\STM32F030C8TX_FLASH.ld" --specs=nosys.specs -Wl,-Map="Test.map" -Wl,--gc-sections -static --specs=nano.specs -mfloat-abi=soft -mthumb -Wl,--start-group -lc -lm -lstdc++ -lsupc++ -Wl,--end-group
Finished building target: Test.elf
 
arm-none-eabi-size  Test.elf 
arm-none-eabi-objdump -h -S Test.elf  > "Test.list"
   text	   data	    bss	    dec	    hex	filename
  21220	     92	   2508	  23820	   5d0c	Test.elf
Finished building: default.size.stdout
 
Finished building: Test.list
 
16:45:16 **** Incremental Build of configuration Debug for project Test ****
make -j8 all 
arm-none-eabi-g++ "../Core/Src/prj_disp.cpp" -mcpu=cortex-m0 -std=gnu++14 -g3 -DDEBUG -DUSE_HAL_DRIVER -DSTM32F030x8 -c -I../Core/Inc -I"C:/Users/Dr. S Chakraborty/OneDrive/Desktop/STM32_Dispenser/Test/lib" -I../Drivers/STM32F0xx_HAL_Driver/Inc -I../Drivers/STM32F0xx_HAL_Driver/Inc/Legacy -I../Drivers/CMSIS/Device/ST/STM32F0xx/Include -I../Drivers/CMSIS/Include -O0 -ffunction-sections -fdata-sections -fno-exceptions -fno-rtti -fno-use-cxa-atexit -Wall -fstack-usage -fcyclomatic-complexity -MMD -MP -MF"Core/Src/prj_disp.d" -MT"Core/Src/prj_disp.o" --specs=nano.specs -mfloat-abi=soft -mthumb -o "Core/Src/prj_disp.o"
../Core/Src/prj_disp.cpp: In function 'void process_Real_Hardware()':
../Core/Src/prj_disp.cpp:80:14: warning: unused variable 'value' [-Wunused-variable]
   80 |         long value;
      |              ^~~~~
arm-none-eabi-g++ -o "Test.elf" @"objects.list"   -mcpu=cortex-m0 -T"C:\Users\Dr. S Chakraborty\OneDrive\Desktop\STM32_Dispenser\Test\STM32F030C8TX_FLASH.ld" --specs=nosys.specs -Wl,-Map="Test.map" -Wl,--gc-sections -static --specs=nano.specs -mfloat-abi=soft -mthumb -Wl,--start-group -lc -lm -lstdc++ -lsupc++ -Wl,--end-group
Finished building target: Test.elf
 
arm-none-eabi-size  Test.elf 
arm-none-eabi-objdump -h -S Test.elf  > "Test.list"
   text	   data	    bss	    dec	    hex	filename
  21156	     92	   2508	  23756	   5ccc	Test.elf
Finished building: default.size.stdout
 
Finished building: Test.list
 
17:59:12 **** Incremental Build of configuration Debug for project Test ****
make -j8 all 
arm-none-eabi-size  Test.elf 
   text	   data	    bss	    dec	    hex	filename
  21156	     92	   2508	  23756	   5ccc	Test.elf
Finished building: default.size.stdout
 
17:59:51 **** Incremental Build of configuration Debug for project Test ****
make -j8 all 
arm-none-eabi-g++ "../Core/Src/prj_disp.cpp" -mcpu=cortex-m0 -std=gnu++14 -g3 -DDEBUG -DUSE_HAL_DRIVER -DSTM32F030x8 -c -I../Core/Inc -I"C:/Users/Dr. S Chakraborty/OneDrive/Desktop/STM32_Dispenser/Test/lib" -I../Drivers/STM32F0xx_HAL_Driver/Inc -I../Drivers/STM32F0xx_HAL_Driver/Inc/Legacy -I../Drivers/CMSIS/Device/ST/STM32F0xx/Include -I../Drivers/CMSIS/Include -O0 -ffunction-sections -fdata-sections -fno-exceptions -fno-rtti -fno-use-cxa-atexit -Wall -fstack-usage -fcyclomatic-complexity -MMD -MP -MF"Core/Src/prj_disp.d" -MT"Core/Src/prj_disp.o" --specs=nano.specs -mfloat-abi=soft -mthumb -o "Core/Src/prj_disp.o"
../Core/Src/prj_disp.cpp: In function 'void prj_Disp_init()':
../Core/Src/prj_disp.cpp:73:29: error: invalid conversion from 'long int' to 'const char*' [-fpermissive]
   73 |                 debug.print(value);
      |                             ^~~~~
      |                             |
      |                             long int
In file included from ../Core/Src/prj_disp.cpp:4:
C:/Users/Dr. S Chakraborty/OneDrive/Desktop/STM32_Dispenser/Test/lib/Debug/Debug.h:12:28: note:   initializing argument 1 of 'void Debug::print(const char*, ...)'
   12 |     void print(const char* format, ...);
      |                ~~~~~~~~~~~~^~~~~~
../Core/Src/prj_disp.cpp: In function 'void process_Real_Hardware()':
../Core/Src/prj_disp.cpp:80:14: warning: unused variable 'value' [-Wunused-variable]
   80 |         long value;
      |              ^~~~~
make: *** [Core/Src/subdir.mk:44: Core/Src/prj_disp.o] Error 1
"make -j8 all" terminated with exit code 2. Build might be incomplete.
18:00:12 **** Incremental Build of configuration Debug for project Test ****
make -j8 all 
arm-none-eabi-g++ "../Core/Src/prj_disp.cpp" -mcpu=cortex-m0 -std=gnu++14 -g3 -DDEBUG -DUSE_HAL_DRIVER -DSTM32F030x8 -c -I../Core/Inc -I"C:/Users/Dr. S Chakraborty/OneDrive/Desktop/STM32_Dispenser/Test/lib" -I../Drivers/STM32F0xx_HAL_Driver/Inc -I../Drivers/STM32F0xx_HAL_Driver/Inc/Legacy -I../Drivers/CMSIS/Device/ST/STM32F0xx/Include -I../Drivers/CMSIS/Include -O0 -ffunction-sections -fdata-sections -fno-exceptions -fno-rtti -fno-use-cxa-atexit -Wall -fstack-usage -fcyclomatic-complexity -MMD -MP -MF"Core/Src/prj_disp.d" -MT"Core/Src/prj_disp.o" --specs=nano.specs -mfloat-abi=soft -mthumb -o "Core/Src/prj_disp.o"
../Core/Src/prj_disp.cpp: In function 'void prj_Disp_init()':
../Core/Src/prj_disp.cpp:71:29: error: expected unqualified-id before '=' token
   71 |                 unsigned int=hx.Get_Raw();
      |                             ^
../Core/Src/prj_disp.cpp:73:29: error: invalid conversion from 'long int' to 'const char*' [-fpermissive]
   73 |                 debug.print(value);
      |                             ^~~~~
      |                             |
      |                             long int
In file included from ../Core/Src/prj_disp.cpp:4:
C:/Users/Dr. S Chakraborty/OneDrive/Desktop/STM32_Dispenser/Test/lib/Debug/Debug.h:12:28: note:   initializing argument 1 of 'void Debug::print(const char*, ...)'
   12 |     void print(const char* format, ...);
      |                ~~~~~~~~~~~~^~~~~~
../Core/Src/prj_disp.cpp: In function 'void process_Real_Hardware()':
../Core/Src/prj_disp.cpp:80:14: warning: unused variable 'value' [-Wunused-variable]
   80 |         long value;
      |              ^~~~~
make: *** [Core/Src/subdir.mk:44: Core/Src/prj_disp.o] Error 1
"make -j8 all" terminated with exit code 2. Build might be incomplete.
19:40:10 **** Incremental Build of configuration Debug for project Test ****
make -j8 all 
arm-none-eabi-g++ "../Core/Src/prj_disp.cpp" -mcpu=cortex-m0 -std=gnu++14 -g3 -DDEBUG -DUSE_HAL_DRIVER -DSTM32F030x8 -c -I../Core/Inc -I"C:/Users/Dr. S Chakraborty/OneDrive/Desktop/STM32_Dispenser/Test/lib" -I../Drivers/STM32F0xx_HAL_Driver/Inc -I../Drivers/STM32F0xx_HAL_Driver/Inc/Legacy -I../Drivers/CMSIS/Device/ST/STM32F0xx/Include -I../Drivers/CMSIS/Include -O0 -ffunction-sections -fdata-sections -fno-exceptions -fno-rtti -fno-use-cxa-atexit -Wall -fstack-usage -fcyclomatic-complexity -MMD -MP -MF"Core/Src/prj_disp.d" -MT"Core/Src/prj_disp.o" --specs=nano.specs -mfloat-abi=soft -mthumb -o "Core/Src/prj_disp.o"
../Core/Src/prj_disp.cpp: In function 'void prj_Disp_init()':
../Core/Src/prj_disp.cpp:74:29: error: invalid conversion from 'long int' to 'const char*' [-fpermissive]
   74 |                 debug.print(value);
      |                             ^~~~~
      |                             |
      |                             long int
In file included from ../Core/Src/prj_disp.cpp:4:
C:/Users/Dr. S Chakraborty/OneDrive/Desktop/STM32_Dispenser/Test/lib/Debug/Debug.h:12:28: note:   initializing argument 1 of 'void Debug::print(const char*, ...)'
   12 |     void print(const char* format, ...);
      |                ~~~~~~~~~~~~^~~~~~
../Core/Src/prj_disp.cpp: In function 'void process_Real_Hardware()':
../Core/Src/prj_disp.cpp:81:14: warning: unused variable 'value' [-Wunused-variable]
   81 |         long value;
      |              ^~~~~
make: *** [Core/Src/subdir.mk:44: Core/Src/prj_disp.o] Error 1
"make -j8 all" terminated with exit code 2. Build might be incomplete.
19:41:41 **** Incremental Build of configuration Debug for project Test ****
make -j8 all 
arm-none-eabi-g++ "../Core/Src/prj_disp.cpp" -mcpu=cortex-m0 -std=gnu++14 -g3 -DDEBUG -DUSE_HAL_DRIVER -DSTM32F030x8 -c -I../Core/Inc -I"C:/Users/Dr. S Chakraborty/OneDrive/Desktop/STM32_Dispenser/Test/lib" -I../Drivers/STM32F0xx_HAL_Driver/Inc -I../Drivers/STM32F0xx_HAL_Driver/Inc/Legacy -I../Drivers/CMSIS/Device/ST/STM32F0xx/Include -I../Drivers/CMSIS/Include -O0 -ffunction-sections -fdata-sections -fno-exceptions -fno-rtti -fno-use-cxa-atexit -Wall -fstack-usage -fcyclomatic-complexity -MMD -MP -MF"Core/Src/prj_disp.d" -MT"Core/Src/prj_disp.o" --specs=nano.specs -mfloat-abi=soft -mthumb -o "Core/Src/prj_disp.o"
../Core/Src/prj_disp.cpp: In function 'void process_Real_Hardware()':
../Core/Src/prj_disp.cpp:81:14: warning: unused variable 'value' [-Wunused-variable]
   81 |         long value;
      |              ^~~~~
arm-none-eabi-g++ -o "Test.elf" @"objects.list"   -mcpu=cortex-m0 -T"C:\Users\Dr. S Chakraborty\OneDrive\Desktop\STM32_Dispenser\Test\STM32F030C8TX_FLASH.ld" --specs=nosys.specs -Wl,-Map="Test.map" -Wl,--gc-sections -static --specs=nano.specs -mfloat-abi=soft -mthumb -Wl,--start-group -lc -lm -lstdc++ -lsupc++ -Wl,--end-group
Finished building target: Test.elf
 
arm-none-eabi-size  Test.elf 
arm-none-eabi-objdump -h -S Test.elf  > "Test.list"
   text	   data	    bss	    dec	    hex	filename
  21144	     92	   2508	  23744	   5cc0	Test.elf
Finished building: default.size.stdout
 
Finished building: Test.list
 
19:42:20 **** Incremental Build of configuration Debug for project Test ****
make -j8 all 
arm-none-eabi-size  Test.elf 
   text	   data	    bss	    dec	    hex	filename
  21144	     92	   2508	  23744	   5cc0	Test.elf
Finished building: default.size.stdout
 
19:46:13 **** Incremental Build of configuration Debug for project Test ****
make -j8 all 
arm-none-eabi-g++ "../Core/Src/prj_disp.cpp" -mcpu=cortex-m0 -std=gnu++14 -g3 -DDEBUG -DUSE_HAL_DRIVER -DSTM32F030x8 -c -I../Core/Inc -I"C:/Users/Dr. S Chakraborty/OneDrive/Desktop/STM32_Dispenser/Test/lib" -I../Drivers/STM32F0xx_HAL_Driver/Inc -I../Drivers/STM32F0xx_HAL_Driver/Inc/Legacy -I../Drivers/CMSIS/Device/ST/STM32F0xx/Include -I../Drivers/CMSIS/Include -O0 -ffunction-sections -fdata-sections -fno-exceptions -fno-rtti -fno-use-cxa-atexit -Wall -fstack-usage -fcyclomatic-complexity -MMD -MP -MF"Core/Src/prj_disp.d" -MT"Core/Src/prj_disp.o" --specs=nano.specs -mfloat-abi=soft -mthumb -o "Core/Src/prj_disp.o"
../Core/Src/prj_disp.cpp: In function 'void process_Real_Hardware()':
../Core/Src/prj_disp.cpp:81:14: warning: unused variable 'value' [-Wunused-variable]
   81 |         long value;
      |              ^~~~~
arm-none-eabi-g++ -o "Test.elf" @"objects.list"   -mcpu=cortex-m0 -T"C:\Users\Dr. S Chakraborty\OneDrive\Desktop\STM32_Dispenser\Test\STM32F030C8TX_FLASH.ld" --specs=nosys.specs -Wl,-Map="Test.map" -Wl,--gc-sections -static --specs=nano.specs -mfloat-abi=soft -mthumb -Wl,--start-group -lc -lm -lstdc++ -lsupc++ -Wl,--end-group
Finished building target: Test.elf
 
arm-none-eabi-size  Test.elf 
arm-none-eabi-objdump -h -S Test.elf  > "Test.list"
   text	   data	    bss	    dec	    hex	filename
  21152	     92	   2508	  23752	   5cc8	Test.elf
Finished building: default.size.stdout
 
Finished building: Test.list
 
20:22:02 **** Incremental Build of configuration Debug for project Test ****
make -j8 all 
arm-none-eabi-g++ "../Core/Src/prj_disp.cpp" -mcpu=cortex-m0 -std=gnu++14 -g3 -DDEBUG -DUSE_HAL_DRIVER -DSTM32F030x8 -c -I../Core/Inc -I"C:/Users/Dr. S Chakraborty/OneDrive/Desktop/STM32_Dispenser/Test/lib" -I../Drivers/STM32F0xx_HAL_Driver/Inc -I../Drivers/STM32F0xx_HAL_Driver/Inc/Legacy -I../Drivers/CMSIS/Device/ST/STM32F0xx/Include -I../Drivers/CMSIS/Include -O0 -ffunction-sections -fdata-sections -fno-exceptions -fno-rtti -fno-use-cxa-atexit -Wall -fstack-usage -fcyclomatic-complexity -MMD -MP -MF"Core/Src/prj_disp.d" -MT"Core/Src/prj_disp.o" --specs=nano.specs -mfloat-abi=soft -mthumb -o "Core/Src/prj_disp.o"
../Core/Src/prj_disp.cpp: In function 'void process_Real_Hardware()':
../Core/Src/prj_disp.cpp:81:14: warning: unused variable 'value' [-Wunused-variable]
   81 |         long value;
      |              ^~~~~
arm-none-eabi-g++ -o "Test.elf" @"objects.list"   -mcpu=cortex-m0 -T"C:\Users\Dr. S Chakraborty\OneDrive\Desktop\STM32_Dispenser\Test\STM32F030C8TX_FLASH.ld" --specs=nosys.specs -Wl,-Map="Test.map" -Wl,--gc-sections -static --specs=nano.specs -mfloat-abi=soft -mthumb -Wl,--start-group -lc -lm -lstdc++ -lsupc++ -Wl,--end-group
Finished building target: Test.elf
 
arm-none-eabi-size  Test.elf 
arm-none-eabi-objdump -h -S Test.elf  > "Test.list"
   text	   data	    bss	    dec	    hex	filename
  21156	     92	   2508	  23756	   5ccc	Test.elf
Finished building: default.size.stdout
 
Finished building: Test.list
 
20:23:41 **** Incremental Build of configuration Debug for project Test ****
make -j8 all 
arm-none-eabi-g++ "../Core/Src/prj_disp.cpp" -mcpu=cortex-m0 -std=gnu++14 -g3 -DDEBUG -DUSE_HAL_DRIVER -DSTM32F030x8 -c -I../Core/Inc -I"C:/Users/Dr. S Chakraborty/OneDrive/Desktop/STM32_Dispenser/Test/lib" -I../Drivers/STM32F0xx_HAL_Driver/Inc -I../Drivers/STM32F0xx_HAL_Driver/Inc/Legacy -I../Drivers/CMSIS/Device/ST/STM32F0xx/Include -I../Drivers/CMSIS/Include -O0 -ffunction-sections -fdata-sections -fno-exceptions -fno-rtti -fno-use-cxa-atexit -Wall -fstack-usage -fcyclomatic-complexity -MMD -MP -MF"Core/Src/prj_disp.d" -MT"Core/Src/prj_disp.o" --specs=nano.specs -mfloat-abi=soft -mthumb -o "Core/Src/prj_disp.o"
../Core/Src/prj_disp.cpp: In function 'void prj_Disp_init()':
../Core/Src/prj_disp.cpp:72:9: error: 'ReadRaw' was not declared in this scope
   72 |         ReadRaw(value);
      |         ^~~~~~~
../Core/Src/prj_disp.cpp: In function 'void process_Real_Hardware()':
../Core/Src/prj_disp.cpp:82:14: warning: unused variable 'value' [-Wunused-variable]
   82 |         long value;
      |              ^~~~~
make: *** [Core/Src/subdir.mk:44: Core/Src/prj_disp.o] Error 1
"make -j8 all" terminated with exit code 2. Build might be incomplete.
20:23:56 **** Incremental Build of configuration Debug for project Test ****
make -j8 all 
arm-none-eabi-g++ "../Core/Src/prj_disp.cpp" -mcpu=cortex-m0 -std=gnu++14 -g3 -DDEBUG -DUSE_HAL_DRIVER -DSTM32F030x8 -c -I../Core/Inc -I"C:/Users/Dr. S Chakraborty/OneDrive/Desktop/STM32_Dispenser/Test/lib" -I../Drivers/STM32F0xx_HAL_Driver/Inc -I../Drivers/STM32F0xx_HAL_Driver/Inc/Legacy -I../Drivers/CMSIS/Device/ST/STM32F0xx/Include -I../Drivers/CMSIS/Include -O0 -ffunction-sections -fdata-sections -fno-exceptions -fno-rtti -fno-use-cxa-atexit -Wall -fstack-usage -fcyclomatic-complexity -MMD -MP -MF"Core/Src/prj_disp.d" -MT"Core/Src/prj_disp.o" --specs=nano.specs -mfloat-abi=soft -mthumb -o "Core/Src/prj_disp.o"
../Core/Src/prj_disp.cpp: In function 'void process_Real_Hardware()':
../Core/Src/prj_disp.cpp:82:14: warning: unused variable 'value' [-Wunused-variable]
   82 |         long value;
      |              ^~~~~
arm-none-eabi-g++ -o "Test.elf" @"objects.list"   -mcpu=cortex-m0 -T"C:\Users\Dr. S Chakraborty\OneDrive\Desktop\STM32_Dispenser\Test\STM32F030C8TX_FLASH.ld" --specs=nosys.specs -Wl,-Map="Test.map" -Wl,--gc-sections -static --specs=nano.specs -mfloat-abi=soft -mthumb -Wl,--start-group -lc -lm -lstdc++ -lsupc++ -Wl,--end-group
Finished building target: Test.elf
 
arm-none-eabi-size  Test.elf 
arm-none-eabi-objdump -h -S Test.elf  > "Test.list"
   text	   data	    bss	    dec	    hex	filename
  21220	     92	   2508	  23820	   5d0c	Test.elf
Finished building: default.size.stdout
 
Finished building: Test.list
 
20:24:49 **** Incremental Build of configuration Debug for project Test ****
make -j8 all 
arm-none-eabi-g++ "../lib/HX711/HX711.cpp" -mcpu=cortex-m0 -std=gnu++14 -g3 -DDEBUG -DUSE_HAL_DRIVER -DSTM32F030x8 -c -I../Core/Inc -I"C:/Users/Dr. S Chakraborty/OneDrive/Desktop/STM32_Dispenser/Test/lib" -I../Drivers/STM32F0xx_HAL_Driver/Inc -I../Drivers/STM32F0xx_HAL_Driver/Inc/Legacy -I../Drivers/CMSIS/Device/ST/STM32F0xx/Include -I../Drivers/CMSIS/Include -O0 -ffunction-sections -fdata-sections -fno-exceptions -fno-rtti -fno-use-cxa-atexit -Wall -fstack-usage -fcyclomatic-complexity -MMD -MP -MF"lib/HX711/HX711.d" -MT"lib/HX711/HX711.o" --specs=nano.specs -mfloat-abi=soft -mthumb -o "lib/HX711/HX711.o"
arm-none-eabi-g++ -o "Test.elf" @"objects.list"   -mcpu=cortex-m0 -T"C:\Users\Dr. S Chakraborty\OneDrive\Desktop\STM32_Dispenser\Test\STM32F030C8TX_FLASH.ld" --specs=nosys.specs -Wl,-Map="Test.map" -Wl,--gc-sections -static --specs=nano.specs -mfloat-abi=soft -mthumb -Wl,--start-group -lc -lm -lstdc++ -lsupc++ -Wl,--end-group
Finished building target: Test.elf
 
arm-none-eabi-size  Test.elf 
arm-none-eabi-objdump -h -S Test.elf  > "Test.list"
   text	   data	    bss	    dec	    hex	filename
  21252	     92	   2508	  23852	   5d2c	Test.elf
Finished building: default.size.stdout
 
Finished building: Test.list
 
20:25:14 **** Incremental Build of configuration Debug for project Test ****
make -j8 all 
arm-none-eabi-g++ "../Core/Src/prj_disp.cpp" -mcpu=cortex-m0 -std=gnu++14 -g3 -DDEBUG -DUSE_HAL_DRIVER -DSTM32F030x8 -c -I../Core/Inc -I"C:/Users/Dr. S Chakraborty/OneDrive/Desktop/STM32_Dispenser/Test/lib" -I../Drivers/STM32F0xx_HAL_Driver/Inc -I../Drivers/STM32F0xx_HAL_Driver/Inc/Legacy -I../Drivers/CMSIS/Device/ST/STM32F0xx/Include -I../Drivers/CMSIS/Include -O0 -ffunction-sections -fdata-sections -fno-exceptions -fno-rtti -fno-use-cxa-atexit -Wall -fstack-usage -fcyclomatic-complexity -MMD -MP -MF"Core/Src/prj_disp.d" -MT"Core/Src/prj_disp.o" --specs=nano.specs -mfloat-abi=soft -mthumb -o "Core/Src/prj_disp.o"
../Core/Src/prj_disp.cpp: In function 'void process_Real_Hardware()':
../Core/Src/prj_disp.cpp:82:14: warning: unused variable 'value' [-Wunused-variable]
   82 |         long value;
      |              ^~~~~
arm-none-eabi-g++ -o "Test.elf" @"objects.list"   -mcpu=cortex-m0 -T"C:\Users\Dr. S Chakraborty\OneDrive\Desktop\STM32_Dispenser\Test\STM32F030C8TX_FLASH.ld" --specs=nosys.specs -Wl,-Map="Test.map" -Wl,--gc-sections -static --specs=nano.specs -mfloat-abi=soft -mthumb -Wl,--start-group -lc -lm -lstdc++ -lsupc++ -Wl,--end-group
Finished building target: Test.elf
 
arm-none-eabi-size  Test.elf 
arm-none-eabi-objdump -h -S Test.elf  > "Test.list"
   text	   data	    bss	    dec	    hex	filename
  21248	     92	   2508	  23848	   5d28	Test.elf
Finished building: default.size.stdout
 
Finished building: Test.list
 
20:28:00 **** Incremental Build of configuration Debug for project Test ****
make -j8 all 
arm-none-eabi-g++ "../lib/HX711/HX711.cpp" -mcpu=cortex-m0 -std=gnu++14 -g3 -DDEBUG -DUSE_HAL_DRIVER -DSTM32F030x8 -c -I../Core/Inc -I"C:/Users/Dr. S Chakraborty/OneDrive/Desktop/STM32_Dispenser/Test/lib" -I../Drivers/STM32F0xx_HAL_Driver/Inc -I../Drivers/STM32F0xx_HAL_Driver/Inc/Legacy -I../Drivers/CMSIS/Device/ST/STM32F0xx/Include -I../Drivers/CMSIS/Include -O0 -ffunction-sections -fdata-sections -fno-exceptions -fno-rtti -fno-use-cxa-atexit -Wall -fstack-usage -fcyclomatic-complexity -MMD -MP -MF"lib/HX711/HX711.d" -MT"lib/HX711/HX711.o" --specs=nano.specs -mfloat-abi=soft -mthumb -o "lib/HX711/HX711.o"
arm-none-eabi-g++ -o "Test.elf" @"objects.list"   -mcpu=cortex-m0 -T"C:\Users\Dr. S Chakraborty\OneDrive\Desktop\STM32_Dispenser\Test\STM32F030C8TX_FLASH.ld" --specs=nosys.specs -Wl,-Map="Test.map" -Wl,--gc-sections -static --specs=nano.specs -mfloat-abi=soft -mthumb -Wl,--start-group -lc -lm -lstdc++ -lsupc++ -Wl,--end-group
Finished building target: Test.elf
 
arm-none-eabi-size  Test.elf 
arm-none-eabi-objdump -h -S Test.elf  > "Test.list"
   text	   data	    bss	    dec	    hex	filename
  21264	     92	   2508	  23864	   5d38	Test.elf
Finished building: default.size.stdout
 
Finished building: Test.list
 
20:31:04 **** Incremental Build of configuration Debug for project Test ****
make -j8 all 
arm-none-eabi-g++ "../lib/HX711/HX711.cpp" -mcpu=cortex-m0 -std=gnu++14 -g3 -DDEBUG -DUSE_HAL_DRIVER -DSTM32F030x8 -c -I../Core/Inc -I"C:/Users/Dr. S Chakraborty/OneDrive/Desktop/STM32_Dispenser/Test/lib" -I../Drivers/STM32F0xx_HAL_Driver/Inc -I../Drivers/STM32F0xx_HAL_Driver/Inc/Legacy -I../Drivers/CMSIS/Device/ST/STM32F0xx/Include -I../Drivers/CMSIS/Include -O0 -ffunction-sections -fdata-sections -fno-exceptions -fno-rtti -fno-use-cxa-atexit -Wall -fstack-usage -fcyclomatic-complexity -MMD -MP -MF"lib/HX711/HX711.d" -MT"lib/HX711/HX711.o" --specs=nano.specs -mfloat-abi=soft -mthumb -o "lib/HX711/HX711.o"
arm-none-eabi-g++ -o "Test.elf" @"objects.list"   -mcpu=cortex-m0 -T"C:\Users\Dr. S Chakraborty\OneDrive\Desktop\STM32_Dispenser\Test\STM32F030C8TX_FLASH.ld" --specs=nosys.specs -Wl,-Map="Test.map" -Wl,--gc-sections -static --specs=nano.specs -mfloat-abi=soft -mthumb -Wl,--start-group -lc -lm -lstdc++ -lsupc++ -Wl,--end-group
Finished building target: Test.elf
 
arm-none-eabi-size  Test.elf 
arm-none-eabi-objdump -h -S Test.elf  > "Test.list"
   text	   data	    bss	    dec	    hex	filename
  21264	     92	   2508	  23864	   5d38	Test.elf
Finished building: default.size.stdout
 
Finished building: Test.list
 
20:41:01 **** Incremental Build of configuration Debug for project Test ****
make -j8 all 
arm-none-eabi-g++ "../Core/Src/prj_disp.cpp" -mcpu=cortex-m0 -std=gnu++14 -g3 -DDEBUG -DUSE_HAL_DRIVER -DSTM32F030x8 -c -I../Core/Inc -I"C:/Users/Dr. S Chakraborty/OneDrive/Desktop/STM32_Dispenser/Test/lib" -I../Drivers/STM32F0xx_HAL_Driver/Inc -I../Drivers/STM32F0xx_HAL_Driver/Inc/Legacy -I../Drivers/CMSIS/Device/ST/STM32F0xx/Include -I../Drivers/CMSIS/Include -O0 -ffunction-sections -fdata-sections -fno-exceptions -fno-rtti -fno-use-cxa-atexit -Wall -fstack-usage -fcyclomatic-complexity -MMD -MP -MF"Core/Src/prj_disp.d" -MT"Core/Src/prj_disp.o" --specs=nano.specs -mfloat-abi=soft -mthumb -o "Core/Src/prj_disp.o"
../Core/Src/prj_disp.cpp: In function 'void process_Real_Hardware()':
../Core/Src/prj_disp.cpp:82:14: warning: unused variable 'value' [-Wunused-variable]
   82 |         long value;
      |              ^~~~~
arm-none-eabi-g++ -o "Test.elf" @"objects.list"   -mcpu=cortex-m0 -T"C:\Users\Dr. S Chakraborty\OneDrive\Desktop\STM32_Dispenser\Test\STM32F030C8TX_FLASH.ld" --specs=nosys.specs -Wl,-Map="Test.map" -Wl,--gc-sections -static --specs=nano.specs -mfloat-abi=soft -mthumb -Wl,--start-group -lc -lm -lstdc++ -lsupc++ -Wl,--end-group
Finished building target: Test.elf
 
arm-none-eabi-size  Test.elf 
arm-none-eabi-objdump -h -S Test.elf  > "Test.list"
   text	   data	    bss	    dec	    hex	filename
  21152	     92	   2508	  23752	   5cc8	Test.elf
Finished building: default.size.stdout
 
Finished building: Test.list
 
20:43:11 **** Incremental Build of configuration Debug for project Test ****
make -j8 all 
arm-none-eabi-g++ "../lib/HX711/HX711.cpp" -mcpu=cortex-m0 -std=gnu++14 -g3 -DDEBUG -DUSE_HAL_DRIVER -DSTM32F030x8 -c -I../Core/Inc -I"C:/Users/Dr. S Chakraborty/OneDrive/Desktop/STM32_Dispenser/Test/lib" -I../Drivers/STM32F0xx_HAL_Driver/Inc -I../Drivers/STM32F0xx_HAL_Driver/Inc/Legacy -I../Drivers/CMSIS/Device/ST/STM32F0xx/Include -I../Drivers/CMSIS/Include -O0 -ffunction-sections -fdata-sections -fno-exceptions -fno-rtti -fno-use-cxa-atexit -Wall -fstack-usage -fcyclomatic-complexity -MMD -MP -MF"lib/HX711/HX711.d" -MT"lib/HX711/HX711.o" --specs=nano.specs -mfloat-abi=soft -mthumb -o "lib/HX711/HX711.o"
arm-none-eabi-g++ -o "Test.elf" @"objects.list"   -mcpu=cortex-m0 -T"C:\Users\Dr. S Chakraborty\OneDrive\Desktop\STM32_Dispenser\Test\STM32F030C8TX_FLASH.ld" --specs=nosys.specs -Wl,-Map="Test.map" -Wl,--gc-sections -static --specs=nano.specs -mfloat-abi=soft -mthumb -Wl,--start-group -lc -lm -lstdc++ -lsupc++ -Wl,--end-group
Finished building target: Test.elf
 
arm-none-eabi-size  Test.elf 
arm-none-eabi-objdump -h -S Test.elf  > "Test.list"
   text	   data	    bss	    dec	    hex	filename
  21176	     92	   2508	  23776	   5ce0	Test.elf
Finished building: default.size.stdout
 
Finished building: Test.list
 
20:44:05 **** Incremental Build of configuration Debug for project Test ****
make -j8 all 
arm-none-eabi-g++ "../lib/HX711/HX711.cpp" -mcpu=cortex-m0 -std=gnu++14 -g3 -DDEBUG -DUSE_HAL_DRIVER -DSTM32F030x8 -c -I../Core/Inc -I"C:/Users/Dr. S Chakraborty/OneDrive/Desktop/STM32_Dispenser/Test/lib" -I../Drivers/STM32F0xx_HAL_Driver/Inc -I../Drivers/STM32F0xx_HAL_Driver/Inc/Legacy -I../Drivers/CMSIS/Device/ST/STM32F0xx/Include -I../Drivers/CMSIS/Include -O0 -ffunction-sections -fdata-sections -fno-exceptions -fno-rtti -fno-use-cxa-atexit -Wall -fstack-usage -fcyclomatic-complexity -MMD -MP -MF"lib/HX711/HX711.d" -MT"lib/HX711/HX711.o" --specs=nano.specs -mfloat-abi=soft -mthumb -o "lib/HX711/HX711.o"
arm-none-eabi-g++ -o "Test.elf" @"objects.list"   -mcpu=cortex-m0 -T"C:\Users\Dr. S Chakraborty\OneDrive\Desktop\STM32_Dispenser\Test\STM32F030C8TX_FLASH.ld" --specs=nosys.specs -Wl,-Map="Test.map" -Wl,--gc-sections -static --specs=nano.specs -mfloat-abi=soft -mthumb -Wl,--start-group -lc -lm -lstdc++ -lsupc++ -Wl,--end-group
Finished building target: Test.elf
 
arm-none-eabi-size  Test.elf 
arm-none-eabi-objdump -h -S Test.elf  > "Test.list"
   text	   data	    bss	    dec	    hex	filename
  21176	     92	   2508	  23776	   5ce0	Test.elf
Finished building: default.size.stdout
 
Finished building: Test.list
 
20:44:59 **** Incremental Build of configuration Debug for project Test ****
make -j8 all 
arm-none-eabi-g++ "../lib/HX711/HX711.cpp" -mcpu=cortex-m0 -std=gnu++14 -g3 -DDEBUG -DUSE_HAL_DRIVER -DSTM32F030x8 -c -I../Core/Inc -I"C:/Users/Dr. S Chakraborty/OneDrive/Desktop/STM32_Dispenser/Test/lib" -I../Drivers/STM32F0xx_HAL_Driver/Inc -I../Drivers/STM32F0xx_HAL_Driver/Inc/Legacy -I../Drivers/CMSIS/Device/ST/STM32F0xx/Include -I../Drivers/CMSIS/Include -O0 -ffunction-sections -fdata-sections -fno-exceptions -fno-rtti -fno-use-cxa-atexit -Wall -fstack-usage -fcyclomatic-complexity -MMD -MP -MF"lib/HX711/HX711.d" -MT"lib/HX711/HX711.o" --specs=nano.specs -mfloat-abi=soft -mthumb -o "lib/HX711/HX711.o"
arm-none-eabi-g++ -o "Test.elf" @"objects.list"   -mcpu=cortex-m0 -T"C:\Users\Dr. S Chakraborty\OneDrive\Desktop\STM32_Dispenser\Test\STM32F030C8TX_FLASH.ld" --specs=nosys.specs -Wl,-Map="Test.map" -Wl,--gc-sections -static --specs=nano.specs -mfloat-abi=soft -mthumb -Wl,--start-group -lc -lm -lstdc++ -lsupc++ -Wl,--end-group
Finished building target: Test.elf
 
arm-none-eabi-size  Test.elf 
arm-none-eabi-objdump -h -S Test.elf  > "Test.list"
   text	   data	    bss	    dec	    hex	filename
  21168	     92	   2508	  23768	   5cd8	Test.elf
Finished building: default.size.stdout
 
Finished building: Test.list
 
20:45:57 **** Incremental Build of configuration Debug for project Test ****
make -j8 all 
arm-none-eabi-g++ "../lib/HX711/HX711.cpp" -mcpu=cortex-m0 -std=gnu++14 -g3 -DDEBUG -DUSE_HAL_DRIVER -DSTM32F030x8 -c -I../Core/Inc -I"C:/Users/Dr. S Chakraborty/OneDrive/Desktop/STM32_Dispenser/Test/lib" -I../Drivers/STM32F0xx_HAL_Driver/Inc -I../Drivers/STM32F0xx_HAL_Driver/Inc/Legacy -I../Drivers/CMSIS/Device/ST/STM32F0xx/Include -I../Drivers/CMSIS/Include -O0 -ffunction-sections -fdata-sections -fno-exceptions -fno-rtti -fno-use-cxa-atexit -Wall -fstack-usage -fcyclomatic-complexity -MMD -MP -MF"lib/HX711/HX711.d" -MT"lib/HX711/HX711.o" --specs=nano.specs -mfloat-abi=soft -mthumb -o "lib/HX711/HX711.o"
arm-none-eabi-g++ -o "Test.elf" @"objects.list"   -mcpu=cortex-m0 -T"C:\Users\Dr. S Chakraborty\OneDrive\Desktop\STM32_Dispenser\Test\STM32F030C8TX_FLASH.ld" --specs=nosys.specs -Wl,-Map="Test.map" -Wl,--gc-sections -static --specs=nano.specs -mfloat-abi=soft -mthumb -Wl,--start-group -lc -lm -lstdc++ -lsupc++ -Wl,--end-group
Finished building target: Test.elf
 
arm-none-eabi-size  Test.elf 
arm-none-eabi-objdump -h -S Test.elf  > "Test.list"
   text	   data	    bss	    dec	    hex	filename
  21168	     92	   2508	  23768	   5cd8	Test.elf
Finished building: default.size.stdout
 
Finished building: Test.list
 
20:46:37 **** Incremental Build of configuration Debug for project Test ****
make -j8 all 
arm-none-eabi-g++ "../lib/HX711/HX711.cpp" -mcpu=cortex-m0 -std=gnu++14 -g3 -DDEBUG -DUSE_HAL_DRIVER -DSTM32F030x8 -c -I../Core/Inc -I"C:/Users/Dr. S Chakraborty/OneDrive/Desktop/STM32_Dispenser/Test/lib" -I../Drivers/STM32F0xx_HAL_Driver/Inc -I../Drivers/STM32F0xx_HAL_Driver/Inc/Legacy -I../Drivers/CMSIS/Device/ST/STM32F0xx/Include -I../Drivers/CMSIS/Include -O0 -ffunction-sections -fdata-sections -fno-exceptions -fno-rtti -fno-use-cxa-atexit -Wall -fstack-usage -fcyclomatic-complexity -MMD -MP -MF"lib/HX711/HX711.d" -MT"lib/HX711/HX711.o" --specs=nano.specs -mfloat-abi=soft -mthumb -o "lib/HX711/HX711.o"
arm-none-eabi-g++ -o "Test.elf" @"objects.list"   -mcpu=cortex-m0 -T"C:\Users\Dr. S Chakraborty\OneDrive\Desktop\STM32_Dispenser\Test\STM32F030C8TX_FLASH.ld" --specs=nosys.specs -Wl,-Map="Test.map" -Wl,--gc-sections -static --specs=nano.specs -mfloat-abi=soft -mthumb -Wl,--start-group -lc -lm -lstdc++ -lsupc++ -Wl,--end-group
Finished building target: Test.elf
 
arm-none-eabi-size  Test.elf 
arm-none-eabi-objdump -h -S Test.elf  > "Test.list"
   text	   data	    bss	    dec	    hex	filename
  21164	     92	   2508	  23764	   5cd4	Test.elf
Finished building: default.size.stdout
 
Finished building: Test.list
 
20:47:16 **** Incremental Build of configuration Debug for project Test ****
make -j8 all 
arm-none-eabi-g++ "../lib/HX711/HX711.cpp" -mcpu=cortex-m0 -std=gnu++14 -g3 -DDEBUG -DUSE_HAL_DRIVER -DSTM32F030x8 -c -I../Core/Inc -I"C:/Users/Dr. S Chakraborty/OneDrive/Desktop/STM32_Dispenser/Test/lib" -I../Drivers/STM32F0xx_HAL_Driver/Inc -I../Drivers/STM32F0xx_HAL_Driver/Inc/Legacy -I../Drivers/CMSIS/Device/ST/STM32F0xx/Include -I../Drivers/CMSIS/Include -O0 -ffunction-sections -fdata-sections -fno-exceptions -fno-rtti -fno-use-cxa-atexit -Wall -fstack-usage -fcyclomatic-complexity -MMD -MP -MF"lib/HX711/HX711.d" -MT"lib/HX711/HX711.o" --specs=nano.specs -mfloat-abi=soft -mthumb -o "lib/HX711/HX711.o"
arm-none-eabi-g++ -o "Test.elf" @"objects.list"   -mcpu=cortex-m0 -T"C:\Users\Dr. S Chakraborty\OneDrive\Desktop\STM32_Dispenser\Test\STM32F030C8TX_FLASH.ld" --specs=nosys.specs -Wl,-Map="Test.map" -Wl,--gc-sections -static --specs=nano.specs -mfloat-abi=soft -mthumb -Wl,--start-group -lc -lm -lstdc++ -lsupc++ -Wl,--end-group
Finished building target: Test.elf
 
arm-none-eabi-size  Test.elf 
arm-none-eabi-objdump -h -S Test.elf  > "Test.list"
   text	   data	    bss	    dec	    hex	filename
  21156	     92	   2508	  23756	   5ccc	Test.elf
Finished building: default.size.stdout
 
Finished building: Test.list
 
20:49:11 **** Incremental Build of configuration Debug for project Test ****
make -j8 all 
arm-none-eabi-g++ "../lib/HX711/HX711.cpp" -mcpu=cortex-m0 -std=gnu++14 -g3 -DDEBUG -DUSE_HAL_DRIVER -DSTM32F030x8 -c -I../Core/Inc -I"C:/Users/Dr. S Chakraborty/OneDrive/Desktop/STM32_Dispenser/Test/lib" -I../Drivers/STM32F0xx_HAL_Driver/Inc -I../Drivers/STM32F0xx_HAL_Driver/Inc/Legacy -I../Drivers/CMSIS/Device/ST/STM32F0xx/Include -I../Drivers/CMSIS/Include -O0 -ffunction-sections -fdata-sections -fno-exceptions -fno-rtti -fno-use-cxa-atexit -Wall -fstack-usage -fcyclomatic-complexity -MMD -MP -MF"lib/HX711/HX711.d" -MT"lib/HX711/HX711.o" --specs=nano.specs -mfloat-abi=soft -mthumb -o "lib/HX711/HX711.o"
arm-none-eabi-g++ -o "Test.elf" @"objects.list"   -mcpu=cortex-m0 -T"C:\Users\Dr. S Chakraborty\OneDrive\Desktop\STM32_Dispenser\Test\STM32F030C8TX_FLASH.ld" --specs=nosys.specs -Wl,-Map="Test.map" -Wl,--gc-sections -static --specs=nano.specs -mfloat-abi=soft -mthumb -Wl,--start-group -lc -lm -lstdc++ -lsupc++ -Wl,--end-group
Finished building target: Test.elf
 
arm-none-eabi-size  Test.elf 
arm-none-eabi-objdump -h -S Test.elf  > "Test.list"
   text	   data	    bss	    dec	    hex	filename
  21256	     92	   2508	  23856	   5d30	Test.elf
Finished building: default.size.stdout
 
Finished building: Test.list
 
20:50:55 **** Incremental Build of configuration Debug for project Test ****
make -j8 all 
arm-none-eabi-g++ "../lib/HX711/HX711.cpp" -mcpu=cortex-m0 -std=gnu++14 -g3 -DDEBUG -DUSE_HAL_DRIVER -DSTM32F030x8 -c -I../Core/Inc -I"C:/Users/Dr. S Chakraborty/OneDrive/Desktop/STM32_Dispenser/Test/lib" -I../Drivers/STM32F0xx_HAL_Driver/Inc -I../Drivers/STM32F0xx_HAL_Driver/Inc/Legacy -I../Drivers/CMSIS/Device/ST/STM32F0xx/Include -I../Drivers/CMSIS/Include -O0 -ffunction-sections -fdata-sections -fno-exceptions -fno-rtti -fno-use-cxa-atexit -Wall -fstack-usage -fcyclomatic-complexity -MMD -MP -MF"lib/HX711/HX711.d" -MT"lib/HX711/HX711.o" --specs=nano.specs -mfloat-abi=soft -mthumb -o "lib/HX711/HX711.o"
arm-none-eabi-g++ -o "Test.elf" @"objects.list"   -mcpu=cortex-m0 -T"C:\Users\Dr. S Chakraborty\OneDrive\Desktop\STM32_Dispenser\Test\STM32F030C8TX_FLASH.ld" --specs=nosys.specs -Wl,-Map="Test.map" -Wl,--gc-sections -static --specs=nano.specs -mfloat-abi=soft -mthumb -Wl,--start-group -lc -lm -lstdc++ -lsupc++ -Wl,--end-group
Finished building target: Test.elf
 
arm-none-eabi-size  Test.elf 
arm-none-eabi-objdump -h -S Test.elf  > "Test.list"
   text	   data	    bss	    dec	    hex	filename
  21188	     92	   2508	  23788	   5cec	Test.elf
Finished building: default.size.stdout
 
Finished building: Test.list
 
21:35:37 **** Incremental Build of configuration Debug for project Test ****
make -j8 all 
arm-none-eabi-g++ "../Core/Src/prj_disp.cpp" -mcpu=cortex-m0 -std=gnu++14 -g3 -DDEBUG -DUSE_HAL_DRIVER -DSTM32F030x8 -c -I../Core/Inc -I"C:/Users/Dr. S Chakraborty/OneDrive/Desktop/STM32_Dispenser/Test/lib" -I../Drivers/STM32F0xx_HAL_Driver/Inc -I../Drivers/STM32F0xx_HAL_Driver/Inc/Legacy -I../Drivers/CMSIS/Device/ST/STM32F0xx/Include -I../Drivers/CMSIS/Include -O0 -ffunction-sections -fdata-sections -fno-exceptions -fno-rtti -fno-use-cxa-atexit -Wall -fstack-usage -fcyclomatic-complexity -MMD -MP -MF"Core/Src/prj_disp.d" -MT"Core/Src/prj_disp.o" --specs=nano.specs -mfloat-abi=soft -mthumb -o "Core/Src/prj_disp.o"
../Core/Src/prj_disp.cpp: In function 'void process_Real_Hardware()':
../Core/Src/prj_disp.cpp:82:14: warning: unused variable 'value' [-Wunused-variable]
   82 |         long value;
      |              ^~~~~
arm-none-eabi-g++ -o "Test.elf" @"objects.list"   -mcpu=cortex-m0 -T"C:\Users\Dr. S Chakraborty\OneDrive\Desktop\STM32_Dispenser\Test\STM32F030C8TX_FLASH.ld" --specs=nosys.specs -Wl,-Map="Test.map" -Wl,--gc-sections -static --specs=nano.specs -mfloat-abi=soft -mthumb -Wl,--start-group -lc -lm -lstdc++ -lsupc++ -Wl,--end-group
Finished building target: Test.elf
 
arm-none-eabi-size  Test.elf 
arm-none-eabi-objdump -h -S Test.elf  > "Test.list"
   text	   data	    bss	    dec	    hex	filename
  21160	     92	   2508	  23760	   5cd0	Test.elf
Finished building: default.size.stdout
 
Finished building: Test.list
 
21:36:37 **** Incremental Build of configuration Debug for project Test ****
make -j8 all 
arm-none-eabi-g++ "../Core/Src/prj_disp.cpp" -mcpu=cortex-m0 -std=gnu++14 -g3 -DDEBUG -DUSE_HAL_DRIVER -DSTM32F030x8 -c -I../Core/Inc -I"C:/Users/Dr. S Chakraborty/OneDrive/Desktop/STM32_Dispenser/Test/lib" -I../Drivers/STM32F0xx_HAL_Driver/Inc -I../Drivers/STM32F0xx_HAL_Driver/Inc/Legacy -I../Drivers/CMSIS/Device/ST/STM32F0xx/Include -I../Drivers/CMSIS/Include -O0 -ffunction-sections -fdata-sections -fno-exceptions -fno-rtti -fno-use-cxa-atexit -Wall -fstack-usage -fcyclomatic-complexity -MMD -MP -MF"Core/Src/prj_disp.d" -MT"Core/Src/prj_disp.o" --specs=nano.specs -mfloat-abi=soft -mthumb -o "Core/Src/prj_disp.o"
../Core/Src/prj_disp.cpp: In function 'void process_Real_Hardware()':
../Core/Src/prj_disp.cpp:82:14: warning: unused variable 'value' [-Wunused-variable]
   82 |         long value;
      |              ^~~~~
arm-none-eabi-g++ -o "Test.elf" @"objects.list"   -mcpu=cortex-m0 -T"C:\Users\Dr. S Chakraborty\OneDrive\Desktop\STM32_Dispenser\Test\STM32F030C8TX_FLASH.ld" --specs=nosys.specs -Wl,-Map="Test.map" -Wl,--gc-sections -static --specs=nano.specs -mfloat-abi=soft -mthumb -Wl,--start-group -lc -lm -lstdc++ -lsupc++ -Wl,--end-group
Finished building target: Test.elf
 
arm-none-eabi-size  Test.elf 
arm-none-eabi-objdump -h -S Test.elf  > "Test.list"
   text	   data	    bss	    dec	    hex	filename
  15560	     92	   2508	  18160	   46f0	Test.elf
Finished building: default.size.stdout
 
Finished building: Test.list
 
21:39:14 **** Incremental Build of configuration Debug for project Test ****
make -j8 all 
arm-none-eabi-g++ "../lib/HX711/HX711.cpp" -mcpu=cortex-m0 -std=gnu++14 -g3 -DDEBUG -DUSE_HAL_DRIVER -DSTM32F030x8 -c -I../Core/Inc -I"C:/Users/Dr. S Chakraborty/OneDrive/Desktop/STM32_Dispenser/Test/lib" -I../Drivers/STM32F0xx_HAL_Driver/Inc -I../Drivers/STM32F0xx_HAL_Driver/Inc/Legacy -I../Drivers/CMSIS/Device/ST/STM32F0xx/Include -I../Drivers/CMSIS/Include -O0 -ffunction-sections -fdata-sections -fno-exceptions -fno-rtti -fno-use-cxa-atexit -Wall -fstack-usage -fcyclomatic-complexity -MMD -MP -MF"lib/HX711/HX711.d" -MT"lib/HX711/HX711.o" --specs=nano.specs -mfloat-abi=soft -mthumb -o "lib/HX711/HX711.o"
arm-none-eabi-g++ -o "Test.elf" @"objects.list"   -mcpu=cortex-m0 -T"C:\Users\Dr. S Chakraborty\OneDrive\Desktop\STM32_Dispenser\Test\STM32F030C8TX_FLASH.ld" --specs=nosys.specs -Wl,-Map="Test.map" -Wl,--gc-sections -static --specs=nano.specs -mfloat-abi=soft -mthumb -Wl,--start-group -lc -lm -lstdc++ -lsupc++ -Wl,--end-group
Finished building target: Test.elf
 
arm-none-eabi-size  Test.elf 
arm-none-eabi-objdump -h -S Test.elf  > "Test.list"
   text	   data	    bss	    dec	    hex	filename
  15656	     92	   2508	  18256	   4750	Test.elf
Finished building: default.size.stdout
 
Finished building: Test.list
 
21:40:28 **** Incremental Build of configuration Debug for project Test ****
make -j8 all 
arm-none-eabi-g++ "../Core/Src/prj_disp.cpp" -mcpu=cortex-m0 -std=gnu++14 -g3 -DDEBUG -DUSE_HAL_DRIVER -DSTM32F030x8 -c -I../Core/Inc -I"C:/Users/Dr. S Chakraborty/OneDrive/Desktop/STM32_Dispenser/Test/lib" -I../Drivers/STM32F0xx_HAL_Driver/Inc -I../Drivers/STM32F0xx_HAL_Driver/Inc/Legacy -I../Drivers/CMSIS/Device/ST/STM32F0xx/Include -I../Drivers/CMSIS/Include -O0 -ffunction-sections -fdata-sections -fno-exceptions -fno-rtti -fno-use-cxa-atexit -Wall -fstack-usage -fcyclomatic-complexity -MMD -MP -MF"Core/Src/prj_disp.d" -MT"Core/Src/prj_disp.o" --specs=nano.specs -mfloat-abi=soft -mthumb -o "Core/Src/prj_disp.o"
../Core/Src/prj_disp.cpp: In function 'void process_Real_Hardware()':
../Core/Src/prj_disp.cpp:82:14: warning: unused variable 'value' [-Wunused-variable]
   82 |         long value;
      |              ^~~~~
arm-none-eabi-g++ -o "Test.elf" @"objects.list"   -mcpu=cortex-m0 -T"C:\Users\Dr. S Chakraborty\OneDrive\Desktop\STM32_Dispenser\Test\STM32F030C8TX_FLASH.ld" --specs=nosys.specs -Wl,-Map="Test.map" -Wl,--gc-sections -static --specs=nano.specs -mfloat-abi=soft -mthumb -Wl,--start-group -lc -lm -lstdc++ -lsupc++ -Wl,--end-group
Finished building target: Test.elf
 
arm-none-eabi-size  Test.elf 
arm-none-eabi-objdump -h -S Test.elf  > "Test.list"
   text	   data	    bss	    dec	    hex	filename
  15760	     92	   2508	  18360	   47b8	Test.elf
Finished building: default.size.stdout
 
Finished building: Test.list
 
21:41:39 **** Incremental Build of configuration Debug for project Test ****
make -j8 all 
arm-none-eabi-g++ "../lib/HX711/HX711.cpp" -mcpu=cortex-m0 -std=gnu++14 -g3 -DDEBUG -DUSE_HAL_DRIVER -DSTM32F030x8 -c -I../Core/Inc -I"C:/Users/Dr. S Chakraborty/OneDrive/Desktop/STM32_Dispenser/Test/lib" -I../Drivers/STM32F0xx_HAL_Driver/Inc -I../Drivers/STM32F0xx_HAL_Driver/Inc/Legacy -I../Drivers/CMSIS/Device/ST/STM32F0xx/Include -I../Drivers/CMSIS/Include -O0 -ffunction-sections -fdata-sections -fno-exceptions -fno-rtti -fno-use-cxa-atexit -Wall -fstack-usage -fcyclomatic-complexity -MMD -MP -MF"lib/HX711/HX711.d" -MT"lib/HX711/HX711.o" --specs=nano.specs -mfloat-abi=soft -mthumb -o "lib/HX711/HX711.o"
arm-none-eabi-g++ -o "Test.elf" @"objects.list"   -mcpu=cortex-m0 -T"C:\Users\Dr. S Chakraborty\OneDrive\Desktop\STM32_Dispenser\Test\STM32F030C8TX_FLASH.ld" --specs=nosys.specs -Wl,-Map="Test.map" -Wl,--gc-sections -static --specs=nano.specs -mfloat-abi=soft -mthumb -Wl,--start-group -lc -lm -lstdc++ -lsupc++ -Wl,--end-group
Finished building target: Test.elf
 
arm-none-eabi-size  Test.elf 
arm-none-eabi-objdump -h -S Test.elf  > "Test.list"
   text	   data	    bss	    dec	    hex	filename
  15728	     92	   2508	  18328	   4798	Test.elf
Finished building: default.size.stdout
 
Finished building: Test.list
 
21:42:15 **** Incremental Build of configuration Debug for project Test ****
make -j8 all 
arm-none-eabi-g++ "../lib/HX711/HX711.cpp" -mcpu=cortex-m0 -std=gnu++14 -g3 -DDEBUG -DUSE_HAL_DRIVER -DSTM32F030x8 -c -I../Core/Inc -I"C:/Users/Dr. S Chakraborty/OneDrive/Desktop/STM32_Dispenser/Test/lib" -I../Drivers/STM32F0xx_HAL_Driver/Inc -I../Drivers/STM32F0xx_HAL_Driver/Inc/Legacy -I../Drivers/CMSIS/Device/ST/STM32F0xx/Include -I../Drivers/CMSIS/Include -O0 -ffunction-sections -fdata-sections -fno-exceptions -fno-rtti -fno-use-cxa-atexit -Wall -fstack-usage -fcyclomatic-complexity -MMD -MP -MF"lib/HX711/HX711.d" -MT"lib/HX711/HX711.o" --specs=nano.specs -mfloat-abi=soft -mthumb -o "lib/HX711/HX711.o"
arm-none-eabi-g++ -o "Test.elf" @"objects.list"   -mcpu=cortex-m0 -T"C:\Users\Dr. S Chakraborty\OneDrive\Desktop\STM32_Dispenser\Test\STM32F030C8TX_FLASH.ld" --specs=nosys.specs -Wl,-Map="Test.map" -Wl,--gc-sections -static --specs=nano.specs -mfloat-abi=soft -mthumb -Wl,--start-group -lc -lm -lstdc++ -lsupc++ -Wl,--end-group
Finished building target: Test.elf
 
arm-none-eabi-size  Test.elf 
arm-none-eabi-objdump -h -S Test.elf  > "Test.list"
   text	   data	    bss	    dec	    hex	filename
  15696	     92	   2508	  18296	   4778	Test.elf
Finished building: default.size.stdout
 
Finished building: Test.list
 
21:43:27 **** Incremental Build of configuration Debug for project Test ****
make -j8 all 
arm-none-eabi-g++ "../lib/HX711/HX711.cpp" -mcpu=cortex-m0 -std=gnu++14 -g3 -DDEBUG -DUSE_HAL_DRIVER -DSTM32F030x8 -c -I../Core/Inc -I"C:/Users/Dr. S Chakraborty/OneDrive/Desktop/STM32_Dispenser/Test/lib" -I../Drivers/STM32F0xx_HAL_Driver/Inc -I../Drivers/STM32F0xx_HAL_Driver/Inc/Legacy -I../Drivers/CMSIS/Device/ST/STM32F0xx/Include -I../Drivers/CMSIS/Include -O0 -ffunction-sections -fdata-sections -fno-exceptions -fno-rtti -fno-use-cxa-atexit -Wall -fstack-usage -fcyclomatic-complexity -MMD -MP -MF"lib/HX711/HX711.d" -MT"lib/HX711/HX711.o" --specs=nano.specs -mfloat-abi=soft -mthumb -o "lib/HX711/HX711.o"
arm-none-eabi-g++ -o "Test.elf" @"objects.list"   -mcpu=cortex-m0 -T"C:\Users\Dr. S Chakraborty\OneDrive\Desktop\STM32_Dispenser\Test\STM32F030C8TX_FLASH.ld" --specs=nosys.specs -Wl,-Map="Test.map" -Wl,--gc-sections -static --specs=nano.specs -mfloat-abi=soft -mthumb -Wl,--start-group -lc -lm -lstdc++ -lsupc++ -Wl,--end-group
Finished building target: Test.elf
 
arm-none-eabi-size  Test.elf 
arm-none-eabi-objdump -h -S Test.elf  > "Test.list"
   text	   data	    bss	    dec	    hex	filename
  15696	     92	   2508	  18296	   4778	Test.elf
Finished building: default.size.stdout
 
Finished building: Test.list
 
21:44:38 **** Incremental Build of configuration Debug for project Test ****
make -j8 all 
arm-none-eabi-g++ "../lib/HX711/HX711.cpp" -mcpu=cortex-m0 -std=gnu++14 -g3 -DDEBUG -DUSE_HAL_DRIVER -DSTM32F030x8 -c -I../Core/Inc -I"C:/Users/Dr. S Chakraborty/OneDrive/Desktop/STM32_Dispenser/Test/lib" -I../Drivers/STM32F0xx_HAL_Driver/Inc -I../Drivers/STM32F0xx_HAL_Driver/Inc/Legacy -I../Drivers/CMSIS/Device/ST/STM32F0xx/Include -I../Drivers/CMSIS/Include -O0 -ffunction-sections -fdata-sections -fno-exceptions -fno-rtti -fno-use-cxa-atexit -Wall -fstack-usage -fcyclomatic-complexity -MMD -MP -MF"lib/HX711/HX711.d" -MT"lib/HX711/HX711.o" --specs=nano.specs -mfloat-abi=soft -mthumb -o "lib/HX711/HX711.o"
arm-none-eabi-g++ -o "Test.elf" @"objects.list"   -mcpu=cortex-m0 -T"C:\Users\Dr. S Chakraborty\OneDrive\Desktop\STM32_Dispenser\Test\STM32F030C8TX_FLASH.ld" --specs=nosys.specs -Wl,-Map="Test.map" -Wl,--gc-sections -static --specs=nano.specs -mfloat-abi=soft -mthumb -Wl,--start-group -lc -lm -lstdc++ -lsupc++ -Wl,--end-group
Finished building target: Test.elf
 
arm-none-eabi-size  Test.elf 
arm-none-eabi-objdump -h -S Test.elf  > "Test.list"
   text	   data	    bss	    dec	    hex	filename
  15696	     92	   2508	  18296	   4778	Test.elf
Finished building: default.size.stdout
 
Finished building: Test.list
 
21:48:56 **** Incremental Build of configuration Debug for project Test ****
make -j8 all 
arm-none-eabi-g++ "../lib/HX711/HX711.cpp" -mcpu=cortex-m0 -std=gnu++14 -g3 -DDEBUG -DUSE_HAL_DRIVER -DSTM32F030x8 -c -I../Core/Inc -I"C:/Users/Dr. S Chakraborty/OneDrive/Desktop/STM32_Dispenser/Test/lib" -I../Drivers/STM32F0xx_HAL_Driver/Inc -I../Drivers/STM32F0xx_HAL_Driver/Inc/Legacy -I../Drivers/CMSIS/Device/ST/STM32F0xx/Include -I../Drivers/CMSIS/Include -O0 -ffunction-sections -fdata-sections -fno-exceptions -fno-rtti -fno-use-cxa-atexit -Wall -fstack-usage -fcyclomatic-complexity -MMD -MP -MF"lib/HX711/HX711.d" -MT"lib/HX711/HX711.o" --specs=nano.specs -mfloat-abi=soft -mthumb -o "lib/HX711/HX711.o"
arm-none-eabi-g++ -o "Test.elf" @"objects.list"   -mcpu=cortex-m0 -T"C:\Users\Dr. S Chakraborty\OneDrive\Desktop\STM32_Dispenser\Test\STM32F030C8TX_FLASH.ld" --specs=nosys.specs -Wl,-Map="Test.map" -Wl,--gc-sections -static --specs=nano.specs -mfloat-abi=soft -mthumb -Wl,--start-group -lc -lm -lstdc++ -lsupc++ -Wl,--end-group
Finished building target: Test.elf
 
arm-none-eabi-size  Test.elf 
arm-none-eabi-objdump -h -S Test.elf  > "Test.list"
   text	   data	    bss	    dec	    hex	filename
  15728	     92	   2508	  18328	   4798	Test.elf
Finished building: default.size.stdout
 
Finished building: Test.list
 
21:49:34 **** Incremental Build of configuration Debug for project Test ****
make -j8 all 
arm-none-eabi-g++ "../lib/HX711/HX711.cpp" -mcpu=cortex-m0 -std=gnu++14 -g3 -DDEBUG -DUSE_HAL_DRIVER -DSTM32F030x8 -c -I../Core/Inc -I"C:/Users/Dr. S Chakraborty/OneDrive/Desktop/STM32_Dispenser/Test/lib" -I../Drivers/STM32F0xx_HAL_Driver/Inc -I../Drivers/STM32F0xx_HAL_Driver/Inc/Legacy -I../Drivers/CMSIS/Device/ST/STM32F0xx/Include -I../Drivers/CMSIS/Include -O0 -ffunction-sections -fdata-sections -fno-exceptions -fno-rtti -fno-use-cxa-atexit -Wall -fstack-usage -fcyclomatic-complexity -MMD -MP -MF"lib/HX711/HX711.d" -MT"lib/HX711/HX711.o" --specs=nano.specs -mfloat-abi=soft -mthumb -o "lib/HX711/HX711.o"
arm-none-eabi-g++ -o "Test.elf" @"objects.list"   -mcpu=cortex-m0 -T"C:\Users\Dr. S Chakraborty\OneDrive\Desktop\STM32_Dispenser\Test\STM32F030C8TX_FLASH.ld" --specs=nosys.specs -Wl,-Map="Test.map" -Wl,--gc-sections -static --specs=nano.specs -mfloat-abi=soft -mthumb -Wl,--start-group -lc -lm -lstdc++ -lsupc++ -Wl,--end-group
Finished building target: Test.elf
 
arm-none-eabi-size  Test.elf 
arm-none-eabi-objdump -h -S Test.elf  > "Test.list"
   text	   data	    bss	    dec	    hex	filename
  15792	     92	   2508	  18392	   47d8	Test.elf
Finished building: default.size.stdout
 
Finished building: Test.list
 
21:50:39 **** Incremental Build of configuration Debug for project Test ****
make -j8 all 
arm-none-eabi-g++ "../lib/HX711/HX711.cpp" -mcpu=cortex-m0 -std=gnu++14 -g3 -DDEBUG -DUSE_HAL_DRIVER -DSTM32F030x8 -c -I../Core/Inc -I"C:/Users/Dr. S Chakraborty/OneDrive/Desktop/STM32_Dispenser/Test/lib" -I../Drivers/STM32F0xx_HAL_Driver/Inc -I../Drivers/STM32F0xx_HAL_Driver/Inc/Legacy -I../Drivers/CMSIS/Device/ST/STM32F0xx/Include -I../Drivers/CMSIS/Include -O0 -ffunction-sections -fdata-sections -fno-exceptions -fno-rtti -fno-use-cxa-atexit -Wall -fstack-usage -fcyclomatic-complexity -MMD -MP -MF"lib/HX711/HX711.d" -MT"lib/HX711/HX711.o" --specs=nano.specs -mfloat-abi=soft -mthumb -o "lib/HX711/HX711.o"
arm-none-eabi-g++ -o "Test.elf" @"objects.list"   -mcpu=cortex-m0 -T"C:\Users\Dr. S Chakraborty\OneDrive\Desktop\STM32_Dispenser\Test\STM32F030C8TX_FLASH.ld" --specs=nosys.specs -Wl,-Map="Test.map" -Wl,--gc-sections -static --specs=nano.specs -mfloat-abi=soft -mthumb -Wl,--start-group -lc -lm -lstdc++ -lsupc++ -Wl,--end-group
Finished building target: Test.elf
 
arm-none-eabi-size  Test.elf 
arm-none-eabi-objdump -h -S Test.elf  > "Test.list"
   text	   data	    bss	    dec	    hex	filename
  15792	     92	   2508	  18392	   47d8	Test.elf
Finished building: default.size.stdout
 
Finished building: Test.list
 
21:51:08 **** Incremental Build of configuration Debug for project Test ****
make -j8 all 
arm-none-eabi-g++ "../Core/Src/prj_disp.cpp" -mcpu=cortex-m0 -std=gnu++14 -g3 -DDEBUG -DUSE_HAL_DRIVER -DSTM32F030x8 -c -I../Core/Inc -I"C:/Users/Dr. S Chakraborty/OneDrive/Desktop/STM32_Dispenser/Test/lib" -I../Drivers/STM32F0xx_HAL_Driver/Inc -I../Drivers/STM32F0xx_HAL_Driver/Inc/Legacy -I../Drivers/CMSIS/Device/ST/STM32F0xx/Include -I../Drivers/CMSIS/Include -O0 -ffunction-sections -fdata-sections -fno-exceptions -fno-rtti -fno-use-cxa-atexit -Wall -fstack-usage -fcyclomatic-complexity -MMD -MP -MF"Core/Src/prj_disp.d" -MT"Core/Src/prj_disp.o" --specs=nano.specs -mfloat-abi=soft -mthumb -o "Core/Src/prj_disp.o"
../Core/Src/prj_disp.cpp: In function 'void process_Real_Hardware()':
../Core/Src/prj_disp.cpp:82:14: warning: unused variable 'value' [-Wunused-variable]
   82 |         long value;
      |              ^~~~~
arm-none-eabi-g++ -o "Test.elf" @"objects.list"   -mcpu=cortex-m0 -T"C:\Users\Dr. S Chakraborty\OneDrive\Desktop\STM32_Dispenser\Test\STM32F030C8TX_FLASH.ld" --specs=nosys.specs -Wl,-Map="Test.map" -Wl,--gc-sections -static --specs=nano.specs -mfloat-abi=soft -mthumb -Wl,--start-group -lc -lm -lstdc++ -lsupc++ -Wl,--end-group
Finished building target: Test.elf
 
arm-none-eabi-size  Test.elf 
arm-none-eabi-objdump -h -S Test.elf  > "Test.list"
   text	   data	    bss	    dec	    hex	filename
  15796	     92	   2508	  18396	   47dc	Test.elf
Finished building: default.size.stdout
 
Finished building: Test.list
 
16:24:05 **** Incremental Build of configuration Debug for project Test ****
make -j8 all 
arm-none-eabi-g++ "../Core/Src/prj_disp.cpp" -mcpu=cortex-m0 -std=gnu++14 -g3 -DDEBUG -DUSE_HAL_DRIVER -DSTM32F030x8 -c -I../Core/Inc -I"C:/Users/Dr. S Chakraborty/OneDrive/Desktop/STM32_Dispenser/Test/lib" -I../Drivers/STM32F0xx_HAL_Driver/Inc -I../Drivers/STM32F0xx_HAL_Driver/Inc/Legacy -I../Drivers/CMSIS/Device/ST/STM32F0xx/Include -I../Drivers/CMSIS/Include -O0 -ffunction-sections -fdata-sections -fno-exceptions -fno-rtti -fno-use-cxa-atexit -Wall -fstack-usage -fcyclomatic-complexity -MMD -MP -MF"Core/Src/prj_disp.d" -MT"Core/Src/prj_disp.o" --specs=nano.specs -mfloat-abi=soft -mthumb -o "Core/Src/prj_disp.o"
../Core/Src/prj_disp.cpp: In function 'void process_Real_Hardware()':
../Core/Src/prj_disp.cpp:82:14: warning: unused variable 'value' [-Wunused-variable]
   82 |         long value;
      |              ^~~~~
arm-none-eabi-g++ -o "Test.elf" @"objects.list"   -mcpu=cortex-m0 -T"C:\Users\Dr. S Chakraborty\OneDrive\Desktop\STM32_Dispenser\Test\STM32F030C8TX_FLASH.ld" --specs=nosys.specs -Wl,-Map="Test.map" -Wl,--gc-sections -static --specs=nano.specs -mfloat-abi=soft -mthumb -Wl,--start-group -lc -lm -lstdc++ -lsupc++ -Wl,--end-group
Finished building target: Test.elf
 
arm-none-eabi-size  Test.elf 
arm-none-eabi-objdump -h -S Test.elf  > "Test.list"
   text	   data	    bss	    dec	    hex	filename
  16408	     92	   2508	  19008	   4a40	Test.elf
Finished building: default.size.stdout
 
Finished building: Test.list
 
16:25:48 **** Incremental Build of configuration Debug for project Test ****
make -j8 all 
arm-none-eabi-g++ "../Core/Src/prj_disp.cpp" -mcpu=cortex-m0 -std=gnu++14 -g3 -DDEBUG -DUSE_HAL_DRIVER -DSTM32F030x8 -c -I../Core/Inc -I"C:/Users/Dr. S Chakraborty/OneDrive/Desktop/STM32_Dispenser/Test/lib" -I../Drivers/STM32F0xx_HAL_Driver/Inc -I../Drivers/STM32F0xx_HAL_Driver/Inc/Legacy -I../Drivers/CMSIS/Device/ST/STM32F0xx/Include -I../Drivers/CMSIS/Include -O0 -ffunction-sections -fdata-sections -fno-exceptions -fno-rtti -fno-use-cxa-atexit -Wall -fstack-usage -fcyclomatic-complexity -MMD -MP -MF"Core/Src/prj_disp.d" -MT"Core/Src/prj_disp.o" --specs=nano.specs -mfloat-abi=soft -mthumb -o "Core/Src/prj_disp.o"
../Core/Src/prj_disp.cpp: In function 'void process_Real_Hardware()':
../Core/Src/prj_disp.cpp:82:14: warning: unused variable 'value' [-Wunused-variable]
   82 |         long value;
      |              ^~~~~
arm-none-eabi-g++ -o "Test.elf" @"objects.list"   -mcpu=cortex-m0 -T"C:\Users\Dr. S Chakraborty\OneDrive\Desktop\STM32_Dispenser\Test\STM32F030C8TX_FLASH.ld" --specs=nosys.specs -Wl,-Map="Test.map" -Wl,--gc-sections -static --specs=nano.specs -mfloat-abi=soft -mthumb -Wl,--start-group -lc -lm -lstdc++ -lsupc++ -Wl,--end-group
Finished building target: Test.elf
 
arm-none-eabi-size  Test.elf 
arm-none-eabi-objdump -h -S Test.elf  > "Test.list"
   text	   data	    bss	    dec	    hex	filename
  16408	     92	   2508	  19008	   4a40	Test.elf
Finished building: default.size.stdout
 
Finished building: Test.list
 
16:59:14 **** Incremental Build of configuration Debug for project Test ****
make -j8 all 
arm-none-eabi-g++ "../Core/Src/prj_disp.cpp" -mcpu=cortex-m0 -std=gnu++14 -g3 -DDEBUG -DUSE_HAL_DRIVER -DSTM32F030x8 -c -I../Core/Inc -I"C:/Users/Dr. S Chakraborty/OneDrive/Desktop/STM32_Dispenser/Test/lib" -I../Drivers/STM32F0xx_HAL_Driver/Inc -I../Drivers/STM32F0xx_HAL_Driver/Inc/Legacy -I../Drivers/CMSIS/Device/ST/STM32F0xx/Include -I../Drivers/CMSIS/Include -O0 -ffunction-sections -fdata-sections -fno-exceptions -fno-rtti -fno-use-cxa-atexit -Wall -fstack-usage -fcyclomatic-complexity -MMD -MP -MF"Core/Src/prj_disp.d" -MT"Core/Src/prj_disp.o" --specs=nano.specs -mfloat-abi=soft -mthumb -o "Core/Src/prj_disp.o"
../Core/Src/prj_disp.cpp: In function 'void prj_Disp_init()':
../Core/Src/prj_disp.cpp:66:5: error: 'GPIO_InitStruct' was not declared in this scope
   66 |     GPIO_InitStruct.Pull = GPIO_PULLUP;
      |     ^~~~~~~~~~~~~~~
../Core/Src/prj_disp.cpp: In function 'void process_Real_Hardware()':
../Core/Src/prj_disp.cpp:84:14: warning: unused variable 'value' [-Wunused-variable]
   84 |         long value;
      |              ^~~~~
make: *** [Core/Src/subdir.mk:44: Core/Src/prj_disp.o] Error 1
"make -j8 all" terminated with exit code 2. Build might be incomplete.
17:00:15 **** Incremental Build of configuration Debug for project Test ****
make -j8 all 
arm-none-eabi-gcc "../Core/Src/main.c" -mcpu=cortex-m0 -std=gnu11 -g3 -DDEBUG -DUSE_HAL_DRIVER -DSTM32F030x8 -c -I../Core/Inc -I"C:/Users/Dr. S Chakraborty/OneDrive/Desktop/STM32_Dispenser/Test/lib" -I../Drivers/STM32F0xx_HAL_Driver/Inc -I../Drivers/STM32F0xx_HAL_Driver/Inc/Legacy -I../Drivers/CMSIS/Device/ST/STM32F0xx/Include -I../Drivers/CMSIS/Include -O0 -ffunction-sections -fdata-sections -Wall -fstack-usage -fcyclomatic-complexity -MMD -MP -MF"Core/Src/main.d" -MT"Core/Src/main.o" --specs=nano.specs -mfloat-abi=soft -mthumb -o "Core/Src/main.o"
arm-none-eabi-g++ "../Core/Src/prj_disp.cpp" -mcpu=cortex-m0 -std=gnu++14 -g3 -DDEBUG -DUSE_HAL_DRIVER -DSTM32F030x8 -c -I../Core/Inc -I"C:/Users/Dr. S Chakraborty/OneDrive/Desktop/STM32_Dispenser/Test/lib" -I../Drivers/STM32F0xx_HAL_Driver/Inc -I../Drivers/STM32F0xx_HAL_Driver/Inc/Legacy -I../Drivers/CMSIS/Device/ST/STM32F0xx/Include -I../Drivers/CMSIS/Include -O0 -ffunction-sections -fdata-sections -fno-exceptions -fno-rtti -fno-use-cxa-atexit -Wall -fstack-usage -fcyclomatic-complexity -MMD -MP -MF"Core/Src/prj_disp.d" -MT"Core/Src/prj_disp.o" --specs=nano.specs -mfloat-abi=soft -mthumb -o "Core/Src/prj_disp.o"
../Core/Src/prj_disp.cpp: In function 'void process_Real_Hardware()':
../Core/Src/prj_disp.cpp:84:14: warning: unused variable 'value' [-Wunused-variable]
   84 |         long value;
      |              ^~~~~
arm-none-eabi-g++ -o "Test.elf" @"objects.list"   -mcpu=cortex-m0 -T"C:\Users\Dr. S Chakraborty\OneDrive\Desktop\STM32_Dispenser\Test\STM32F030C8TX_FLASH.ld" --specs=nosys.specs -Wl,-Map="Test.map" -Wl,--gc-sections -static --specs=nano.specs -mfloat-abi=soft -mthumb -Wl,--start-group -lc -lm -lstdc++ -lsupc++ -Wl,--end-group
Finished building target: Test.elf
 
arm-none-eabi-size  Test.elf 
arm-none-eabi-objdump -h -S Test.elf  > "Test.list"
   text	   data	    bss	    dec	    hex	filename
  16408	     92	   2508	  19008	   4a40	Test.elf
Finished building: default.size.stdout
 
Finished building: Test.list
 
17:01:11 **** Incremental Build of configuration Debug for project Test ****
make -j8 all 
arm-none-eabi-gcc "../Core/Src/main.c" -mcpu=cortex-m0 -std=gnu11 -g3 -DDEBUG -DUSE_HAL_DRIVER -DSTM32F030x8 -c -I../Core/Inc -I"C:/Users/Dr. S Chakraborty/OneDrive/Desktop/STM32_Dispenser/Test/lib" -I../Drivers/STM32F0xx_HAL_Driver/Inc -I../Drivers/STM32F0xx_HAL_Driver/Inc/Legacy -I../Drivers/CMSIS/Device/ST/STM32F0xx/Include -I../Drivers/CMSIS/Include -O0 -ffunction-sections -fdata-sections -Wall -fstack-usage -fcyclomatic-complexity -MMD -MP -MF"Core/Src/main.d" -MT"Core/Src/main.o" --specs=nano.specs -mfloat-abi=soft -mthumb -o "Core/Src/main.o"
arm-none-eabi-g++ -o "Test.elf" @"objects.list"   -mcpu=cortex-m0 -T"C:\Users\Dr. S Chakraborty\OneDrive\Desktop\STM32_Dispenser\Test\STM32F030C8TX_FLASH.ld" --specs=nosys.specs -Wl,-Map="Test.map" -Wl,--gc-sections -static --specs=nano.specs -mfloat-abi=soft -mthumb -Wl,--start-group -lc -lm -lstdc++ -lsupc++ -Wl,--end-group
Finished building target: Test.elf
 
arm-none-eabi-size  Test.elf 
arm-none-eabi-objdump -h -S Test.elf  > "Test.list"
   text	   data	    bss	    dec	    hex	filename
  16408	     92	   2508	  19008	   4a40	Test.elf
Finished building: default.size.stdout
 
Finished building: Test.list
 
19:04:10 **** Incremental Build of configuration Debug for project Test ****
make -j8 all 
arm-none-eabi-g++ "../lib/Servo/Servo.cpp" -mcpu=cortex-m0 -std=gnu++14 -g3 -DDEBUG -DUSE_HAL_DRIVER -DSTM32F030x8 -c -I../Core/Inc -I"C:/Users/Dr. S Chakraborty/OneDrive/Desktop/STM32_Dispenser/Test/lib" -I../Drivers/STM32F0xx_HAL_Driver/Inc -I../Drivers/STM32F0xx_HAL_Driver/Inc/Legacy -I../Drivers/CMSIS/Device/ST/STM32F0xx/Include -I../Drivers/CMSIS/Include -O0 -ffunction-sections -fdata-sections -fno-exceptions -fno-rtti -fno-use-cxa-atexit -Wall -fstack-usage -fcyclomatic-complexity -MMD -MP -MF"lib/Servo/Servo.d" -MT"lib/Servo/Servo.o" --specs=nano.specs -mfloat-abi=soft -mthumb -o "lib/Servo/Servo.o"
arm-none-eabi-g++ "../lib/LED/LED.cpp" -mcpu=cortex-m0 -std=gnu++14 -g3 -DDEBUG -DUSE_HAL_DRIVER -DSTM32F030x8 -c -I../Core/Inc -I"C:/Users/Dr. S Chakraborty/OneDrive/Desktop/STM32_Dispenser/Test/lib" -I../Drivers/STM32F0xx_HAL_Driver/Inc -I../Drivers/STM32F0xx_HAL_Driver/Inc/Legacy -I../Drivers/CMSIS/Device/ST/STM32F0xx/Include -I../Drivers/CMSIS/Include -O0 -ffunction-sections -fdata-sections -fno-exceptions -fno-rtti -fno-use-cxa-atexit -Wall -fstack-usage -fcyclomatic-complexity -MMD -MP -MF"lib/LED/LED.d" -MT"lib/LED/LED.o" --specs=nano.specs -mfloat-abi=soft -mthumb -o "lib/LED/LED.o"
arm-none-eabi-g++ "../lib/HX711/HX711.cpp" -mcpu=cortex-m0 -std=gnu++14 -g3 -DDEBUG -DUSE_HAL_DRIVER -DSTM32F030x8 -c -I../Core/Inc -I"C:/Users/Dr. S Chakraborty/OneDrive/Desktop/STM32_Dispenser/Test/lib" -I../Drivers/STM32F0xx_HAL_Driver/Inc -I../Drivers/STM32F0xx_HAL_Driver/Inc/Legacy -I../Drivers/CMSIS/Device/ST/STM32F0xx/Include -I../Drivers/CMSIS/Include -O0 -ffunction-sections -fdata-sections -fno-exceptions -fno-rtti -fno-use-cxa-atexit -Wall -fstack-usage -fcyclomatic-complexity -MMD -MP -MF"lib/HX711/HX711.d" -MT"lib/HX711/HX711.o" --specs=nano.specs -mfloat-abi=soft -mthumb -o "lib/HX711/HX711.o"
arm-none-eabi-g++ "../lib/Delay/Delay.cpp" -mcpu=cortex-m0 -std=gnu++14 -g3 -DDEBUG -DUSE_HAL_DRIVER -DSTM32F030x8 -c -I../Core/Inc -I"C:/Users/Dr. S Chakraborty/OneDrive/Desktop/STM32_Dispenser/Test/lib" -I../Drivers/STM32F0xx_HAL_Driver/Inc -I../Drivers/STM32F0xx_HAL_Driver/Inc/Legacy -I../Drivers/CMSIS/Device/ST/STM32F0xx/Include -I../Drivers/CMSIS/Include -O0 -ffunction-sections -fdata-sections -fno-exceptions -fno-rtti -fno-use-cxa-atexit -Wall -fstack-usage -fcyclomatic-complexity -MMD -MP -MF"lib/Delay/Delay.d" -MT"lib/Delay/Delay.o" --specs=nano.specs -mfloat-abi=soft -mthumb -o "lib/Delay/Delay.o"
arm-none-eabi-g++ "../lib/Debug/Debug.cpp" -mcpu=cortex-m0 -std=gnu++14 -g3 -DDEBUG -DUSE_HAL_DRIVER -DSTM32F030x8 -c -I../Core/Inc -I"C:/Users/Dr. S Chakraborty/OneDrive/Desktop/STM32_Dispenser/Test/lib" -I../Drivers/STM32F0xx_HAL_Driver/Inc -I../Drivers/STM32F0xx_HAL_Driver/Inc/Legacy -I../Drivers/CMSIS/Device/ST/STM32F0xx/Include -I../Drivers/CMSIS/Include -O0 -ffunction-sections -fdata-sections -fno-exceptions -fno-rtti -fno-use-cxa-atexit -Wall -fstack-usage -fcyclomatic-complexity -MMD -MP -MF"lib/Debug/Debug.d" -MT"lib/Debug/Debug.o" --specs=nano.specs -mfloat-abi=soft -mthumb -o "lib/Debug/Debug.o"
arm-none-eabi-g++ "../lib/CAN_UART/CanUart.cpp" -mcpu=cortex-m0 -std=gnu++14 -g3 -DDEBUG -DUSE_HAL_DRIVER -DSTM32F030x8 -c -I../Core/Inc -I"C:/Users/Dr. S Chakraborty/OneDrive/Desktop/STM32_Dispenser/Test/lib" -I../Drivers/STM32F0xx_HAL_Driver/Inc -I../Drivers/STM32F0xx_HAL_Driver/Inc/Legacy -I../Drivers/CMSIS/Device/ST/STM32F0xx/Include -I../Drivers/CMSIS/Include -O0 -ffunction-sections -fdata-sections -fno-exceptions -fno-rtti -fno-use-cxa-atexit -Wall -fstack-usage -fcyclomatic-complexity -MMD -MP -MF"lib/CAN_UART/CanUart.d" -MT"lib/CAN_UART/CanUart.o" --specs=nano.specs -mfloat-abi=soft -mthumb -o "lib/CAN_UART/CanUart.o"
arm-none-eabi-g++ "../lib/CAN_UART/CanUartPolling.cpp" -mcpu=cortex-m0 -std=gnu++14 -g3 -DDEBUG -DUSE_HAL_DRIVER -DSTM32F030x8 -c -I../Core/Inc -I"C:/Users/Dr. S Chakraborty/OneDrive/Desktop/STM32_Dispenser/Test/lib" -I../Drivers/STM32F0xx_HAL_Driver/Inc -I../Drivers/STM32F0xx_HAL_Driver/Inc/Legacy -I../Drivers/CMSIS/Device/ST/STM32F0xx/Include -I../Drivers/CMSIS/Include -O0 -ffunction-sections -fdata-sections -fno-exceptions -fno-rtti -fno-use-cxa-atexit -Wall -fstack-usage -fcyclomatic-complexity -MMD -MP -MF"lib/CAN_UART/CanUartPolling.d" -MT"lib/CAN_UART/CanUartPolling.o" --specs=nano.specs -mfloat-abi=soft -mthumb -o "lib/CAN_UART/CanUartPolling.o"
arm-none-eabi-g++ "../lib/CAN/can.cpp" -mcpu=cortex-m0 -std=gnu++14 -g3 -DDEBUG -DUSE_HAL_DRIVER -DSTM32F030x8 -c -I../Core/Inc -I"C:/Users/Dr. S Chakraborty/OneDrive/Desktop/STM32_Dispenser/Test/lib" -I../Drivers/STM32F0xx_HAL_Driver/Inc -I../Drivers/STM32F0xx_HAL_Driver/Inc/Legacy -I../Drivers/CMSIS/Device/ST/STM32F0xx/Include -I../Drivers/CMSIS/Include -O0 -ffunction-sections -fdata-sections -fno-exceptions -fno-rtti -fno-use-cxa-atexit -Wall -fstack-usage -fcyclomatic-complexity -MMD -MP -MF"lib/CAN/can.d" -MT"lib/CAN/can.o" --specs=nano.specs -mfloat-abi=soft -mthumb -o "lib/CAN/can.o"
../lib/CAN/can.cpp:6:14: warning: 'debug' initialized and declared 'extern'
    6 | extern Debug debug(&huart2);
      |              ^~~~~
../lib/CAN/can.cpp: In member function 'bool CANProtocol::ParseError(uint8_t*, uint16_t, Packet_t*)':
../lib/CAN/can.cpp:17:56: warning: enum constant in boolean context [-Wint-in-bool-context]
   17 |     if (buffer[0] != 0x66 || buffer[1] != 0x55) return preambles_not_found;
      |                                                        ^~~~~~~~~~~~~~~~~~~
../lib/CAN/can.cpp:20:66: warning: enum constant in boolean context [-Wint-in-bool-context]
   20 |      if (buffer[len-2] != 0x77 || buffer[len -1] != 0x88) return postambles_not_found;
      |                                                                  ^~~~~~~~~~~~~~~~~~~~
../lib/CAN/can.cpp:24:65: warning: enum constant in boolean context [-Wint-in-bool-context]
   24 |     if (packetLen != len || packetLen > KBUS_MAX_PACKET) return packet_length_exceeds;
      |                                                                 ^~~~~~~~~~~~~~~~~~~~~
../lib/CAN/can.cpp:49:41: warning: enum constant in boolean context [-Wint-in-bool-context]
   49 |     if (calcCRC != receivedCRC) return  CRC_error;
      |                                         ^~~~~~~~~
arm-none-eabi-gcc "../Drivers/STM32F0xx_HAL_Driver/Src/stm32f0xx_hal.c" -mcpu=cortex-m0 -std=gnu11 -g3 -DDEBUG -DUSE_HAL_DRIVER -DSTM32F030x8 -c -I../Core/Inc -I"C:/Users/Dr. S Chakraborty/OneDrive/Desktop/STM32_Dispenser/Test/lib" -I../Drivers/STM32F0xx_HAL_Driver/Inc -I../Drivers/STM32F0xx_HAL_Driver/Inc/Legacy -I../Drivers/CMSIS/Device/ST/STM32F0xx/Include -I../Drivers/CMSIS/Include -O0 -ffunction-sections -fdata-sections -Wall -fstack-usage -fcyclomatic-complexity -MMD -MP -MF"Drivers/STM32F0xx_HAL_Driver/Src/stm32f0xx_hal.d" -MT"Drivers/STM32F0xx_HAL_Driver/Src/stm32f0xx_hal.o" --specs=nano.specs -mfloat-abi=soft -mthumb -o "Drivers/STM32F0xx_HAL_Driver/Src/stm32f0xx_hal.o"
arm-none-eabi-gcc "../Drivers/STM32F0xx_HAL_Driver/Src/stm32f0xx_hal_cortex.c" -mcpu=cortex-m0 -std=gnu11 -g3 -DDEBUG -DUSE_HAL_DRIVER -DSTM32F030x8 -c -I../Core/Inc -I"C:/Users/Dr. S Chakraborty/OneDrive/Desktop/STM32_Dispenser/Test/lib" -I../Drivers/STM32F0xx_HAL_Driver/Inc -I../Drivers/STM32F0xx_HAL_Driver/Inc/Legacy -I../Drivers/CMSIS/Device/ST/STM32F0xx/Include -I../Drivers/CMSIS/Include -O0 -ffunction-sections -fdata-sections -Wall -fstack-usage -fcyclomatic-complexity -MMD -MP -MF"Drivers/STM32F0xx_HAL_Driver/Src/stm32f0xx_hal_cortex.d" -MT"Drivers/STM32F0xx_HAL_Driver/Src/stm32f0xx_hal_cortex.o" --specs=nano.specs -mfloat-abi=soft -mthumb -o "Drivers/STM32F0xx_HAL_Driver/Src/stm32f0xx_hal_cortex.o"
arm-none-eabi-gcc "../Drivers/STM32F0xx_HAL_Driver/Src/stm32f0xx_hal_dma.c" -mcpu=cortex-m0 -std=gnu11 -g3 -DDEBUG -DUSE_HAL_DRIVER -DSTM32F030x8 -c -I../Core/Inc -I"C:/Users/Dr. S Chakraborty/OneDrive/Desktop/STM32_Dispenser/Test/lib" -I../Drivers/STM32F0xx_HAL_Driver/Inc -I../Drivers/STM32F0xx_HAL_Driver/Inc/Legacy -I../Drivers/CMSIS/Device/ST/STM32F0xx/Include -I../Drivers/CMSIS/Include -O0 -ffunction-sections -fdata-sections -Wall -fstack-usage -fcyclomatic-complexity -MMD -MP -MF"Drivers/STM32F0xx_HAL_Driver/Src/stm32f0xx_hal_dma.d" -MT"Drivers/STM32F0xx_HAL_Driver/Src/stm32f0xx_hal_dma.o" --specs=nano.specs -mfloat-abi=soft -mthumb -o "Drivers/STM32F0xx_HAL_Driver/Src/stm32f0xx_hal_dma.o"
arm-none-eabi-gcc "../Drivers/STM32F0xx_HAL_Driver/Src/stm32f0xx_hal_exti.c" -mcpu=cortex-m0 -std=gnu11 -g3 -DDEBUG -DUSE_HAL_DRIVER -DSTM32F030x8 -c -I../Core/Inc -I"C:/Users/Dr. S Chakraborty/OneDrive/Desktop/STM32_Dispenser/Test/lib" -I../Drivers/STM32F0xx_HAL_Driver/Inc -I../Drivers/STM32F0xx_HAL_Driver/Inc/Legacy -I../Drivers/CMSIS/Device/ST/STM32F0xx/Include -I../Drivers/CMSIS/Include -O0 -ffunction-sections -fdata-sections -Wall -fstack-usage -fcyclomatic-complexity -MMD -MP -MF"Drivers/STM32F0xx_HAL_Driver/Src/stm32f0xx_hal_exti.d" -MT"Drivers/STM32F0xx_HAL_Driver/Src/stm32f0xx_hal_exti.o" --specs=nano.specs -mfloat-abi=soft -mthumb -o "Drivers/STM32F0xx_HAL_Driver/Src/stm32f0xx_hal_exti.o"
arm-none-eabi-gcc "../Drivers/STM32F0xx_HAL_Driver/Src/stm32f0xx_hal_flash.c" -mcpu=cortex-m0 -std=gnu11 -g3 -DDEBUG -DUSE_HAL_DRIVER -DSTM32F030x8 -c -I../Core/Inc -I"C:/Users/Dr. S Chakraborty/OneDrive/Desktop/STM32_Dispenser/Test/lib" -I../Drivers/STM32F0xx_HAL_Driver/Inc -I../Drivers/STM32F0xx_HAL_Driver/Inc/Legacy -I../Drivers/CMSIS/Device/ST/STM32F0xx/Include -I../Drivers/CMSIS/Include -O0 -ffunction-sections -fdata-sections -Wall -fstack-usage -fcyclomatic-complexity -MMD -MP -MF"Drivers/STM32F0xx_HAL_Driver/Src/stm32f0xx_hal_flash.d" -MT"Drivers/STM32F0xx_HAL_Driver/Src/stm32f0xx_hal_flash.o" --specs=nano.specs -mfloat-abi=soft -mthumb -o "Drivers/STM32F0xx_HAL_Driver/Src/stm32f0xx_hal_flash.o"
arm-none-eabi-gcc "../Drivers/STM32F0xx_HAL_Driver/Src/stm32f0xx_hal_flash_ex.c" -mcpu=cortex-m0 -std=gnu11 -g3 -DDEBUG -DUSE_HAL_DRIVER -DSTM32F030x8 -c -I../Core/Inc -I"C:/Users/Dr. S Chakraborty/OneDrive/Desktop/STM32_Dispenser/Test/lib" -I../Drivers/STM32F0xx_HAL_Driver/Inc -I../Drivers/STM32F0xx_HAL_Driver/Inc/Legacy -I../Drivers/CMSIS/Device/ST/STM32F0xx/Include -I../Drivers/CMSIS/Include -O0 -ffunction-sections -fdata-sections -Wall -fstack-usage -fcyclomatic-complexity -MMD -MP -MF"Drivers/STM32F0xx_HAL_Driver/Src/stm32f0xx_hal_flash_ex.d" -MT"Drivers/STM32F0xx_HAL_Driver/Src/stm32f0xx_hal_flash_ex.o" --specs=nano.specs -mfloat-abi=soft -mthumb -o "Drivers/STM32F0xx_HAL_Driver/Src/stm32f0xx_hal_flash_ex.o"
arm-none-eabi-gcc "../Drivers/STM32F0xx_HAL_Driver/Src/stm32f0xx_hal_gpio.c" -mcpu=cortex-m0 -std=gnu11 -g3 -DDEBUG -DUSE_HAL_DRIVER -DSTM32F030x8 -c -I../Core/Inc -I"C:/Users/Dr. S Chakraborty/OneDrive/Desktop/STM32_Dispenser/Test/lib" -I../Drivers/STM32F0xx_HAL_Driver/Inc -I../Drivers/STM32F0xx_HAL_Driver/Inc/Legacy -I../Drivers/CMSIS/Device/ST/STM32F0xx/Include -I../Drivers/CMSIS/Include -O0 -ffunction-sections -fdata-sections -Wall -fstack-usage -fcyclomatic-complexity -MMD -MP -MF"Drivers/STM32F0xx_HAL_Driver/Src/stm32f0xx_hal_gpio.d" -MT"Drivers/STM32F0xx_HAL_Driver/Src/stm32f0xx_hal_gpio.o" --specs=nano.specs -mfloat-abi=soft -mthumb -o "Drivers/STM32F0xx_HAL_Driver/Src/stm32f0xx_hal_gpio.o"
arm-none-eabi-gcc "../Drivers/STM32F0xx_HAL_Driver/Src/stm32f0xx_hal_i2c.c" -mcpu=cortex-m0 -std=gnu11 -g3 -DDEBUG -DUSE_HAL_DRIVER -DSTM32F030x8 -c -I../Core/Inc -I"C:/Users/Dr. S Chakraborty/OneDrive/Desktop/STM32_Dispenser/Test/lib" -I../Drivers/STM32F0xx_HAL_Driver/Inc -I../Drivers/STM32F0xx_HAL_Driver/Inc/Legacy -I../Drivers/CMSIS/Device/ST/STM32F0xx/Include -I../Drivers/CMSIS/Include -O0 -ffunction-sections -fdata-sections -Wall -fstack-usage -fcyclomatic-complexity -MMD -MP -MF"Drivers/STM32F0xx_HAL_Driver/Src/stm32f0xx_hal_i2c.d" -MT"Drivers/STM32F0xx_HAL_Driver/Src/stm32f0xx_hal_i2c.o" --specs=nano.specs -mfloat-abi=soft -mthumb -o "Drivers/STM32F0xx_HAL_Driver/Src/stm32f0xx_hal_i2c.o"
arm-none-eabi-gcc "../Drivers/STM32F0xx_HAL_Driver/Src/stm32f0xx_hal_i2c_ex.c" -mcpu=cortex-m0 -std=gnu11 -g3 -DDEBUG -DUSE_HAL_DRIVER -DSTM32F030x8 -c -I../Core/Inc -I"C:/Users/Dr. S Chakraborty/OneDrive/Desktop/STM32_Dispenser/Test/lib" -I../Drivers/STM32F0xx_HAL_Driver/Inc -I../Drivers/STM32F0xx_HAL_Driver/Inc/Legacy -I../Drivers/CMSIS/Device/ST/STM32F0xx/Include -I../Drivers/CMSIS/Include -O0 -ffunction-sections -fdata-sections -Wall -fstack-usage -fcyclomatic-complexity -MMD -MP -MF"Drivers/STM32F0xx_HAL_Driver/Src/stm32f0xx_hal_i2c_ex.d" -MT"Drivers/STM32F0xx_HAL_Driver/Src/stm32f0xx_hal_i2c_ex.o" --specs=nano.specs -mfloat-abi=soft -mthumb -o "Drivers/STM32F0xx_HAL_Driver/Src/stm32f0xx_hal_i2c_ex.o"
arm-none-eabi-gcc "../Drivers/STM32F0xx_HAL_Driver/Src/stm32f0xx_hal_pwr.c" -mcpu=cortex-m0 -std=gnu11 -g3 -DDEBUG -DUSE_HAL_DRIVER -DSTM32F030x8 -c -I../Core/Inc -I"C:/Users/Dr. S Chakraborty/OneDrive/Desktop/STM32_Dispenser/Test/lib" -I../Drivers/STM32F0xx_HAL_Driver/Inc -I../Drivers/STM32F0xx_HAL_Driver/Inc/Legacy -I../Drivers/CMSIS/Device/ST/STM32F0xx/Include -I../Drivers/CMSIS/Include -O0 -ffunction-sections -fdata-sections -Wall -fstack-usage -fcyclomatic-complexity -MMD -MP -MF"Drivers/STM32F0xx_HAL_Driver/Src/stm32f0xx_hal_pwr.d" -MT"Drivers/STM32F0xx_HAL_Driver/Src/stm32f0xx_hal_pwr.o" --specs=nano.specs -mfloat-abi=soft -mthumb -o "Drivers/STM32F0xx_HAL_Driver/Src/stm32f0xx_hal_pwr.o"
arm-none-eabi-gcc "../Drivers/STM32F0xx_HAL_Driver/Src/stm32f0xx_hal_pwr_ex.c" -mcpu=cortex-m0 -std=gnu11 -g3 -DDEBUG -DUSE_HAL_DRIVER -DSTM32F030x8 -c -I../Core/Inc -I"C:/Users/Dr. S Chakraborty/OneDrive/Desktop/STM32_Dispenser/Test/lib" -I../Drivers/STM32F0xx_HAL_Driver/Inc -I../Drivers/STM32F0xx_HAL_Driver/Inc/Legacy -I../Drivers/CMSIS/Device/ST/STM32F0xx/Include -I../Drivers/CMSIS/Include -O0 -ffunction-sections -fdata-sections -Wall -fstack-usage -fcyclomatic-complexity -MMD -MP -MF"Drivers/STM32F0xx_HAL_Driver/Src/stm32f0xx_hal_pwr_ex.d" -MT"Drivers/STM32F0xx_HAL_Driver/Src/stm32f0xx_hal_pwr_ex.o" --specs=nano.specs -mfloat-abi=soft -mthumb -o "Drivers/STM32F0xx_HAL_Driver/Src/stm32f0xx_hal_pwr_ex.o"
arm-none-eabi-gcc "../Drivers/STM32F0xx_HAL_Driver/Src/stm32f0xx_hal_rcc.c" -mcpu=cortex-m0 -std=gnu11 -g3 -DDEBUG -DUSE_HAL_DRIVER -DSTM32F030x8 -c -I../Core/Inc -I"C:/Users/Dr. S Chakraborty/OneDrive/Desktop/STM32_Dispenser/Test/lib" -I../Drivers/STM32F0xx_HAL_Driver/Inc -I../Drivers/STM32F0xx_HAL_Driver/Inc/Legacy -I../Drivers/CMSIS/Device/ST/STM32F0xx/Include -I../Drivers/CMSIS/Include -O0 -ffunction-sections -fdata-sections -Wall -fstack-usage -fcyclomatic-complexity -MMD -MP -MF"Drivers/STM32F0xx_HAL_Driver/Src/stm32f0xx_hal_rcc.d" -MT"Drivers/STM32F0xx_HAL_Driver/Src/stm32f0xx_hal_rcc.o" --specs=nano.specs -mfloat-abi=soft -mthumb -o "Drivers/STM32F0xx_HAL_Driver/Src/stm32f0xx_hal_rcc.o"
arm-none-eabi-gcc "../Drivers/STM32F0xx_HAL_Driver/Src/stm32f0xx_hal_rcc_ex.c" -mcpu=cortex-m0 -std=gnu11 -g3 -DDEBUG -DUSE_HAL_DRIVER -DSTM32F030x8 -c -I../Core/Inc -I"C:/Users/Dr. S Chakraborty/OneDrive/Desktop/STM32_Dispenser/Test/lib" -I../Drivers/STM32F0xx_HAL_Driver/Inc -I../Drivers/STM32F0xx_HAL_Driver/Inc/Legacy -I../Drivers/CMSIS/Device/ST/STM32F0xx/Include -I../Drivers/CMSIS/Include -O0 -ffunction-sections -fdata-sections -Wall -fstack-usage -fcyclomatic-complexity -MMD -MP -MF"Drivers/STM32F0xx_HAL_Driver/Src/stm32f0xx_hal_rcc_ex.d" -MT"Drivers/STM32F0xx_HAL_Driver/Src/stm32f0xx_hal_rcc_ex.o" --specs=nano.specs -mfloat-abi=soft -mthumb -o "Drivers/STM32F0xx_HAL_Driver/Src/stm32f0xx_hal_rcc_ex.o"
arm-none-eabi-gcc "../Drivers/STM32F0xx_HAL_Driver/Src/stm32f0xx_hal_tim.c" -mcpu=cortex-m0 -std=gnu11 -g3 -DDEBUG -DUSE_HAL_DRIVER -DSTM32F030x8 -c -I../Core/Inc -I"C:/Users/Dr. S Chakraborty/OneDrive/Desktop/STM32_Dispenser/Test/lib" -I../Drivers/STM32F0xx_HAL_Driver/Inc -I../Drivers/STM32F0xx_HAL_Driver/Inc/Legacy -I../Drivers/CMSIS/Device/ST/STM32F0xx/Include -I../Drivers/CMSIS/Include -O0 -ffunction-sections -fdata-sections -Wall -fstack-usage -fcyclomatic-complexity -MMD -MP -MF"Drivers/STM32F0xx_HAL_Driver/Src/stm32f0xx_hal_tim.d" -MT"Drivers/STM32F0xx_HAL_Driver/Src/stm32f0xx_hal_tim.o" --specs=nano.specs -mfloat-abi=soft -mthumb -o "Drivers/STM32F0xx_HAL_Driver/Src/stm32f0xx_hal_tim.o"
arm-none-eabi-gcc "../Drivers/STM32F0xx_HAL_Driver/Src/stm32f0xx_hal_tim_ex.c" -mcpu=cortex-m0 -std=gnu11 -g3 -DDEBUG -DUSE_HAL_DRIVER -DSTM32F030x8 -c -I../Core/Inc -I"C:/Users/Dr. S Chakraborty/OneDrive/Desktop/STM32_Dispenser/Test/lib" -I../Drivers/STM32F0xx_HAL_Driver/Inc -I../Drivers/STM32F0xx_HAL_Driver/Inc/Legacy -I../Drivers/CMSIS/Device/ST/STM32F0xx/Include -I../Drivers/CMSIS/Include -O0 -ffunction-sections -fdata-sections -Wall -fstack-usage -fcyclomatic-complexity -MMD -MP -MF"Drivers/STM32F0xx_HAL_Driver/Src/stm32f0xx_hal_tim_ex.d" -MT"Drivers/STM32F0xx_HAL_Driver/Src/stm32f0xx_hal_tim_ex.o" --specs=nano.specs -mfloat-abi=soft -mthumb -o "Drivers/STM32F0xx_HAL_Driver/Src/stm32f0xx_hal_tim_ex.o"
arm-none-eabi-gcc "../Drivers/STM32F0xx_HAL_Driver/Src/stm32f0xx_hal_uart.c" -mcpu=cortex-m0 -std=gnu11 -g3 -DDEBUG -DUSE_HAL_DRIVER -DSTM32F030x8 -c -I../Core/Inc -I"C:/Users/Dr. S Chakraborty/OneDrive/Desktop/STM32_Dispenser/Test/lib" -I../Drivers/STM32F0xx_HAL_Driver/Inc -I../Drivers/STM32F0xx_HAL_Driver/Inc/Legacy -I../Drivers/CMSIS/Device/ST/STM32F0xx/Include -I../Drivers/CMSIS/Include -O0 -ffunction-sections -fdata-sections -Wall -fstack-usage -fcyclomatic-complexity -MMD -MP -MF"Drivers/STM32F0xx_HAL_Driver/Src/stm32f0xx_hal_uart.d" -MT"Drivers/STM32F0xx_HAL_Driver/Src/stm32f0xx_hal_uart.o" --specs=nano.specs -mfloat-abi=soft -mthumb -o "Drivers/STM32F0xx_HAL_Driver/Src/stm32f0xx_hal_uart.o"
arm-none-eabi-gcc "../Drivers/STM32F0xx_HAL_Driver/Src/stm32f0xx_hal_uart_ex.c" -mcpu=cortex-m0 -std=gnu11 -g3 -DDEBUG -DUSE_HAL_DRIVER -DSTM32F030x8 -c -I../Core/Inc -I"C:/Users/Dr. S Chakraborty/OneDrive/Desktop/STM32_Dispenser/Test/lib" -I../Drivers/STM32F0xx_HAL_Driver/Inc -I../Drivers/STM32F0xx_HAL_Driver/Inc/Legacy -I../Drivers/CMSIS/Device/ST/STM32F0xx/Include -I../Drivers/CMSIS/Include -O0 -ffunction-sections -fdata-sections -Wall -fstack-usage -fcyclomatic-complexity -MMD -MP -MF"Drivers/STM32F0xx_HAL_Driver/Src/stm32f0xx_hal_uart_ex.d" -MT"Drivers/STM32F0xx_HAL_Driver/Src/stm32f0xx_hal_uart_ex.o" --specs=nano.specs -mfloat-abi=soft -mthumb -o "Drivers/STM32F0xx_HAL_Driver/Src/stm32f0xx_hal_uart_ex.o"
arm-none-eabi-g++ "../Core/Src/Project_Helper.cpp" -mcpu=cortex-m0 -std=gnu++14 -g3 -DDEBUG -DUSE_HAL_DRIVER -DSTM32F030x8 -c -I../Core/Inc -I"C:/Users/Dr. S Chakraborty/OneDrive/Desktop/STM32_Dispenser/Test/lib" -I../Drivers/STM32F0xx_HAL_Driver/Inc -I../Drivers/STM32F0xx_HAL_Driver/Inc/Legacy -I../Drivers/CMSIS/Device/ST/STM32F0xx/Include -I../Drivers/CMSIS/Include -O0 -ffunction-sections -fdata-sections -fno-exceptions -fno-rtti -fno-use-cxa-atexit -Wall -fstack-usage -fcyclomatic-complexity -MMD -MP -MF"Core/Src/Project_Helper.d" -MT"Core/Src/Project_Helper.o" --specs=nano.specs -mfloat-abi=soft -mthumb -o "Core/Src/Project_Helper.o"
arm-none-eabi-gcc "../Core/Src/main.c" -mcpu=cortex-m0 -std=gnu11 -g3 -DDEBUG -DUSE_HAL_DRIVER -DSTM32F030x8 -c -I../Core/Inc -I"C:/Users/Dr. S Chakraborty/OneDrive/Desktop/STM32_Dispenser/Test/lib" -I../Drivers/STM32F0xx_HAL_Driver/Inc -I../Drivers/STM32F0xx_HAL_Driver/Inc/Legacy -I../Drivers/CMSIS/Device/ST/STM32F0xx/Include -I../Drivers/CMSIS/Include -O0 -ffunction-sections -fdata-sections -Wall -fstack-usage -fcyclomatic-complexity -MMD -MP -MF"Core/Src/main.d" -MT"Core/Src/main.o" --specs=nano.specs -mfloat-abi=soft -mthumb -o "Core/Src/main.o"
arm-none-eabi-g++ "../Core/Src/prj_disp.cpp" -mcpu=cortex-m0 -std=gnu++14 -g3 -DDEBUG -DUSE_HAL_DRIVER -DSTM32F030x8 -c -I../Core/Inc -I"C:/Users/Dr. S Chakraborty/OneDrive/Desktop/STM32_Dispenser/Test/lib" -I../Drivers/STM32F0xx_HAL_Driver/Inc -I../Drivers/STM32F0xx_HAL_Driver/Inc/Legacy -I../Drivers/CMSIS/Device/ST/STM32F0xx/Include -I../Drivers/CMSIS/Include -O0 -ffunction-sections -fdata-sections -fno-exceptions -fno-rtti -fno-use-cxa-atexit -Wall -fstack-usage -fcyclomatic-complexity -MMD -MP -MF"Core/Src/prj_disp.d" -MT"Core/Src/prj_disp.o" --specs=nano.specs -mfloat-abi=soft -mthumb -o "Core/Src/prj_disp.o"
arm-none-eabi-gcc "../Core/Src/stm32f0xx_hal_msp.c" -mcpu=cortex-m0 -std=gnu11 -g3 -DDEBUG -DUSE_HAL_DRIVER -DSTM32F030x8 -c -I../Core/Inc -I"C:/Users/Dr. S Chakraborty/OneDrive/Desktop/STM32_Dispenser/Test/lib" -I../Drivers/STM32F0xx_HAL_Driver/Inc -I../Drivers/STM32F0xx_HAL_Driver/Inc/Legacy -I../Drivers/CMSIS/Device/ST/STM32F0xx/Include -I../Drivers/CMSIS/Include -O0 -ffunction-sections -fdata-sections -Wall -fstack-usage -fcyclomatic-complexity -MMD -MP -MF"Core/Src/stm32f0xx_hal_msp.d" -MT"Core/Src/stm32f0xx_hal_msp.o" --specs=nano.specs -mfloat-abi=soft -mthumb -o "Core/Src/stm32f0xx_hal_msp.o"
arm-none-eabi-gcc "../Core/Src/stm32f0xx_it.c" -mcpu=cortex-m0 -std=gnu11 -g3 -DDEBUG -DUSE_HAL_DRIVER -DSTM32F030x8 -c -I../Core/Inc -I"C:/Users/Dr. S Chakraborty/OneDrive/Desktop/STM32_Dispenser/Test/lib" -I../Drivers/STM32F0xx_HAL_Driver/Inc -I../Drivers/STM32F0xx_HAL_Driver/Inc/Legacy -I../Drivers/CMSIS/Device/ST/STM32F0xx/Include -I../Drivers/CMSIS/Include -O0 -ffunction-sections -fdata-sections -Wall -fstack-usage -fcyclomatic-complexity -MMD -MP -MF"Core/Src/stm32f0xx_it.d" -MT"Core/Src/stm32f0xx_it.o" --specs=nano.specs -mfloat-abi=soft -mthumb -o "Core/Src/stm32f0xx_it.o"
arm-none-eabi-gcc "../Core/Src/system_stm32f0xx.c" -mcpu=cortex-m0 -std=gnu11 -g3 -DDEBUG -DUSE_HAL_DRIVER -DSTM32F030x8 -c -I../Core/Inc -I"C:/Users/Dr. S Chakraborty/OneDrive/Desktop/STM32_Dispenser/Test/lib" -I../Drivers/STM32F0xx_HAL_Driver/Inc -I../Drivers/STM32F0xx_HAL_Driver/Inc/Legacy -I../Drivers/CMSIS/Device/ST/STM32F0xx/Include -I../Drivers/CMSIS/Include -O0 -ffunction-sections -fdata-sections -Wall -fstack-usage -fcyclomatic-complexity -MMD -MP -MF"Core/Src/system_stm32f0xx.d" -MT"Core/Src/system_stm32f0xx.o" --specs=nano.specs -mfloat-abi=soft -mthumb -o "Core/Src/system_stm32f0xx.o"
../Core/Src/prj_disp.cpp: In function 'void process_Real_Hardware()':
../Core/Src/prj_disp.cpp:84:14: warning: unused variable 'value' [-Wunused-variable]
   84 |         long value;
      |              ^~~~~
arm-none-eabi-g++ -o "Test.elf" @"objects.list"   -mcpu=cortex-m0 -T"C:\Users\Dr. S Chakraborty\OneDrive\Desktop\STM32_Dispenser\Test\STM32F030C8TX_FLASH.ld" --specs=nosys.specs -Wl,-Map="Test.map" -Wl,--gc-sections -static --specs=nano.specs -mfloat-abi=soft -mthumb -Wl,--start-group -lc -lm -lstdc++ -lsupc++ -Wl,--end-group
Finished building target: Test.elf
 
arm-none-eabi-size  Test.elf 
arm-none-eabi-objdump -h -S Test.elf  > "Test.list"
   text	   data	    bss	    dec	    hex	filename
  16408	     92	   2508	  19008	   4a40	Test.elf
Finished building: default.size.stdout
 
Finished building: Test.list
 
12:26:58 **** Incremental Build of configuration Debug for project Test ****
make -j8 all 
arm-none-eabi-size  Test.elf 
   text	   data	    bss	    dec	    hex	filename
  16408	     92	   2508	  19008	   4a40	Test.elf
Finished building: default.size.stdout
 
12:29:02 **** Incremental Build of configuration Debug for project Test ****
make -j8 all 
arm-none-eabi-g++ "../Core/Src/prj_disp.cpp" -mcpu=cortex-m0 -std=gnu++14 -g3 -DDEBUG -DUSE_HAL_DRIVER -DSTM32F030x8 -c -I../Core/Inc -I"C:/Users/Dr. S Chakraborty/OneDrive/Desktop/STM32_Dispenser/Test/lib" -I../Drivers/STM32F0xx_HAL_Driver/Inc -I../Drivers/STM32F0xx_HAL_Driver/Inc/Legacy -I../Drivers/CMSIS/Device/ST/STM32F0xx/Include -I../Drivers/CMSIS/Include -O0 -ffunction-sections -fdata-sections -fno-exceptions -fno-rtti -fno-use-cxa-atexit -Wall -fstack-usage -fcyclomatic-complexity -MMD -MP -MF"Core/Src/prj_disp.d" -MT"Core/Src/prj_disp.o" --specs=nano.specs -mfloat-abi=soft -mthumb -o "Core/Src/prj_disp.o"
../Core/Src/prj_disp.cpp: In function 'void process_Real_Hardware()':
../Core/Src/prj_disp.cpp:121:14: warning: unused variable 'value' [-Wunused-variable]
  121 |         long value;
      |              ^~~~~
arm-none-eabi-g++ -o "Test.elf" @"objects.list"   -mcpu=cortex-m0 -T"C:\Users\Dr. S Chakraborty\OneDrive\Desktop\STM32_Dispenser\Test\STM32F030C8TX_FLASH.ld" --specs=nosys.specs -Wl,-Map="Test.map" -Wl,--gc-sections -static --specs=nano.specs -mfloat-abi=soft -mthumb -Wl,--start-group -lc -lm -lstdc++ -lsupc++ -Wl,--end-group
Finished building target: Test.elf
 
arm-none-eabi-size  Test.elf 
arm-none-eabi-objdump -h -S Test.elf  > "Test.list"
   text	   data	    bss	    dec	    hex	filename
  16204	     92	   2508	  18804	   4974	Test.elf
Finished building: default.size.stdout
 
Finished building: Test.list
 
13:04:45 **** Incremental Build of configuration Debug for project Test ****
make -j8 all 
arm-none-eabi-g++ "../Core/Src/prj_disp.cpp" -mcpu=cortex-m0 -std=gnu++14 -g3 -DDEBUG -DUSE_HAL_DRIVER -DSTM32F030x8 -c -I../Core/Inc -I"C:/Users/Dr. S Chakraborty/OneDrive/Desktop/STM32_Dispenser/Test/lib" -I../Drivers/STM32F0xx_HAL_Driver/Inc -I../Drivers/STM32F0xx_HAL_Driver/Inc/Legacy -I../Drivers/CMSIS/Device/ST/STM32F0xx/Include -I../Drivers/CMSIS/Include -O0 -ffunction-sections -fdata-sections -fno-exceptions -fno-rtti -fno-use-cxa-atexit -Wall -fstack-usage -fcyclomatic-complexity -MMD -MP -MF"Core/Src/prj_disp.d" -MT"Core/Src/prj_disp.o" --specs=nano.specs -mfloat-abi=soft -mthumb -o "Core/Src/prj_disp.o"
../Core/Src/prj_disp.cpp: In function 'void process_Real_Hardware()':
../Core/Src/prj_disp.cpp:122:14: warning: unused variable 'value' [-Wunused-variable]
  122 |         long value;
      |              ^~~~~
arm-none-eabi-g++ -o "Test.elf" @"objects.list"   -mcpu=cortex-m0 -T"C:\Users\Dr. S Chakraborty\OneDrive\Desktop\STM32_Dispenser\Test\STM32F030C8TX_FLASH.ld" --specs=nosys.specs -Wl,-Map="Test.map" -Wl,--gc-sections -static --specs=nano.specs -mfloat-abi=soft -mthumb -Wl,--start-group -lc -lm -lstdc++ -lsupc++ -Wl,--end-group
Finished building target: Test.elf
 
arm-none-eabi-size  Test.elf 
arm-none-eabi-objdump -h -S Test.elf  > "Test.list"
   text	   data	    bss	    dec	    hex	filename
  21232	     92	   2508	  23832	   5d18	Test.elf
Finished building: default.size.stdout
 
Finished building: Test.list
 
13:06:33 **** Incremental Build of configuration Debug for project Test ****
make -j8 all 
arm-none-eabi-g++ "../Core/Src/prj_disp.cpp" -mcpu=cortex-m0 -std=gnu++14 -g3 -DDEBUG -DUSE_HAL_DRIVER -DSTM32F030x8 -c -I../Core/Inc -I"C:/Users/Dr. S Chakraborty/OneDrive/Desktop/STM32_Dispenser/Test/lib" -I../Drivers/STM32F0xx_HAL_Driver/Inc -I../Drivers/STM32F0xx_HAL_Driver/Inc/Legacy -I../Drivers/CMSIS/Device/ST/STM32F0xx/Include -I../Drivers/CMSIS/Include -O0 -ffunction-sections -fdata-sections -fno-exceptions -fno-rtti -fno-use-cxa-atexit -Wall -fstack-usage -fcyclomatic-complexity -MMD -MP -MF"Core/Src/prj_disp.d" -MT"Core/Src/prj_disp.o" --specs=nano.specs -mfloat-abi=soft -mthumb -o "Core/Src/prj_disp.o"
../Core/Src/prj_disp.cpp: In function 'void process_Real_Hardware()':
../Core/Src/prj_disp.cpp:122:14: warning: unused variable 'value' [-Wunused-variable]
  122 |         long value;
      |              ^~~~~
arm-none-eabi-g++ -o "Test.elf" @"objects.list"   -mcpu=cortex-m0 -T"C:\Users\Dr. S Chakraborty\OneDrive\Desktop\STM32_Dispenser\Test\STM32F030C8TX_FLASH.ld" --specs=nosys.specs -Wl,-Map="Test.map" -Wl,--gc-sections -static --specs=nano.specs -mfloat-abi=soft -mthumb -Wl,--start-group -lc -lm -lstdc++ -lsupc++ -Wl,--end-group
Finished building target: Test.elf
 
arm-none-eabi-size  Test.elf 
arm-none-eabi-objdump -h -S Test.elf  > "Test.list"
   text	   data	    bss	    dec	    hex	filename
  21108	     92	   2508	  23708	   5c9c	Test.elf
Finished building: default.size.stdout
 
Finished building: Test.list
 
13:08:37 **** Incremental Build of configuration Debug for project Test ****
make -j8 all 
arm-none-eabi-g++ "../Core/Src/prj_disp.cpp" -mcpu=cortex-m0 -std=gnu++14 -g3 -DDEBUG -DUSE_HAL_DRIVER -DSTM32F030x8 -c -I../Core/Inc -I"C:/Users/Dr. S Chakraborty/OneDrive/Desktop/STM32_Dispenser/Test/lib" -I../Drivers/STM32F0xx_HAL_Driver/Inc -I../Drivers/STM32F0xx_HAL_Driver/Inc/Legacy -I../Drivers/CMSIS/Device/ST/STM32F0xx/Include -I../Drivers/CMSIS/Include -O0 -ffunction-sections -fdata-sections -fno-exceptions -fno-rtti -fno-use-cxa-atexit -Wall -fstack-usage -fcyclomatic-complexity -MMD -MP -MF"Core/Src/prj_disp.d" -MT"Core/Src/prj_disp.o" --specs=nano.specs -mfloat-abi=soft -mthumb -o "Core/Src/prj_disp.o"
../Core/Src/prj_disp.cpp: In function 'void prj_Disp_init()':
../Core/Src/prj_disp.cpp:76:9: error: 'delay' was not declared in this scope; did you mean 'Delay'?
   76 |         delay(2000);
      |         ^~~~~
      |         Delay
../Core/Src/prj_disp.cpp: In function 'void process_Real_Hardware()':
../Core/Src/prj_disp.cpp:126:14: warning: unused variable 'value' [-Wunused-variable]
  126 |         long value;
      |              ^~~~~
make: *** [Core/Src/subdir.mk:44: Core/Src/prj_disp.o] Error 1
"make -j8 all" terminated with exit code 2. Build might be incomplete.
13:09:04 **** Incremental Build of configuration Debug for project Test ****
make -j8 all 
arm-none-eabi-g++ "../Core/Src/prj_disp.cpp" -mcpu=cortex-m0 -std=gnu++14 -g3 -DDEBUG -DUSE_HAL_DRIVER -DSTM32F030x8 -c -I../Core/Inc -I"C:/Users/Dr. S Chakraborty/OneDrive/Desktop/STM32_Dispenser/Test/lib" -I../Drivers/STM32F0xx_HAL_Driver/Inc -I../Drivers/STM32F0xx_HAL_Driver/Inc/Legacy -I../Drivers/CMSIS/Device/ST/STM32F0xx/Include -I../Drivers/CMSIS/Include -O0 -ffunction-sections -fdata-sections -fno-exceptions -fno-rtti -fno-use-cxa-atexit -Wall -fstack-usage -fcyclomatic-complexity -MMD -MP -MF"Core/Src/prj_disp.d" -MT"Core/Src/prj_disp.o" --specs=nano.specs -mfloat-abi=soft -mthumb -o "Core/Src/prj_disp.o"
../Core/Src/prj_disp.cpp: In function 'void process_Real_Hardware()':
../Core/Src/prj_disp.cpp:126:14: warning: unused variable 'value' [-Wunused-variable]
  126 |         long value;
      |              ^~~~~
arm-none-eabi-g++ -o "Test.elf" @"objects.list"   -mcpu=cortex-m0 -T"C:\Users\Dr. S Chakraborty\OneDrive\Desktop\STM32_Dispenser\Test\STM32F030C8TX_FLASH.ld" --specs=nosys.specs -Wl,-Map="Test.map" -Wl,--gc-sections -static --specs=nano.specs -mfloat-abi=soft -mthumb -Wl,--start-group -lc -lm -lstdc++ -lsupc++ -Wl,--end-group
Finished building target: Test.elf
 
arm-none-eabi-size  Test.elf 
arm-none-eabi-objdump -h -S Test.elf  > "Test.list"
   text	   data	    bss	    dec	    hex	filename
  20872	     92	   2500	  23464	   5ba8	Test.elf
Finished building: default.size.stdout
 
Finished building: Test.list
 
14:02:55 **** Incremental Build of configuration Debug for project Test ****
make -j8 all 
arm-none-eabi-g++ "../Core/Src/prj_disp.cpp" -mcpu=cortex-m0 -std=gnu++14 -g3 -DDEBUG -DUSE_HAL_DRIVER -DSTM32F030x8 -c -I../Core/Inc -I"C:/Users/Dr. S Chakraborty/OneDrive/Desktop/STM32_Dispenser/Test/lib" -I../Drivers/STM32F0xx_HAL_Driver/Inc -I../Drivers/STM32F0xx_HAL_Driver/Inc/Legacy -I../Drivers/CMSIS/Device/ST/STM32F0xx/Include -I../Drivers/CMSIS/Include -O0 -ffunction-sections -fdata-sections -fno-exceptions -fno-rtti -fno-use-cxa-atexit -Wall -fstack-usage -fcyclomatic-complexity -MMD -MP -MF"Core/Src/prj_disp.d" -MT"Core/Src/prj_disp.o" --specs=nano.specs -mfloat-abi=soft -mthumb -o "Core/Src/prj_disp.o"
../Core/Src/prj_disp.cpp: In function 'void process_Real_Hardware()':
../Core/Src/prj_disp.cpp:126:14: warning: unused variable 'value' [-Wunused-variable]
  126 |         long value;
      |              ^~~~~
arm-none-eabi-g++ -o "Test.elf" @"objects.list"   -mcpu=cortex-m0 -T"C:\Users\Dr. S Chakraborty\OneDrive\Desktop\STM32_Dispenser\Test\STM32F030C8TX_FLASH.ld" --specs=nosys.specs -Wl,-Map="Test.map" -Wl,--gc-sections -static --specs=nano.specs -mfloat-abi=soft -mthumb -Wl,--start-group -lc -lm -lstdc++ -lsupc++ -Wl,--end-group
Finished building target: Test.elf
 
arm-none-eabi-size  Test.elf 
arm-none-eabi-objdump -h -S Test.elf  > "Test.list"
   text	   data	    bss	    dec	    hex	filename
  26276	     92	   2508	  28876	   70cc	Test.elf
Finished building: default.size.stdout
 
Finished building: Test.list
 
14:14:56 **** Incremental Build of configuration Debug for project Test ****
make -j8 all 
arm-none-eabi-g++ "../lib/Servo/Servo.cpp" -mcpu=cortex-m0 -std=gnu++14 -g3 -DDEBUG -DUSE_HAL_DRIVER -DSTM32F030x8 -c -I../Core/Inc -I"C:/Users/Dr. S Chakraborty/OneDrive/Desktop/STM32_Dispenser/Test/lib" -I../Drivers/STM32F0xx_HAL_Driver/Inc -I../Drivers/STM32F0xx_HAL_Driver/Inc/Legacy -I../Drivers/CMSIS/Device/ST/STM32F0xx/Include -I../Drivers/CMSIS/Include -O0 -ffunction-sections -fdata-sections -fno-exceptions -fno-rtti -fno-use-cxa-atexit -Wall -fstack-usage -fcyclomatic-complexity -MMD -MP -MF"lib/Servo/Servo.d" -MT"lib/Servo/Servo.o" --specs=nano.specs -mfloat-abi=soft -mthumb -o "lib/Servo/Servo.o"
arm-none-eabi-g++ "../Core/Src/prj_disp.cpp" -mcpu=cortex-m0 -std=gnu++14 -g3 -DDEBUG -DUSE_HAL_DRIVER -DSTM32F030x8 -c -I../Core/Inc -I"C:/Users/Dr. S Chakraborty/OneDrive/Desktop/STM32_Dispenser/Test/lib" -I../Drivers/STM32F0xx_HAL_Driver/Inc -I../Drivers/STM32F0xx_HAL_Driver/Inc/Legacy -I../Drivers/CMSIS/Device/ST/STM32F0xx/Include -I../Drivers/CMSIS/Include -O0 -ffunction-sections -fdata-sections -fno-exceptions -fno-rtti -fno-use-cxa-atexit -Wall -fstack-usage -fcyclomatic-complexity -MMD -MP -MF"Core/Src/prj_disp.d" -MT"Core/Src/prj_disp.o" --specs=nano.specs -mfloat-abi=soft -mthumb -o "Core/Src/prj_disp.o"
../Core/Src/prj_disp.cpp: In function 'void process_Real_Hardware()':
../Core/Src/prj_disp.cpp:126:14: warning: unused variable 'value' [-Wunused-variable]
  126 |         long value;
      |              ^~~~~
arm-none-eabi-g++ -o "Test.elf" @"objects.list"   -mcpu=cortex-m0 -T"C:\Users\Dr. S Chakraborty\OneDrive\Desktop\STM32_Dispenser\Test\STM32F030C8TX_FLASH.ld" --specs=nosys.specs -Wl,-Map="Test.map" -Wl,--gc-sections -static --specs=nano.specs -mfloat-abi=soft -mthumb -Wl,--start-group -lc -lm -lstdc++ -lsupc++ -Wl,--end-group
Finished building target: Test.elf
 
arm-none-eabi-size  Test.elf 
arm-none-eabi-objdump -h -S Test.elf  > "Test.list"
   text	   data	    bss	    dec	    hex	filename
  20912	     92	   2500	  23504	   5bd0	Test.elf
Finished building: default.size.stdout
 
Finished building: Test.list
 
14:17:36 **** Incremental Build of configuration Debug for project Test ****
make -j8 all 
arm-none-eabi-g++ "../lib/Servo/Servo.cpp" -mcpu=cortex-m0 -std=gnu++14 -g3 -DDEBUG -DUSE_HAL_DRIVER -DSTM32F030x8 -c -I../Core/Inc -I"C:/Users/Dr. S Chakraborty/OneDrive/Desktop/STM32_Dispenser/Test/lib" -I../Drivers/STM32F0xx_HAL_Driver/Inc -I../Drivers/STM32F0xx_HAL_Driver/Inc/Legacy -I../Drivers/CMSIS/Device/ST/STM32F0xx/Include -I../Drivers/CMSIS/Include -O0 -ffunction-sections -fdata-sections -fno-exceptions -fno-rtti -fno-use-cxa-atexit -Wall -fstack-usage -fcyclomatic-complexity -MMD -MP -MF"lib/Servo/Servo.d" -MT"lib/Servo/Servo.o" --specs=nano.specs -mfloat-abi=soft -mthumb -o "lib/Servo/Servo.o"
arm-none-eabi-g++ "../Core/Src/prj_disp.cpp" -mcpu=cortex-m0 -std=gnu++14 -g3 -DDEBUG -DUSE_HAL_DRIVER -DSTM32F030x8 -c -I../Core/Inc -I"C:/Users/Dr. S Chakraborty/OneDrive/Desktop/STM32_Dispenser/Test/lib" -I../Drivers/STM32F0xx_HAL_Driver/Inc -I../Drivers/STM32F0xx_HAL_Driver/Inc/Legacy -I../Drivers/CMSIS/Device/ST/STM32F0xx/Include -I../Drivers/CMSIS/Include -O0 -ffunction-sections -fdata-sections -fno-exceptions -fno-rtti -fno-use-cxa-atexit -Wall -fstack-usage -fcyclomatic-complexity -MMD -MP -MF"Core/Src/prj_disp.d" -MT"Core/Src/prj_disp.o" --specs=nano.specs -mfloat-abi=soft -mthumb -o "Core/Src/prj_disp.o"
../Core/Src/prj_disp.cpp: In function 'void process_Real_Hardware()':
../Core/Src/prj_disp.cpp:126:14: warning: unused variable 'value' [-Wunused-variable]
  126 |         long value;
      |              ^~~~~
arm-none-eabi-g++ -o "Test.elf" @"objects.list"   -mcpu=cortex-m0 -T"C:\Users\Dr. S Chakraborty\OneDrive\Desktop\STM32_Dispenser\Test\STM32F030C8TX_FLASH.ld" --specs=nosys.specs -Wl,-Map="Test.map" -Wl,--gc-sections -static --specs=nano.specs -mfloat-abi=soft -mthumb -Wl,--start-group -lc -lm -lstdc++ -lsupc++ -Wl,--end-group
Finished building target: Test.elf
 
arm-none-eabi-size  Test.elf 
arm-none-eabi-objdump -h -S Test.elf  > "Test.list"
   text	   data	    bss	    dec	    hex	filename
  20944	     92	   2500	  23536	   5bf0	Test.elf
Finished building: default.size.stdout
 
Finished building: Test.list
 
14:21:40 **** Incremental Build of configuration Debug for project Test ****
make -j8 all 
arm-none-eabi-g++ "../Core/Src/prj_disp.cpp" -mcpu=cortex-m0 -std=gnu++14 -g3 -DDEBUG -DUSE_HAL_DRIVER -DSTM32F030x8 -c -I../Core/Inc -I"C:/Users/Dr. S Chakraborty/OneDrive/Desktop/STM32_Dispenser/Test/lib" -I../Drivers/STM32F0xx_HAL_Driver/Inc -I../Drivers/STM32F0xx_HAL_Driver/Inc/Legacy -I../Drivers/CMSIS/Device/ST/STM32F0xx/Include -I../Drivers/CMSIS/Include -O0 -ffunction-sections -fdata-sections -fno-exceptions -fno-rtti -fno-use-cxa-atexit -Wall -fstack-usage -fcyclomatic-complexity -MMD -MP -MF"Core/Src/prj_disp.d" -MT"Core/Src/prj_disp.o" --specs=nano.specs -mfloat-abi=soft -mthumb -o "Core/Src/prj_disp.o"
../Core/Src/prj_disp.cpp: In function 'void process_Real_Hardware()':
../Core/Src/prj_disp.cpp:126:14: warning: unused variable 'value' [-Wunused-variable]
  126 |         long value;
      |              ^~~~~
arm-none-eabi-g++ -o "Test.elf" @"objects.list"   -mcpu=cortex-m0 -T"C:\Users\Dr. S Chakraborty\OneDrive\Desktop\STM32_Dispenser\Test\STM32F030C8TX_FLASH.ld" --specs=nosys.specs -Wl,-Map="Test.map" -Wl,--gc-sections -static --specs=nano.specs -mfloat-abi=soft -mthumb -Wl,--start-group -lc -lm -lstdc++ -lsupc++ -Wl,--end-group
Finished building target: Test.elf
 
arm-none-eabi-size  Test.elf 
arm-none-eabi-objdump -h -S Test.elf  > "Test.list"
   text	   data	    bss	    dec	    hex	filename
  20772	     92	   2500	  23364	   5b44	Test.elf
Finished building: default.size.stdout
 
Finished building: Test.list
 
14:26:58 **** Incremental Build of configuration Debug for project Test ****
make -j8 all 
arm-none-eabi-g++ "../Core/Src/prj_disp.cpp" -mcpu=cortex-m0 -std=gnu++14 -g3 -DDEBUG -DUSE_HAL_DRIVER -DSTM32F030x8 -c -I../Core/Inc -I"C:/Users/Dr. S Chakraborty/OneDrive/Desktop/STM32_Dispenser/Test/lib" -I../Drivers/STM32F0xx_HAL_Driver/Inc -I../Drivers/STM32F0xx_HAL_Driver/Inc/Legacy -I../Drivers/CMSIS/Device/ST/STM32F0xx/Include -I../Drivers/CMSIS/Include -O0 -ffunction-sections -fdata-sections -fno-exceptions -fno-rtti -fno-use-cxa-atexit -Wall -fstack-usage -fcyclomatic-complexity -MMD -MP -MF"Core/Src/prj_disp.d" -MT"Core/Src/prj_disp.o" --specs=nano.specs -mfloat-abi=soft -mthumb -o "Core/Src/prj_disp.o"
../Core/Src/prj_disp.cpp: In function 'void process_Real_Hardware()':
../Core/Src/prj_disp.cpp:126:14: warning: unused variable 'value' [-Wunused-variable]
  126 |         long value;
      |              ^~~~~
arm-none-eabi-g++ -o "Test.elf" @"objects.list"   -mcpu=cortex-m0 -T"C:\Users\Dr. S Chakraborty\OneDrive\Desktop\STM32_Dispenser\Test\STM32F030C8TX_FLASH.ld" --specs=nosys.specs -Wl,-Map="Test.map" -Wl,--gc-sections -static --specs=nano.specs -mfloat-abi=soft -mthumb -Wl,--start-group -lc -lm -lstdc++ -lsupc++ -Wl,--end-group
Finished building target: Test.elf
 
arm-none-eabi-size  Test.elf 
arm-none-eabi-objdump -h -S Test.elf  > "Test.list"
   text	   data	    bss	    dec	    hex	filename
  20948	     92	   2500	  23540	   5bf4	Test.elf
Finished building: default.size.stdout
 
Finished building: Test.list
 
14:31:06 **** Incremental Build of configuration Debug for project Test ****
make -j8 all 
arm-none-eabi-g++ "../Core/Src/prj_disp.cpp" -mcpu=cortex-m0 -std=gnu++14 -g3 -DDEBUG -DUSE_HAL_DRIVER -DSTM32F030x8 -c -I../Core/Inc -I"C:/Users/Dr. S Chakraborty/OneDrive/Desktop/STM32_Dispenser/Test/lib" -I../Drivers/STM32F0xx_HAL_Driver/Inc -I../Drivers/STM32F0xx_HAL_Driver/Inc/Legacy -I../Drivers/CMSIS/Device/ST/STM32F0xx/Include -I../Drivers/CMSIS/Include -O0 -ffunction-sections -fdata-sections -fno-exceptions -fno-rtti -fno-use-cxa-atexit -Wall -fstack-usage -fcyclomatic-complexity -MMD -MP -MF"Core/Src/prj_disp.d" -MT"Core/Src/prj_disp.o" --specs=nano.specs -mfloat-abi=soft -mthumb -o "Core/Src/prj_disp.o"
../Core/Src/prj_disp.cpp: In function 'void process_Real_Hardware()':
../Core/Src/prj_disp.cpp:126:14: warning: unused variable 'value' [-Wunused-variable]
  126 |         long value;
      |              ^~~~~
arm-none-eabi-g++ -o "Test.elf" @"objects.list"   -mcpu=cortex-m0 -T"C:\Users\Dr. S Chakraborty\OneDrive\Desktop\STM32_Dispenser\Test\STM32F030C8TX_FLASH.ld" --specs=nosys.specs -Wl,-Map="Test.map" -Wl,--gc-sections -static --specs=nano.specs -mfloat-abi=soft -mthumb -Wl,--start-group -lc -lm -lstdc++ -lsupc++ -Wl,--end-group
Finished building target: Test.elf
 
arm-none-eabi-size  Test.elf 
arm-none-eabi-objdump -h -S Test.elf  > "Test.list"
   text	   data	    bss	    dec	    hex	filename
  20772	     92	   2500	  23364	   5b44	Test.elf
Finished building: default.size.stdout
 
Finished building: Test.list
 
14:43:29 **** Incremental Build of configuration Debug for project Test ****
make -j8 all 
arm-none-eabi-g++ "../Core/Src/Project_Helper.cpp" -mcpu=cortex-m0 -std=gnu++14 -g3 -DDEBUG -DUSE_HAL_DRIVER -DSTM32F030x8 -c -I../Core/Inc -I"C:/Users/Dr. S Chakraborty/OneDrive/Desktop/STM32_Dispenser/Test/lib" -I../Drivers/STM32F0xx_HAL_Driver/Inc -I../Drivers/STM32F0xx_HAL_Driver/Inc/Legacy -I../Drivers/CMSIS/Device/ST/STM32F0xx/Include -I../Drivers/CMSIS/Include -O0 -ffunction-sections -fdata-sections -fno-exceptions -fno-rtti -fno-use-cxa-atexit -Wall -fstack-usage -fcyclomatic-complexity -MMD -MP -MF"Core/Src/Project_Helper.d" -MT"Core/Src/Project_Helper.o" --specs=nano.specs -mfloat-abi=soft -mthumb -o "Core/Src/Project_Helper.o"
arm-none-eabi-g++ "../Core/Src/prj_disp.cpp" -mcpu=cortex-m0 -std=gnu++14 -g3 -DDEBUG -DUSE_HAL_DRIVER -DSTM32F030x8 -c -I../Core/Inc -I"C:/Users/Dr. S Chakraborty/OneDrive/Desktop/STM32_Dispenser/Test/lib" -I../Drivers/STM32F0xx_HAL_Driver/Inc -I../Drivers/STM32F0xx_HAL_Driver/Inc/Legacy -I../Drivers/CMSIS/Device/ST/STM32F0xx/Include -I../Drivers/CMSIS/Include -O0 -ffunction-sections -fdata-sections -fno-exceptions -fno-rtti -fno-use-cxa-atexit -Wall -fstack-usage -fcyclomatic-complexity -MMD -MP -MF"Core/Src/prj_disp.d" -MT"Core/Src/prj_disp.o" --specs=nano.specs -mfloat-abi=soft -mthumb -o "Core/Src/prj_disp.o"
../Core/Src/Project_Helper.cpp:115:25: warning: missing terminating " character
  115 |                         "
      |                         ^
../Core/Src/Project_Helper.cpp:115:25: error: missing terminating " character
../Core/Src/prj_disp.cpp: In function 'void process_Real_Hardware()':
../Core/Src/prj_disp.cpp:114:14: warning: unused variable 'value' [-Wunused-variable]
  114 |         long value;
      |              ^~~~~
make: *** [Core/Src/subdir.mk:44: Core/Src/Project_Helper.o] Error 1
make: *** Waiting for unfinished jobs....
"make -j8 all" terminated with exit code 2. Build might be incomplete.
14:43:45 **** Incremental Build of configuration Debug for project Test ****
make -j8 all 
arm-none-eabi-g++ "../Core/Src/Project_Helper.cpp" -mcpu=cortex-m0 -std=gnu++14 -g3 -DDEBUG -DUSE_HAL_DRIVER -DSTM32F030x8 -c -I../Core/Inc -I"C:/Users/Dr. S Chakraborty/OneDrive/Desktop/STM32_Dispenser/Test/lib" -I../Drivers/STM32F0xx_HAL_Driver/Inc -I../Drivers/STM32F0xx_HAL_Driver/Inc/Legacy -I../Drivers/CMSIS/Device/ST/STM32F0xx/Include -I../Drivers/CMSIS/Include -O0 -ffunction-sections -fdata-sections -fno-exceptions -fno-rtti -fno-use-cxa-atexit -Wall -fstack-usage -fcyclomatic-complexity -MMD -MP -MF"Core/Src/Project_Helper.d" -MT"Core/Src/Project_Helper.o" --specs=nano.specs -mfloat-abi=soft -mthumb -o "Core/Src/Project_Helper.o"
arm-none-eabi-g++ -o "Test.elf" @"objects.list"   -mcpu=cortex-m0 -T"C:\Users\Dr. S Chakraborty\OneDrive\Desktop\STM32_Dispenser\Test\STM32F030C8TX_FLASH.ld" --specs=nosys.specs -Wl,-Map="Test.map" -Wl,--gc-sections -static --specs=nano.specs -mfloat-abi=soft -mthumb -Wl,--start-group -lc -lm -lstdc++ -lsupc++ -Wl,--end-group
Finished building target: Test.elf
 
arm-none-eabi-size  Test.elf 
arm-none-eabi-objdump -h -S Test.elf  > "Test.list"
   text	   data	    bss	    dec	    hex	filename
  26484	     92	   2508	  29084	   719c	Test.elf
Finished building: default.size.stdout
 
Finished building: Test.list
 
14:53:32 **** Incremental Build of configuration Debug for project Test ****
make -j8 all 
arm-none-eabi-g++ "../Core/Src/prj_disp.cpp" -mcpu=cortex-m0 -std=gnu++14 -g3 -DDEBUG -DUSE_HAL_DRIVER -DSTM32F030x8 -c -I../Core/Inc -I"C:/Users/Dr. S Chakraborty/OneDrive/Desktop/STM32_Dispenser/Test/lib" -I../Drivers/STM32F0xx_HAL_Driver/Inc -I../Drivers/STM32F0xx_HAL_Driver/Inc/Legacy -I../Drivers/CMSIS/Device/ST/STM32F0xx/Include -I../Drivers/CMSIS/Include -O0 -ffunction-sections -fdata-sections -fno-exceptions -fno-rtti -fno-use-cxa-atexit -Wall -fstack-usage -fcyclomatic-complexity -MMD -MP -MF"Core/Src/prj_disp.d" -MT"Core/Src/prj_disp.o" --specs=nano.specs -mfloat-abi=soft -mthumb -o "Core/Src/prj_disp.o"
../Core/Src/prj_disp.cpp: In function 'void process_Real_Hardware()':
../Core/Src/prj_disp.cpp:114:14: warning: unused variable 'value' [-Wunused-variable]
  114 |         long value;
      |              ^~~~~
arm-none-eabi-g++ -o "Test.elf" @"objects.list"   -mcpu=cortex-m0 -T"C:\Users\Dr. S Chakraborty\OneDrive\Desktop\STM32_Dispenser\Test\STM32F030C8TX_FLASH.ld" --specs=nosys.specs -Wl,-Map="Test.map" -Wl,--gc-sections -static --specs=nano.specs -mfloat-abi=soft -mthumb -Wl,--start-group -lc -lm -lstdc++ -lsupc++ -Wl,--end-group
Finished building target: Test.elf
 
arm-none-eabi-size  Test.elf 
arm-none-eabi-objdump -h -S Test.elf  > "Test.list"
   text	   data	    bss	    dec	    hex	filename
  26484	     92	   2508	  29084	   719c	Test.elf
Finished building: default.size.stdout
 
Finished building: Test.list
 
14:56:57 **** Incremental Build of configuration Debug for project Test ****
make -j8 all 
arm-none-eabi-g++ "../Core/Src/prj_disp.cpp" -mcpu=cortex-m0 -std=gnu++14 -g3 -DDEBUG -DUSE_HAL_DRIVER -DSTM32F030x8 -c -I../Core/Inc -I"C:/Users/Dr. S Chakraborty/OneDrive/Desktop/STM32_Dispenser/Test/lib" -I../Drivers/STM32F0xx_HAL_Driver/Inc -I../Drivers/STM32F0xx_HAL_Driver/Inc/Legacy -I../Drivers/CMSIS/Device/ST/STM32F0xx/Include -I../Drivers/CMSIS/Include -O0 -ffunction-sections -fdata-sections -fno-exceptions -fno-rtti -fno-use-cxa-atexit -Wall -fstack-usage -fcyclomatic-complexity -MMD -MP -MF"Core/Src/prj_disp.d" -MT"Core/Src/prj_disp.o" --specs=nano.specs -mfloat-abi=soft -mthumb -o "Core/Src/prj_disp.o"
../Core/Src/prj_disp.cpp: In function 'void process_Real_Hardware()':
../Core/Src/prj_disp.cpp:114:14: warning: unused variable 'value' [-Wunused-variable]
  114 |         long value;
      |              ^~~~~
../Core/Src/prj_disp.cpp: In function 'void process_command(Packet_t)':
../Core/Src/prj_disp.cpp:166:25: error: 'delay' has not been declared
  166 |                         delay::ms(2000);
      |                         ^~~~~
make: *** [Core/Src/subdir.mk:44: Core/Src/prj_disp.o] Error 1
"make -j8 all" terminated with exit code 2. Build might be incomplete.
14:57:08 **** Incremental Build of configuration Debug for project Test ****
make -j8 all 
arm-none-eabi-g++ "../Core/Src/prj_disp.cpp" -mcpu=cortex-m0 -std=gnu++14 -g3 -DDEBUG -DUSE_HAL_DRIVER -DSTM32F030x8 -c -I../Core/Inc -I"C:/Users/Dr. S Chakraborty/OneDrive/Desktop/STM32_Dispenser/Test/lib" -I../Drivers/STM32F0xx_HAL_Driver/Inc -I../Drivers/STM32F0xx_HAL_Driver/Inc/Legacy -I../Drivers/CMSIS/Device/ST/STM32F0xx/Include -I../Drivers/CMSIS/Include -O0 -ffunction-sections -fdata-sections -fno-exceptions -fno-rtti -fno-use-cxa-atexit -Wall -fstack-usage -fcyclomatic-complexity -MMD -MP -MF"Core/Src/prj_disp.d" -MT"Core/Src/prj_disp.o" --specs=nano.specs -mfloat-abi=soft -mthumb -o "Core/Src/prj_disp.o"
../Core/Src/prj_disp.cpp: In function 'void process_Real_Hardware()':
../Core/Src/prj_disp.cpp:114:14: warning: unused variable 'value' [-Wunused-variable]
  114 |         long value;
      |              ^~~~~
arm-none-eabi-g++ -o "Test.elf" @"objects.list"   -mcpu=cortex-m0 -T"C:\Users\Dr. S Chakraborty\OneDrive\Desktop\STM32_Dispenser\Test\STM32F030C8TX_FLASH.ld" --specs=nosys.specs -Wl,-Map="Test.map" -Wl,--gc-sections -static --specs=nano.specs -mfloat-abi=soft -mthumb -Wl,--start-group -lc -lm -lstdc++ -lsupc++ -Wl,--end-group
Finished building target: Test.elf
 
arm-none-eabi-size  Test.elf 
arm-none-eabi-objdump -h -S Test.elf  > "Test.list"
   text	   data	    bss	    dec	    hex	filename
  26500	     92	   2508	  29100	   71ac	Test.elf
Finished building: default.size.stdout
 
Finished building: Test.list
 
15:35:39 **** Incremental Build of configuration Debug for project Test ****
make -j8 all 
arm-none-eabi-g++ "../Core/Src/prj_disp.cpp" -mcpu=cortex-m0 -std=gnu++14 -g3 -DDEBUG -DUSE_HAL_DRIVER -DSTM32F030x8 -c -I../Core/Inc -I"C:/Users/Dr. S Chakraborty/OneDrive/Desktop/STM32_Dispenser/Test/lib" -I../Drivers/STM32F0xx_HAL_Driver/Inc -I../Drivers/STM32F0xx_HAL_Driver/Inc/Legacy -I../Drivers/CMSIS/Device/ST/STM32F0xx/Include -I../Drivers/CMSIS/Include -O0 -ffunction-sections -fdata-sections -fno-exceptions -fno-rtti -fno-use-cxa-atexit -Wall -fstack-usage -fcyclomatic-complexity -MMD -MP -MF"Core/Src/prj_disp.d" -MT"Core/Src/prj_disp.o" --specs=nano.specs -mfloat-abi=soft -mthumb -o "Core/Src/prj_disp.o"
../Core/Src/prj_disp.cpp: In function 'void process_Real_Hardware()':
../Core/Src/prj_disp.cpp:114:14: warning: unused variable 'value' [-Wunused-variable]
  114 |         long value;
      |              ^~~~~
arm-none-eabi-g++ -o "Test.elf" @"objects.list"   -mcpu=cortex-m0 -T"C:\Users\Dr. S Chakraborty\OneDrive\Desktop\STM32_Dispenser\Test\STM32F030C8TX_FLASH.ld" --specs=nosys.specs -Wl,-Map="Test.map" -Wl,--gc-sections -static --specs=nano.specs -mfloat-abi=soft -mthumb -Wl,--start-group -lc -lm -lstdc++ -lsupc++ -Wl,--end-group
Finished building target: Test.elf
 
arm-none-eabi-size  Test.elf 
arm-none-eabi-objdump -h -S Test.elf  > "Test.list"
   text	   data	    bss	    dec	    hex	filename
  26500	     92	   2508	  29100	   71ac	Test.elf
Finished building: default.size.stdout
 
Finished building: Test.list
 
15:59:07 **** Incremental Build of configuration Debug for project Test ****
make -j8 all 
arm-none-eabi-g++ "../Core/Src/prj_disp.cpp" -mcpu=cortex-m0 -std=gnu++14 -g3 -DDEBUG -DUSE_HAL_DRIVER -DSTM32F030x8 -c -I../Core/Inc -I"C:/Users/Dr. S Chakraborty/OneDrive/Desktop/STM32_Dispenser/Test/lib" -I../Drivers/STM32F0xx_HAL_Driver/Inc -I../Drivers/STM32F0xx_HAL_Driver/Inc/Legacy -I../Drivers/CMSIS/Device/ST/STM32F0xx/Include -I../Drivers/CMSIS/Include -O0 -ffunction-sections -fdata-sections -fno-exceptions -fno-rtti -fno-use-cxa-atexit -Wall -fstack-usage -fcyclomatic-complexity -MMD -MP -MF"Core/Src/prj_disp.d" -MT"Core/Src/prj_disp.o" --specs=nano.specs -mfloat-abi=soft -mthumb -o "Core/Src/prj_disp.o"
../Core/Src/prj_disp.cpp: In function 'void process_Real_Hardware()':
../Core/Src/prj_disp.cpp:114:14: warning: unused variable 'value' [-Wunused-variable]
  114 |         long value;
      |              ^~~~~
arm-none-eabi-g++ -o "Test.elf" @"objects.list"   -mcpu=cortex-m0 -T"C:\Users\Dr. S Chakraborty\OneDrive\Desktop\STM32_Dispenser\Test\STM32F030C8TX_FLASH.ld" --specs=nosys.specs -Wl,-Map="Test.map" -Wl,--gc-sections -static --specs=nano.specs -mfloat-abi=soft -mthumb -Wl,--start-group -lc -lm -lstdc++ -lsupc++ -Wl,--end-group
Finished building target: Test.elf
 
arm-none-eabi-size  Test.elf 
arm-none-eabi-objdump -h -S Test.elf  > "Test.list"
   text	   data	    bss	    dec	    hex	filename
  26504	     92	   2508	  29104	   71b0	Test.elf
Finished building: default.size.stdout
 
Finished building: Test.list
 
17:08:47 **** Incremental Build of configuration Debug for project Test ****
make -j8 all 
arm-none-eabi-size  Test.elf 
   text	   data	    bss	    dec	    hex	filename
  26504	     92	   2508	  29104	   71b0	Test.elf
Finished building: default.size.stdout
 
10:28:36 **** Incremental Build of configuration Debug for project Test ****
make -j8 all 
arm-none-eabi-g++ "../Core/Src/prj_disp.cpp" -mcpu=cortex-m0 -std=gnu++14 -g3 -DDEBUG -DUSE_HAL_DRIVER -DSTM32F030x8 -c -I../Core/Inc -I"C:/Users/Dr. S Chakraborty/OneDrive/Desktop/STM32_Dispenser/Test/lib" -I../Drivers/STM32F0xx_HAL_Driver/Inc -I../Drivers/STM32F0xx_HAL_Driver/Inc/Legacy -I../Drivers/CMSIS/Device/ST/STM32F0xx/Include -I../Drivers/CMSIS/Include -O0 -ffunction-sections -fdata-sections -fno-exceptions -fno-rtti -fno-use-cxa-atexit -Wall -fstack-usage -fcyclomatic-complexity -MMD -MP -MF"Core/Src/prj_disp.d" -MT"Core/Src/prj_disp.o" --specs=nano.specs -mfloat-abi=soft -mthumb -o "Core/Src/prj_disp.o"
../Core/Src/prj_disp.cpp: In function 'void process_Real_Hardware()':
../Core/Src/prj_disp.cpp:114:14: warning: unused variable 'value' [-Wunused-variable]
  114 |         long value;
      |              ^~~~~
arm-none-eabi-g++ -o "Test.elf" @"objects.list"   -mcpu=cortex-m0 -T"C:\Users\Dr. S Chakraborty\OneDrive\Desktop\STM32_Dispenser\Test\STM32F030C8TX_FLASH.ld" --specs=nosys.specs -Wl,-Map="Test.map" -Wl,--gc-sections -static --specs=nano.specs -mfloat-abi=soft -mthumb -Wl,--start-group -lc -lm -lstdc++ -lsupc++ -Wl,--end-group
Finished building target: Test.elf
 
arm-none-eabi-size  Test.elf 
arm-none-eabi-objdump -h -S Test.elf  > "Test.list"
   text	   data	    bss	    dec	    hex	filename
  21464	     92	   2508	  24064	   5e00	Test.elf
Finished building: default.size.stdout
 
Finished building: Test.list
 
13:51:26 **** Incremental Build of configuration Debug for project Test ****
make -j8 all 
arm-none-eabi-g++ "../lib/HX711/HX711.cpp" -mcpu=cortex-m0 -std=gnu++14 -g3 -DDEBUG -DUSE_HAL_DRIVER -DSTM32F030x8 -c -I../Core/Inc -I"C:/Users/Dr. S Chakraborty/OneDrive/Desktop/STM32_Dispenser/Test/lib" -I../Drivers/STM32F0xx_HAL_Driver/Inc -I../Drivers/STM32F0xx_HAL_Driver/Inc/Legacy -I../Drivers/CMSIS/Device/ST/STM32F0xx/Include -I../Drivers/CMSIS/Include -O0 -ffunction-sections -fdata-sections -fno-exceptions -fno-rtti -fno-use-cxa-atexit -Wall -fstack-usage -fcyclomatic-complexity -MMD -MP -MF"lib/HX711/HX711.d" -MT"lib/HX711/HX711.o" --specs=nano.specs -mfloat-abi=soft -mthumb -o "lib/HX711/HX711.o"
arm-none-eabi-g++ "../Core/Src/prj_disp.cpp" -mcpu=cortex-m0 -std=gnu++14 -g3 -DDEBUG -DUSE_HAL_DRIVER -DSTM32F030x8 -c -I../Core/Inc -I"C:/Users/Dr. S Chakraborty/OneDrive/Desktop/STM32_Dispenser/Test/lib" -I../Drivers/STM32F0xx_HAL_Driver/Inc -I../Drivers/STM32F0xx_HAL_Driver/Inc/Legacy -I../Drivers/CMSIS/Device/ST/STM32F0xx/Include -I../Drivers/CMSIS/Include -O0 -ffunction-sections -fdata-sections -fno-exceptions -fno-rtti -fno-use-cxa-atexit -Wall -fstack-usage -fcyclomatic-complexity -MMD -MP -MF"Core/Src/prj_disp.d" -MT"Core/Src/prj_disp.o" --specs=nano.specs -mfloat-abi=soft -mthumb -o "Core/Src/prj_disp.o"
../Core/Src/prj_disp.cpp: In function 'void process_Real_Hardware()':
../Core/Src/prj_disp.cpp:112:14: warning: unused variable 'value' [-Wunused-variable]
  112 |         long value;
      |              ^~~~~
arm-none-eabi-g++ -o "Test.elf" @"objects.list"   -mcpu=cortex-m0 -T"C:\Users\Dr. S Chakraborty\OneDrive\Desktop\STM32_Dispenser\Test\STM32F030C8TX_FLASH.ld" --specs=nosys.specs -Wl,-Map="Test.map" -Wl,--gc-sections -static --specs=nano.specs -mfloat-abi=soft -mthumb -Wl,--start-group -lc -lm -lstdc++ -lsupc++ -Wl,--end-group
Finished building target: Test.elf
 
arm-none-eabi-size  Test.elf 
arm-none-eabi-objdump -h -S Test.elf  > "Test.list"
   text	   data	    bss	    dec	    hex	filename
  21204	     92	   2508	  23804	   5cfc	Test.elf
Finished building: default.size.stdout
 
Finished building: Test.list
 
14:05:54 **** Incremental Build of configuration Debug for project Test ****
make -j8 all 
arm-none-eabi-g++ "../Core/Src/prj_disp.cpp" -mcpu=cortex-m0 -std=gnu++14 -g3 -DDEBUG -DUSE_HAL_DRIVER -DSTM32F030x8 -c -I../Core/Inc -I"C:/Users/Dr. S Chakraborty/OneDrive/Desktop/STM32_Dispenser/Test/lib" -I../Drivers/STM32F0xx_HAL_Driver/Inc -I../Drivers/STM32F0xx_HAL_Driver/Inc/Legacy -I../Drivers/CMSIS/Device/ST/STM32F0xx/Include -I../Drivers/CMSIS/Include -O0 -ffunction-sections -fdata-sections -fno-exceptions -fno-rtti -fno-use-cxa-atexit -Wall -fstack-usage -fcyclomatic-complexity -MMD -MP -MF"Core/Src/prj_disp.d" -MT"Core/Src/prj_disp.o" --specs=nano.specs -mfloat-abi=soft -mthumb -o "Core/Src/prj_disp.o"
../Core/Src/prj_disp.cpp: In function 'void process_Real_Hardware()':
../Core/Src/prj_disp.cpp:113:14: warning: unused variable 'value' [-Wunused-variable]
  113 |         long value;
      |              ^~~~~
arm-none-eabi-g++ -o "Test.elf" @"objects.list"   -mcpu=cortex-m0 -T"C:\Users\Dr. S Chakraborty\OneDrive\Desktop\STM32_Dispenser\Test\STM32F030C8TX_FLASH.ld" --specs=nosys.specs -Wl,-Map="Test.map" -Wl,--gc-sections -static --specs=nano.specs -mfloat-abi=soft -mthumb -Wl,--start-group -lc -lm -lstdc++ -lsupc++ -Wl,--end-group
Finished building target: Test.elf
 
arm-none-eabi-size  Test.elf 
arm-none-eabi-objdump -h -S Test.elf  > "Test.list"
   text	   data	    bss	    dec	    hex	filename
  26568	     92	   2508	  29168	   71f0	Test.elf
Finished building: default.size.stdout
 
Finished building: Test.list
 
14:16:38 **** Incremental Build of configuration Debug for project Test ****
make -j8 all 
arm-none-eabi-g++ "../Core/Src/prj_disp.cpp" -mcpu=cortex-m0 -std=gnu++14 -g3 -DDEBUG -DUSE_HAL_DRIVER -DSTM32F030x8 -c -I../Core/Inc -I"C:/Users/Dr. S Chakraborty/OneDrive/Desktop/STM32_Dispenser/Test/lib" -I../Drivers/STM32F0xx_HAL_Driver/Inc -I../Drivers/STM32F0xx_HAL_Driver/Inc/Legacy -I../Drivers/CMSIS/Device/ST/STM32F0xx/Include -I../Drivers/CMSIS/Include -O0 -ffunction-sections -fdata-sections -fno-exceptions -fno-rtti -fno-use-cxa-atexit -Wall -fstack-usage -fcyclomatic-complexity -MMD -MP -MF"Core/Src/prj_disp.d" -MT"Core/Src/prj_disp.o" --specs=nano.specs -mfloat-abi=soft -mthumb -o "Core/Src/prj_disp.o"
../Core/Src/prj_disp.cpp: In function 'void process_Real_Hardware()':
../Core/Src/prj_disp.cpp:113:14: warning: unused variable 'value' [-Wunused-variable]
  113 |         long value;
      |              ^~~~~
arm-none-eabi-g++ -o "Test.elf" @"objects.list"   -mcpu=cortex-m0 -T"C:\Users\Dr. S Chakraborty\OneDrive\Desktop\STM32_Dispenser\Test\STM32F030C8TX_FLASH.ld" --specs=nosys.specs -Wl,-Map="Test.map" -Wl,--gc-sections -static --specs=nano.specs -mfloat-abi=soft -mthumb -Wl,--start-group -lc -lm -lstdc++ -lsupc++ -Wl,--end-group
Finished building target: Test.elf
 
arm-none-eabi-size  Test.elf 
arm-none-eabi-objdump -h -S Test.elf  > "Test.list"
   text	   data	    bss	    dec	    hex	filename
  27168	     92	   2508	  29768	   7448	Test.elf
Finished building: default.size.stdout
 
Finished building: Test.list
 
14:19:22 **** Incremental Build of configuration Debug for project Test ****
make -j8 all 
arm-none-eabi-g++ "../Core/Src/prj_disp.cpp" -mcpu=cortex-m0 -std=gnu++14 -g3 -DDEBUG -DUSE_HAL_DRIVER -DSTM32F030x8 -c -I../Core/Inc -I"C:/Users/Dr. S Chakraborty/OneDrive/Desktop/STM32_Dispenser/Test/lib" -I../Drivers/STM32F0xx_HAL_Driver/Inc -I../Drivers/STM32F0xx_HAL_Driver/Inc/Legacy -I../Drivers/CMSIS/Device/ST/STM32F0xx/Include -I../Drivers/CMSIS/Include -O0 -ffunction-sections -fdata-sections -fno-exceptions -fno-rtti -fno-use-cxa-atexit -Wall -fstack-usage -fcyclomatic-complexity -MMD -MP -MF"Core/Src/prj_disp.d" -MT"Core/Src/prj_disp.o" --specs=nano.specs -mfloat-abi=soft -mthumb -o "Core/Src/prj_disp.o"
../Core/Src/prj_disp.cpp: In function 'void process_Real_Hardware()':
../Core/Src/prj_disp.cpp:113:14: warning: unused variable 'value' [-Wunused-variable]
  113 |         long value;
      |              ^~~~~
arm-none-eabi-g++ -o "Test.elf" @"objects.list"   -mcpu=cortex-m0 -T"C:\Users\Dr. S Chakraborty\OneDrive\Desktop\STM32_Dispenser\Test\STM32F030C8TX_FLASH.ld" --specs=nosys.specs -Wl,-Map="Test.map" -Wl,--gc-sections -static --specs=nano.specs -mfloat-abi=soft -mthumb -Wl,--start-group -lc -lm -lstdc++ -lsupc++ -Wl,--end-group
Finished building target: Test.elf
 
arm-none-eabi-size  Test.elf 
arm-none-eabi-objdump -h -S Test.elf  > "Test.list"
   text	   data	    bss	    dec	    hex	filename
  21252	     92	   2508	  23852	   5d2c	Test.elf
Finished building: default.size.stdout
 
Finished building: Test.list
 
14:24:25 **** Incremental Build of configuration Debug for project Test ****
make -j8 all 
arm-none-eabi-g++ "../Core/Src/prj_disp.cpp" -mcpu=cortex-m0 -std=gnu++14 -g3 -DDEBUG -DUSE_HAL_DRIVER -DSTM32F030x8 -c -I../Core/Inc -I"C:/Users/Dr. S Chakraborty/OneDrive/Desktop/STM32_Dispenser/Test/lib" -I../Drivers/STM32F0xx_HAL_Driver/Inc -I../Drivers/STM32F0xx_HAL_Driver/Inc/Legacy -I../Drivers/CMSIS/Device/ST/STM32F0xx/Include -I../Drivers/CMSIS/Include -O0 -ffunction-sections -fdata-sections -fno-exceptions -fno-rtti -fno-use-cxa-atexit -Wall -fstack-usage -fcyclomatic-complexity -MMD -MP -MF"Core/Src/prj_disp.d" -MT"Core/Src/prj_disp.o" --specs=nano.specs -mfloat-abi=soft -mthumb -o "Core/Src/prj_disp.o"
../Core/Src/prj_disp.cpp: In function 'void process_Real_Hardware()':
../Core/Src/prj_disp.cpp:113:14: warning: unused variable 'value' [-Wunused-variable]
  113 |         long value;
      |              ^~~~~
../Core/Src/prj_disp.cpp: In function 'void process_command(Packet_t)':
../Core/Src/prj_disp.cpp:154:18: warning: unused variable 'temp' [-Wunused-variable]
  154 |         uint16_t temp, Previous_Weight, Current_Weight;
      |                  ^~~~
../Core/Src/prj_disp.cpp:154:41: warning: unused variable 'Current_Weight' [-Wunused-variable]
  154 |         uint16_t temp, Previous_Weight, Current_Weight;
      |                                         ^~~~~~~~~~~~~~
arm-none-eabi-g++ -o "Test.elf" @"objects.list"   -mcpu=cortex-m0 -T"C:\Users\Dr. S Chakraborty\OneDrive\Desktop\STM32_Dispenser\Test\STM32F030C8TX_FLASH.ld" --specs=nosys.specs -Wl,-Map="Test.map" -Wl,--gc-sections -static --specs=nano.specs -mfloat-abi=soft -mthumb -Wl,--start-group -lc -lm -lstdc++ -lsupc++ -Wl,--end-group
Finished building target: Test.elf
 
arm-none-eabi-size  Test.elf 
arm-none-eabi-objdump -h -S Test.elf  > "Test.list"
   text	   data	    bss	    dec	    hex	filename
  26880	     92	   2516	  29488	   7330	Test.elf
Finished building: default.size.stdout
 
Finished building: Test.list
 
14:25:59 **** Incremental Build of configuration Debug for project Test ****
make -j8 all 
arm-none-eabi-g++ "../Core/Src/prj_disp.cpp" -mcpu=cortex-m0 -std=gnu++14 -g3 -DDEBUG -DUSE_HAL_DRIVER -DSTM32F030x8 -c -I../Core/Inc -I"C:/Users/Dr. S Chakraborty/OneDrive/Desktop/STM32_Dispenser/Test/lib" -I../Drivers/STM32F0xx_HAL_Driver/Inc -I../Drivers/STM32F0xx_HAL_Driver/Inc/Legacy -I../Drivers/CMSIS/Device/ST/STM32F0xx/Include -I../Drivers/CMSIS/Include -O0 -ffunction-sections -fdata-sections -fno-exceptions -fno-rtti -fno-use-cxa-atexit -Wall -fstack-usage -fcyclomatic-complexity -MMD -MP -MF"Core/Src/prj_disp.d" -MT"Core/Src/prj_disp.o" --specs=nano.specs -mfloat-abi=soft -mthumb -o "Core/Src/prj_disp.o"
../Core/Src/prj_disp.cpp: In function 'void process_Real_Hardware()':
../Core/Src/prj_disp.cpp:113:14: warning: unused variable 'value' [-Wunused-variable]
  113 |         long value;
      |              ^~~~~
../Core/Src/prj_disp.cpp: In function 'void process_command(Packet_t)':
../Core/Src/prj_disp.cpp:154:18: warning: unused variable 'temp' [-Wunused-variable]
  154 |         uint16_t temp, Previous_Weight, Current_Weight;
      |                  ^~~~
arm-none-eabi-g++ -o "Test.elf" @"objects.list"   -mcpu=cortex-m0 -T"C:\Users\Dr. S Chakraborty\OneDrive\Desktop\STM32_Dispenser\Test\STM32F030C8TX_FLASH.ld" --specs=nosys.specs -Wl,-Map="Test.map" -Wl,--gc-sections -static --specs=nano.specs -mfloat-abi=soft -mthumb -Wl,--start-group -lc -lm -lstdc++ -lsupc++ -Wl,--end-group
Finished building target: Test.elf
 
arm-none-eabi-size  Test.elf 
arm-none-eabi-objdump -h -S Test.elf  > "Test.list"
   text	   data	    bss	    dec	    hex	filename
  27008	     92	   2516	  29616	   73b0	Test.elf
Finished building: default.size.stdout
 
Finished building: Test.list
 
14:29:55 **** Incremental Build of configuration Debug for project Test ****
make -j8 all 
arm-none-eabi-g++ "../Core/Src/prj_disp.cpp" -mcpu=cortex-m0 -std=gnu++14 -g3 -DDEBUG -DUSE_HAL_DRIVER -DSTM32F030x8 -c -I../Core/Inc -I"C:/Users/Dr. S Chakraborty/OneDrive/Desktop/STM32_Dispenser/Test/lib" -I../Drivers/STM32F0xx_HAL_Driver/Inc -I../Drivers/STM32F0xx_HAL_Driver/Inc/Legacy -I../Drivers/CMSIS/Device/ST/STM32F0xx/Include -I../Drivers/CMSIS/Include -O0 -ffunction-sections -fdata-sections -fno-exceptions -fno-rtti -fno-use-cxa-atexit -Wall -fstack-usage -fcyclomatic-complexity -MMD -MP -MF"Core/Src/prj_disp.d" -MT"Core/Src/prj_disp.o" --specs=nano.specs -mfloat-abi=soft -mthumb -o "Core/Src/prj_disp.o"
../Core/Src/prj_disp.cpp: In function 'void process_Real_Hardware()':
../Core/Src/prj_disp.cpp:113:14: warning: unused variable 'value' [-Wunused-variable]
  113 |         long value;
      |              ^~~~~
../Core/Src/prj_disp.cpp: In function 'void process_command(Packet_t)':
../Core/Src/prj_disp.cpp:154:18: warning: unused variable 'temp' [-Wunused-variable]
  154 |         uint16_t temp, Previous_Weight, Current_Weight;
      |                  ^~~~
arm-none-eabi-g++ -o "Test.elf" @"objects.list"   -mcpu=cortex-m0 -T"C:\Users\Dr. S Chakraborty\OneDrive\Desktop\STM32_Dispenser\Test\STM32F030C8TX_FLASH.ld" --specs=nosys.specs -Wl,-Map="Test.map" -Wl,--gc-sections -static --specs=nano.specs -mfloat-abi=soft -mthumb -Wl,--start-group -lc -lm -lstdc++ -lsupc++ -Wl,--end-group
Finished building target: Test.elf
 
arm-none-eabi-size  Test.elf 
arm-none-eabi-objdump -h -S Test.elf  > "Test.list"
   text	   data	    bss	    dec	    hex	filename
  27052	     92	   2516	  29660	   73dc	Test.elf
Finished building: default.size.stdout
 
Finished building: Test.list
 
14:32:00 **** Incremental Build of configuration Debug for project Test ****
make -j8 all 
arm-none-eabi-g++ "../Core/Src/prj_disp.cpp" -mcpu=cortex-m0 -std=gnu++14 -g3 -DDEBUG -DUSE_HAL_DRIVER -DSTM32F030x8 -c -I../Core/Inc -I"C:/Users/Dr. S Chakraborty/OneDrive/Desktop/STM32_Dispenser/Test/lib" -I../Drivers/STM32F0xx_HAL_Driver/Inc -I../Drivers/STM32F0xx_HAL_Driver/Inc/Legacy -I../Drivers/CMSIS/Device/ST/STM32F0xx/Include -I../Drivers/CMSIS/Include -O0 -ffunction-sections -fdata-sections -fno-exceptions -fno-rtti -fno-use-cxa-atexit -Wall -fstack-usage -fcyclomatic-complexity -MMD -MP -MF"Core/Src/prj_disp.d" -MT"Core/Src/prj_disp.o" --specs=nano.specs -mfloat-abi=soft -mthumb -o "Core/Src/prj_disp.o"
../Core/Src/prj_disp.cpp: In function 'void process_Real_Hardware()':
../Core/Src/prj_disp.cpp:113:14: warning: unused variable 'value' [-Wunused-variable]
  113 |         long value;
      |              ^~~~~
../Core/Src/prj_disp.cpp: In function 'void process_command(Packet_t)':
../Core/Src/prj_disp.cpp:154:18: warning: unused variable 'temp' [-Wunused-variable]
  154 |         uint16_t temp, Previous_Weight, Current_Weight;
      |                  ^~~~
arm-none-eabi-g++ -o "Test.elf" @"objects.list"   -mcpu=cortex-m0 -T"C:\Users\Dr. S Chakraborty\OneDrive\Desktop\STM32_Dispenser\Test\STM32F030C8TX_FLASH.ld" --specs=nosys.specs -Wl,-Map="Test.map" -Wl,--gc-sections -static --specs=nano.specs -mfloat-abi=soft -mthumb -Wl,--start-group -lc -lm -lstdc++ -lsupc++ -Wl,--end-group
Finished building target: Test.elf
 
arm-none-eabi-size  Test.elf 
arm-none-eabi-objdump -h -S Test.elf  > "Test.list"
   text	   data	    bss	    dec	    hex	filename
  27052	     92	   2516	  29660	   73dc	Test.elf
Finished building: default.size.stdout
 
Finished building: Test.list
 
14:45:36 **** Incremental Build of configuration Debug for project Test ****
make -j8 all 
arm-none-eabi-g++ "../Core/Src/prj_disp.cpp" -mcpu=cortex-m0 -std=gnu++14 -g3 -DDEBUG -DUSE_HAL_DRIVER -DSTM32F030x8 -c -I../Core/Inc -I"C:/Users/Dr. S Chakraborty/OneDrive/Desktop/STM32_Dispenser/Test/lib" -I../Drivers/STM32F0xx_HAL_Driver/Inc -I../Drivers/STM32F0xx_HAL_Driver/Inc/Legacy -I../Drivers/CMSIS/Device/ST/STM32F0xx/Include -I../Drivers/CMSIS/Include -O0 -ffunction-sections -fdata-sections -fno-exceptions -fno-rtti -fno-use-cxa-atexit -Wall -fstack-usage -fcyclomatic-complexity -MMD -MP -MF"Core/Src/prj_disp.d" -MT"Core/Src/prj_disp.o" --specs=nano.specs -mfloat-abi=soft -mthumb -o "Core/Src/prj_disp.o"
../Core/Src/prj_disp.cpp: In function 'void process_Real_Hardware()':
../Core/Src/prj_disp.cpp:113:14: warning: unused variable 'value' [-Wunused-variable]
  113 |         long value;
      |              ^~~~~
../Core/Src/prj_disp.cpp: In function 'void process_command(Packet_t)':
../Core/Src/prj_disp.cpp:154:18: warning: unused variable 'temp' [-Wunused-variable]
  154 |         uint16_t temp, Previous_Weight, Current_Weight;
      |                  ^~~~
arm-none-eabi-g++ -o "Test.elf" @"objects.list"   -mcpu=cortex-m0 -T"C:\Users\Dr. S Chakraborty\OneDrive\Desktop\STM32_Dispenser\Test\STM32F030C8TX_FLASH.ld" --specs=nosys.specs -Wl,-Map="Test.map" -Wl,--gc-sections -static --specs=nano.specs -mfloat-abi=soft -mthumb -Wl,--start-group -lc -lm -lstdc++ -lsupc++ -Wl,--end-group
Finished building target: Test.elf
 
arm-none-eabi-size  Test.elf 
arm-none-eabi-objdump -h -S Test.elf  > "Test.list"
   text	   data	    bss	    dec	    hex	filename
  27052	     92	   2516	  29660	   73dc	Test.elf
Finished building: default.size.stdout
 
Finished building: Test.list
 
14:53:35 **** Incremental Build of configuration Debug for project Test ****
make -j8 all 
arm-none-eabi-g++ "../Core/Src/prj_disp.cpp" -mcpu=cortex-m0 -std=gnu++14 -g3 -DDEBUG -DUSE_HAL_DRIVER -DSTM32F030x8 -c -I../Core/Inc -I"C:/Users/Dr. S Chakraborty/OneDrive/Desktop/STM32_Dispenser/Test/lib" -I../Drivers/STM32F0xx_HAL_Driver/Inc -I../Drivers/STM32F0xx_HAL_Driver/Inc/Legacy -I../Drivers/CMSIS/Device/ST/STM32F0xx/Include -I../Drivers/CMSIS/Include -O0 -ffunction-sections -fdata-sections -fno-exceptions -fno-rtti -fno-use-cxa-atexit -Wall -fstack-usage -fcyclomatic-complexity -MMD -MP -MF"Core/Src/prj_disp.d" -MT"Core/Src/prj_disp.o" --specs=nano.specs -mfloat-abi=soft -mthumb -o "Core/Src/prj_disp.o"
../Core/Src/prj_disp.cpp: In function 'void process_Real_Hardware()':
../Core/Src/prj_disp.cpp:113:14: warning: unused variable 'value' [-Wunused-variable]
  113 |         long value;
      |              ^~~~~
../Core/Src/prj_disp.cpp: In function 'void process_command(Packet_t)':
../Core/Src/prj_disp.cpp:154:18: warning: unused variable 'temp' [-Wunused-variable]
  154 |         uint16_t temp, Previous_Weight, Current_Weight;
      |                  ^~~~
arm-none-eabi-g++ -o "Test.elf" @"objects.list"   -mcpu=cortex-m0 -T"C:\Users\Dr. S Chakraborty\OneDrive\Desktop\STM32_Dispenser\Test\STM32F030C8TX_FLASH.ld" --specs=nosys.specs -Wl,-Map="Test.map" -Wl,--gc-sections -static --specs=nano.specs -mfloat-abi=soft -mthumb -Wl,--start-group -lc -lm -lstdc++ -lsupc++ -Wl,--end-group
Finished building target: Test.elf
 
arm-none-eabi-size  Test.elf 
arm-none-eabi-objdump -h -S Test.elf  > "Test.list"
   text	   data	    bss	    dec	    hex	filename
  27052	     92	   2516	  29660	   73dc	Test.elf
Finished building: default.size.stdout
 
Finished building: Test.list
 
15:01:51 **** Incremental Build of configuration Debug for project Test ****
make -j8 all 
arm-none-eabi-g++ "../Core/Src/prj_disp.cpp" -mcpu=cortex-m0 -std=gnu++14 -g3 -DDEBUG -DUSE_HAL_DRIVER -DSTM32F030x8 -c -I../Core/Inc -I"C:/Users/Dr. S Chakraborty/OneDrive/Desktop/STM32_Dispenser/Test/lib" -I../Drivers/STM32F0xx_HAL_Driver/Inc -I../Drivers/STM32F0xx_HAL_Driver/Inc/Legacy -I../Drivers/CMSIS/Device/ST/STM32F0xx/Include -I../Drivers/CMSIS/Include -O0 -ffunction-sections -fdata-sections -fno-exceptions -fno-rtti -fno-use-cxa-atexit -Wall -fstack-usage -fcyclomatic-complexity -MMD -MP -MF"Core/Src/prj_disp.d" -MT"Core/Src/prj_disp.o" --specs=nano.specs -mfloat-abi=soft -mthumb -o "Core/Src/prj_disp.o"
../Core/Src/prj_disp.cpp: In function 'void process_Real_Hardware()':
../Core/Src/prj_disp.cpp:113:14: warning: unused variable 'value' [-Wunused-variable]
  113 |         long value;
      |              ^~~~~
../Core/Src/prj_disp.cpp: In function 'void process_command(Packet_t)':
../Core/Src/prj_disp.cpp:154:18: warning: unused variable 'temp' [-Wunused-variable]
  154 |         uint16_t temp, Previous_Weight, Current_Weight;
      |                  ^~~~
arm-none-eabi-g++ -o "Test.elf" @"objects.list"   -mcpu=cortex-m0 -T"C:\Users\Dr. S Chakraborty\OneDrive\Desktop\STM32_Dispenser\Test\STM32F030C8TX_FLASH.ld" --specs=nosys.specs -Wl,-Map="Test.map" -Wl,--gc-sections -static --specs=nano.specs -mfloat-abi=soft -mthumb -Wl,--start-group -lc -lm -lstdc++ -lsupc++ -Wl,--end-group
Finished building target: Test.elf
 
arm-none-eabi-size  Test.elf 
arm-none-eabi-objdump -h -S Test.elf  > "Test.list"
   text	   data	    bss	    dec	    hex	filename
  27052	     92	   2516	  29660	   73dc	Test.elf
Finished building: default.size.stdout
 
Finished building: Test.list
 
11:14:23 **** Incremental Build of configuration Debug for project Test ****
make -j8 all 
arm-none-eabi-size  Test.elf 
   text	   data	    bss	    dec	    hex	filename
  27052	     92	   2516	  29660	   73dc	Test.elf
Finished building: default.size.stdout
 
11:18:59 **** Incremental Build of configuration Debug for project Test ****
make -j8 all 
arm-none-eabi-size  Test.elf 
   text	   data	    bss	    dec	    hex	filename
  27052	     92	   2516	  29660	   73dc	Test.elf
Finished building: default.size.stdout
 
11:19:52 **** Incremental Build of configuration Debug for project Test ****
make -j8 all 
arm-none-eabi-size  Test.elf 
   text	   data	    bss	    dec	    hex	filename
  27052	     92	   2516	  29660	   73dc	Test.elf
Finished building: default.size.stdout
 
12:50:03 **** Incremental Build of configuration Debug for project Test ****
make -j8 all 
arm-none-eabi-g++ "../Core/Src/prj_disp.cpp" -mcpu=cortex-m0 -std=gnu++14 -g3 -DDEBUG -DUSE_HAL_DRIVER -DSTM32F030x8 -c -I../Core/Inc -I"C:/Users/Dr. S Chakraborty/OneDrive/Desktop/STM32_Dispenser/Test/lib" -I../Drivers/STM32F0xx_HAL_Driver/Inc -I../Drivers/STM32F0xx_HAL_Driver/Inc/Legacy -I../Drivers/CMSIS/Device/ST/STM32F0xx/Include -I../Drivers/CMSIS/Include -O0 -ffunction-sections -fdata-sections -fno-exceptions -fno-rtti -fno-use-cxa-atexit -Wall -fstack-usage -fcyclomatic-complexity -MMD -MP -MF"Core/Src/prj_disp.d" -MT"Core/Src/prj_disp.o" --specs=nano.specs -mfloat-abi=soft -mthumb -o "Core/Src/prj_disp.o"
../Core/Src/prj_disp.cpp: In function 'void process_Real_Hardware()':
../Core/Src/prj_disp.cpp:102:14: warning: unused variable 'value' [-Wunused-variable]
  102 |         long value;
      |              ^~~~~
../Core/Src/prj_disp.cpp: In function 'void process_command(Packet_t)':
../Core/Src/prj_disp.cpp:207:17: error: break statement not within loop or switch
  207 |                 break;
      |                 ^~~~~
../Core/Src/prj_disp.cpp:209:9: error: case label 'execute' not within a switch statement
  209 |         case Operation::execute:
      |         ^~~~
../Core/Src/prj_disp.cpp:212:17: error: break statement not within loop or switch
  212 |                 break;
      |                 ^~~~~
../Core/Src/prj_disp.cpp:214:9: error: case label not within a switch statement
  214 |         default:
      |         ^~~~~~~
../Core/Src/prj_disp.cpp:215:17: error: break statement not within loop or switch
  215 |                 break;
      |                 ^~~~~
../Core/Src/prj_disp.cpp:143:18: warning: unused variable 'temp' [-Wunused-variable]
  143 |         uint16_t temp, Previous_Weight, Current_Weight;
      |                  ^~~~
../Core/Src/prj_disp.cpp:143:24: warning: unused variable 'Previous_Weight' [-Wunused-variable]
  143 |         uint16_t temp, Previous_Weight, Current_Weight;
      |                        ^~~~~~~~~~~~~~~
../Core/Src/prj_disp.cpp:143:41: warning: unused variable 'Current_Weight' [-Wunused-variable]
  143 |         uint16_t temp, Previous_Weight, Current_Weight;
      |                                         ^~~~~~~~~~~~~~
../Core/Src/prj_disp.cpp:145:18: warning: unused variable 'diff' [-Wunused-variable]
  145 |         uint16_t diff;
      |                  ^~~~
../Core/Src/prj_disp.cpp: At global scope:
../Core/Src/prj_disp.cpp:218:1: error: expected declaration before '}' token
  218 | }
      | ^
make: *** [Core/Src/subdir.mk:44: Core/Src/prj_disp.o] Error 1
"make -j8 all" terminated with exit code 2. Build might be incomplete.
